"","nome","nome_minusculo","sem_acento","uf","sigla","c1","c2","c3","populacao_23","frota_23","Aprovados","Reparadados","I1","cluster_a","cluster_b","cluster_c","porte","total_radares","radares_10mil_veiculos"
"1","Alta Floresta D'Oeste","alta floresta d'oeste","alta floresta doeste","Rondônia","RO","649.595212953185","21806.9781766983","0.641","21494",17231,NA,NA,NA,2,1,3,"Médio porte",0,0
"2","Alto Alegre dos Parecis","alto alegre dos parecis","alto alegre dos parecis","Rondônia","RO","387.702753677857","21779.0267823463","0.592","11479",6656,NA,NA,NA,1,2,2,"Menor porte",0,0
"3","Alto Paraíso","alto paraíso","alto paraiso","Rondônia","RO","373.872842953266","16407.927861949","0.625","16320",10209,NA,NA,NA,2,2,3,"Médio porte",0,0
"4","Alvorada D'Oeste","alvorada d'oeste","alvorada doeste","Rondônia","RO","588.543882036013","18456.5433149015","0.643","13117",9795,NA,NA,NA,2,2,3,"Menor porte",0,0
"5","Ariquemes","ariquemes","ariquemes","Rondônia","RO","695.789925403796","23546.0131661843","0.702","96833",89217,1,1,0.0000224172523173835,2,3,1,"Maior porte",2,0.224172523173835
"6","Buritis","buritis","buritis","Rondônia","RO","539.002874417683","17990.6581425315","0.616","27992",27097,NA,NA,NA,3,2,3,"Médio porte",0,0
"7","Cabixi","cabixi","cabixi","Rondônia","RO","685.62066306862","26977.4479568234","0.65","5351",4310,NA,NA,NA,NA,NA,NA,"Menor porte",0,0
"8","Cacaulândia","cacaulândia","cacaulandia","Rondônia","RO","341.202743659276","23039.8787685436","0.646","4150",2483,NA,NA,NA,3,3,3,"Menor porte",0,0
"9","Cacoal","cacoal","cacoal","Rondônia","RO","819.356641402675","26319.3042506374","0.718","86887",81535,8,0,0.0000981173729073404,NA,NA,NA,"Médio porte",8,0.981173729073404
"10","Campo Novo de Rondônia","campo novo de rondônia","campo novo de rondonia","Rondônia","RO","226.132062245899","19250.4556287677","0.593","8844",3960,NA,NA,NA,3,2,2,"Menor porte",0,0
"11","Candeias do Jamari","candeias do jamari","candeias do jamari","Rondônia","RO","240.506791295458","20005.8054622462","0.649","22310",8892,1,0,0.000112460638776428,2,2,3,"Médio porte",1,1.12460638776428
"12","Castanheiras","castanheiras","castanheiras","Rondônia","RO","435.554067626381","34805.1556745899","0.658","3233",1635,NA,NA,NA,NA,NA,NA,"Menor porte",0,0
"13","Cerejeiras","cerejeiras","cerejeiras","Rondônia","RO","742.100715872624","31279.5606023204","0.692","15890",13958,NA,NA,NA,2,3,1,"Menor porte",0,0
"14","Chupinguaia","chupinguaia","chupinguaia","Rondônia","RO","294.63040446304","26565.4637377964","0.652","9324",4499,NA,NA,NA,NA,NA,NA,"Menor porte",0,0
"15","Colorado do Oeste","colorado do oeste","colorado do oeste","Rondônia","RO","819.094184251158","21542.1384457025","0.685","15663",14045,1,0,0.0000711997152011392,3,3,1,"Menor porte",1,0.711997152011392
"16","Corumbiara","corumbiara","corumbiara","Rondônia","RO","560.664819944598","48372.1606648199","0.613","7519",5108,NA,NA,NA,1,1,3,"Menor porte",0,0
"17","Costa Marques","costa marques","costa marques","Rondônia","RO","246.834769656346","12701.829981913","0.611","12627",5509,NA,NA,NA,3,1,2,"Menor porte",0,0
"18","Cujubim","cujubim","cujubim","Rondônia","RO","243.74594202345","14699.5378680823","0.612","14863",8418,NA,NA,NA,2,2,2,"Médio porte",0,0
"19","Espigão D'Oeste","espigão d'oeste","espigao doeste","Rondônia","RO","580.883927205995","19108.7322220523","0.672","29414",22481,NA,NA,NA,3,2,3,"Médio porte",0,0
"20","Governador Jorge Teixeira","governador jorge teixeira","governador jorge teixeira","Rondônia","RO","565.748824714574","23898.1867024849","0.596","8001",5144,NA,NA,NA,1,3,3,"Menor porte",0,0
"21","Guajará-Mirim","guajará-mirim","guajara-mirim","Rondônia","RO","380.831686571011","19178.6880316178","0.657","39387",20089,NA,NA,NA,1,1,3,"Médio porte",0,0
"22","Itapuã do Oeste","itapuã do oeste","itapua do oeste","Rondônia","RO","303.542900103374","17292.9235974063","0.614","8548",4290,NA,NA,NA,1,2,2,"Menor porte",0,0
"23","Jaru","jaru","jaru","Rondônia","RO","758.620689655172","29075.7458349477","0.689","50591",44542,4,0,0.0000898028826725338,2,1,1,"Médio porte",4,0.898028826725338
"24","Ji-Paraná","ji-paraná","ji-parana","Rondônia","RO","744.479228361113","29097.7701543739","0.714","124333",108467,7,0,0.0000645357574193073,2,3,1,"Maior porte",7,0.645357574193072
"25","Machadinho D'Oeste","machadinho d'oeste","machadinho doeste","Rondônia","RO","365.674015709497","15489.4413585534","0.596","30707",18963,NA,NA,NA,3,2,3,"Médio porte",0,0
"26","Ministro Andreazza","ministro andreazza","ministro andreazza","Rondônia","RO","515.744324720159","22639.2928130558","0.638","6466",5972,NA,NA,NA,3,2,3,"Menor porte",0,0
"27","Mirante da Serra","mirante da serra","mirante da serra","Rondônia","RO","627.287853577371","20063.4128304677","0.643","9235",7917,NA,NA,NA,1,2,3,"Menor porte",0,0
"28","Monte Negro","monte negro","monte negro","Rondônia","RO","450.365465109015","18227.5254576123","0.607","11548",8531,NA,NA,NA,2,2,3,"Menor porte",0,0
"29","Nova Brasilândia D'Oeste","nova brasilândia d'oeste","nova brasilandia doeste","Rondônia","RO","475.181804870906","17547.1716530821","0.643","15679",11943,NA,NA,NA,3,2,3,"Médio porte",0,0
"30","Nova Mamoré","nova mamoré","nova mamore","Rondônia","RO","311.225790010194","16859.7413353721","0.587","25444",12514,NA,NA,NA,3,2,2,"Médio porte",0,0
"31","Nova União","nova união","nova uniao","Rondônia","RO","515.30094271211","17017.2588832487","0.587","6200",4066,NA,NA,NA,3,2,3,"Menor porte",0,0
"32","Novo Horizonte do Oeste","novo horizonte do oeste","novo horizonte do oeste","Rondônia","RO","528.514827710409","19901.3086805139","0.634","7667",5558,NA,NA,NA,3,1,3,"Menor porte",0,0
"33","Ouro Preto do Oeste","ouro preto do oeste","ouro preto do oeste","Rondônia","RO","780.143828525058","23341.8585779444","0.682","35044",30634,3,0,0.0000979304041261344,2,2,1,"Médio porte",3,0.979304041261344
"34","Parecis","parecis","parecis","Rondônia","RO","295.740561471442","17309.2933204259","0.617","4125",2267,NA,NA,NA,NA,NA,NA,"Menor porte",0,0
"35","Pimenta Bueno","pimenta bueno","pimenta bueno","Rondônia","RO","679.753802771075","31557.6313006697","0.71","35079",28965,4,0,0.000138097704125669,2,1,1,"Médio porte",4,1.38097704125669
"36","Pimenteiras do Oeste","pimenteiras do oeste","pimenteiras do oeste","Rondônia","RO","290.502793296089","54237.895716946","0.665","2156",1155,NA,NA,NA,3,3,3,"Menor porte",0,0
"37","Porto Velho","porto velho","porto velho","Rondônia","RO","0","0","0.736","460.434",321997,26,0,0.0000807460939077072,1,2,3,"Médio porte",26,0.807460939077072
"38","Presidente Médici","presidente médici","presidente medici","Rondônia","RO","631.199181519574","23033.3315384201","0.664","19327",13625,2,0,0.000146788990825688,3,3,3,"Menor porte",2,1.46788990825688
"39","Primavera de Rondônia","primavera de rondônia","primavera de rondonia","Rondônia","RO","578.170028818444","22277.0172910663","0.641","3076",2148,NA,NA,NA,NA,NA,NA,"Menor porte",0,0
"40","Rio Crespo","rio crespo","rio crespo","Rondônia","RO","331.756046267087","29185.8569926393","0.643","3471",1401,NA,NA,NA,3,3,3,"Menor porte",0,0
"41","Rolim de Moura","rolim de moura","rolim de moura","Rondônia","RO","827.801541321494","23163.7518725071","0.7","56406",52644,NA,NA,NA,2,2,1,"Médio porte",0,0
"42","Santa Luzia D'Oeste","santa luzia d'oeste","santa luzia doeste","Rondônia","RO","756.595881595882","22942.7284427284","0.67","7419",5275,NA,NA,NA,1,3,1,"Menor porte",0,0
"43","São Felipe D'Oeste","são felipe d'oeste","sao felipe doeste","Rondônia","RO","586.656138965653","17613.5017765495","0.649","5258",3663,NA,NA,NA,NA,NA,NA,"Menor porte",0,0
"44","São Francisco do Guaporé","são francisco do guaporé","sao francisco do guapore","Rondônia","RO","430.733523524008","17080.7504472704","0.611","16286",11374,NA,NA,NA,3,2,3,"Médio porte",0,0
"45","São Miguel do Guaporé","são miguel do guaporé","sao miguel do guapore","Rondônia","RO","478.138406205313","26684.7510508298","0.646","20746",13949,NA,NA,NA,3,2,3,"Médio porte",0,0
"46","Seringueiras","seringueiras","seringueiras","Rondônia","RO","507.045818918235","19940.2582060586","0.598","12060",7736,NA,NA,NA,1,1,3,"Menor porte",0,0
"47","Teixeirópolis","teixeirópolis","teixeiropolis","Rondônia","RO","602.882116702103","21811.4812189936","0.643","4256",3202,NA,NA,NA,3,1,3,"Menor porte",0,0
"48","Theobroma","theobroma","theobroma","Rondônia","RO","365.464165464165","18423.1842231842","0.589","8113",4760,NA,NA,NA,3,1,2,"Menor porte",0,0
"49","Urupá","urupá","urupa","Rondônia","RO","666.25266146203","19107.6117814053","0.609","10725",8734,NA,NA,NA,1,2,3,"Menor porte",0,0
"50","Vale do Anari","vale do anari","vale do anari","Rondônia","RO","297.266414696317","14659.9279247605","0.584","7788",4242,NA,NA,NA,1,1,2,"Menor porte",0,0
"51","Vale do Paraíso","vale do paraíso","vale do paraiso","Rondônia","RO","583.533653846154","22019.8317307692","0.627","6479",4865,NA,NA,NA,1,2,3,"Menor porte",0,0
"52","Vilhena","vilhena","vilhena","Rondônia","RO","639.891988142177","27699.3180773107","0.731","95832",79551,5,0,0.0000628527611217961,2,1,1,"Maior porte",5,0.628527611217961
"53","Acrelândia","acrelândia","acrelandia","Acre","AC","391.607488702389","16372.4983860555","0.604","14021",7898,NA,NA,NA,3,1,3,"Menor porte",0,0
"54","Assis Brasil","assis brasil","assis brasil","Acre","AC","231.616671091054","12351.2078577117","0.588","8100",2272,NA,NA,NA,NA,NA,NA,"Menor porte",0,0
"55","Brasiléia","brasiléia","brasileia","Acre","AC","359.03677627144","17032.5443786982","0.614","26000",13040,NA,NA,NA,2,3,3,"Médio porte",0,0
"56","Bujari","bujari","bujari","Acre","AC","200.575815738964","15130.1343570058","0.589","12917",2912,NA,NA,NA,3,1,2,"Menor porte",0,0
"57","Capixaba","capixaba","capixaba","Acre","AC","178.214523650899","12758.9940039973","0.575","10392",2935,NA,NA,NA,3,1,2,"Menor porte",0,0
"58","Cruzeiro do Sul","cruzeiro do sul","cruzeiro do sul","Acre","AC","371.384947009161","16170.9515897252","0.664","91888",41087,NA,NA,NA,1,3,3,"Médio porte",0,0
"59","Epitaciolândia","epitaciolândia","epitaciolandia","Acre","AC","341.035515618314","22633.8789045785","0.653","18757",8251,NA,NA,NA,NA,NA,NA,"Menor porte",0,0
"60","Feijó","feijó","feijo","Acre","AC","108.3304666896","10232.9148033482","0.539","35426",5118,NA,NA,NA,3,3,2,"Médio porte",0,0
"61","Jordão","jordão","jordao","Acre","AC","14.5167001062198","9734.92269562139","0.469","9222",205,NA,NA,NA,1,1,2,"Menor porte",0,0
"62","Mâncio Lima","mâncio lima","mancio lima","Acre","AC","189.78820361452","10659.4686965978","0.625","19294",4463,NA,NA,NA,1,1,2,"Menor porte",0,0
"63","Manoel Urbano","manoel urbano","manoel urbano","Acre","AC","117.524266777998","13731.8651497756","0.551","11996",1606,NA,NA,NA,3,1,2,"Menor porte",0,0
"64","Marechal Thaumaturgo","marechal thaumaturgo","marechal thaumaturgo","Acre","AC","18.4465516347997","10116.4309031556","0.501","17093",486,NA,NA,NA,NA,NA,NA,"Menor porte",0,0
"65","Plácido de Castro","plácido de castro","placido de castro","Acre","AC","236.482084690554","13276.772738662","0.622","16560",5810,NA,NA,NA,3,1,2,"Menor porte",0,0
"66","Porto Acre","porto acre","porto acre","Acre","AC","195.388865278368","12085.5822354441","0.576","16693",4759,NA,NA,NA,3,1,2,"Menor porte",0,0
"67","Porto Walter","porto walter","porto walter","Acre","AC","25.1613430275304","9708.92900906789","0.532","10735",485,NA,NA,NA,1,1,2,"Menor porte",0,0
"68","Rio Branco","rio branco","rio branco","Acre","AC","453.903797125428","22117.1308457784","0.727","364756",215379,15,0,0.0000696446728789715,2,2,1,"Maior porte",15,0.696446728789715
"69","Rodrigues Alves","rodrigues alves","rodrigues alves","Acre","AC","79.2723890238231","9897.8864141388","0.567","14938",2160,NA,NA,NA,2,1,2,"Menor porte",0,0
"70","Santa Rosa do Purus","santa rosa do purus","santa rosa do purus","Acre","AC","27.5420574661307","11195.1764180438","0.517","6723",256,NA,NA,NA,NA,NA,NA,"Menor porte",0,0
"71","Sena Madureira","sena madureira","sena madureira","Acre","AC","182.730966868053","11615.2308056159","0.603","41343",11183,NA,NA,NA,2,3,2,"Médio porte",0,0
"72","Senador Guiomard","senador guiomard","senador guiomard","Acre","AC","294.069547254261","15553.3654673782","0.64","21454",8321,NA,NA,NA,2,3,3,"Médio porte",0,0
"73","Tarauacá","tarauacá","tarauaca","Acre","AC","113.554726425807","11209.1724409631","0.539","43467",6246,NA,NA,NA,1,3,2,"Médio porte",0,0
"74","Xapuri","xapuri","xapuri","Acre","AC","215.248009797918","14038.1200244948","0.599","18243",5401,NA,NA,NA,3,1,2,"Menor porte",0,0
"75","Alvarães","alvarães","alvaraes","Amazonas","AM","43.5265104808878","12086.683107275","0.527","15.866",943,NA,NA,NA,NA,NA,NA,"Menor porte",0,0
"76","Amaturá","amaturá","amatura","Amazonas","AM","26.5848670756646","8135.82140422631","0.56","10819",392,NA,NA,NA,3,1,2,"Menor porte",0,0
"77","Anamã","anamã","anama","Amazonas","AM","13.3276010318143","8729.14875322442","0.594","9962",261,NA,NA,NA,NA,NA,NA,"Menor porte",0,0
"78","Anori","anori","anori","Amazonas","AM","23.2341574707827","9291.05554779532","0.561","17194",741,NA,NA,NA,NA,NA,NA,"Médio porte",0,0
"79","Apuí","apuí","apui","Amazonas","AM","172.458517822801","10158.6385795429","0.637","20647",5556,NA,NA,NA,3,3,2,"Médio porte",0,0
"80","Atalaia do Norte","atalaia do norte","atalaia do norte","Amazonas","AM","24.1200117658594","7401.50995195607","0.45","15314",683,NA,NA,NA,NA,NA,NA,"Médio porte",0,0
"81","Autazes","autazes","autazes","Amazonas","AM","51.1541325390916","9505.01365103003","0.577","41564",2946,NA,NA,NA,3,3,2,"Médio porte",0,0
"82","Barcelos","barcelos","barcelos","Amazonas","AM","39.727910847384","6886.0264852739","0.5","18.834",1395,NA,NA,NA,NA,NA,NA,"Médio porte",0,0
"83","Barreirinha","barreirinha","barreirinha","Amazonas","AM","19.3639750023089","8606.10165317243","0.574","31051",929,NA,NA,NA,2,3,2,"Médio porte",0,0
"84","Benjamin Constant","benjamin constant","benjamin constant","Amazonas","AM","0","0","0.574","37.648",2388,NA,NA,NA,1,3,2,"Médio porte",0,0
"85","Beruri","beruri","beruri","Amazonas","AM","20.9525705469567","8280.19708356144","0.506","20718",625,NA,NA,NA,NA,NA,NA,"Médio porte",0,0
"86","Boa Vista do Ramos","boa vista do ramos","boa vista do ramos","Amazonas","AM","22.2663813308876","7591.15459084887","0.565","23785",715,NA,NA,NA,3,1,2,"Menor porte",0,0
"87","Boca do Acre","boca do acre","boca do acre","Amazonas","AM","96.0588999566912","12372.7443337664","0.588","35.447",4537,NA,NA,NA,3,3,2,"Médio porte",0,0
"88","Borba","borba","borba","Amazonas","AM","21.6537319153013","7835.41726549775","0.56","33.080",1169,NA,NA,NA,3,3,2,"Médio porte",0,0
"89","Caapiranga","caapiranga","caapiranga","Amazonas","AM","0","0","0.569","13.469",373,NA,NA,NA,NA,NA,NA,"Médio porte",0,0
"90","Canutama","canutama","canutama","Amazonas","AM","15.4361991522743","7962.73802745619","0.53","16869",389,NA,NA,NA,1,1,2,"Menor porte",0,0
"91","Carauari","carauari","carauari","Amazonas","AM","95.1662691174407","11850.6384172864","0.549","28742",3305,NA,NA,NA,NA,NA,NA,"Médio porte",0,0
"92","Careiro","careiro","careiro","Amazonas","AM","63.3931365390633","8579.48263273182","0.557","30792",3550,NA,NA,NA,2,3,2,"Médio porte",0,0
"93","Careiro da Várzea","careiro da várzea","careiro da varzea","Amazonas","AM","15.7556895545614","10183.8487972509","0.568","19637",598,NA,NA,NA,NA,NA,NA,"Médio porte",0,0
"94","Coari","coari","coari","Amazonas","AM","122.500291002212","25750.9835874753","0.586","70616",13223,NA,NA,NA,3,3,2,"Médio porte",0,0
"95","Codajás","codajás","codajas","Amazonas","AM","22.1132748217224","17299.8148656061","0.563","23.549",913,NA,NA,NA,2,3,2,"Médio porte",0,0
"96","Eirunepé","eirunepé","eirunepe","Amazonas","AM","53.781512605042","13495.8263305322","0.563","33.170",2595,NA,NA,NA,3,3,2,"Médio porte",0,0
"97","Envira","envira","envira","Amazonas","AM","22.7038689746482","8462.36453685088","0.509","17186",610,NA,NA,NA,3,3,2,"Médio porte",0,0
"98","Fonte Boa","fonte boa","fonte boa","Amazonas","AM","91.9141428991473","11003.2931490738","0.53","25.871",2038,NA,NA,NA,NA,NA,NA,"Menor porte",0,0
"99","Guajará","guajará","guajara","Amazonas","AM","0","0","0.532","13.815",615,NA,NA,NA,NA,NA,NA,"Médio porte",0,0
"100","Humaitá","humaitá","humaita","Amazonas","AM","147.887574807638","12439.8154744942","0.605","57.473",12126,NA,NA,NA,3,3,2,"Médio porte",0,0
"101","Ipixuna","ipixuna","ipixuna","Amazonas","AM","1.14995400183993","5699.79629386253","0.481","24311",55,NA,NA,NA,NA,NA,NA,"Médio porte",0,0
"102","Iranduba","iranduba","iranduba","Amazonas","AM","144.151312970558","13552.0597416906","0.613","61163",10344,NA,NA,NA,3,3,2,"Médio porte",0,0
"103","Itacoatiara","itacoatiara","itacoatiara","Amazonas","AM","237.154458087068","19810.4302781862","0.644","103598",29144,NA,NA,NA,2,2,3,"Maior porte",0,0
"104","Itamarati","itamarati","itamarati","Amazonas","AM","37.6247760429997","13091.6304069619","0.477","10937",380,NA,NA,NA,NA,NA,NA,"Menor porte",0,0
"105","Itapiranga","itapiranga","itapiranga","Amazonas","AM","90.5742145178765","14036.511375948","0.654","10.162",1229,NA,NA,NA,3,1,2,"Menor porte",0,0
"106","Japurá","japurá","japura","Amazonas","AM","150.599733451799","28489.5601954687","0.522","8.858",513,NA,NA,NA,NA,NA,NA,"Menor porte",0,0
"107","Juruá","juruá","jurua","Amazonas","AM","32.967032967033","7712.10115186019","0.522","10.742",676,NA,NA,NA,NA,NA,NA,"Menor porte",0,0
"108","Jutaí","jutaí","jutai","Amazonas","AM","45.2974218637477","16401.9155984445","0.516","25.172",1091,NA,NA,NA,NA,NA,NA,"Menor porte",0,0
"109","Lábrea","lábrea","labrea","Amazonas","AM","0","0","0.531","45.448",3562,NA,NA,NA,3,3,2,"Médio porte",0,0
"110","Manacapuru","manacapuru","manacapuru","Amazonas","AM","175.874601530933","14732.1881789202","0.614","101.883",22678,NA,NA,NA,3,3,2,"Médio porte",0,0
"111","Manaquiri","manaquiri","manaquiri","Amazonas","AM","0","0","0.596","17107",1112,NA,NA,NA,NA,NA,NA,"Médio porte",0,0
"112","Manaus","manaus","manaus","Amazonas","AM","339.318249398535","38235.8027194334","0.737","2063689",898617,11,2,0.0000144666749015431,1,2,1,"Maior porte",13,0.144666749015431
"113","Manicoré","manicoré","manicore","Amazonas","AM","39.5348426205751","9597.42325433434","0.582","53914",3634,NA,NA,NA,3,3,2,"Médio porte",0,0
"114","Maraã","maraã","maraa","Amazonas","AM","30.1735939981381","7594.21718416297","0.498","15529",754,NA,NA,NA,1,1,2,"Menor porte",0,0
"115","Maués","maués","maues","Amazonas","AM","79.1974169741697","8328.72078720787","0.588","61204",6629,NA,NA,NA,3,3,2,"Médio porte",0,0
"116","Nhamundá","nhamundá","nhamunda","Amazonas","AM","26.2556545259525","7793.63894977382","0.586","20136",845,NA,NA,NA,NA,NA,NA,"Médio porte",0,0
"117","Nova Olinda do Norte","nova olinda do norte","nova olinda do norte","Amazonas","AM","30.9788039762268","7266.02850681113","0.558","27062",1538,NA,NA,NA,3,3,2,"Médio porte",0,0
"118","Novo Airão","novo airão","novo airao","Amazonas","AM","69.4500200722601","8458.45042151746","0.57","15.761",1938,NA,NA,NA,1,1,2,"Menor porte",0,0
"119","Novo Aripuanã","novo aripuanã","novo aripuana","Amazonas","AM","33.7095907241035","8135.99017123551","0.554","23818",1168,NA,NA,NA,3,3,2,"Médio porte",0,0
"120","Parintins","parintins","parintins","Amazonas","AM","0","0","0.658","96372",24781,NA,NA,NA,1,3,2,"Médio porte",0,0
"121","Pauini","pauini","pauini","Amazonas","AM","11.4742341973158","8524.28029914968","0.496","19.373",395,NA,NA,NA,NA,NA,NA,"Menor porte",0,0
"122","Presidente Figueiredo","presidente figueiredo","presidente figueiredo","Amazonas","AM","189.928212298013","25746.7534213427","0.647","30668",8922,2,0,0.000224164985429276,1,3,3,"Médio porte",2,2.24164985429276
"123","Rio Preto da Eva","rio preto da eva","rio preto da eva","Amazonas","AM","133.876737230986","12141.5293496745","0.611","24936",6141,NA,NA,NA,2,3,2,"Médio porte",0,0
"124","Santa Isabel do Rio Negro","santa isabel do rio negro","santa isabel do rio negro","Amazonas","AM","0","0","0.479","14.164",542,NA,NA,NA,2,3,2,"Médio porte",0,0
"125","Santo Antônio do Içá","santo antônio do içá","santo antonio do ica","Amazonas","AM","41.2371134020619","8917.00795556183","0.49","28211",1108,NA,NA,NA,NA,NA,NA,"Médio porte",0,0
"126","São Gabriel da Cachoeira","são gabriel da cachoeira","sao gabriel da cachoeira","Amazonas","AM","85.1348724704663","7721.63790683109","0.609","51795",5051,NA,NA,NA,3,1,2,"Médio porte",0,0
"127","São Paulo de Olivença","são paulo de olivença","sao paulo de olivenca","Amazonas","AM","29.8954408205026","7081.10198887031","0.521","32967",1588,NA,NA,NA,3,3,2,"Médio porte",0,0
"128","São Sebastião do Uatumã","são sebastião do uatumã","sao sebastiao do uatuma","Amazonas","AM","20.345596432553","8540.27313266444","0.577","11.670",415,NA,NA,NA,NA,NA,NA,"Menor porte",0,0
"129","Silves","silves","silves","Amazonas","AM","41.9284940411701","12385.9154929577","0.632","11559",709,NA,NA,NA,1,1,2,"Menor porte",0,0
"130","Tabatinga","tabatinga","tabatinga","Amazonas","AM","0","0","0.616","66.764",11866,NA,NA,NA,3,3,2,"Médio porte",0,0
"131","Tapauá","tapauá","tapaua","Amazonas","AM","33.4410813987658","11403.1736702909","0.502","19599",736,NA,NA,NA,3,1,2,"Menor porte",0,0
"132","Tefé","tefé","tefe","Amazonas","AM","203.284800241826","17179.1526021462","0.639","73669",15077,NA,NA,NA,NA,NA,NA,"Médio porte",0,0
"133","Tonantins","tonantins","tonantins","Amazonas","AM","26.459226332222","7812.82743292586","0.548","19247",601,NA,NA,NA,NA,NA,NA,"Menor porte",0,0
"134","Uarini","uarini","uarini","Amazonas","AM","40.6866325785245","14474.8721694668","0.527","14431",744,NA,NA,NA,NA,NA,NA,"Menor porte",0,0
"135","Urucará","urucará","urucara","Amazonas","AM","0","0","0.62","18.631",1016,NA,NA,NA,2,3,2,"Médio porte",0,0
"136","Urucurituba","urucurituba","urucurituba","Amazonas","AM","0","0","0.588","23.945",841,NA,NA,NA,2,3,2,"Médio porte",0,0
"137","Alto Alegre","alto alegre","alto alegre","Roraima","RR","144.08322496749","20507.022106632","0.542","21096",2581,NA,NA,NA,NA,NA,NA,"Menor porte",0,0
"138","Amajari","amajari","amajari","Roraima","RR","58.7789154342055","14224.1941600303","0.484","13927",1038,NA,NA,NA,2,2,2,"Menor porte",0,0
"139","Boa Vista","boa vista","boa vista","Roraima","RR","474.633744149915","25192.2545347097","0.752","413486",238198,18,8,0.000109152889612843,2,1,1,"Maior porte",26,1.09152889612843
"140","Bonfim","bonfim","bonfim","Roraima","RR","82.2648721828462","26910.4881739269","0.626","13923",1468,NA,NA,NA,NA,NA,NA,"Menor porte",0,0
"141","Cantá","cantá","canta","Roraima","RR","83.5682749082398","15588.1163891696","0.619","18682",1875,2,0,0.00106666666666667,NA,NA,NA,"Menor porte",2,10.6666666666667
"142","Caracaraí","caracaraí","caracarai","Roraima","RR","152.313422788673","16962.4826100615","0.624","20957",4029,NA,NA,NA,1,2,2,"Médio porte",0,0
"143","Caroebe","caroebe","caroebe","Roraima","RR","238.948280843687","19203.505730521","0.639","10656",3245,NA,NA,NA,2,2,2,"Menor porte",0,0
"144","Iracema","iracema","iracema","Roraima","RR","90.3545868575146","13197.7065712427","0.582","10023",1473,NA,NA,NA,2,2,2,"Menor porte",0,0
"145","Mucajaí","mucajaí","mucajai","Roraima","RR","226.942548976447","17571.0433634162","0.665","18095",4890,2,0,0.000408997955010225,1,2,2,"Menor porte",2,4.08997955010225
"146","Normandia","normandia","normandia","Roraima","RR","61.3943808532778","15504.8560527229","0.594","13986",951,NA,NA,NA,NA,NA,NA,"Menor porte",0,0
"147","Pacaraima","pacaraima","pacaraima","Roraima","RR","106.751969544758","13695.5533231111","0.65","19305",2362,NA,NA,NA,1,2,2,"Menor porte",0,0
"148","Rorainópolis","rorainópolis","rorainopolis","Roraima","RR","211.779611461244","19851.0818010526","0.619","32647",8745,2,0,0.000228702115494568,3,2,2,"Médio porte",2,2.28702115494568
"149","São João da Baliza","são joão da baliza","sao joao da baliza","Roraima","RR","243.411595591758","25063.6080498323","0.655","8858",2562,NA,NA,NA,2,1,3,"Menor porte",0,0
"150","São Luiz","são luiz","sao luiz","Roraima","RR","216.892725030826","18203.205918619","0.649","7315",2186,NA,NA,NA,1,1,2,"Menor porte",0,0
"151","Uiramutã","uiramutã","uiramuta","Roraima","RR","5.56121976086755","11276.4853091111","0.453","13751",100,NA,NA,NA,NA,NA,NA,"Menor porte",0,0
"152","Abaetetuba","abaetetuba","abaetetuba","Pará","PA","223.271310032688","9397.69298466181","0.628","158188",45023,4,0,0.0000888434799991116,2,2,3,"Maior porte",4,0.888434799991116
"153","Abel Figueiredo","abel figueiredo","abel figueiredo","Pará","PA","191.423991450708","11377.103927331","0.622","6136",1856,NA,NA,NA,1,1,2,"Menor porte",0,0
"154","Acará","acará","acara","Pará","PA","86.5831971114983","13606.8548024933","0.506","59023",5915,4,1,0.00084530853761623,2,3,2,"Médio porte",5,8.4530853761623
"155","Afuá","afuá","afua","Pará","PA","0.379103798620062","9362.82760886597","0.489","37765",14,NA,NA,NA,NA,NA,NA,"Médio porte",0,0
"156","Água Azul do Norte","água azul do norte","agua azul do norte","Pará","PA","110.193735288792","15737.3891001267","0.564","18080",3690,1,2,0.000813008130081301,3,3,2,"Médio porte",3,8.13008130081301
"157","Alenquer","alenquer","alenquer","Pará","PA","175.996637006936","10010.5969312688","0.564","69377",11867,NA,NA,NA,1,3,2,"Médio porte",0,0
"158","Almeirim","almeirim","almeirim","Pará","PA","118.940016433854","15989.9929569198","0.642","34280",4423,NA,NA,NA,2,2,2,"Médio porte",0,0
"159","Altamira","altamira","altamira","Pará","PA","546.999629211255","23962.6106976865","0.665","126279",72065,3,0,0.0000416290848539513,2,2,3,"Maior porte",3,0.416290848539513
"160","Anajás","anajás","anajas","Pará","PA","10.7113985448666","7225.41094044732","0.484","28011",529,NA,NA,NA,3,3,2,"Médio porte",0,0
"161","Ananindeua","ananindeua","ananindeua","Pará","PA","272.383189523982","15247.5749093917","0.718","478778",178230,25,0,0.000140268192784604,2,2,3,"Maior porte",25,1.40268192784604
"162","Anapu","anapu","anapu","Pará","PA","162.198063411053","14552.6619358898","0.548","31850",7340,NA,NA,NA,3,3,2,"Médio porte",0,0
"163","Augusto Corrêa","augusto corrêa","augusto correa","Pará","PA","73.0993522842203","7025.09091691593","0.52","44573",4425,NA,NA,NA,1,3,2,"Médio porte",0,0
"164","Aurora do Pará","aurora do pará","aurora do para","Pará","PA","87.7159852705127","6974.56960312215","0.519","23774",3568,NA,NA,NA,2,3,2,"Médio porte",0,0
"165","Aveiro","aveiro","aveiro","Pará","PA","17.5566934893928","7535.90587661546","0.541","18290",354,NA,NA,NA,NA,NA,NA,"Menor porte",0,0
"166","Bagre","bagre","bagre","Pará","PA","6.35275339185954","6508.92258579409","0.471","31892",379,NA,NA,NA,2,3,2,"Médio porte",0,0
"167","Baião","baião","baiao","Pará","PA","47.3389875977631","9797.3131925958","0.578","51641",3384,NA,NA,NA,2,3,2,"Médio porte",0,0
"168","Bannach","bannach","bannach","Pará","PA","244.022072348253","24890.2513795218","0.594","4031",1068,NA,NA,NA,NA,NA,NA,"Menor porte",0,0
"169","Barcarena","barcarena","barcarena","Pará","PA","242.145370669228","42269.0451636266","0.662","126650",39222,19,0,0.000484422008056703,2,2,3,"Maior porte",19,4.84422008056703
"170","Belém","belém","belem","Pará","PA","312.74951805132","21608.720353738","0.746","1303403",533014,87,21,0.00020262131951506,NA,NA,NA,"Maior porte",108,2.0262131951506
"171","Belterra","belterra","belterra","Pará","PA","163.910533101631","9209.87723527103","0.588","18099",3937,NA,NA,NA,1,1,2,"Menor porte",0,0
"172","Benevides","benevides","benevides","Pará","PA","236.325429682599","24472.4940408983","0.665","63567",20106,8,0,0.000397891176763155,1,3,3,"Médio porte",8,3.97891176763155
"173","Bom Jesus do Tocantins","bom jesus do tocantins","bom jesus do tocantins","Pará","PA","169.704404720178","10200.7828017292","0.589","18005",3635,NA,NA,NA,3,1,2,"Menor porte",0,0
"174","Bonito","bonito","bonito","Pará","PA","104.718693284936","9694.0108892922","0.546","12622",2241,NA,NA,NA,3,1,2,"Menor porte",0,0
"175","Bragança","bragança","braganca","Pará","PA","183.882278107886","9035.82233116651","0.6","123082",31950,9,0,0.00028169014084507,2,2,3,"Maior porte",9,2.8169014084507
"176","Brasil Novo","brasil novo","brasil novo","Pará","PA","402.522859240473","18489.2211172662","0.613","24718",7513,NA,NA,NA,NA,NA,NA,"Menor porte",0,0
"177","Brejo Grande do Araguaia","brejo grande do araguaia","brejo grande do araguaia","Pará","PA","191.368078175896","11106.8132464712","0.591","6783",1800,NA,NA,NA,3,1,2,"Menor porte",0,0
"178","Breu Branco","breu branco","breu branco","Pará","PA","129.255034753163","8940.59288302739","0.568","45712",11035,2,2,0.000362483008608971,2,3,2,"Médio porte",4,3.62483008608971
"179","Breves","breves","breves","Pará","PA","80.2535339188575","7819.77255379383","0.503","106968",10951,1,0,0.0000913158615651539,2,2,3,"Maior porte",1,0.913158615651539
"180","Bujaru","bujaru","bujaru","Pará","PA","76.0186223536208","14086.2813062833","0.552","24383",3311,NA,NA,NA,2,3,2,"Médio porte",0,0
"181","Cachoeira do Arari","cachoeira do arari","cachoeira do arari","Pará","PA","44.2154255319149","8056.80684840426","0.546","23981",1416,NA,NA,NA,3,3,2,"Médio porte",0,0
"182","Cachoeira do Piriá","cachoeira do piriá","cachoeira do piria","Pará","PA","48.9756999624375","5301.19333121442","0.473","19630",2292,NA,NA,NA,2,3,2,"Médio porte",0,0
"183","Cametá","cametá","cameta","Pará","PA","100.772078872593","8258.44550960076","0.577","134184",18960,NA,NA,NA,3,2,3,"Maior porte",0,0
"184","Canaã dos Carajás","canaã dos carajás","canaa dos carajas","Pará","PA","528.672283022334","281095.845471485","0.673","77079",31822,21,0,0.00065992080950286,NA,NA,NA,"Médio porte",21,6.5992080950286
"185","Capanema","capanema","capanema","Pará","PA","422.332963661765","15950.2383661477","0.655","70394",36815,7,0,0.000190139888632351,3,3,3,"Médio porte",7,1.90139888632351
"186","Capitão Poço","capitão poço","capitao poco","Pará","PA","162.719338539274","12480.7717041801","0.548","56506",11278,1,0,0.0000886682035821954,2,3,2,"Médio porte",1,0.886682035821954
"187","Castanhal","castanhal","castanhal","Pará","PA","395.570009495648","19880.025190528","0.673","192256",101363,21,5,0.000256503852490554,2,2,3,"Maior porte",26,2.56503852490554
"188","Chaves","chaves","chaves","Pará","PA","0.960414230833472","8157.42441957575","0.453","20757",32,NA,NA,NA,NA,NA,NA,"Médio porte",0,0
"189","Colares","colares","colares","Pará","PA","65.1224136509768","7027.45033385541","0.602","12868",1088,NA,NA,NA,3,1,2,"Menor porte",0,0
"190","Conceição do Araguaia","conceição do araguaia","conceicao do araguaia","Pará","PA","378.216748973766","11441.2702381697","0.64","44617",22482,7,3,0.000444800284672182,2,3,3,"Médio porte",10,4.44800284672182
"191","Concórdia do Pará","concórdia do pará","concordia do para","Pará","PA","161.51090849886","8686.71738551257","0.566","26881",7437,2,0,0.00026892564205997,3,3,2,"Médio porte",2,2.6892564205997
"192","Cumaru do Norte","cumaru do norte","cumaru do norte","Pará","PA","80.0813894339074","20869.4862291985","0.55","14036",1668,NA,NA,NA,3,1,2,"Menor porte",0,0
"193","Curionópolis","curionópolis","curionopolis","Pará","PA","403.843998655161","52926.7062647092","0.636","19950",8031,3,1,0.000498069978832026,1,1,3,"Menor porte",4,4.98069978832026
"194","Curralinho","curralinho","curralinho","Pará","PA","12.6021603703492","7276.47596730868","0.502","33903",669,NA,NA,NA,NA,NA,NA,"Médio porte",0,0
"195","Curuá","curuá","curua","Pará","PA","47.8508260780147","8918.42051141427","0.578","14117",881,NA,NA,NA,1,1,2,"Menor porte",0,0
"196","Curuçá","curuçá","curuca","Pará","PA","92.8937512320126","7168.44076483343","0.582","41262",4985,3,0,0.000601805416248746,1,3,2,"Médio porte",3,6.01805416248746
"197","Dom Eliseu","dom eliseu","dom eliseu","Pará","PA","209.826522681043","10407.3822950603","0.615","58484",16098,1,0,0.0000621195179525407,2,3,2,"Médio porte",1,0.621195179525407
"198","Eldorado do Carajás","eldorado do carajás","eldorado do carajas","Pará","PA","233.529758397171","12253.1526222746","0.56","28192",11766,NA,NA,NA,3,3,2,"Médio porte",0,0
"199","Faro","faro","faro","Pará","PA","18.953323903819","8252.89957567185","0.563","8728",171,NA,NA,NA,NA,NA,NA,"Menor porte",0,0
"200","Floresta do Araguaia","floresta do araguaia","floresta do araguaia","Pará","PA","212.277710109622","13314.9330085262","0.583","17898",5391,NA,NA,NA,3,3,2,"Médio porte",0,0
"201","Garrafão do Norte","garrafão do norte","garrafao do norte","Pará","PA","80.234383976102","8623.64520700088","0.526","24703",2754,NA,NA,NA,3,1,2,"Médio porte",0,0
"202","Goianésia do Pará","goianésia do pará","goianesia do para","Pará","PA","155.814123317349","8474.11211995813","0.56","26362",7605,3,0,0.000394477317554241,2,3,2,"Médio porte",3,3.94477317554241
"203","Gurupá","gurupá","gurupa","Pará","PA","21.0042956599022","8056.5842097467","0.509","31786",1014,NA,NA,NA,NA,NA,NA,"Médio porte",0,0
"204","Igarapé-Açu","igarapé-açu","igarape-acu","Pará","PA","192.348102401148","8895.1643902314","0.595","35797",10751,5,0,0.000465073016463585,1,3,2,"Médio porte",5,4.65073016463585
"205","Igarapé-Miri","igarapé-miri","igarape-miri","Pará","PA","99.0227806332889","8276.6673012247","0.547","64831",8033,1,0,0.000124486493215486,NA,NA,NA,"Médio porte",1,1.24486493215486
"206","Inhangapi","inhangapi","inhangapi","Pará","PA","127.223674226456","10128.909872692","0.572","10325",1967,NA,NA,NA,NA,NA,NA,"Menor porte",0,0
"207","Ipixuna do Pará","ipixuna do pará","ipixuna do para","Pará","PA","47.1466666666667","8808.47238095238","0.489","30329",4583,1,0,0.000218197687104517,2,3,2,"Médio porte",1,2.18197687104517
"208","Irituia","irituia","irituia","Pará","PA","97.837091578463","6785.15109679399","0.559","30955",4054,1,0,0.000246669955599408,NA,NA,NA,"Médio porte",1,2.46669955599408
"209","Itaituba","itaituba","itaituba","Pará","PA","444.844420336308","20184.58503871","0.64","123314",58667,NA,NA,NA,2,2,3,"Maior porte",0,0
"210","Itupiranga","itupiranga","itupiranga","Pará","PA","193.458907318902","10904.3388623372","0.528","49754",18484,NA,NA,NA,2,3,2,"Médio porte",0,0
"211","Jacareacanga","jacareacanga","jacareacanga","Pará","PA","0","0","0.505","24042",1605,NA,NA,NA,2,3,2,"Médio porte",0,0
"212","Jacundá","jacundá","jacunda","Pará","PA","278.784131546406","8180.15774873834","0.622","37707",20272,1,0,0.0000493291239147593,1,3,3,"Médio porte",1,0.493291239147593
"213","Juruti","juruti","juruti","Pará","PA","53.4260515603799","20475.0848032564","0.592","50881",3783,NA,NA,NA,3,3,2,"Médio porte",0,0
"214","Limoeiro do Ajuru","limoeiro do ajuru","limoeiro do ajuru","Pará","PA","12.2259408510348","14502.4588484393","0.541","29569",544,NA,NA,NA,NA,NA,NA,"Médio porte",0,0
"215","Mãe do Rio","mãe do rio","mae do rio","Pará","PA","309.012733586903","9678.45212502067","0.599","34353",11852,1,0,0.0000843739453256834,2,3,2,"Médio porte",1,0.843739453256834
"216","Magalhães Barata","magalhães barata","magalhaes barata","Pará","PA","60.8888370465415","8667.21101131459","0.597","8115",713,NA,NA,NA,1,1,2,"Menor porte",0,0
"217","Marabá","marabá","maraba","Pará","PA","428.934690451503","40267.9320876625","0.668","266533",149678,15,0,0.000100215128475795,2,2,3,"Maior porte",15,1.00215128475795
"218","Maracanã","maracanã","maracana","Pará","PA","57.7991597777477","7762.80661336224","0.57","25971",2317,1,0,0.000431592576607682,2,3,2,"Médio porte",1,4.31592576607682
"219","Marapanim","marapanim","marapanim","Pará","PA","86.3971880492091","7502.14411247803","0.609","26573",3087,NA,NA,NA,3,3,2,"Médio porte",0,0
"220","Marituba","marituba","marituba","Pará","PA","208.639712757602","14457.1941504282","0.676","111785",34255,11,9,0.000583856371332652,NA,NA,NA,"Maior porte",20,5.83856371332652
"221","Medicilândia","medicilândia","medicilandia","Pará","PA","206.067240031274","20499.3275996873","0.582","27094",8034,NA,NA,NA,3,3,2,"Médio porte",0,0
"222","Melgaço","melgaço","melgaco","Pará","PA","7.78056651129437","6493.04410182861","0.418","27881",337,NA,NA,NA,NA,NA,NA,"Médio porte",0,0
"223","Mocajuba","mocajuba","mocajuba","Pará","PA","63.5902315255312","12062.9241991754","0.575","27198",3133,NA,NA,NA,3,3,2,"Médio porte",0,0
"224","Moju","moju","moju","Pará","PA","119.016133298069","9844.17301820105","0.547","84094",13113,6,0,0.000457561198810341,2,3,2,"Médio porte",6,4.57561198810341
"225","Mojuí dos Campos","mojuí dos campos","mojui dos campos","Pará","PA","107.204646564508","10596.144340089","0","23501",3215,3,1,0.00124416796267496,NA,NA,NA,"Menor porte",4,12.4416796267496
"226","Monte Alegre","monte alegre","monte alegre","Pará","PA","243.939341838314","10741.635432069","0.589","60012",17233,8,1,0.000522253815354262,3,3,2,"Médio porte",9,5.22253815354262
"227","Muaná","muaná","muana","Pará","PA","20.1681904855033","6338.33667432651","0.547","45368",1325,NA,NA,NA,2,3,2,"Médio porte",0,0
"228","Nova Esperança do Piriá","nova esperança do piriá","nova esperanca do piria","Pará","PA","72.188024622272","9752.47155381459","0.502","20478",1984,NA,NA,NA,3,3,2,"Médio porte",0,0
"229","Nova Ipixuna","nova ipixuna","nova ipixuna","Pará","PA","204.343182627269","9423.04497448677","0.581","13955",4047,2,0,0.000494193229552755,1,1,2,"Menor porte",2,4.94193229552755
"230","Nova Timboteua","nova timboteua","nova timboteua","Pará","PA","138.075583645041","7494.71172449374","0.609","12806",2678,3,0,0.00112023898431665,NA,NA,NA,"Menor porte",3,11.2023898431665
"231","Novo Progresso","novo progresso","novo progresso","Pará","PA","607.350772335636","27171.1169758597","0.673","33638",21199,NA,NA,NA,NA,NA,NA,"Médio porte",0,0
"232","Novo Repartimento","novo repartimento","novo repartimento","Pará","PA","227.238583676535","10793.6255083275","0.537","60732",22549,NA,NA,NA,3,3,2,"Médio porte",0,0
"233","Óbidos","óbidos","obidos","Pará","PA","143.042863151455","18718.1202921271","0.594","52229",9062,NA,NA,NA,3,3,2,"Médio porte",0,0
"234","Oeiras do Pará","oeiras do pará","oeiras do para","Pará","PA","20.1217656012177","11073.698630137","0.507","33844",1044,NA,NA,NA,2,3,2,"Médio porte",0,0
"235","Oriximiná","oriximiná","oriximina","Pará","PA","142.982598357112","28209.0493947255","0.623","68294",11751,NA,NA,NA,1,3,2,"Médio porte",0,0
"236","Ourém","ourém","ourem","Pará","PA","122.821669172095","10347.80914203","0.568","17855",2815,NA,NA,NA,3,1,2,"Menor porte",0,0
"237","Ourilândia do Norte","ourilândia do norte","ourilandia do norte","Pará","PA","394.870256487176","19067.1666416679","0.624","32467",15614,1,0,0.0000640450877417702,3,3,3,"Médio porte",1,0.640450877417702
"238","Pacajá","pacajá","pacaja","Pará","PA","164.828355434378","14015.2022142356","0.515","41097",10527,NA,NA,NA,3,3,2,"Médio porte",0,0
"239","Palestina do Pará","palestina do pará","palestina do para","Pará","PA","115.932471643366","9560.27433394883","0.589","6885",1062,NA,NA,NA,2,1,2,"Menor porte",0,0
"240","Paragominas","paragominas","paragominas","Pará","PA","373.064461193156","27387.9374339537","0.645","105550",50630,15,0,0.000296267035354533,2,2,3,"Maior porte",15,2.96267035354533
"241","Parauapebas","parauapebas","parauapebas","Pará","PA","468.488968797992","107857.844514365","0.715","267836",138840,50,0,0.000360126764621147,NA,NA,NA,"Maior porte",50,3.60126764621147
"242","Pau D'Arco","pau d'arco","pau darco","Pará","PA","298.521256931608","16494.8243992606","0.574","6931",1943,NA,NA,NA,3,1,2,"Menor porte",0,0
"243","Peixe-Boi","peixe-boi","peixe-boi","Pará","PA","173.988367776265","6673.18401187972","0.581","8285",1686,NA,NA,NA,2,1,2,"Menor porte",0,0
"244","Piçarra","piçarra","picarra","Pará","PA","123.815394098159","16360.5824793898","0.563","12832",1983,NA,NA,NA,1,1,2,"Menor porte",0,0
"245","Placas","placas","placas","Pará","PA","98.2974825484064","8188.19293092012","0.552","18668",3934,NA,NA,NA,3,3,2,"Médio porte",0,0
"246","Ponta de Pedras","ponta de pedras","ponta de pedras","Pará","PA","40.2865384005832","7044.62898982535","0.562","24984",1751,NA,NA,NA,2,3,2,"Médio porte",0,0
"247","Portel","portel","portel","Pará","PA","31.5036937008499","12521.7412026372","0.483","62503",2680,NA,NA,NA,1,3,2,"Médio porte",0,0
"248","Porto de Moz","porto de moz","porto de moz","Pará","PA","28.157221119112","7717.39910528456","0.503","40597",1673,NA,NA,NA,2,3,2,"Médio porte",0,0
"249","Prainha","prainha","prainha","Pará","PA","48.1136500703612","9841.0507270656","0.523","35577",1896,NA,NA,NA,3,3,2,"Médio porte",0,0
"250","Primavera","primavera","primavera","Pará","PA","132.449111172515","21868.9324859538","0.577","10851",1818,NA,NA,NA,2,1,2,"Menor porte",0,0
"251","Quatipuru","quatipuru","quatipuru","Pará","PA","61.5238651291782","7315.5743687053","0.543","11524",1114,1,0,0.000897666068222621,2,1,2,"Menor porte",1,8.97666068222621
"252","Redenção","redenção","redencao","Pará","PA","746.759697532812","21829.0966889894","0.672","85597",78583,5,1,0.0000763523917386712,NA,NA,NA,"Médio porte",6,0.763523917386712
"253","Rio Maria","rio maria","rio maria","Pará","PA","447.942420746113","27237.0199439591","0.638","18384",9484,NA,NA,NA,3,1,3,"Menor porte",0,0
"254","Rondon do Pará","rondon do pará","rondon do para","Pará","PA","297.199022782796","10126.5269018806","0.602","53143",18906,NA,NA,NA,3,3,2,"Médio porte",0,0
"255","Rurópolis","rurópolis","ruropolis","Pará","PA","118.932038834951","7307.26213592233","0.548","35769",8422,NA,NA,NA,3,3,2,"Médio porte",0,0
"256","Salinópolis","salinópolis","salinopolis","Pará","PA","244.171839108548","13004.9362201261","0.647","44772",12916,13,0,0.00100650356147414,2,3,3,"Médio porte",13,10.0650356147414
"257","Salvaterra","salvaterra","salvaterra","Pará","PA","112.564901349948","7503.34371754933","0.608","24129",3468,NA,NA,NA,3,3,2,"Médio porte",0,0
"258","Santa Bárbara do Pará","santa bárbara do pará","santa barbara do para","Pará","PA","160.427059536575","8456.85113525106","0.627","21087",4328,5,0,0.00115526802218115,1,3,2,"Médio porte",5,11.5526802218115
"259","Santa Cruz do Arari","santa cruz do arari","santa cruz do arari","Pará","PA","17.839829358154","6966.06554198177","0.557","7445",239,NA,NA,NA,NA,NA,NA,"Menor porte",0,0
"260","Santa Izabel do Pará","santa izabel do pará","santa izabel do para","Pará","PA","280.607486392806","11090.510461183","0.659","73019",25515,NA,NA,NA,1,3,3,"Médio porte",0,0
"261","Santa Luzia do Pará","santa luzia do pará","santa luzia do para","Pará","PA","151.035629693091","8115.60751902434","0.546","20370",3898,1,0,0.00025654181631606,3,1,2,"Menor porte",1,2.5654181631606
"262","Santa Maria das Barreiras","santa maria das barreiras","santa maria das barreiras","Pará","PA","124.027459954233","22858.8558352403","0.544","16548",3866,NA,NA,NA,3,3,2,"Médio porte",0,0
"263","Santa Maria do Pará","santa maria do pará","santa maria do para","Pará","PA","270.214042808562","11669.0938187638","0.598","24624",9081,3,0,0.000330360092500826,2,3,2,"Médio porte",3,3.30360092500826
"264","Santana do Araguaia","santana do araguaia","santana do araguaia","Pará","PA","170.534406535965","13921.915102326","0.602","32413",16359,2,2,0.000244513723332722,3,3,2,"Médio porte",4,2.44513723332722
"265","Santarém","santarém","santarem","Pará","PA","350.910336726703","16725.9592795615","0.691","331942",133416,20,6,0.000194879174911555,2,2,3,"Maior porte",26,1.94879174911555
"266","Santarém Novo","santarém novo","santarem novo","Pará","PA","104.990374648304","6714.49726047683","0.587","6116",962,NA,NA,NA,1,1,2,"Menor porte",0,0
"267","Santo Antônio do Tauá","santo antônio do tauá","santo antonio do taua","Pará","PA","147.314994673852","12090.9518140234","0.632","27461",5935,2,0,0.00033698399326032,3,3,2,"Médio porte",2,3.3698399326032
"268","São Caetano de Odivelas","são caetano de odivelas","sao caetano de odivelas","Pará","PA","85.1122510894148","8040.21181532352","0.585","16666",2077,NA,NA,NA,1,1,2,"Menor porte",0,0
"269","São Domingos do Araguaia","são domingos do araguaia","sao domingos do araguaia","Pará","PA","312.779093697822","11076.7289247855","0.594","21092",9766,NA,NA,NA,3,3,2,"Médio porte",0,0
"270","São Domingos do Capim","são domingos do capim","sao domingos do capim","Pará","PA","64.7499922212888","10791.1571610816","0.532","30599",2720,NA,NA,NA,3,3,2,"Médio porte",0,0
"271","São Félix do Xingu","são félix do xingu","sao felix do xingu","Pará","PA","138.52941621638","10975.8510042531","0.594","65418",23087,1,0,0.0000433144193702083,2,2,3,"Maior porte",1,0.433144193702083
"272","São Francisco do Pará","são francisco do pará","sao francisco do para","Pará","PA","182.799748901444","15120.7156308851","0.608","14894",4186,NA,NA,NA,2,1,2,"Menor porte",0,0
"273","São Geraldo do Araguaia","são geraldo do araguaia","sao geraldo do araguaia","Pará","PA","338.231127302166","21118.9637725157","0.595","24255",10178,NA,NA,NA,2,3,3,"Médio porte",0,0
"274","São João da Ponta","são joão da ponta","sao joao da ponta","Pará","PA","71.8996300466463","7500.08042464211","0.583","4430",582,NA,NA,NA,NA,NA,NA,"Menor porte",0,0
"275","São João de Pirabas","são joão de pirabas","sao joao de pirabas","Pará","PA","84.0216830149716","7294.26948890036","0.539","20689",2570,NA,NA,NA,2,3,2,"Médio porte",0,0
"276","São João do Araguaia","são joão do araguaia","sao joao do araguaia","Pará","PA","122.624724218917","9537.75531990606","0.55","13664",2189,NA,NA,NA,3,1,2,"Menor porte",0,0
"277","São Miguel do Guamá","são miguel do guamá","sao miguel do guama","Pará","PA","197.51140327341","10594.529782667","0.591","52894",14808,3,0,0.00020259319286872,3,3,2,"Médio porte",3,2.0259319286872
"278","São Sebastião da Boa Vista","são sebastião da boa vista","sao sebastiao da boa vista","Pará","PA","16.7568769926596","7603.13635352562","0.558","25643",718,NA,NA,NA,NA,NA,NA,"Médio porte",0,0
"279","Sapucaia","sapucaia","sapucaia","Pará","PA","252.621068397404","17693.1269762024","0.59","5847",1729,NA,NA,NA,1,1,2,"Menor porte",0,0
"280","Senador José Porfírio","senador josé porfírio","senador jose porfirio","Pará","PA","99.2160278745645","14234.668989547","0.514","22576",1686,NA,NA,NA,NA,NA,NA,"Menor porte",0,0
"281","Soure","soure","soure","Pará","PA","123.802073146881","7740.66106004303","0.615","24204",4051,NA,NA,NA,3,3,2,"Médio porte",0,0
"282","Tailândia","tailândia","tailandia","Pará","PA","211.390395433564","8729.58364305445","0.588","72493",30831,1,1,0.0000648697739288379,2,2,3,"Maior porte",2,0.648697739288379
"283","Terra Alta","terra alta","terra alta","Pará","PA","121.212121212121","6044.2306069047","0.605","10400",1899,NA,NA,NA,1,1,2,"Menor porte",0,0
"284","Terra Santa","terra santa","terra santa","Pará","PA","49.5850293386901","24562.8270867474","0.635","18782",1031,NA,NA,NA,NA,NA,NA,"Menor porte",0,0
"285","Tomé-Açu","tomé-açu","tome-acu","Pará","PA","228.221146337654","11138.7630798063","0.586","67585",21218,NA,NA,NA,2,3,2,"Médio porte",0,0
"286","Tracuateua","tracuateua","tracuateua","Pará","PA","81.1018331893656","7438.14185622421","0.531","28595",3362,NA,NA,NA,2,3,2,"Médio porte",0,0
"287","Trairão","trairão","trairao","Pará","PA","172.161936560935","14961.9678631052","0.562","15242",4403,NA,NA,NA,NA,NA,NA,"Menor porte",0,0
"288","Tucumã","tucumã","tucuma","Pará","PA","660.130556109229","20626.6444090094","0.659","39550",31745,2,2,0.000126004095133092,3,3,1,"Médio porte",4,1.26004095133092
"289","Tucuruí","tucuruí","tucurui","Pará","PA","292.069061349267","46187.9385812548","0.666","91306",40520,NA,NA,NA,2,2,3,"Maior porte",0,0
"290","Ulianópolis","ulianópolis","ulianopolis","Pará","PA","81.7958888102566","26183.0615032669","0.604","37972",6256,NA,NA,NA,2,3,2,"Médio porte",0,0
"291","Uruará","uruará","uruara","Pará","PA","259.007373170463","13443.974909211","0.589","43558",15337,NA,NA,NA,3,3,2,"Médio porte",0,0
"292","Vigia","vigia","vigia","Pará","PA","138.872480248099","7171.01085431588","0.617","50832",9853,2,0,0.000202983862782909,2,3,2,"Médio porte",2,2.02983862782909
"293","Viseu","viseu","viseu","Pará","PA","53.2622953474438","7953.81451312529","0.515","58692",4108,NA,NA,NA,2,3,2,"Médio porte",0,0
"294","Vitória do Xingu","vitória do xingu","vitoria do xingu","Pará","PA","172.589829177302","265136.265462399","0.596","15607",3183,2,0,0.000628338045868677,NA,NA,NA,"Menor porte",2,6.28338045868677
"295","Xinguara","xinguara","xinguara","Pará","PA","654.149846959145","28702.4131659495","0.646","52893",33441,1,0,0.0000299034119793068,3,3,3,"Médio porte",1,0.299034119793068
"296","Amapá","amapá","amapa","Amapá","AP","71.5140960052248","17035.3760748884","0.642","7943",788,NA,NA,NA,NA,NA,NA,"Menor porte",0,0
"297","Calçoene","calçoene","calcoene","Amapá","AP","68.3707765788077","14458.0753582169","0.643","10612",1035,NA,NA,NA,1,1,2,"Menor porte",0,0
"298","Cutias","cutias","cutias","Amapá","AP","27.8642845435175","13446.4841829208","0.628","4461",206,NA,NA,NA,2,1,2,"Menor porte",0,0
"299","Ferreira Gomes","ferreira gomes","ferreira gomes","Amapá","AP","72.1727124388101","62054.2236726497","0.656","6666",719,NA,NA,NA,NA,NA,NA,"Menor porte",0,0
"300","Itaubal","itaubal","itaubal","Amapá","AP","28.6629873598006","13340.3952287698","0.576","5599",225,NA,NA,NA,3,1,2,"Menor porte",0,0
"301","Laranjal do Jari","laranjal do jari","laranjal do jari","Amapá","AP","105.213971418558","18892.9169424867","0.665","35114",6452,NA,NA,NA,3,3,2,"Médio porte",0,0
"302","Macapá","macapá","macapa","Amapá","AP","312.800496001185","22294.1731558855","0.733","442933",186886,33,2,0.000187279946063376,3,2,3,"Maior porte",35,1.87279946063376
"303","Mazagão","mazagão","mazagao","Amapá","AP","49.0636194622047","13156.3052645899","0.592","21924",1509,NA,NA,NA,2,3,2,"Médio porte",0,0
"304","Oiapoque","oiapoque","oiapoque","Amapá","AP","126.460259442414","16506.9877445711","0.658","27482",4700,NA,NA,NA,3,3,2,"Médio porte",0,0
"305","Pedra Branca do Amapari","pedra branca do amapari","pedra branca do amapari","Amapá","AP","42.3624538583231","19525.751450167","0.626","12847",957,NA,NA,NA,NA,NA,NA,"Menor porte",0,0
"306","Porto Grande","porto grande","porto grande","Amapá","AP","103.866025298414","15065.9184037057","0.64","17848",2865,NA,NA,NA,2,3,2,"Médio porte",0,0
"307","Pracuúba","pracuúba","pracuuba","Amapá","AP","25.162028211971","13659.7407548608","0.614","3803",188,NA,NA,NA,NA,NA,NA,"Menor porte",0,0
"308","Santana","santana","santana","Amapá","AP","227.545980373042","17268.9201923702","0.692","107618",34126,NA,NA,NA,3,2,3,"Maior porte",0,0
"309","Serra do Navio","serra do navio","serra do navio","Amapá","AP","91.8367346938776","13277.8790087464","0.709","4673",591,NA,NA,NA,NA,NA,NA,"Menor porte",0,0
"310","Tartarugalzinho","tartarugalzinho","tartarugalzinho","Amapá","AP","32.6411165512972","13038.7191175643","0.592","12945",801,NA,NA,NA,3,1,2,"Menor porte",0,0
"311","Vitória do Jari","vitória do jari","vitoria do jari","Amapá","AP","24.0556170788729","12058.5701981051","0.619","11291",526,NA,NA,NA,NA,NA,NA,"Menor porte",0,0
"312","Abreulândia","abreulândia","abreulandia","Tocantins","TO","257.902852737086","20791.0562837317","0.665","2576",890,NA,NA,NA,NA,NA,NA,"Menor porte",0,0
"313","Aguiarnópolis","aguiarnópolis","aguiarnopolis","Tocantins","TO","288.015089959373","23632.9077190946","0.657","4497",2041,2,0,0.000979911807937286,2,1,3,"Menor porte",2,9.79911807937286
"314","Aliança do Tocantins","aliança do tocantins","alianca do tocantins","Tocantins","TO","395.435839880284","20452.861952862","0.663","5147",2590,1,0,0.000386100386100386,NA,NA,NA,"Menor porte",1,3.86100386100386
"315","Almas","almas","almas","Tocantins","TO","245.880498638773","24632.1822610689","0.636","6499",2261,NA,NA,NA,2,1,2,"Menor porte",0,0
"316","Alvorada","alvorada","alvorada","Tocantins","TO","528.108623153883","39901.2625059552","0.708","8802",6044,4,0,0.000661813368630046,2,3,1,"Menor porte",4,6.61813368630046
"317","Ananás","ananás","ananas","Tocantins","TO","315.212810788032","15639.2751790982","0.671","10325",3627,NA,NA,NA,3,1,3,"Menor porte",0,0
"318","Angico","angico","angico","Tocantins","TO","207.585408222351","11259.6988998263","0.648","2876",834,1,0,0.00119904076738609,3,1,2,"Menor porte",1,11.9904076738609
"319","Aparecida do Rio Negro","aparecida do rio negro","aparecida do rio negro","Tocantins","TO","305.693069306931","26210.8085808581","0.651","4856",1939,1,0,0.000515729757607014,1,1,3,"Menor porte",1,5.15729757607014
"320","Aragominas","aragominas","aragominas","Tocantins","TO","179.724306403769","11844.5297504798","0.593","5290",1285,1,0,0.000778210116731518,2,1,2,"Menor porte",1,7.78210116731518
"321","Araguacema","araguacema","araguacema","Tocantins","TO","165.618448637317","20062.4737945493","0.639","5927",1589,NA,NA,NA,3,1,2,"Menor porte",0,0
"322","Araguaçu","araguaçu","araguacu","Tocantins","TO","479.981103106177","53082.3195937168","0.675","8133",4875,1,0,0.000205128205128205,NA,NA,NA,"Menor porte",1,2.05128205128205
"323","Araguaína","araguaína","araguaina","Tocantins","TO","659.795725838555","25687.2576766404","0.752","171301",144973,85,0,0.00058631607264801,2,1,1,"Maior porte",85,5.8631607264801
"324","Araguanã","araguanã","araguana","Tocantins","TO","190.056965302952","12049.3699292249","0.604","4310",1313,NA,NA,NA,3,1,2,"Menor porte",0,0
"325","Araguatins","araguatins","araguatins","Tocantins","TO","323.831904893558","12343.0743710257","0.631","31918",14044,NA,NA,NA,1,3,3,"Médio porte",0,0
"326","Arapoema","arapoema","arapoema","Tocantins","TO","389.963724304716","27067.8657799274","0.68","5550",3004,NA,NA,NA,2,3,3,"Menor porte",0,0
"327","Arraias","arraias","arraias","Tocantins","TO","201.727738750712","19839.3772546041","0.651","10287",2629,1,0,0.000380372765310004,NA,NA,NA,"Menor porte",1,3.80372765310004
"328","Augustinópolis","augustinópolis","augustinopolis","Tocantins","TO","360.34972912085","15047.685458349","0.67","17484",8000,NA,NA,NA,NA,NA,NA,"Menor porte",0,0
"329","Aurora do Tocantins","aurora do tocantins","aurora do tocantins","Tocantins","TO","194.81892677769","12392.0169177901","0.677","3342",925,NA,NA,NA,3,1,2,"Menor porte",0,0
"330","Axixá do Tocantins","axixá do tocantins","axixa do tocantins","Tocantins","TO","313.681414120772","13614.692960049","0.627","10262",3422,NA,NA,NA,2,1,2,"Menor porte",0,0
"331","Babaçulândia","babaçulândia","babaculandia","Tocantins","TO","174.104631539471","10523.1576973561","0.642","7880",2286,NA,NA,NA,2,1,2,"Menor porte",0,0
"332","Bandeirantes do Tocantins","bandeirantes do tocantins","bandeirantes do tocantins","Tocantins","TO","239.977728285078","28711.859688196","0.638","3407",1139,NA,NA,NA,NA,NA,NA,"Menor porte",0,0
"333","Barra do Ouro","barra do ouro","barra do ouro","Tocantins","TO","146.588946459413","12485.9671848014","0.603","4476",988,NA,NA,NA,3,1,2,"Menor porte",0,0
"334","Barrolândia","barrolândia","barrolandia","Tocantins","TO","323.83648911697","16927.8003893116","0.642","4846",2253,2,0,0.000887705281846427,3,1,3,"Menor porte",2,8.87705281846427
"335","Bernardo Sayão","bernardo sayão","bernardo sayao","Tocantins","TO","349.820143884892","16966.5017985612","0.638","4229",1855,NA,NA,NA,1,1,3,"Menor porte",0,0
"336","Bom Jesus do Tocantins","bom jesus do tocantins","bom jesus do tocantins","Tocantins","TO","197.084664536741","24614.017571885","0.66","4038",1309,NA,NA,NA,2,1,2,"Menor porte",0,0
"337","Brasilândia do Tocantins","brasilândia do tocantins","brasilandia do tocantins","Tocantins","TO","268.204432383537","19755.7666214383","0.684","1974",694,2,0,0.00288184438040346,NA,NA,NA,"Menor porte",2,28.8184438040346
"338","Brejinho de Nazaré","brejinho de nazaré","brejinho de nazare","Tocantins","TO","265.084254393912","30812.828410944","0.686","4725",1801,NA,NA,NA,1,1,3,"Menor porte",0,0
"339","Buriti do Tocantins","buriti do tocantins","buriti do tocantins","Tocantins","TO","187.179264155867","9410.7158389145","0.627","10307",2576,NA,NA,NA,1,1,2,"Menor porte",0,0
"340","Cachoeirinha","cachoeirinha","cachoeirinha","Tocantins","TO","200.525394045534","12929.9474605954","0.627","1961",588,NA,NA,NA,3,1,2,"Menor porte",0,0
"341","Campos Lindos","campos lindos","campos lindos","Tocantins","TO","166.989914662529","32388.3824670287","0.544","8653",2158,NA,NA,NA,NA,NA,NA,"Menor porte",0,0
"342","Cariri do Tocantins","cariri do tocantins","cariri do tocantins","Tocantins","TO","362.530961495159","82107.4082413871","0.662","4007",1886,4,0,0.00212089077412513,NA,NA,NA,"Menor porte",4,21.2089077412513
"343","Carmolândia","carmolândia","carmolandia","Tocantins","TO","437.956204379562","15921.2447176335","0.64","2201",1222,NA,NA,NA,1,2,3,"Menor porte",0,0
"344","Carrasco Bonito","carrasco bonito","carrasco bonito","Tocantins","TO","149.394673123487","10490.3147699758","0.594","3318",754,NA,NA,NA,3,1,2,"Menor porte",0,0
"345","Caseara","caseara","caseara","Tocantins","TO","209.114296214627","30935.8691657479","0.658","4847",1502,1,0,0.00066577896138482,3,1,3,"Menor porte",1,6.6577896138482
"346","Centenário","centenário","centenario","Tocantins","TO","143.051771117166","14468.6648501362","0.569","2131",513,NA,NA,NA,NA,NA,NA,"Menor porte",0,0
"347","Chapada da Natividade","chapada da natividade","chapada da natividade","Tocantins","TO","219.753827679376","20651.7562293606","0.62","3117",993,NA,NA,NA,NA,NA,NA,"Menor porte",0,0
"348","Chapada de Areia","chapada de areia","chapada de areia","Tocantins","TO","176.595744680851","17093.6170212766","0.619","1501",325,NA,NA,NA,NA,NA,NA,"Menor porte",0,0
"349","Colinas do Tocantins","colinas do tocantins","colinas do tocantins","Tocantins","TO","516.192016959081","22280.8010934144","0.701","34233",24401,7,0,0.000286873488791443,2,3,1,"Médio porte",7,2.86873488791443
"350","Colméia","colméia","colmeia","Tocantins","TO","589.730991278713","18653.8508782705","0.671","8941",5501,NA,NA,NA,3,1,3,"Menor porte",0,0
"351","Combinado","combinado","combinado","Tocantins","TO","352.396626208599","15177.1240485497","0.697","4756",2142,NA,NA,NA,2,1,3,"Menor porte",0,0
"352","Conceição do Tocantins","conceição do tocantins","conceicao do tocantins","Tocantins","TO","163.934426229508","14190.1149987766","0.592","3887",893,NA,NA,NA,2,1,2,"Menor porte",0,0
"353","Couto Magalhães","couto magalhães","couto magalhaes","Tocantins","TO","210.320978896968","17279.1275048768","0.605","5331",1564,NA,NA,NA,1,1,2,"Menor porte",0,0
"354","Cristalândia","cristalândia","cristalandia","Tocantins","TO","363.698818356691","17128.7441604836","0.673","6371",3157,NA,NA,NA,3,1,3,"Menor porte",0,0
"355","Crixás do Tocantins","crixás do tocantins","crixas do tocantins","Tocantins","TO","247.262247838617","27908.3573487032","0.644","1470",586,2,0,0.00341296928327645,1,2,3,"Menor porte",2,34.1296928327645
"356","Darcinópolis","darcinópolis","darcinopolis","Tocantins","TO","216.715257531584","36988.5001619695","0.581","5827",1852,2,0,0.00107991360691145,1,1,2,"Menor porte",2,10.7991360691145
"357","Dianópolis","dianópolis","dianopolis","Tocantins","TO","339.323938637174","19894.1312879058","0.701","17739",9380,3,0,0.000319829424307036,2,1,3,"Médio porte",3,3.19829424307036
"358","Divinópolis do Tocantins","divinópolis do tocantins","divinopolis do tocantins","Tocantins","TO","354.457727207259","17662.8258677805","0.683","7024",3490,NA,NA,NA,1,3,3,"Menor porte",0,0
"359","Dois Irmãos do Tocantins","dois irmãos do tocantins","dois irmaos do tocantins","Tocantins","TO","243.84133611691","15050.6610995129","0.583","6327",2230,NA,NA,NA,3,1,2,"Menor porte",0,0
"360","Dueré","dueré","duere","Tocantins","TO","250.746905676483","27107.1276141699","0.679","4248",1512,NA,NA,NA,2,3,3,"Menor porte",0,0
"361","Esperantina","esperantina","esperantina","Tocantins","TO","125.235658497172","8850.34563246252","0.57","7530",1636,NA,NA,NA,1,1,2,"Menor porte",0,0
"362","Fátima","fátima","fatima","Tocantins","TO","387.98955613577","20439.1644908616","0.697","3467",2065,NA,NA,NA,1,1,3,"Menor porte",0,0
"363","Figueirópolis","figueirópolis","figueiropolis","Tocantins","TO","436.963570474919","35023.4598512302","0.689","5211",2800,2,0,0.000714285714285714,2,1,3,"Menor porte",2,7.14285714285714
"364","Filadélfia","filadélfia","filadelfia","Tocantins","TO","139.734054541357","12554.9921117872","0.621","7712",1395,NA,NA,NA,1,1,2,"Menor porte",0,0
"365","Formoso do Araguaia","formoso do araguaia","formoso do araguaia","Tocantins","TO","410.022283819773","19881.8414044242","0.67","18881",9282,NA,NA,NA,1,1,3,"Menor porte",0,0
"366","Fortaleza do Tabocão","fortaleza do tabocão","fortaleza do tabocao","Tocantins","TO","445.426594926979","76897.7709454266","0.659",NA,1454,2,0,0.00137551581843191,NA,NA,NA,"Menor porte",2,13.7551581843191
"367","Goianorte","goianorte","goianorte","Tocantins","TO","349.90253411306","15795.7115009747","0.621","4738",2236,NA,NA,NA,3,1,3,"Menor porte",0,0
"368","Goiatins","goiatins","goiatins","Tocantins","TO","138.755250095456","12044.6735395189","0.576","12433",2233,NA,NA,NA,3,1,2,"Menor porte",0,0
"369","Guaraí","guaraí","guarai","Tocantins","TO","487.674374163959","26663.2906554558","0.741","24775",15394,5,0,0.000324801870858776,2,1,1,"Médio porte",5,3.24801870858776
"370","Gurupi","gurupi","gurupi","Tocantins","TO","727.625792449597","26568.3134388029","0.759","85125",74882,14,0,0.000186960818354211,3,1,1,"Médio porte",14,1.86960818354211
"371","Ipueiras","ipueiras","ipueiras","Tocantins","TO","223.684210526316","16122.3196881092","0.62","1590",549,NA,NA,NA,1,1,2,"Menor porte",0,0
"372","Itacajá","itacajá","itacaja","Tocantins","TO","307.971014492754","14621.4439076758","0.612","6819",2734,NA,NA,NA,3,1,2,"Menor porte",0,0
"373","Itaguatins","itaguatins","itaguatins","Tocantins","TO","170.096021947874","11763.8888888889","0.616","5172",1149,NA,NA,NA,2,1,2,"Menor porte",0,0
"374","Itapiratins","itapiratins","itapiratins","Tocantins","TO","274.571805006588","19600.5270092227","0.601","3577",1350,NA,NA,NA,2,1,2,"Menor porte",0,0
"375","Itaporã do Tocantins","itaporã do tocantins","itapora do tocantins","Tocantins","TO","306.611570247934","19222.7272727273","0.65","2404",895,NA,NA,NA,NA,NA,NA,"Menor porte",0,0
"376","Jaú do Tocantins","jaú do tocantins","jau do tocantins","Tocantins","TO","252.96544610624","16502.8365136668","0.662","3334",1235,NA,NA,NA,3,1,3,"Menor porte",0,0
"377","Juarina","juarina","juarina","Tocantins","TO","283.424908424908","14010.5311355311","0.584","2243",816,NA,NA,NA,2,1,2,"Menor porte",0,0
"378","Lagoa da Confusão","lagoa da confusão","lagoa da confusao","Tocantins","TO","292.26381983036","38559.2278443989","0.627","15288",5676,NA,NA,NA,2,1,3,"Menor porte",0,0
"379","Lagoa do Tocantins","lagoa do tocantins","lagoa do tocantins","Tocantins","TO","154.336444343273","10399.4992032779","0.579","3516",901,NA,NA,NA,1,1,2,"Menor porte",0,0
"380","Lajeado","lajeado","lajeado","Tocantins","TO","317.335017366593","21577.8339122198","0.675","3357",1147,2,0,0.001743679163034,NA,NA,NA,"Menor porte",2,17.43679163034
"381","Lavandeira","lavandeira","lavandeira","Tocantins","TO","198.055271238485","13176.0491299898","0.66","1626",488,NA,NA,NA,NA,NA,NA,"Menor porte",0,0
"382","Lizarda","lizarda","lizarda","Tocantins","TO","105.813019019555","10390.8384677203","0.57","2999",476,NA,NA,NA,3,1,2,"Menor porte",0,0
"383","Luzinópolis","luzinópolis","luzinopolis","Tocantins","TO","204.819277108434","14476.5377298668","0.639","2717",777,NA,NA,NA,1,1,2,"Menor porte",0,0
"384","Marianópolis do Tocantins","marianópolis do tocantins","marianopolis do tocantins","Tocantins","TO","231.252379139703","27951.0848877046","0.631","4615",1654,NA,NA,NA,3,1,2,"Menor porte",0,0
"385","Mateiros","mateiros","mateiros","Tocantins","TO","141.443752290216","68125.6870648589","0.607","2748",579,NA,NA,NA,1,1,2,"Menor porte",0,0
"386","Maurilândia do Tocantins","maurilândia do tocantins","maurilandia do tocantins","Tocantins","TO","179.814385150812","12160.9628770302","0.58","3095",703,NA,NA,NA,3,1,2,"Menor porte",0,0
"387","Miracema do Tocantins","miracema do tocantins","miracema do tocantins","Tocantins","TO","486.340321141838","34260.7047279215","0.684","18566",10030,6,0,0.000598205383848455,NA,NA,NA,"Menor porte",6,5.98205383848455
"388","Miranorte","miranorte","miranorte","Tocantins","TO","487.289705773364","21197.9544949233","0.662","12701",8272,4,0,0.000483558994197292,1,1,3,"Menor porte",4,4.83558994197292
"389","Monte do Carmo","monte do carmo","monte do carmo","Tocantins","TO","162.162162162162","22923.5060748822","0.622","5694",1748,2,0,0.0011441647597254,3,1,2,"Menor porte",2,11.441647597254
"390","Monte Santo do Tocantins","monte santo do tocantins","monte santo do tocantins","Tocantins","TO","221.350762527233","16609.1503267974","0.62","2396",713,NA,NA,NA,3,1,2,"Menor porte",0,0
"391","Muricilândia","muricilândia","muricilandia","Tocantins","TO","164.204070253694","13253.972679119","0.596","3367",736,NA,NA,NA,NA,NA,NA,"Menor porte",0,0
"392","Natividade","natividade","natividade","Tocantins","TO","329.945945945946","16926.1621621622","0.673","8754",4002,NA,NA,NA,NA,NA,NA,"Menor porte",0,0
"393","Nazaré","nazaré","nazare","Tocantins","TO","276.212832550861","12684.6635367762","0.643","4521",1241,1,0,0.0008058017727639,1,1,2,"Menor porte",1,8.058017727639
"394","Nova Olinda","nova olinda","nova olinda","Tocantins","TO","275.908366199547","26189.5611311572","0.631","10367",4132,4,1,0.00121006776379477,2,1,2,"Menor porte",5,12.1006776379477
"395","Nova Rosalândia","nova rosalândia","nova rosalandia","Tocantins","TO","259.990706319703","13142.6579925651","0.661","3362",1461,NA,NA,NA,1,1,3,"Menor porte",0,0
"396","Novo Acordo","novo acordo","novo acordo","Tocantins","TO","219.012963384126","14025.9267682511","0.639","3969",1210,NA,NA,NA,3,1,2,"Menor porte",0,0
"397","Novo Alegre","novo alegre","novo alegre","Tocantins","TO","171.955403087479","12580.1886792453","0.699","1846",468,NA,NA,NA,NA,NA,NA,"Menor porte",0,0
"398","Novo Jardim","novo jardim","novo jardim","Tocantins","TO","177.413479052823","11232.058287796","0.596","2230",594,NA,NA,NA,NA,NA,NA,"Menor porte",0,0
"399","Oliveira de Fátima","oliveira de fátima","oliveira de fatima","Tocantins","TO","308.586762075134","18602.862254025","0.675","1164",418,1,0,0.00239234449760766,NA,NA,NA,"Menor porte",1,23.9234449760766
"400","Palmas","palmas","palmas","Tocantins","TO","640.840885940398","34116.0217567321","0.788","302692",235901,123,4,0.000538361431278375,2,1,2,"Maior porte",127,5.38361431278375
"401","Palmeirante","palmeirante","palmeirante","Tocantins","TO","126.569890719295","14457.6741151525","0.571","4798",1045,NA,NA,NA,3,1,2,"Menor porte",0,0
"402","Palmeiras do Tocantins","palmeiras do tocantins","palmeiras do tocantins","Tocantins","TO","207.857672349889","10943.3654558933","0.628","4872",1511,NA,NA,NA,3,1,2,"Menor porte",0,0
"403","Palmeirópolis","palmeirópolis","palmeiropolis","Tocantins","TO","493.095362167796","16274.361646691","0.673","6975",4352,2,0,0.000459558823529412,3,3,3,"Menor porte",2,4.59558823529412
"404","Paraíso do Tocantins","paraíso do tocantins","paraiso do tocantins","Tocantins","TO","633.597348287757","26774.6815440057","0.764","52360",39663,1,0,0.0000252124145929456,2,1,1,"Médio porte",1,0.252124145929456
"405","Paranã","paranã","parana","Tocantins","TO","137.012551499473","23291.4630640989","0.595","10542",1914,NA,NA,NA,1,1,2,"Menor porte",0,0
"406","Pau D'Arco","pau d'arco","pau darco","Tocantins","TO","218.409697965893","14456.3386069447","0.661","4043",1332,NA,NA,NA,3,1,2,"Menor porte",0,0
"407","Pedro Afonso","pedro afonso","pedro afonso","Tocantins","TO","487.402889711755","34714.8043273071","0.732","14055",8318,NA,NA,NA,1,3,1,"Menor porte",0,0
"408","Peixe","peixe","peixe","Tocantins","TO","241.30379853449","63514.0234144698","0.674","9317",3583,NA,NA,NA,1,3,3,"Menor porte",0,0
"409","Pequizeiro","pequizeiro","pequizeiro","Tocantins","TO","283.200290275762","14265.4208998549","0.627","4921",1883,NA,NA,NA,3,1,2,"Menor porte",0,0
"410","Pindorama do Tocantins","pindorama do tocantins","pindorama do tocantins","Tocantins","TO","220.090293453725","13179.2325056433","0.605","4478",1189,NA,NA,NA,3,1,2,"Menor porte",0,0
"411","Piraquê","piraquê","piraque","Tocantins","TO","148.038245961095","18771.1836465546","0.621","2282",558,NA,NA,NA,3,1,2,"Menor porte",0,0
"412","Pium","pium","pium","Tocantins","TO","222.394420767145","25385.8969391709","0.65","7128",2104,NA,NA,NA,1,1,2,"Menor porte",0,0
"413","Ponte Alta do Bom Jesus","ponte alta do bom jesus","ponte alta do bom jesus","Tocantins","TO","196.906991940754","11598.7802221738","0.603","4220",1159,NA,NA,NA,NA,NA,NA,"Menor porte",0,0
"414","Ponte Alta do Tocantins","ponte alta do tocantins","ponte alta do tocantins","Tocantins","TO","210.818137013307","11500.2464268112","0.624","7586",2240,NA,NA,NA,1,1,2,"Menor porte",0,0
"415","Porto Alegre do Tocantins","porto alegre do tocantins","porto alegre do tocantins","Tocantins","TO","184.858044164038","10993.3753943218","0.645","2866",755,NA,NA,NA,1,1,2,"Menor porte",0,0
"416","Porto Nacional","porto nacional","porto nacional","Tocantins","TO","594.624502963463","35047.2278490509","0.74","64418",40811,11,1,0.000294038372007547,NA,NA,NA,"Médio porte",12,2.94038372007547
"417","Praia Norte","praia norte","praia norte","Tocantins","TO","133.443163097199","9520.94610496587","0.583","9044",1399,NA,NA,NA,3,1,2,"Menor porte",0,0
"418","Presidente Kennedy","presidente kennedy","presidente kennedy","Tocantins","TO","261.969532100109","14273.6670293798","0.669","3047",1172,2,0,0.00170648464163823,3,1,3,"Menor porte",2,17.0648464163823
"419","Pugmil","pugmil","pugmil","Tocantins","TO","265.734265734266","23355.5391976445","0.669","2193",961,1,0,0.00104058272632674,NA,NA,NA,"Menor porte",1,10.4058272632674
"420","Recursolândia","recursolândia","recursolandia","Tocantins","TO","150.621833256564","10988.94518655","0.5","3421",838,NA,NA,NA,3,1,2,"Menor porte",0,0
"421","Riachinho","riachinho","riachinho","Tocantins","TO","245.30315969257","11077.9248505551","0.572","3960",1318,NA,NA,NA,3,1,2,"Menor porte",0,0
"422","Rio da Conceição","rio da conceição","rio da conceicao","Tocantins","TO","162.137263933671","10670.6586826347","0.608","1768",503,NA,NA,NA,NA,NA,NA,"Menor porte",0,0
"423","Rio dos Bois","rio dos bois","rio dos bois","Tocantins","TO","213.585434173669","19177.5210084034","0.616","2738",807,2,0,0.00247831474597274,2,1,2,"Menor porte",2,24.7831474597274
"424","Rio Sono","rio sono","rio sono","Tocantins","TO","156.596794081381","12168.3107274969","0.6","4841",1274,NA,NA,NA,1,1,2,"Menor porte",0,0
"425","Sampaio","sampaio","sampaio","Tocantins","TO","175.844806007509","9290.36295369211","0.606","4215",1035,NA,NA,NA,1,1,2,"Menor porte",0,0
"426","Sandolândia","sandolândia","sandolandia","Tocantins","TO","334.420397272458","23257.0412096057","0.659","3723",1444,NA,NA,NA,2,1,3,"Menor porte",0,0
"427","Santa Fé do Araguaia","santa fé do araguaia","santa fe do araguaia","Tocantins","TO","226.859776168532","16399.8683344305","0.616","7216",2221,NA,NA,NA,2,1,2,"Menor porte",0,0
"428","Santa Maria do Tocantins","santa maria do tocantins","santa maria do tocantins","Tocantins","TO","209.982788296041","16658.34767642","0.634","2680",913,NA,NA,NA,NA,NA,NA,"Menor porte",0,0
"429","Santa Rita do Tocantins","santa rita do tocantins","santa rita do tocantins","Tocantins","TO","170.159262363789","50667.6445934619","0.651","2219",594,2,0,0.00336700336700337,NA,NA,NA,"Menor porte",2,33.6700336700337
"430","Santa Rosa do Tocantins","santa rosa do tocantins","santa rosa do tocantins","Tocantins","TO","261.452744531572","29896.2030540652","0.595","4653",1735,NA,NA,NA,1,1,2,"Menor porte",0,0
"431","Santa Tereza do Tocantins","santa tereza do tocantins","santa tereza do tocantins","Tocantins","TO","239.558163617535","12459.7859855022","0.662","2781",811,NA,NA,NA,NA,NA,NA,"Menor porte",0,0
"432","Santa Terezinha do Tocantins","santa terezinha do tocantins","santa terezinha do tocantins","Tocantins","TO","266.00790513834","12934.7826086957","0.637","2406",762,NA,NA,NA,3,1,2,"Menor porte",0,0
"433","São Bento do Tocantins","são bento do tocantins","sao bento do tocantins","Tocantins","TO","201.817844555741","10605.6390280096","0.605","5654",1350,1,0,0.000740740740740741,3,1,2,"Menor porte",1,7.40740740740741
"434","São Félix do Tocantins","são félix do tocantins","sao felix do tocantins","Tocantins","TO","133.917396745932","14553.8172715895","0.574","1783",320,NA,NA,NA,NA,NA,NA,"Menor porte",0,0
"435","São Miguel do Tocantins","são miguel do tocantins","sao miguel do tocantins","Tocantins","TO","153.489507076623","18026.0289572149","0.623","13241",2101,NA,NA,NA,1,1,2,"Menor porte",0,0
"436","São Salvador do Tocantins","são salvador do tocantins","sao salvador do tocantins","Tocantins","TO","201.680672268908","11760.5042016807","0.605","2385",762,NA,NA,NA,3,1,2,"Menor porte",0,0
"437","São Sebastião do Tocantins","são sebastião do tocantins","sao sebastiao do tocantins","Tocantins","TO","120.568837592745","10377.3701566364","0.573","4100",764,NA,NA,NA,1,1,2,"Menor porte",0,0
"438","São Valério","são valério","sao valerio","Tocantins","TO","296.106557377049","24268.9549180328","0.643","4422",1621,NA,NA,NA,2,1,3,"Menor porte",0,0
"439","Silvanópolis","silvanópolis","silvanopolis","Tocantins","TO","314.84893146647","32004.4215180545","0.675","5108",2252,NA,NA,NA,2,3,3,"Menor porte",0,0
"440","Sítio Novo do Tocantins","sítio novo do tocantins","sitio novo do tocantins","Tocantins","TO","269.423141047016","11727.909303101","0.604","10830",2759,NA,NA,NA,3,1,2,"Menor porte",0,0
"441","Sucupira","sucupira","sucupira","Tocantins","TO","249.244712990937","31138.469284995","0.667","1577",652,NA,NA,NA,3,1,3,"Menor porte",0,0
"442","Taguatinga","taguatinga","taguatinga","Tocantins","TO","261.158989598811","14066.5676077266","0.634","14011",5407,NA,NA,NA,3,1,2,"Menor porte",0,0
"443","Taipas do Tocantins","taipas do tocantins","taipas do tocantins","Tocantins","TO","133.887349953832","12862.4192059095","0.601","2021",404,NA,NA,NA,NA,NA,NA,"Menor porte",0,0
"444","Talismã","talismã","talisma","Tocantins","TO","198.790896159317","31842.8165007112","0.654","2456",685,NA,NA,NA,NA,NA,NA,"Menor porte",0,0
"445","Tocantínia","tocantínia","tocantinia","Tocantins","TO","166.207168176447","16944.2037547591","0.589","7459",1562,NA,NA,NA,3,1,2,"Menor porte",0,0
"446","Tocantinópolis","tocantinópolis","tocantinopolis","Tocantins","TO","895.425694900416","14244.2547603414","0.681","22615",21126,NA,NA,NA,3,2,1,"Médio porte",0,0
"447","Tupirama","tupirama","tupirama","Tocantins","TO","276.795005202914","28041.1030176899","0.67","1909",654,NA,NA,NA,3,1,3,"Menor porte",0,0
"448","Tupiratins","tupiratins","tupiratins","Tocantins","TO","142.176621473067","11536.4602418468","0.587","1874",504,NA,NA,NA,NA,NA,NA,"Menor porte",0,0
"449","Wanderlândia","wanderlândia","wanderlandia","Tocantins","TO","179.64888358616","11491.6482018067","0.638","10522",2778,2,0,0.000719942404607631,NA,NA,NA,"Menor porte",2,7.19942404607631
"450","Xambioá","xambioá","xambioa","Tocantins","TO","426.302083333333","24399.8263888889","0.671","10517",5733,NA,NA,NA,1,1,3,"Menor porte",0,0
"451","Açailândia","açailândia","acailandia","Maranhão","MA","382.678724551586","20836.4759858912","0.672","106550",52755,0,3,0.0000568666477111174,2,2,3,"Maior porte",3,0.568666477111174
"452","Afonso Cunha","afonso cunha","afonso cunha","Maranhão","MA","101.854667072058","7017.63453937367","0.529","6144",807,NA,NA,NA,3,1,2,"Menor porte",0,0
"453","Água Doce do Maranhão","água doce do maranhão","agua doce do maranhao","Maranhão","MA","52.3237432816946","6848.56149225419","0.5","12142",801,NA,NA,NA,3,1,2,"Menor porte",0,0
"454","Alcântara","alcântara","alcantara","Maranhão","MA","93.4786541244573","5687.0477568741","0.573","18467",2450,NA,NA,NA,3,3,2,"Médio porte",0,0
"455","Aldeias Altas","aldeias altas","aldeias altas","Maranhão","MA","111.073737713496","7459.61804387637","0.513","23286",3646,NA,NA,NA,3,3,2,"Médio porte",0,0
"456","Altamira do Maranhão","altamira do maranhão","altamira do maranhao","Maranhão","MA","167.053364269142","7179.02063744047","0.549","6447",1726,NA,NA,NA,1,1,2,"Menor porte",0,0
"457","Alto Alegre do Maranhão","alto alegre do maranhão","alto alegre do maranhao","Maranhão","MA","153.672194701701","9430.79187307057","0.554","24048",5198,NA,NA,NA,3,3,2,"Médio porte",0,0
"458","Alto Alegre do Pindaré","alto alegre do pindaré","alto alegre do pindare","Maranhão","MA","109.476254578468","6452.21175218358","0.558","25710",4626,NA,NA,NA,1,3,2,"Médio porte",0,0
"459","Alto Parnaíba","alto parnaíba","alto parnaiba","Maranhão","MA","204.42383160899","30246.0756332501","0.633","11109",3119,NA,NA,NA,1,1,2,"Menor porte",0,0
"460","Amapá do Maranhão","amapá do maranhão","amapa do maranhao","Maranhão","MA","112.49107780157","7420.41399000714","0.52","7170",1034,NA,NA,NA,2,1,2,"Menor porte",0,0
"461","Amarante do Maranhão","amarante do maranhão","amarante do maranhao","Maranhão","MA","191.521483860145","7356.4427616286","0.555","37085",9710,NA,NA,NA,1,3,2,"Médio porte",0,0
"462","Anajatuba","anajatuba","anajatuba","Maranhão","MA","136.616273899511","6347.08018378539","0.581","25322",4700,NA,NA,NA,3,3,2,"Médio porte",0,0
"463","Anapurus","anapurus","anapurus","Maranhão","MA","136.277840694602","7619.60488234554","0.581","13793",2703,NA,NA,NA,1,1,2,"Menor porte",0,0
"464","Apicum-Açu","apicum-açu","apicum-acu","Maranhão","MA","61.8503416987308","6762.70602423477","0.568","17519",1489,NA,NA,NA,3,1,2,"Menor porte",0,0
"465","Araguanã","araguanã","araguana","Maranhão","MA","89.9620603176645","5120.69963346409","0.533","11181",1756,NA,NA,NA,3,1,2,"Menor porte",0,0
"466","Araioses","araioses","araioses","Maranhão","MA","38.891620876184","5777.68275213273","0.521","39052",2200,NA,NA,NA,3,3,2,"Médio porte",0,0
"467","Arame","arame","arame","Maranhão","MA","169.606885606153","7222.4392626053","0.512","25517",6845,NA,NA,NA,1,3,2,"Médio porte",0,0
"468","Arari","arari","arari","Maranhão","MA","225.912067352666","8440.79914472805","0.626","29472",8090,NA,NA,NA,3,3,2,"Médio porte",0,0
"469","Axixá","axixá","axixa","Maranhão","MA","183.452351637528","6459.98522531396","0.641","11790",2683,NA,NA,NA,3,1,2,"Menor porte",0,0
"470","Bacabal","bacabal","bacabal","Maranhão","MA","395.944269491364","11996.1732989789","0.651","103711",48188,0,1,0.0000207520544533909,2,2,3,"Maior porte",1,0.207520544533909
"471","Bacabeira","bacabeira","bacabeira","Maranhão","MA","183.283097611871","14689.8910271273","0.629","16966",4009,1,0,0.000249438762783737,2,1,2,"Menor porte",1,2.49438762783737
"472","Bacuri","bacuri","bacuri","Maranhão","MA","57.7892141095744","6119.70622922698","0.578","16290",1390,NA,NA,NA,3,1,2,"Menor porte",0,0
"473","Bacurituba","bacurituba","bacurituba","Maranhão","MA","134.038800705467","6293.47442680776","0.537","5252",873,NA,NA,NA,3,1,2,"Menor porte",0,0
"474","Balsas","balsas","balsas","Maranhão","MA","600.902750992922","36436.6979745437","0.687","101767",74056,27,3,0.000405098844117965,3,3,1,"Médio porte",30,4.05098844117965
"475","Barão de Grajaú","barão de grajaú","barao de grajau","Maranhão","MA","154.24857324033","10765.4301416191","0.592","18984",3122,1,1,0.000640614990390775,1,1,2,"Menor porte",2,6.40614990390775
"476","Barra do Corda","barra do corda","barra do corda","Maranhão","MA","351.003480540614","8047.12290376531","0.606","84532",38397,NA,NA,NA,3,3,3,"Médio porte",0,0
"477","Barreirinhas","barreirinhas","barreirinhas","Maranhão","MA","130.24977458595","7630.66896562633","0.57","65589",11195,NA,NA,NA,3,3,2,"Médio porte",0,0
"478","Bela Vista do Maranhão","bela vista do maranhão","bela vista do maranhao","Maranhão","MA","222.360138310134","7313.05966841032","0.554","11750",3256,NA,NA,NA,1,1,2,"Menor porte",0,0
"479","Belágua","belágua","belagua","Maranhão","MA","57.6514346439957","6289.98405951116","0.512","8460",510,NA,NA,NA,NA,NA,NA,"Menor porte",0,0
"480","Benedito Leite","benedito leite","benedito leite","Maranhão","MA","41.6814473217453","7562.78822277403","0.546","5469",343,NA,NA,NA,NA,NA,NA,"Menor porte",0,0
"481","Bequimão","bequimão","bequimao","Maranhão","MA","145.499788722475","5771.82027325226","0.601","19584",3673,NA,NA,NA,3,3,2,"Médio porte",0,0
"482","Bernardo do Mearim","bernardo do mearim","bernardo do mearim","Maranhão","MA","257.204017783632","8443.60283220813","0.604","5840",2034,NA,NA,NA,3,1,2,"Menor porte",0,0
"483","Boa Vista do Gurupi","boa vista do gurupi","boa vista do gurupi","Maranhão","MA","65.0202815557146","7122.28585063231","0.545","7574",794,NA,NA,NA,3,1,2,"Menor porte",0,0
"484","Bom Jardim","bom jardim","bom jardim","Maranhão","MA","160.394050977954","7609.60738367367","0.538","33100",8370,NA,NA,NA,1,3,2,"Médio porte",0,0
"485","Bom Jesus das Selvas","bom jesus das selvas","bom jesus das selvas","Maranhão","MA","138.831833829953","8056.23860907802","0.558","28599",6270,NA,NA,NA,3,3,2,"Médio porte",0,0
"486","Bom Lugar","bom lugar","bom lugar","Maranhão","MA","138.094658717606","5708.35868110476","0.562","12212",2999,NA,NA,NA,3,1,2,"Menor porte",0,0
"487","Brejo","brejo","brejo","Maranhão","MA","99.7517120951679","6968.04998499359","0.562","34120",4338,NA,NA,NA,3,3,2,"Médio porte",0,0
"488","Brejo de Areia","brejo de areia","brejo de areia","Maranhão","MA","152.873308187264","6526.95806523186","0.519","9218",1944,NA,NA,NA,3,1,2,"Menor porte",0,0
"489","Buriti","buriti","buriti","Maranhão","MA","126.640738940204","6665.39343009931","0.548","29685",4264,NA,NA,NA,3,3,2,"Médio porte",0,0
"490","Buriti Bravo","buriti bravo","buriti bravo","Maranhão","MA","134.884498099336","7237.47859141986","0.59","22455",4282,NA,NA,NA,3,3,2,"Médio porte",0,0
"491","Buriticupu","buriticupu","buriticupu","Maranhão","MA","232.16365454969","7509.39259827631","0.556","55499",21696,NA,NA,NA,3,3,2,"Médio porte",0,0
"492","Buritirana","buritirana","buritirana","Maranhão","MA","160.082756837137","6219.88750242452","0.583","12918",3047,NA,NA,NA,1,1,2,"Menor porte",0,0
"493","Cachoeira Grande","cachoeira grande","cachoeira grande","Maranhão","MA","74.9103186326229","5910.00211014982","0.537","9732",980,NA,NA,NA,1,1,2,"Menor porte",0,0
"494","Cajapió","cajapió","cajapio","Maranhão","MA","100.748930099857","5318.11697574893","0.553","10121",1337,NA,NA,NA,3,1,2,"Menor porte",0,0
"495","Cajari","cajari","cajari","Maranhão","MA","81.5382242558223","5634.6203280037","0.523","16412",1944,NA,NA,NA,3,1,2,"Menor porte",0,0
"496","Campestre do Maranhão","campestre do maranhão","campestre do maranhao","Maranhão","MA","209.091538088978","13673.0782536498","0.652","12301",3773,NA,NA,NA,2,1,2,"Menor porte",0,0
"497","Cândido Mendes","cândido mendes","candido mendes","Maranhão","MA","59.0788046158398","6699.23069336226","0.561","19932",1544,NA,NA,NA,3,3,2,"Médio porte",0,0
"498","Cantanhede","cantanhede","cantanhede","Maranhão","MA","96.0347244201293","5913.27937785414","0.565","24303",2542,NA,NA,NA,2,3,2,"Médio porte",0,0
"499","Capinzal do Norte","capinzal do norte","capinzal do norte","Maranhão","MA","235.116598079561","15182.0759030636","0.537","11374",3112,NA,NA,NA,1,1,2,"Menor porte",0,0
"500","Carolina","carolina","carolina","Maranhão","MA","289.964825160356","14619.8220566936","0.634","24062",9178,NA,NA,NA,2,3,3,"Médio porte",0,0
"501","Carutapera","carutapera","carutapera","Maranhão","MA","94.939879759519","6964.30360721443","0.574","24238",2969,NA,NA,NA,3,3,2,"Médio porte",0,0
"502","Caxias","caxias","caxias","Maranhão","MA","338.84307506419","10960.8760006041","0.624","156973",63994,1,1,0.000031252929962184,2,2,3,"Maior porte",2,0.31252929962184
"503","Cedral","cedral","cedral","Maranhão","MA","98.2886000187038","6440.19451977929","0.605","10208",1384,NA,NA,NA,NA,NA,NA,"Menor porte",0,0
"504","Central do Maranhão","central do maranhão","central do maranhao","Maranhão","MA","71.7391304347826","5373.45537757437","0.585","7094",798,NA,NA,NA,1,1,2,"Menor porte",0,0
"505","Centro do Guilherme","centro do guilherme","centro do guilherme","Maranhão","MA","78.7856620336503","6313.02121433797","0.542","12342",1579,NA,NA,NA,1,1,2,"Menor porte",0,0
"506","Centro Novo do Maranhão","centro novo do maranhão","centro novo do maranhao","Maranhão","MA","84.4322344322344","6326.05311355311","0.518","16267",2371,NA,NA,NA,2,3,2,"Médio porte",0,0
"507","Chapadinha","chapadinha","chapadinha","Maranhão","MA","279.581021260677","9202.90541804352","0.604","81386",26542,NA,NA,NA,2,3,2,"Médio porte",0,0
"508","Cidelândia","cidelândia","cidelandia","Maranhão","MA","227.583406645463","9813.76463422887","0.6","12878",4085,NA,NA,NA,1,1,2,"Menor porte",0,0
"509","Codó","codó","codo","Maranhão","MA","289.109457747165","8407.53435784138","0.595","114275",40950,NA,NA,NA,2,2,3,"Maior porte",0,0
"510","Coelho Neto","coelho neto","coelho neto","Maranhão","MA","222.708127607263","7331.67408959916","0.564","41658",12659,NA,NA,NA,1,3,2,"Médio porte",0,0
"511","Colinas","colinas","colinas","Maranhão","MA","226.931642137878","9778.27265685515","0.596","40316",11405,NA,NA,NA,3,3,2,"Médio porte",0,0
"512","Conceição do Lago-Açu","conceição do lago-açu","conceicao do lago-acu","Maranhão","MA","74.9390243902439","7516.70731707317","0.512","14915",1662,NA,NA,NA,3,1,2,"Menor porte",0,0
"513","Coroatá","coroatá","coroata","Maranhão","MA","167.658366898572","6779.81203466374","0.576","59566",12775,NA,NA,NA,3,3,2,"Médio porte",0,0
"514","Cururupu","cururupu","cururupu","Maranhão","MA","94.4951878869613","7069.79096426163","0.612","31558",3990,NA,NA,NA,3,3,2,"Médio porte",0,0
"515","Davinópolis","davinópolis","davinopolis","Maranhão","MA","223.830907401672","33763.2393930009","0.607","14404",3869,NA,NA,NA,1,1,2,"Menor porte",0,0
"516","Dom Pedro","dom pedro","dom pedro","Maranhão","MA","387.900051343488","10065.8052370358","0.622","23053",10394,NA,NA,NA,3,3,3,"Médio porte",0,0
"517","Duque Bacelar","duque bacelar","duque bacelar","Maranhão","MA","81.7472151565652","6665.11709499167","0.533","10223",1179,NA,NA,NA,1,1,2,"Menor porte",0,0
"518","Esperantinópolis","esperantinópolis","esperantinopolis","Maranhão","MA","318.989710009355","8397.74321796071","0.586","18311",6498,NA,NA,NA,NA,NA,NA,"Menor porte",0,0
"519","Estreito","estreito","estreito","Maranhão","MA","255.461236390999","22156.7474780728","0.659","33294",15465,2,0,0.000129324280633689,3,3,3,"Médio porte",2,1.29324280633689
"520","Feira Nova do Maranhão","feira nova do maranhão","feira nova do maranhao","Maranhão","MA","157.119283356907","9613.62564827911","0.532","8048",1772,NA,NA,NA,1,1,2,"Menor porte",0,0
"521","Fernando Falcão","fernando falcão","fernando falcao","Maranhão","MA","97.0363288718929","6600.28680688336","0.443","10873",1355,NA,NA,NA,1,1,2,"Menor porte",0,0
"522","Formosa da Serra Negra","formosa da serra negra","formosa da serra negra","Maranhão","MA","206.044241354242","7564.75231072801","0.556","17719",5134,NA,NA,NA,1,1,2,"Menor porte",0,0
"523","Fortaleza dos Nogueiras","fortaleza dos nogueiras","fortaleza dos nogueiras","Maranhão","MA","334.862022614059","12706.4916581007","0.616","12640",5103,NA,NA,NA,1,1,2,"Menor porte",0,0
"524","Fortuna","fortuna","fortuna","Maranhão","MA","167.622259696459","6250.4215851602","0.58","16976",3629,NA,NA,NA,1,1,2,"Menor porte",0,0
"525","Godofredo Viana","godofredo viana","godofredo viana","Maranhão","MA","80.0802474295745","34173.0335200201","0.604","10186",1260,NA,NA,NA,3,1,2,"Menor porte",0,0
"526","Gonçalves Dias","gonçalves dias","goncalves dias","Maranhão","MA","165.40347748551","7092.78867588052","0.568","17206",3627,NA,NA,NA,3,1,2,"Menor porte",0,0
"527","Governador Archer","governador archer","governador archer","Maranhão","MA","161.767407679588","6260.15065221385","0.565","10231",2063,NA,NA,NA,1,1,2,"Menor porte",0,0
"528","Governador Edison Lobão","governador edison lobão","governador edison lobao","Maranhão","MA","186.663066954644","14369.1684665227","0.629","18411",4549,NA,NA,NA,2,1,2,"Menor porte",0,0
"529","Governador Eugênio Barros","governador eugênio barros","governador eugenio barros","Maranhão","MA","170.646834061135","7009.00655021834","0.572","13930",2973,NA,NA,NA,1,1,2,"Menor porte",0,0
"530","Governador Luiz Rocha","governador luiz rocha","governador luiz rocha","Maranhão","MA","153.238143804182","6735.84905660377","0.544","7063",1511,NA,NA,NA,1,1,2,"Menor porte",0,0
"531","Governador Newton Bello","governador newton bello","governador newton bello","Maranhão","MA","159.393163235149","6618.16569796079","0.521","10713",2088,NA,NA,NA,3,1,2,"Menor porte",0,0
"532","Governador Nunes Freire","governador nunes freire","governador nunes freire","Maranhão","MA","159.912291005913","8643.29065351032","0.569","23128",5010,NA,NA,NA,NA,NA,NA,"Médio porte",0,0
"533","Graça Aranha","graça aranha","graca aranha","Maranhão","MA","225.523079380291","6565.88404408242","0.57","6023",1658,NA,NA,NA,3,1,2,"Menor porte",0,0
"534","Grajaú","grajaú","grajau","Maranhão","MA","295.454221080425","10563.1199600371","0.609","73872",26397,NA,NA,NA,3,3,3,"Médio porte",0,0
"535","Guimarães","guimarães","guimaraes","Maranhão","MA","89.5223805951488","6896.39076435776","0.625","10290",1325,NA,NA,NA,3,1,2,"Menor porte",0,0
"536","Humberto de Campos","humberto de campos","humberto de campos","Maranhão","MA","50.2557721553989","5585.64910825384","0.535","25680",1824,NA,NA,NA,NA,NA,NA,"Médio porte",0,0
"537","Icatu","icatu","icatu","Maranhão","MA","62.4885401004804","5953.39029667388","0.546","24794",2125,NA,NA,NA,3,3,2,"Médio porte",0,0
"538","Igarapé do Meio","igarapé do meio","igarape do meio","Maranhão","MA","164.758447361072","13823.7922368054","0.569","13974",3093,NA,NA,NA,3,1,2,"Menor porte",0,0
"539","Igarapé Grande","igarapé grande","igarape grande","Maranhão","MA","250.636690963379","8205.93659436199","0.614","10231",3460,NA,NA,NA,1,1,2,"Menor porte",0,0
"540","Imperatriz","imperatriz","imperatriz","Maranhão","MA","615.103128361938","28758.1332397614","0.731","273110",184782,61,5,0.000357177647173426,3,2,1,"Maior porte",66,3.57177647173426
"541","Itaipava do Grajaú","itaipava do grajaú","itaipava do grajau","Maranhão","MA","72.3523898781631","5473.7269603249","0.518","13828",1643,NA,NA,NA,NA,NA,NA,"Menor porte",0,0
"542","Itapecuru Mirim","itapecuru mirim","itapecuru mirim","Maranhão","MA","208.12537287371","8052.4860672555","0.599","60440",17352,1,1,0.000115260488704472,1,3,2,"Médio porte",2,1.15260488704472
"543","Itinga do Maranhão","itinga do maranhão","itinga do maranhao","Maranhão","MA","311.531379469081","12602.6545956729","0.63","22513",10481,NA,NA,NA,3,3,3,"Médio porte",0,0
"544","Jatobá","jatobá","jatoba","Maranhão","MA","85.3540252182347","6487.19689621727","0.561","7471",1108,NA,NA,NA,1,1,2,"Menor porte",0,0
"545","Jenipapo dos Vieiras","jenipapo dos vieiras","jenipapo dos vieiras","Maranhão","MA","101.173708920188","5737.85211267606","0.49","17076",2250,NA,NA,NA,1,1,2,"Menor porte",0,0
"546","João Lisboa","joão lisboa","joao lisboa","Maranhão","MA","273.925863521483","9029.44397641112","0.641","24709",8079,NA,NA,NA,NA,NA,NA,"Médio porte",0,0
"547","Joselândia","joselândia","joselandia","Maranhão","MA","222.064452401531","5267.93431287813","0.561","14924",4445,NA,NA,NA,1,1,2,"Menor porte",0,0
"548","Junco do Maranhão","junco do maranhão","junco do maranhao","Maranhão","MA","181.921675774135","9931.46630236794","0.552","5146",980,NA,NA,NA,NA,NA,NA,"Menor porte",0,0
"549","Lago da Pedra","lago da pedra","lago da pedra","Maranhão","MA","327.544649913071","8199.6996996997","0.589","44403",20090,NA,NA,NA,2,3,2,"Médio porte",0,0
"550","Lago do Junco","lago do junco","lago do junco","Maranhão","MA","153.647989695464","6462.14003128163","0.581","9506",2057,NA,NA,NA,1,1,2,"Menor porte",0,0
"551","Lago dos Rodrigues","lago dos rodrigues","lago dos rodrigues","Maranhão","MA","349.328214971209","8456.92672462459","0.602","8758",4118,NA,NA,NA,1,1,2,"Menor porte",0,0
"552","Lago Verde","lago verde","lago verde","Maranhão","MA","156.675248253034","7159.61750643619","0.557","14769",3209,NA,NA,NA,3,1,2,"Menor porte",0,0
"553","Lagoa do Mato","lagoa do mato","lagoa do mato","Maranhão","MA","161.38482023968","6605.94762538837","0.566","10572",2286,NA,NA,NA,NA,NA,NA,"Menor porte",0,0
"554","Lagoa Grande do Maranhão","lagoa grande do maranhão","lagoa grande do maranhao","Maranhão","MA","129.274249825541","6734.12421493371","0.502","11411",2090,NA,NA,NA,1,1,2,"Menor porte",0,0
"555","Lajeado Novo","lajeado novo","lajeado novo","Maranhão","MA","178.37411207577","9741.51539068666","0.589","7057",1875,NA,NA,NA,2,1,2,"Menor porte",0,0
"556","Lima Campos","lima campos","lima campos","Maranhão","MA","303.574425239134","12442.4400067125","0.581","11297",4369,NA,NA,NA,1,1,2,"Menor porte",0,0
"557","Loreto","loreto","loreto","Maranhão","MA","144.178811200262","15849.9263140658","0.582","11597",2226,NA,NA,NA,1,1,2,"Menor porte",0,0
"558","Luís Domingues","luís domingues","luis domingues","Maranhão","MA","99.2268041237113","6614.69072164948","0.588","7161",885,NA,NA,NA,1,1,2,"Menor porte",0,0
"559","Magalhães de Almeida","magalhães de almeida","magalhaes de almeida","Maranhão","MA","55.3697139148235","5912.12741524789","0.567","13807",1248,NA,NA,NA,2,3,2,"Médio porte",0,0
"560","Maracaçumé","maracaçumé","maracacume","Maranhão","MA","197.489113314185","7983.87843972945","0.582","21149",5151,NA,NA,NA,2,3,2,"Médio porte",0,0
"561","Marajá do Sena","marajá do sena","maraja do sena","Maranhão","MA","94.5337620578778","7866.88102893891","0.452","7027",1082,NA,NA,NA,NA,NA,NA,"Menor porte",0,0
"562","Maranhãozinho","maranhãozinho","maranhaozinho","Maranhão","MA","88.3047665192902","6206.22615226213","0.55","13761",1934,NA,NA,NA,3,1,2,"Menor porte",0,0
"563","Mata Roma","mata roma","mata roma","Maranhão","MA","151.852506332096","8575.95570477705","0.57","17090",3026,NA,NA,NA,3,1,2,"Menor porte",0,0
"564","Matinha","matinha","matinha","Maranhão","MA","164.551571416404","7056.80947108424","0.619","22034",4723,NA,NA,NA,3,3,2,"Médio porte",0,0
"565","Matões","matões","matoes","Maranhão","MA","81.1065609993224","5738.94470141119","0.55","32174",3695,NA,NA,NA,2,3,2,"Médio porte",0,0
"566","Matões do Norte","matões do norte","matoes do norte","Maranhão","MA","40.861856396407","4407.03340574179","0.533","17432",899,0,1,0.00111234705228031,1,1,2,"Menor porte",1,11.1234705228031
"567","Milagres do Maranhão","milagres do maranhão","milagres do maranhao","Maranhão","MA","40.9053400919486","5886.9503713309","0.527","8818",443,NA,NA,NA,3,1,2,"Menor porte",0,0
"568","Mirador","mirador","mirador","Maranhão","MA","104.369739907755","8626.78902572393","0.545","21030",2855,NA,NA,NA,3,3,2,"Médio porte",0,0
"569","Miranda do Norte","miranda do norte","miranda do norte","Maranhão","MA","127.495305001043","16771.0579397649","0.61","23864",4353,1,0,0.000229726625315874,3,3,2,"Médio porte",1,2.29726625315874
"570","Mirinzal","mirinzal","mirinzal","Maranhão","MA","157.417893544734","6345.54659916062","0.622","13978",2790,NA,NA,NA,1,1,2,"Menor porte",0,0
"571","Monção","monção","moncao","Maranhão","MA","82.9669676806084","6974.21577946768","0.546","27751",3407,NA,NA,NA,NA,NA,NA,"Médio porte",0,0
"572","Montes Altos","montes altos","montes altos","Maranhão","MA","209.526945450554","6902.86466908133","0.575","9106",2284,NA,NA,NA,2,1,2,"Menor porte",0,0
"573","Morros","morros","morros","Maranhão","MA","115.675454731249","6913.75434293889","0.548","18554",2958,NA,NA,NA,1,1,2,"Menor porte",0,0
"574","Nina Rodrigues","nina rodrigues","nina rodrigues","Maranhão","MA","70.1406911624095","5261.78117743478","0.585","14176",1187,NA,NA,NA,1,1,2,"Menor porte",0,0
"575","Nova Colinas","nova colinas","nova colinas","Maranhão","MA","176.340519624102","10444.997236042","0.566","5021",1254,NA,NA,NA,1,1,2,"Menor porte",0,0
"576","Nova Iorque","nova iorque","nova iorque","Maranhão","MA","121.315677061085","8206.10850064075","0.584","4320",701,NA,NA,NA,1,1,2,"Menor porte",0,0
"577","Nova Olinda do Maranhão","nova olinda do maranhão","nova olinda do maranhao","Maranhão","MA","122.817836812144","6704.12713472486","0.581","14314",3082,NA,NA,NA,2,3,2,"Médio porte",0,0
"578","Olho d'Água das Cunhãs","olho d'água das cunhãs","olho dagua das cunhas","Maranhão","MA","293.594397014468","7606.46183732938","0.589","17919",6443,NA,NA,NA,3,1,2,"Menor porte",0,0
"579","Olinda Nova do Maranhão","olinda nova do maranhão","olinda nova do maranhao","Maranhão","MA","116.743057427878","6009.16689134538","0.575","13577",2038,NA,NA,NA,2,1,2,"Menor porte",0,0
"580","Paço do Lumiar","paço do lumiar","paco do lumiar","Maranhão","MA","0","0","0.724","145.643",36030,NA,NA,NA,2,3,2,"Médio porte",0,0
"581","Palmeirândia","palmeirândia","palmeirandia","Maranhão","MA","122.84515444113","6330.67084576108","0.556","21059",2877,NA,NA,NA,1,1,2,"Menor porte",0,0
"582","Paraibano","paraibano","paraibano","Maranhão","MA","263.326970529354","7708.45942548536","0.58","18274",6595,NA,NA,NA,3,3,2,"Médio porte",0,0
"583","Parnarama","parnarama","parnarama","Maranhão","MA","67.5845521023766","6729.17618829982","0.542","31250",3467,NA,NA,NA,3,3,2,"Médio porte",0,0
"584","Passagem Franca","passagem franca","passagem franca","Maranhão","MA","176.150911846162","8067.4609395412","0.532","17220",4114,NA,NA,NA,1,1,2,"Menor porte",0,0
"585","Pastos Bons","pastos bons","pastos bons","Maranhão","MA","222.233569933105","10132.2575703416","0.61","18802",5639,NA,NA,NA,1,1,2,"Menor porte",0,0
"586","Paulino Neves","paulino neves","paulino neves","Maranhão","MA","40.2078436224174","6482.18483236422","0.561","17056",937,NA,NA,NA,1,1,2,"Menor porte",0,0
"587","Paulo Ramos","paulo ramos","paulo ramos","Maranhão","MA","237.159403778601","7717.41194341593","0.549","20341",6089,NA,NA,NA,2,3,2,"Médio porte",0,0
"588","Pedreiras","pedreiras","pedreiras","Maranhão","MA","492.051746574469","14883.5702074456","0.682","37050",22599,NA,NA,NA,1,3,3,"Médio porte",0,0
"589","Pedro do Rosário","pedro do rosário","pedro do rosario","Maranhão","MA","87.3234992506113","5795.73242880808","0.516","24320",3025,NA,NA,NA,3,3,2,"Médio porte",0,0
"590","Penalva","penalva","penalva","Maranhão","MA","85.3838010895665","5612.53259662802","0.554","32511",4038,NA,NA,NA,3,3,2,"Médio porte",0,0
"591","Peri Mirim","peri mirim","peri mirim","Maranhão","MA","134.402230742419","5406.20425235274","0.599","11108",2318,NA,NA,NA,1,1,2,"Menor porte",0,0
"592","Peritoró","peritoró","peritoro","Maranhão","MA","174.542030474234","8703.90344119158","0.564","20479",5310,0,1,0.000188323917137476,3,3,2,"Médio porte",1,1.88323917137476
"593","Pindaré-Mirim","pindaré-mirim","pindare-mirim","Maranhão","MA","200.211704218963","8169.8170270679","0.633","31429",8071,NA,NA,NA,3,3,2,"Médio porte",0,0
"594","Pinheiro","pinheiro","pinheiro","Maranhão","MA","307.077121405636","10706.3752581257","0.637","84621",30928,NA,NA,NA,3,3,3,"Médio porte",0,0
"595","Pio XII","pio xii","pio xii","Maranhão","MA","266.850647831985","6599.04579260022","0.541","21886",7062,NA,NA,NA,2,3,2,"Médio porte",0,0
"596","Pirapemas","pirapemas","pirapemas","Maranhão","MA","84.6153846153846","6208.01282051282","0.576","17714",1878,NA,NA,NA,1,1,2,"Menor porte",0,0
"597","Poção de Pedras","poção de pedras","pocao de pedras","Maranhão","MA","291.730605285592","8676.27166808753","0.576","17161",6153,NA,NA,NA,NA,NA,NA,"Menor porte",0,0
"598","Porto Franco","porto franco","porto franco","Maranhão","MA","278.557197409929","21493.5663290719","0.684","23903",8653,NA,NA,NA,3,3,3,"Médio porte",0,0
"599","Porto Rico do Maranhão","porto rico do maranhão","porto rico do maranhao","Maranhão","MA","103.274559193955","7503.77833753149","0.615","5954",808,NA,NA,NA,3,1,2,"Menor porte",0,0
"600","Presidente Dutra","presidente dutra","presidente dutra","Maranhão","MA","399.096510950121","12190.5445915563","0.653","45155",22274,NA,NA,NA,NA,NA,NA,"Médio porte",0,0
"601","Presidente Juscelino","presidente juscelino","presidente juscelino","Maranhão","MA","82.7231656021187","6402.63280884873","0.563","11356",1319,NA,NA,NA,NA,NA,NA,"Menor porte",0,0
"602","Presidente Médici","presidente médici","presidente medici","Maranhão","MA","123.479490806223","6828.71287128713","0.591","4696",1148,NA,NA,NA,3,1,2,"Menor porte",0,0
"603","Presidente Sarney","presidente sarney","presidente sarney","Maranhão","MA","98.0649221249148","6773.34941528135","0.557","17511",2682,NA,NA,NA,1,1,2,"Menor porte",0,0
"604","Presidente Vargas","presidente vargas","presidente vargas","Maranhão","MA","128.052570819643","6094.21898588047","0.587","10549",1659,NA,NA,NA,3,1,2,"Menor porte",0,0
"605","Primeira Cruz","primeira cruz","primeira cruz","Maranhão","MA","14.127405871298","4641.17685179185","0.512","13614",343,NA,NA,NA,3,1,2,"Menor porte",0,0
"606","Raposa","raposa","raposa","Maranhão","MA","174.263078551496","8038.74651185169","0.626","30839",7239,NA,NA,NA,2,3,2,"Médio porte",0,0
"607","Riachão","riachão","riachao","Maranhão","MA","234.680830136717","16496.3115963411","0.576","22145",6203,NA,NA,NA,3,3,2,"Médio porte",0,0
"608","Ribamar Fiquene","ribamar fiquene","ribamar fiquene","Maranhão","MA","182.23642172524","12054.4408945687","0.615","7420",1799,NA,NA,NA,NA,NA,NA,"Menor porte",0,0
"609","Rosário","rosário","rosario","Maranhão","MA","178.83890775457","8648.09043122296","0.632","38475",8967,NA,NA,NA,2,3,2,"Médio porte",0,0
"610","Sambaíba","sambaíba","sambaiba","Maranhão","MA","131.185067793626","32973.058637084","0.565","5568",1161,NA,NA,NA,1,1,2,"Menor porte",0,0
"611","Santa Filomena do Maranhão","santa filomena do maranhão","santa filomena do maranhao","Maranhão","MA","139.15154612829","6536.28929210325","0.525","6697",1440,NA,NA,NA,3,1,2,"Menor porte",0,0
"612","Santa Helena","santa helena","santa helena","Maranhão","MA","122.472518419132","6336.29922557258","0.571","41561",6379,NA,NA,NA,2,3,2,"Médio porte",0,0
"613","Santa Inês","santa inês","santa ines","Maranhão","MA","385.701035881505","13921.677524612","0.674","85014",41046,1,0,0.0000243629099059592,3,3,3,"Médio porte",1,0.243629099059592
"614","Santa Luzia","santa luzia","santa luzia","Maranhão","MA","185.314253570596","7715.02462716259","0.55","57635",16777,NA,NA,NA,3,3,2,"Médio porte",0,0
"615","Santa Luzia do Paruá","santa luzia do paruá","santa luzia do parua","Maranhão","MA","221.473335698238","8275.31433526467","0.599","24307",6916,NA,NA,NA,1,3,2,"Médio porte",0,0
"616","Santa Quitéria do Maranhão","santa quitéria do maranhão","santa quiteria do maranhao","Maranhão","MA","114.423226207111","7116.01459400714","0.555","23957",3272,NA,NA,NA,3,3,2,"Médio porte",0,0
"617","Santa Rita","santa rita","santa rita","Maranhão","MA","214.528173794976","7346.88495482793","0.609","37035",9918,NA,NA,NA,3,3,2,"Médio porte",0,0
"618","Santana do Maranhão","santana do maranhão","santana do maranhao","Maranhão","MA","42.8139071381118","4945.301542777","0.51","10567",667,NA,NA,NA,2,1,2,"Menor porte",0,0
"619","Santo Amaro do Maranhão","santo amaro do maranhão","santo amaro do maranhao","Maranhão","MA","26.8803791942123","4928.77635025571","0.518","13949",809,NA,NA,NA,3,1,2,"Menor porte",0,0
"620","Santo Antônio dos Lopes","santo antônio dos lopes","santo antonio dos lopes","Maranhão","MA","261.396501859248","128410.756094202","0.566","14304",4758,NA,NA,NA,NA,NA,NA,"Menor porte",0,0
"621","São Benedito do Rio Preto","são benedito do rio preto","sao benedito do rio preto","Maranhão","MA","91.1470855372122","6759.73713736176","0.541","18364",2056,NA,NA,NA,NA,NA,NA,"Menor porte",0,0
"622","São Bento","são bento","sao bento","Maranhão","MA","161.740198228226","5946.34242610297","0.602","46395",8324,NA,NA,NA,3,3,2,"Médio porte",0,0
"623","São Bernardo","são bernardo","sao bernardo","Maranhão","MA","123.138103045313","9903.12903338333","0.572","26943",3893,NA,NA,NA,3,3,2,"Médio porte",0,0
"624","São Domingos do Azeitão","são domingos do azeitão","sao domingos do azeitao","Maranhão","MA","157.277628032345","23485.7142857143","0.59","7992",2141,1,0,0.000467071461933676,1,1,2,"Menor porte",1,4.67071461933676
"625","São Domingos do Maranhão","são domingos do maranhão","sao domingos do maranhao","Maranhão","MA","265.472312703583","8483.80060493253","0.582","34034",11693,NA,NA,NA,3,3,2,"Médio porte",0,0
"626","São Félix de Balsas","são félix de balsas","sao felix de balsas","Maranhão","MA","76.5015344147304","9749.89039894783","0.557","4402",491,NA,NA,NA,NA,NA,NA,"Menor porte",0,0
"627","São Francisco do Brejão","são francisco do brejão","sao francisco do brejao","Maranhão","MA","156.100829076292","8344.61100410351","0.584","9051",2330,NA,NA,NA,1,1,2,"Menor porte",0,0
"628","São Francisco do Maranhão","são francisco do maranhão","sao francisco do maranhao","Maranhão","MA","26.190865935505","6238.58241938124","0.528","12064",510,NA,NA,NA,NA,NA,NA,"Menor porte",0,0
"629","São João Batista","são joão batista","sao joao batista","Maranhão","MA","130.525095406019","5948.9396647505","0.598","18544",3275,NA,NA,NA,3,3,2,"Médio porte",0,0
"630","São João do Carú","são joão do carú","sao joao do caru","Maranhão","MA","91.4043200101349","5939.25381643124","0.509","12251",1788,NA,NA,NA,3,1,2,"Menor porte",0,0
"631","São João do Paraíso","são joão do paraíso","sao joao do paraiso","Maranhão","MA","195.747342088806","10756.2762440811","0.609","9904",3178,NA,NA,NA,3,1,2,"Menor porte",0,0
"632","São João do Soter","são joão do soter","sao joao do soter","Maranhão","MA","83.9903459372486","5858.29981228211","0.517","16889",2222,NA,NA,NA,1,1,2,"Menor porte",0,0
"633","São João dos Patos","são joão dos patos","sao joao dos patos","Maranhão","MA","406.024003692876","10526.7348822896","0.615","25020",12609,NA,NA,NA,3,3,3,"Médio porte",0,0
"634","São José de Ribamar","são josé de ribamar","sao jose de ribamar","Maranhão","MA","237.521505015975","11917.4263243738","0.708","244579",56762,NA,NA,NA,1,2,3,"Maior porte",0,0
"635","São José dos Basílios","são josé dos basílios","sao jose dos basilios","Maranhão","MA","171.465968586387","6995.68062827225","0.557","6957",1584,NA,NA,NA,1,1,2,"Menor porte",0,0
"636","São Luís","são luís","sao luis","Maranhão","MA","377.196961157826","28949.0259022972","0.768","1037775",469262,52,9,0.00012999134811683,2,1,1,"Maior porte",61,1.2999134811683
"637","São Luís Gonzaga do Maranhão","são luís gonzaga do maranhão","sao luis gonzaga do maranhao","Maranhão","MA","188.871682597319","7465.31745607946","0.54","17818",4298,NA,NA,NA,1,1,2,"Menor porte",0,0
"638","São Mateus do Maranhão","são mateus do maranhão","sao mateus do maranhao","Maranhão","MA","231.511099353039","7738.85855840689","0.616","38829",11787,0,1,0.0000848392296597947,3,3,2,"Médio porte",1,0.848392296597947
"639","São Pedro da Água Branca","são pedro da água branca","sao pedro da agua branca","Maranhão","MA","179.740871613663","8383.74558303887","0.605","14338",2776,NA,NA,NA,3,1,2,"Menor porte",0,0
"640","São Pedro dos Crentes","são pedro dos crentes","sao pedro dos crentes","Maranhão","MA","214.346712211785","11339.6669513237","0.6","5783",1384,NA,NA,NA,3,1,2,"Menor porte",0,0
"641","São Raimundo das Mangabeiras","são raimundo das mangabeiras","sao raimundo das mangabeiras","Maranhão","MA","261.538461538462","27088.6195995785","0.61","18672",6262,NA,NA,NA,1,1,2,"Menor porte",0,0
"642","São Raimundo do Doca Bezerra","são raimundo do doca bezerra","sao raimundo do doca bezerra","Maranhão","MA","155.135451179107","7053.98557786007","0.516","5650",1084,NA,NA,NA,1,1,2,"Menor porte",0,0
"643","São Roberto","são roberto","sao roberto","Maranhão","MA","154.367358963028","6035.49860067757","0.516","4544",1425,NA,NA,NA,3,1,2,"Menor porte",0,0
"644","São Vicente Ferrer","são vicente ferrer","sao vicente ferrer","Maranhão","MA","107.740492170022","5926.53243847875","0.592","19498",2943,NA,NA,NA,2,3,2,"Médio porte",0,0
"645","Satubinha","satubinha","satubinha","Maranhão","MA","74.8439273552781","5527.45459704881","0.493","8784",1450,NA,NA,NA,3,1,2,"Menor porte",0,0
"646","Senador Alexandre Costa","senador alexandre costa","senador alexandre costa","Maranhão","MA","132.691278758694","7923.39932227573","0.538","10207",1776,NA,NA,NA,2,1,2,"Menor porte",0,0
"647","Senador La Rocque","senador la rocque","senador la rocque","Maranhão","MA","372.313167259786","10415.5160142349","0.602","14700",6201,NA,NA,NA,1,1,2,"Menor porte",0,0
"648","Serrano do Maranhão","serrano do maranhão","serrano do maranhao","Maranhão","MA","37.9648509564035","5201.76716186037","0.519","10202",560,NA,NA,NA,3,1,2,"Menor porte",0,0
"649","Sítio Novo","sítio novo","sitio novo","Maranhão","MA","206.607929515419","9230.39647577093","0.564","17074",4871,NA,NA,NA,2,1,2,"Menor porte",0,0
"650","Sucupira do Norte","sucupira do norte","sucupira do norte","Maranhão","MA","137.577581342863","7497.36693624224","0.579","10238",1770,NA,NA,NA,1,1,2,"Menor porte",0,0
"651","Sucupira do Riachão","sucupira do riachão","sucupira do riachao","Maranhão","MA","165.433403805497","7292.63565891473","0.568","4985",1190,NA,NA,NA,NA,NA,NA,"Menor porte",0,0
"652","Tasso Fragoso","tasso fragoso","tasso fragoso","Maranhão","MA","219.063155441622","140673.386157073","0.599","8862",2537,NA,NA,NA,NA,NA,NA,"Menor porte",0,0
"653","Timbiras","timbiras","timbiras","Maranhão","MA","121.851763012713","5844.84117465648","0.537","26484",4371,NA,NA,NA,3,3,2,"Médio porte",0,0
"654","Timon","timon","timon","Maranhão","MA","281.743840396659","11156.3546427606","0.649","174465",59345,2,1,0.0000505518577807734,3,2,3,"Maior porte",3,0.505518577807734
"655","Trizidela do Vale","trizidela do vale","trizidela do vale","Maranhão","MA","370.522793053546","15049.5206222865","0.606","22484",10302,NA,NA,NA,3,3,3,"Médio porte",0,0
"656","Tufilândia","tufilândia","tufilandia","Maranhão","MA","145.712333447216","8442.60334813803","0.555","5507",1084,NA,NA,NA,2,1,2,"Menor porte",0,0
"657","Tuntum","tuntum","tuntum","Maranhão","MA","178.496669838249","7736.22740247383","0.572","36251",9502,NA,NA,NA,3,3,2,"Médio porte",0,0
"658","Turiaçu","turiaçu","turiacu","Maranhão","MA","88.2690638214456","6751.32319583298","0.561","37491",3868,NA,NA,NA,3,3,2,"Médio porte",0,0
"659","Turilândia","turilândia","turilandia","Maranhão","MA","74.6868718107314","6284.86933663213","0.536","31638",2531,NA,NA,NA,3,3,2,"Médio porte",0,0
"660","Tutóia","tutóia","tutoia","Maranhão","MA","74.1607461530691","6976.75005892454","0.561","53356",5628,NA,NA,NA,3,3,2,"Médio porte",0,0
"661","Urbano Santos","urbano santos","urbano santos","Maranhão","MA","101.975552168325","5874.29391195194","0.588","32812",4091,NA,NA,NA,3,3,2,"Médio porte",0,0
"662","Vargem Grande","vargem grande","vargem grande","Maranhão","MA","124.930030786454","6003.83081444165","0.542","43261",8212,NA,NA,NA,3,3,2,"Médio porte",0,0
"663","Viana","viana","viana","Maranhão","MA","214.742920093449","7724.7241163175","0.618","51442",13655,NA,NA,NA,3,3,2,"Médio porte",0,0
"664","Vila Nova dos Martírios","vila nova dos martírios","vila nova dos martirios","Maranhão","MA","152.08118841006","8656.05236064127","0.581","10362",2524,NA,NA,NA,NA,NA,NA,"Menor porte",0,0
"665","Vitória do Mearim","vitória do mearim","vitoria do mearim","Maranhão","MA","159.794285018715","7425.39788807401","0.596","30805",6675,NA,NA,NA,2,3,2,"Médio porte",0,0
"666","Vitorino Freire","vitorino freire","vitorino freire","Maranhão","MA","292.176892329167","8043.01757502697","0.57","30845",11293,NA,NA,NA,3,3,2,"Médio porte",0,0
"667","Zé Doca","zé doca","ze doca","Maranhão","MA","279.043806297636","8525.79105396874","0.595","40801",17447,0,1,0.0000573164440878088,3,3,2,"Médio porte",1,0.573164440878088
"668","Acauã","acauã","acaua","Piauí","PI","259.504364967615","7796.25457617573","0.528","6420",2630,NA,NA,NA,1,2,2,"Menor porte",0,0
"669","Agricolândia","agricolândia","agricolandia","Piauí","PI","322.549210680179","7962.38549990255","0.599","4940",1932,NA,NA,NA,1,1,2,"Menor porte",0,0
"670","Água Branca","água branca","agua branca","Piauí","PI","710.360618202633","12396.7945048655","0.639","17573",14063,2,0,0.000142217165611889,1,2,3,"Menor porte",2,1.42217165611889
"671","Alagoinha do Piauí","alagoinha do piauí","alagoinha do piaui","Piauí","PI","198.173515981735","7700.58708414873","0.531","6819",1780,NA,NA,NA,1,2,2,"Menor porte",0,0
"672","Alegrete do Piauí","alegrete do piauí","alegrete do piaui","Piauí","PI","125.45750305002","8595.97397315982","0.585","4634",632,NA,NA,NA,NA,NA,NA,"Menor porte",0,0
"673","Alto Longá","alto longá","alto longa","Piauí","PI","197.642792384406","7518.23697607922","0.585","13479",3272,NA,NA,NA,1,1,2,"Menor porte",0,0
"674","Altos","altos","altos","Piauí","PI","364.191602019456","11221.2042851866","0.614","47453",17627,7,0,0.000397118057525387,1,2,3,"Médio porte",7,3.97118057525387
"675","Alvorada do Gurguéia","alvorada do gurguéia","alvorada do gurgueia","Piauí","PI","171.533516988062","11483.0119375574","0.578","5322",1287,NA,NA,NA,NA,NA,NA,"Menor porte",0,0
"676","Amarante","amarante","amarante","Piauí","PI","281.697341513292","8858.44126334924","0.598","17234",5773,NA,NA,NA,2,1,2,"Menor porte",0,0
"677","Angical do Piauí","angical do piauí","angical do piaui","Piauí","PI","301.931298835324","10146.6902550494","0.63","6827",2324,NA,NA,NA,1,2,2,"Menor porte",0,0
"678","Anísio de Abreu","anísio de abreu","anisio de abreu","Piauí","PI","175.286778023747","8265.44576373516","0.594","9407",2067,2,0,0.000967585873246251,1,2,2,"Menor porte",2,9.67585873246251
"679","Antônio Almeida","antônio almeida","antonio almeida","Piauí","PI","246.056782334385","27252.0504731861","0.62","3152",1025,NA,NA,NA,NA,NA,NA,"Menor porte",0,0
"680","Aroazes","aroazes","aroazes","Piauí","PI","198.73004976832","8557.23356787369","0.583","5369",1292,NA,NA,NA,2,2,2,"Menor porte",0,0
"681","Aroeiras do Itaim","aroeiras do itaim","aroeiras do itaim","Piauí","PI","263.818110544884","8824.77459819679","0.519","2690",790,NA,NA,NA,1,1,2,"Menor porte",0,0
"682","Arraial","arraial","arraial","Piauí","PI","166.101694915254","8358.89830508475","0.56","4520",940,NA,NA,NA,1,1,2,"Menor porte",0,0
"683","Assunção do Piauí","assunção do piauí","assuncao do piaui","Piauí","PI","84.0646063843317","7064.22485056594","0.499","7452",770,NA,NA,NA,1,2,2,"Menor porte",0,0
"684","Avelino Lopes","avelino lopes","avelino lopes","Piauí","PI","158.749779268939","7423.27388310083","0.554","10866",2162,NA,NA,NA,1,2,2,"Menor porte",0,0
"685","Baixa Grande do Ribeiro","baixa grande do ribeiro","baixa grande do ribeiro","Piauí","PI","248.821866163996","74002.0563790592","0.564","13272",4500,NA,NA,NA,1,2,2,"Menor porte",0,0
"686","Barra D'Alcântara","barra d'alcântara","barra dalcantara","Piauí","PI","255.313765182186","9336.53846153846","0.577","3995",1140,NA,NA,NA,NA,NA,NA,"Menor porte",0,0
"687","Barras","barras","barras","Piauí","PI","269.704355197626","9320.77990886934","0.595","47938",14547,NA,NA,NA,3,3,2,"Médio porte",0,0
"688","Barreiras do Piauí","barreiras do piauí","barreiras do piaui","Piauí","PI","88.9021479713604","8664.97613365155","0.557","3264",403,NA,NA,NA,1,1,2,"Menor porte",0,0
"689","Barro Duro","barro duro","barro duro","Piauí","PI","341.539775152981","10973.388359186","0.612","6640",2881,2,0,0.000694203401596668,3,1,2,"Menor porte",2,6.94203401596668
"690","Batalha","batalha","batalha","Piauí","PI","160.267608251254","7716.372421483","0.545","26300",5224,NA,NA,NA,3,2,2,"Médio porte",0,0
"691","Bela Vista do Piauí","bela vista do piauí","bela vista do piaui","Piauí","PI","165.508684863524","9537.46898263027","0.576","4091",954,NA,NA,NA,NA,NA,NA,"Menor porte",0,0
"692","Belém do Piauí","belém do piauí","belem do piaui","Piauí","PI","137.440758293839","9333.98383049902","0.551","3423",696,NA,NA,NA,NA,NA,NA,"Menor porte",0,0
"693","Beneditinos","beneditinos","beneditinos","Piauí","PI","228.587797192781","7877.78096056526","0.557","9929",2787,NA,NA,NA,1,1,2,"Menor porte",0,0
"694","Bertolínia","bertolínia","bertolinia","Piauí","PI","242.963500998729","11093.3357544943","0.612","5562",1679,NA,NA,NA,2,2,2,"Menor porte",0,0
"695","Betânia do Piauí","betânia do piauí","betania do piaui","Piauí","PI","211.272141706924","8450.72463768116","0.489","6220",1945,NA,NA,NA,3,2,2,"Menor porte",0,0
"696","Boa Hora","boa hora","boa hora","Piauí","PI","168.745414526779","7882.31841526045","0.575","6902",1372,NA,NA,NA,1,1,2,"Menor porte",0,0
"697","Bocaina","bocaina","bocaina","Piauí","PI","314.539400665927","10387.3473917869","0.632","4078",1658,NA,NA,NA,NA,NA,NA,"Menor porte",0,0
"698","Bom Jesus","bom jesus","bom jesus","Piauí","PI","487.257257651554","33069.799503683","0.668","28796",16296,NA,NA,NA,3,1,3,"Médio porte",0,0
"699","Bom Princípio do Piauí","bom princípio do piauí","bom principio do piaui","Piauí","PI","187.931339585914","9341.35551229871","0.532","5636",1342,NA,NA,NA,1,1,2,"Menor porte",0,0
"700","Bonfim do Piauí","bonfim do piauí","bonfim do piaui","Piauí","PI","207.387862796834","7752.33069481091","0.542","5913",1358,NA,NA,NA,3,1,2,"Menor porte",0,0
"701","Boqueirão do Piauí","boqueirão do piauí","boqueirao do piaui","Piauí","PI","216.464363523187","7253.6570183629","0.56","6545",1654,NA,NA,NA,1,2,2,"Menor porte",0,0
"702","Brasileira","brasileira","brasileira","Piauí","PI","256.619144602851","7060.26117167845","0.577","8436",2550,2,0,0.000784313725490196,NA,NA,NA,"Menor porte",2,7.84313725490196
"703","Brejo do Piauí","brejo do piauí","brejo do piaui","Piauí","PI","191.268191268191","9101.09147609148","0.515","3904",895,NA,NA,NA,1,1,2,"Menor porte",0,0
"704","Buriti dos Lopes","buriti dos lopes","buriti dos lopes","Piauí","PI","220.730044933609","9269.6521431817","0.565","19654",5246,4,0,0.000762485703393061,1,1,2,"Menor porte",4,7.62485703393061
"705","Buriti dos Montes","buriti dos montes","buriti dos montes","Piauí","PI","63.4075508228461","7478.09777347531","0.574","7434",616,NA,NA,NA,NA,NA,NA,"Menor porte",0,0
"706","Cabeceiras do Piauí","cabeceiras do piauí","cabeceiras do piaui","Piauí","PI","175.258701787394","6756.63217309501","0.583","10212",2169,NA,NA,NA,3,1,2,"Menor porte",0,0
"707","Cajazeiras do Piauí","cajazeiras do piauí","cajazeiras do piaui","Piauí","PI","154.212146655472","7826.47635040582","0.562","3108",637,NA,NA,NA,NA,NA,NA,"Menor porte",0,0
"708","Cajueiro da Praia","cajueiro da praia","cajueiro da praia","Piauí","PI","191.555903049257","12063.9822778212","0.546","7957",2044,NA,NA,NA,NA,NA,NA,"Menor porte",0,0
"709","Caldeirão Grande do Piauí","caldeirão grande do piauí","caldeirao grande do piaui","Piauí","PI","129.389379000173","14991.696938246","0.588","5503",901,NA,NA,NA,NA,NA,NA,"Menor porte",0,0
"710","Campinas do Piauí","campinas do piauí","campinas do piaui","Piauí","PI","176.868327402135","8362.45551601424","0.544","4938",1221,NA,NA,NA,1,2,2,"Menor porte",0,0
"711","Campo Alegre do Fidalgo","campo alegre do fidalgo","campo alegre do fidalgo","Piauí","PI","170.842375221937","8343.65752613928","0.537","4616",1161,NA,NA,NA,3,2,2,"Menor porte",0,0
"712","Campo Grande do Piauí","campo grande do piauí","campo grande do piaui","Piauí","PI","243.587594300084","8832.5230511316","0.56","6020",1795,NA,NA,NA,1,1,2,"Menor porte",0,0
"713","Campo Largo do Piauí","campo largo do piauí","campo largo do piaui","Piauí","PI","78.7853918752565","6717.27533853098","0.528","7419",679,NA,NA,NA,NA,NA,NA,"Menor porte",0,0
"714","Campo Maior","campo maior","campo maior","Piauí","PI","560.21154543322","13534.7066726377","0.656","45793",29880,7,0,0.000234270414993307,3,1,3,"Médio porte",7,2.34270414993307
"715","Canavieira","canavieira","canavieira","Piauí","PI","63.6409736308316","8756.33874239351","0.583","3414",310,NA,NA,NA,NA,NA,NA,"Menor porte",0,0
"716","Canto do Buriti","canto do buriti","canto do buriti","Piauí","PI","275.896133220435","11036.0805343871","0.576","19365",7210,2,0,0.000277392510402219,3,2,2,"Médio porte",2,2.77392510402219
"717","Capitão de Campos","capitão de campos","capitao de campos","Piauí","PI","222.193097422455","8209.96068152032","0.583","11100",3249,NA,NA,NA,3,1,2,"Menor porte",0,0
"718","Capitão Gervásio Oliveira","capitão gervásio oliveira","capitao gervasio oliveira","Piauí","PI","106.951871657754","8463.05298979096","0.553","3974",632,NA,NA,NA,1,2,2,"Menor porte",0,0
"719","Caracol","caracol","caracol","Piauí","PI","150.310105800803","7761.03611820503","0.552","10318",1917,NA,NA,NA,1,2,2,"Menor porte",0,0
"720","Caraúbas do Piauí","caraúbas do piauí","caraubas do piaui","Piauí","PI","178.777589134126","7586.24787775891","0.505","5630",1233,1,0,0.0008110300081103,1,1,2,"Menor porte",1,8.110300081103
"721","Caridade do Piauí","caridade do piauí","caridade do piaui","Piauí","PI","128.810226155359","8173.64798426745","0.541","5033",858,NA,NA,NA,3,2,2,"Menor porte",0,0
"722","Castelo do Piauí","castelo do piauí","castelo do piaui","Piauí","PI","239.107278721785","9053.36038549328","0.587","19288",5219,NA,NA,NA,1,1,2,"Menor porte",0,0
"723","Caxingó","caxingó","caxingo","Piauí","PI","153.366354797285","8724.2707760044","0.488","5496",1092,NA,NA,NA,1,2,2,"Menor porte",0,0
"724","Cocal","cocal","cocal","Piauí","PI","241.838750224457","8453.76189621117","0.497","28212",8341,NA,NA,NA,3,2,2,"Médio porte",0,0
"725","Cocal de Telha","cocal de telha","cocal de telha","Piauí","PI","263.523167993468","8604.00081649316","0.555","4911",1518,NA,NA,NA,1,2,2,"Menor porte",0,0
"726","Cocal dos Alves","cocal dos alves","cocal dos alves","Piauí","PI","169.909208819715","8319.87678339818","0.498","6386",1342,NA,NA,NA,3,2,2,"Menor porte",0,0
"727","Coivaras","coivaras","coivaras","Piauí","PI","225.94246031746","8406.49801587302","0.565","4117",1050,NA,NA,NA,3,1,2,"Menor porte",0,0
"728","Colônia do Gurguéia","colônia do gurguéia","colonia do gurgueia","Piauí","PI","168.354818907305","9332.8729281768","0.628","6150",1385,NA,NA,NA,1,2,2,"Menor porte",0,0
"729","Colônia do Piauí","colônia do piauí","colonia do piaui","Piauí","PI","206.500456859418","7572.24905364835","0.588","6994",1859,NA,NA,NA,3,1,2,"Menor porte",0,0
"730","Conceição do Canindé","conceição do canindé","conceicao do caninde","Piauí","PI","147.701268982733","10574.5787393385","0.589","4932",908,NA,NA,NA,NA,NA,NA,"Menor porte",0,0
"731","Coronel José Dias","coronel josé dias","coronel jose dias","Piauí","PI","207.684098185699","8354.74919957311","0.546","4250",1169,NA,NA,NA,3,1,2,"Menor porte",0,0
"732","Corrente","corrente","corrente","Piauí","PI","348.908607585458","16870.9423789734","0.642","27278",12338,2,0,0.000162100826714216,3,2,3,"Médio porte",2,1.62100826714216
"733","Cristalândia do Piauí","cristalândia do piauí","cristalandia do piaui","Piauí","PI","105.731106572149","7809.56385918539","0.573","7356",1252,NA,NA,NA,NA,NA,NA,"Menor porte",0,0
"734","Cristino Castro","cristino castro","cristino castro","Piauí","PI","226.254308693987","10636.1547299885","0.566","10503",3147,NA,NA,NA,2,1,2,"Menor porte",0,0
"735","Curimatá","curimatá","curimata","Piauí","PI","207.15911079993","9720.54962366533","0.607","11270",3090,NA,NA,NA,1,1,2,"Menor porte",0,0
"736","Currais","currais","currais","Piauí","PI","140.297906602254","40225.4428341385","0.542","4854",947,NA,NA,NA,2,1,2,"Menor porte",0,0
"737","Curral Novo do Piauí","curral novo do piauí","curral novo do piaui","Piauí","PI","98.1926588410658","10936.0909260294","0.527","5073",778,NA,NA,NA,NA,NA,NA,"Menor porte",0,0
"738","Curralinhos","curralinhos","curralinhos","Piauí","PI","81.4083875308365","7088.80915003364","0.555","4413",463,NA,NA,NA,1,2,2,"Menor porte",0,0
"739","Demerval Lobão","demerval lobão","demerval lobao","Piauí","PI","307.442196531792","13646.4595375723","0.618","16352",5082,3,0,0.000590318772136954,2,1,2,"Menor porte",3,5.90318772136954
"740","Dirceu Arcoverde","dirceu arcoverde","dirceu arcoverde","Piauí","PI","204.438753734528","7997.01237729407","0.561","7054",1664,6,0,0.00360576923076923,1,1,2,"Menor porte",6,36.0576923076923
"741","Dom Expedito Lopes","dom expedito lopes","dom expedito lopes","Piauí","PI","312.33747471829","11182.461716267","0.601","6320",2517,4,0,0.00158919348430671,3,1,2,"Menor porte",4,15.8919348430671
"742","Dom Inocêncio","dom inocêncio","dom inocencio","Piauí","PI","116.884474647151","6904.75692629378","0.549","9159",1443,NA,NA,NA,1,2,2,"Menor porte",0,0
"743","Domingos Mourão","domingos mourão","domingos mourao","Piauí","PI","110.473128158016","8191.08865411116","0.55","4075",599,NA,NA,NA,3,2,2,"Menor porte",0,0
"744","Elesbão Veloso","elesbão veloso","elesbao veloso","Piauí","PI","297.907375643225","10372.9674099485","0.58","13607",5061,NA,NA,NA,1,1,2,"Menor porte",0,0
"745","Eliseu Martins","eliseu martins","eliseu martins","Piauí","PI","185.192697768763","10200.4056795132","0.595","4377",1094,NA,NA,NA,1,1,2,"Menor porte",0,0
"746","Esperantina","esperantina","esperantina","Piauí","PI","328.14695844208","10230.2750451717","0.605","40970",15424,NA,NA,NA,3,2,3,"Médio porte",0,0
"747","Fartura do Piauí","fartura do piauí","fartura do piaui","Piauí","PI","122.579432224102","6189.69731152472","0.548","5284",758,NA,NA,NA,3,2,2,"Menor porte",0,0
"748","Flores do Piauí","flores do piauí","flores do piaui","Piauí","PI","145.450470640968","8991.25952487674","0.547","4414",787,NA,NA,NA,1,2,2,"Menor porte",0,0
"749","Floresta do Piauí","floresta do piauí","floresta do piaui","Piauí","PI","221.875","8621.875","0.538","2333",664,NA,NA,NA,3,1,2,"Menor porte",0,0
"750","Floriano","floriano","floriano","Piauí","PI","683.331945022907","19983.3902540608","0.7","62036",47952,9,0,0.000187687687687688,NA,NA,NA,"Médio porte",9,1.87687687687688
"751","Francinópolis","francinópolis","francinopolis","Piauí","PI","189.07798765663","7454.83448662802","0.564","4505",1161,NA,NA,NA,3,1,2,"Menor porte",0,0
"752","Francisco Ayres","francisco ayres","francisco ayres","Piauí","PI","182.512144344205","8892.20448762433","0.577","4412",922,NA,NA,NA,3,2,2,"Menor porte",0,0
"753","Francisco Macedo","francisco macedo","francisco macedo","Piauí","PI","181.875","10070.625","0.553","2929",746,NA,NA,NA,1,2,2,"Menor porte",0,0
"754","Francisco Santos","francisco santos","francisco santos","Piauí","PI","156.423388817755","8261.95049082373","0.608","8237",1893,NA,NA,NA,1,2,2,"Menor porte",0,0
"755","Fronteiras","fronteiras","fronteiras","Piauí","PI","332.2754953255","9558.5384681362","0.619","10259",5349,NA,NA,NA,1,2,2,"Menor porte",0,0
"756","Geminiano","geminiano","geminiano","Piauí","PI","343.589743589744","9155.12820512821","0.561","5445",2246,NA,NA,NA,2,2,2,"Menor porte",0,0
"757","Gilbués","gilbués","gilbues","Piauí","PI","168.879745651767","24179.0723770339","0.548","10892",2570,NA,NA,NA,1,1,2,"Menor porte",0,0
"758","Guadalupe","guadalupe","guadalupe","Piauí","PI","353.529579879966","55688.9587501191","0.65","10270",4171,NA,NA,NA,1,3,3,"Menor porte",0,0
"759","Guaribas","guaribas","guaribas","Piauí","PI","168.126094570928","7644.04553415061","0.508","4276",947,NA,NA,NA,3,1,2,"Menor porte",0,0
"760","Hugo Napoleão","hugo napoleão","hugo napoleao","Piauí","PI","303.944315545244","7769.01263212168","0.599","3518",1380,NA,NA,NA,3,1,2,"Menor porte",0,0
"761","Ilha Grande","ilha grande","ilha grande","Piauí","PI","235.169715554616","8065.77138627472","0.563","9274",2617,2,0,0.000764233855559801,2,1,2,"Menor porte",2,7.64233855559801
"762","Inhuma","inhuma","inhuma","Piauí","PI","262.810888439193","9294.53619687969","0.624","14958",4990,NA,NA,NA,1,2,2,"Menor porte",0,0
"763","Ipiranga do Piauí","ipiranga do piauí","ipiranga do piaui","Piauí","PI","195.364911567392","7663.75279528359","0.63","9420",2344,2,0,0.000853242320819113,3,2,2,"Menor porte",2,8.53242320819113
"764","Isaías Coelho","isaías coelho","isaias coelho","Piauí","PI","114.52253093626","7858.16016810647","0.582","7774",1282,NA,NA,NA,1,1,2,"Menor porte",0,0
"765","Itainópolis","itainópolis","itainopolis","Piauí","PI","233.745996017661","8492.59804345944","0.541","10790",3269,NA,NA,NA,1,2,2,"Menor porte",0,0
"766","Itaueira","itaueira","itaueira","Piauí","PI","250.816104461371","10600.2901704752","0.583","10323",3399,1,0,0.000294204177699323,1,2,2,"Menor porte",1,2.94204177699323
"767","Jacobina do Piauí","jacobina do piauí","jacobina do piaui","Piauí","PI","355.559434456275","9258.50933845348","0.535","5613",2630,NA,NA,NA,NA,NA,NA,"Menor porte",0,0
"768","Jaicós","jaicós","jaicos","Piauí","PI","245.435576421492","9202.60824204486","0.524","17527",5916,NA,NA,NA,1,2,2,"Menor porte",0,0
"769","Jardim do Mulato","jardim do mulato","jardim do mulato","Piauí","PI","141.147795258143","6954.79725238201","0.593","4180",730,NA,NA,NA,1,2,2,"Menor porte",0,0
"770","Jatobá do Piauí","jatobá do piauí","jatoba do piaui","Piauí","PI","246.153846153846","9244.10256410256","0.566","4494",1440,NA,NA,NA,1,2,2,"Menor porte",0,0
"771","Jerumenha","jerumenha","jerumenha","Piauí","PI","192.264447942433","11500.1124353497","0.591","4497",981,3,0,0.00305810397553517,NA,NA,NA,"Menor porte",3,30.5810397553517
"772","João Costa","joão costa","joao costa","Piauí","PI","175.04159733777","18353.7437603993","0.561","2970",602,NA,NA,NA,NA,NA,NA,"Menor porte",0,0
"773","Joaquim Pires","joaquim pires","joaquim pires","Piauí","PI","135.225375626043","7253.06065664997","0.522","13886",2364,NA,NA,NA,1,1,2,"Menor porte",0,0
"774","Joca Marques","joca marques","joca marques","Piauí","PI","137.760702524698","7568.60592755214","0.504","5394",870,NA,NA,NA,3,1,2,"Menor porte",0,0
"775","José de Freitas","josé de freitas","jose de freitas","Piauí","PI","312.334756965629","9406.70124059386","0.618","42559",14646,1,0,0.0000682780281305476,3,2,3,"Médio porte",1,0.682780281305476
"776","Juazeiro do Piauí","juazeiro do piauí","juazeiro do piaui","Piauí","PI","140.929808568824","9034.82224247949","0.57","5214",880,NA,NA,NA,NA,NA,NA,"Menor porte",0,0
"777","Júlio Borges","júlio borges","julio borges","Piauí","PI","119.68085106383","10927.4822695035","0.582","5388",980,NA,NA,NA,NA,NA,NA,"Menor porte",0,0
"778","Jurema","jurema","jurema","Piauí","PI","131.672597864769","8552.02009629475","0.555","4425",780,2,0,0.00256410256410256,1,2,2,"Menor porte",2,25.6410256410256
"779","Lagoa Alegre","lagoa alegre","lagoa alegre","Piauí","PI","163.46041739536","7820.68322257199","0.55","8256",1768,NA,NA,NA,1,2,2,"Menor porte",0,0
"780","Lagoa de São Francisco","lagoa de são francisco","lagoa de sao francisco","Piauí","PI","171.609856868821","7437.80433820274","0.529","6331",1372,NA,NA,NA,NA,NA,NA,"Menor porte",0,0
"781","Lagoa do Barro do Piauí","lagoa do barro do piauí","lagoa do barro do piaui","Piauí","PI","167.955326460481","95748.7113402062","0.502","4995",1204,NA,NA,NA,1,2,2,"Menor porte",0,0
"782","Lagoa do Piauí","lagoa do piauí","lagoa do piaui","Piauí","PI","179.141104294479","13377.6687116564","0.583","4810",859,NA,NA,NA,1,1,2,"Menor porte",0,0
"783","Lagoa do Sítio","lagoa do sítio","lagoa do sitio","Piauí","PI","135.821469796075","8345.90227010389","0.541","4520",882,NA,NA,NA,1,2,2,"Menor porte",0,0
"784","Lagoinha do Piauí","lagoinha do piauí","lagoinha do piaui","Piauí","PI","292.862141357593","8651.8544436669","0.597","2939",982,NA,NA,NA,1,1,2,"Menor porte",0,0
"785","Landri Sales","landri sales","landri sales","Piauí","PI","206.511451826614","14604.2021578648","0.584","5213",1334,NA,NA,NA,1,1,2,"Menor porte",0,0
"786","Luís Correia","luís correia","luis correia","Piauí","PI","245.28549839017","10292.759051186","0.541","30641",9141,7,0,0.000765780549174051,3,2,2,"Médio porte",7,7.65780549174051
"787","Luzilândia","luzilândia","luzilandia","Piauí","PI","335.751254705144","8500.35288582183","0.545","25375",9452,NA,NA,NA,3,3,2,"Médio porte",0,0
"788","Madeiro","madeiro","madeiro","Piauí","PI","116.279069767442","6714.69671541597","0.563","8032",1113,NA,NA,NA,1,1,2,"Menor porte",0,0
"789","Manoel Emídio","manoel emídio","manoel emidio","Piauí","PI","173.799289852364","9545.87927490189","0.573","5209",1237,3,0,0.00242522231204527,1,2,2,"Menor porte",3,24.2522231204527
"790","Marcolândia","marcolândia","marcolandia","Piauí","PI","691.443286901557","10260.4471497132","0.562","8533",7258,2,0,0.000275558004960044,NA,NA,NA,"Menor porte",2,2.75558004960044
"791","Marcos Parente","marcos parente","marcos parente","Piauí","PI","189.575544314933","9908.07125577304","0.59","4724",1074,NA,NA,NA,NA,NA,NA,"Menor porte",0,0
"792","Massapê do Piauí","massapê do piauí","massape do piaui","Piauí","PI","126.531245154287","7109.7844627074","0.525","5218",1068,NA,NA,NA,1,2,2,"Menor porte",0,0
"793","Matias Olímpio","matias olímpio","matias olimpio","Piauí","PI","117.539697025005","7514.60120459938","0.562","10641",1556,NA,NA,NA,1,1,2,"Menor porte",0,0
"794","Miguel Alves","miguel alves","miguel alves","Piauí","PI","120.23763780924","7700.94286643218","0.539","32150",4824,NA,NA,NA,3,2,2,"Médio porte",0,0
"795","Miguel Leão","miguel leão","miguel leao","Piauí","PI","215.780998389694","13615.9420289855","0.623","1318",310,NA,NA,NA,NA,NA,NA,"Menor porte",0,0
"796","Milton Brandão","milton brandão","milton brandao","Piauí","PI","147.094430992736","7590.64769975787","0.508","6542",1222,NA,NA,NA,3,2,2,"Menor porte",0,0
"797","Monsenhor Gil","monsenhor gil","monsenhor gil","Piauí","PI","185.44112078758","8729.3638773192","0.615","10255",2207,5,0,0.00226551880380607,NA,NA,NA,"Menor porte",5,22.6551880380607
"798","Monsenhor Hipólito","monsenhor hipólito","monsenhor hipolito","Piauí","PI","190.292262134672","8587.22801596498","0.561","7577",1912,NA,NA,NA,1,2,2,"Menor porte",0,0
"799","Monte Alegre do Piauí","monte alegre do piauí","monte alegre do piaui","Piauí","PI","132.171455487518","15921.5261422515","0.578","10660",1958,NA,NA,NA,NA,NA,NA,"Menor porte",0,0
"800","Morro Cabeça no Tempo","morro cabeça no tempo","morro cabeca no tempo","Piauí","PI","58.4988962472406","7365.78366445916","0.542","4377",364,NA,NA,NA,NA,NA,NA,"Menor porte",0,0
"801","Morro do Chapéu do Piauí","morro do chapéu do piauí","morro do chapeu do piaui","Piauí","PI","130.524152106886","7692.2625165174","0.55","6425",1026,NA,NA,NA,2,2,2,"Menor porte",0,0
"802","Murici dos Portelas","murici dos portelas","murici dos portelas","Piauí","PI","85.6770550548377","7234.77033336953","0.53","9797",1057,NA,NA,NA,1,1,2,"Menor porte",0,0
"803","Nazaré do Piauí","nazaré do piauí","nazare do piaui","Piauí","PI","192.160611854685","8220.02185195302","0.576","6665",1726,NA,NA,NA,2,2,2,"Menor porte",0,0
"804","Nazária","nazária","nazaria","Piauí","PI","116.833294582655","9804.34782608696","0.602","10262",1351,9,0,0.00666173205033309,NA,NA,NA,"Menor porte",9,66.6173205033309
"805","Nossa Senhora de Nazaré","nossa senhora de nazaré","nossa senhora de nazare","Piauí","PI","216.315681864649","8146.59578818238","0.586","5228",1387,NA,NA,NA,NA,NA,NA,"Menor porte",0,0
"806","Nossa Senhora dos Remédios","nossa senhora dos remédios","nossa senhora dos remedios","Piauí","PI","149.03129657228","8156.25358248309","0.533","8525",1486,NA,NA,NA,1,1,2,"Menor porte",0,0
"807","Nova Santa Rita","nova santa rita","nova santa rita","Piauí","PI","180.241843486197","8921.28678986995","0.554","4076",915,NA,NA,NA,NA,NA,NA,"Menor porte",0,0
"808","Novo Oriente do Piauí","novo oriente do piauí","novo oriente do piaui","Piauí","PI","231.543624161074","7643.53264185479","0.562","6097",1800,NA,NA,NA,NA,NA,NA,"Menor porte",0,0
"809","Novo Santo Antônio","novo santo antônio","novo santo antonio","Piauí","PI","209.457209457209","8532.13453213453","0.528","2827",718,NA,NA,NA,3,1,2,"Menor porte",0,0
"810","Oeiras","oeiras","oeiras","Piauí","PI","428.475124713496","13005.2851557233","0.634","38161",19068,2,0,0.000104887770086008,3,1,3,"Médio porte",2,1.04887770086008
"811","Olho D'Água do Piauí","olho d'água do piauí","olho dagua do piaui","Piauí","PI","305.510534846029","9557.53646677472","0.576","2637",882,NA,NA,NA,NA,NA,NA,"Menor porte",0,0
"812","Padre Marcos","padre marcos","padre marcos","Piauí","PI","245.889713371163","9118.28895678743","0.541","6382",2474,NA,NA,NA,1,3,2,"Menor porte",0,0
"813","Paes Landim","paes landim","paes landim","Piauí","PI","165.535627726612","9622.8793019874","0.575","4088",898,NA,NA,NA,1,2,2,"Menor porte",0,0
"814","Pajeú do Piauí","pajeú do piauí","pajeu do piaui","Piauí","PI","129.847238542891","11384.2538190364","0.559","3000",597,NA,NA,NA,3,2,2,"Menor porte",0,0
"815","Palmeira do Piauí","palmeira do piauí","palmeira do piaui","Piauí","PI","237.092930897538","17580.2223987292","0.557","4952",1508,NA,NA,NA,3,2,2,"Menor porte",0,0
"816","Palmeirais","palmeirais","palmeirais","Piauí","PI","117.364776856105","7927.19544800165","0.562","13264",1892,NA,NA,NA,1,1,2,"Menor porte",0,0
"817","Paquetá","paquetá","paqueta","Piauí","PI","178.054356108712","9015.24003048006","0.509","3813",861,NA,NA,NA,1,2,2,"Menor porte",0,0
"818","Parnaguá","parnaguá","parnagua","Piauí","PI","115.260190405768","8902.94851649875","0.575","10103",1525,NA,NA,NA,1,1,2,"Menor porte",0,0
"819","Parnaíba","parnaíba","parnaiba","Piauí","PI","599.093053257059","17117.9486845363","0.687","162159",103552,31,0,0.000299366501854141,2,3,1,"Maior porte",31,2.99366501854141
"820","Passagem Franca do Piauí","passagem franca do piauí","passagem franca do piaui","Piauí","PI","145.038167938931","8857.50636132316","0.561","4135",724,NA,NA,NA,1,2,2,"Menor porte",0,0
"821","Patos do Piauí","patos do piauí","patos do piaui","Piauí","PI","142.834842335311","8218.85732126132","0.563","5425",1053,NA,NA,NA,NA,NA,NA,"Menor porte",0,0
"822","Pau D'Arco do Piauí","pau d'arco do piauí","pau darco do piaui","Piauí","PI","173.677736777368","7254.85854858549","0.514","3880",842,NA,NA,NA,1,1,2,"Menor porte",0,0
"823","Paulistana","paulistana","paulistana","Piauí","PI","500.535175634913","10781.4537316337","0.6","21055",12937,NA,NA,NA,3,1,3,"Médio porte",0,0
"824","Pavussu","pavussu","pavussu","Piauí","PI","155.628236576724","8451.34914145544","0.526","3628",721,NA,NA,NA,1,2,2,"Menor porte",0,0
"825","Pedro II","pedro ii","pedro ii","Piauí","PI","285.110113982155","8870.15833720151","0.571","37894",12934,NA,NA,NA,3,2,2,"Médio porte",0,0
"826","Pedro Laurentino","pedro laurentino","pedro laurentino","Piauí","PI","175.707547169811","9612.8144654088","0.562","2458",566,NA,NA,NA,1,2,2,"Menor porte",0,0
"827","Picos","picos","picos","Piauí","PI","737.259501982634","21279.1880761434","0.698","83090",64978,15,0,0.000230847363723106,3,1,1,"Médio porte",15,2.30847363723106
"828","Pimenteiras","pimenteiras","pimenteiras","Piauí","PI","113.353653513469","8088.96943735069","0.566","11341",1644,NA,NA,NA,1,1,2,"Menor porte",0,0
"829","Pio IX","pio ix","pio ix","Piauí","PI","179.37049677664","9866.18993444932","0.564","17613",4445,NA,NA,NA,1,2,2,"Menor porte",0,0
"830","Piracuruca","piracuruca","piracuruca","Piauí","PI","424.56881623606","10890.4897139295","0.596","28846",14877,2,0,0.000134435706123546,3,2,3,"Médio porte",2,1.34435706123546
"831","Piripiri","piripiri","piripiri","Piauí","PI","488.124539482967","12158.6059855456","0.635","65538",36022,3,0,0.0000832824385097996,3,2,3,"Médio porte",3,0.832824385097996
"832","Porto","porto","porto","Piauí","PI","106.757614213198","7394.67005076142","0.549","12052",1585,NA,NA,NA,NA,NA,NA,"Menor porte",0,0
"833","Porto Alegre do Piauí","porto alegre do piauí","porto alegre do piaui","Piauí","PI","112.132352941176","9239.70588235294","0.563","2364",360,NA,NA,NA,3,2,2,"Menor porte",0,0
"834","Prata do Piauí","prata do piauí","prata do piaui","Piauí","PI","163.809523809524","7990.79365079365","0.565","3042",629,NA,NA,NA,3,1,2,"Menor porte",0,0
"835","Queimada Nova","queimada nova","queimada nova","Piauí","PI","179.438837750915","9850.17189752689","0.515","8738",2350,NA,NA,NA,2,2,2,"Menor porte",0,0
"836","Redenção do Gurguéia","redenção do gurguéia","redencao do gurgueia","Piauí","PI","194.06548431105","9014.55206912233","0.589","8394",2086,2,0,0.000958772770853308,1,1,2,"Menor porte",2,9.58772770853308
"837","Regeneração","regeneração","regeneracao","Piauí","PI","261.638578341398","9776.23894543634","0.591","17133",5458,NA,NA,NA,1,1,2,"Menor porte",0,0
"838","Riacho Frio","riacho frio","riacho frio","Piauí","PI","118.821072174518","9409.14365281968","0.541","4165",614,NA,NA,NA,3,1,2,"Menor porte",0,0
"839","Ribeira do Piauí","ribeira do piauí","ribeira do piaui","Piauí","PI","51.4705882352941","50568.6274509804","0.52","4055",308,NA,NA,NA,1,2,2,"Menor porte",0,0
"840","Ribeiro Gonçalves","ribeiro gonçalves","ribeiro goncalves","Piauí","PI","150.623644251627","43030.7754880694","0.601","6164",1430,NA,NA,NA,1,1,2,"Menor porte",0,0
"841","Rio Grande do Piauí","rio grande do piauí","rio grande do piaui","Piauí","PI","157.624747396238","8393.44007461526","0.572","5801",1244,NA,NA,NA,1,2,2,"Menor porte",0,0
"842","Santa Cruz do Piauí","santa cruz do piauí","santa cruz do piaui","Piauí","PI","195.613894669441","9035.53705778774","0.601","5831",1458,NA,NA,NA,NA,NA,NA,"Menor porte",0,0
"843","Santa Cruz dos Milagres","santa cruz dos milagres","santa cruz dos milagres","Piauí","PI","150.508306471609","9249.69005702951","0.577","3435",694,NA,NA,NA,3,1,2,"Menor porte",0,0
"844","Santa Filomena","santa filomena","santa filomena","Piauí","PI","136.072913335465","50246.8819955229","0.544","6087",1409,NA,NA,NA,NA,NA,NA,"Menor porte",0,0
"845","Santa Luz","santa luz","santa luz","Piauí","PI","177.150629037742","9066.47398843931","0.588","5336",1372,NA,NA,NA,2,2,2,"Menor porte",0,0
"846","Santa Rosa do Piauí","santa rosa do piauí","santa rosa do piaui","Piauí","PI","183.634633682207","7955.8515699334","0.567","4650",1112,NA,NA,NA,NA,NA,NA,"Menor porte",0,0
"847","Santana do Piauí","santana do piauí","santana do piaui","Piauí","PI","281.344248168893","7767.5570874623","0.574","4125",1506,NA,NA,NA,1,1,2,"Menor porte",0,0
"848","Santo Antônio de Lisboa","santo antônio de lisboa","santo antonio de lisboa","Piauí","PI","227.449153858097","9968.63841018475","0.584","5839",1829,NA,NA,NA,NA,NA,NA,"Menor porte",0,0
"849","Santo Antônio dos Milagres","santo antônio dos milagres","santo antonio dos milagres","Piauí","PI","143.582640812558","7162.97322253001","0.619","2138",337,NA,NA,NA,1,1,2,"Menor porte",0,0
"850","Santo Inácio do Piauí","santo inácio do piauí","santo inacio do piaui","Piauí","PI","198.790428608993","8862.47699184854","0.613","3646",862,NA,NA,NA,1,1,2,"Menor porte",0,0
"851","São Braz do Piauí","são braz do piauí","sao braz do piaui","Piauí","PI","154.347337676927","7632.21747921815","0.596","4358",856,2,0,0.00233644859813084,1,2,2,"Menor porte",2,23.3644859813084
"852","São Félix do Piauí","são félix do piauí","sao felix do piaui","Piauí","PI","198.158253751705","9984.65211459754","0.61","2842",643,NA,NA,NA,3,3,2,"Menor porte",0,0
"853","São Francisco de Assis do Piauí","são francisco de assis do piauí","sao francisco de assis do piaui","Piauí","PI","137.567053123378","8327.56532272019","0.485","5572",1061,NA,NA,NA,3,2,2,"Menor porte",0,0
"854","São Francisco do Piauí","são francisco do piauí","sao francisco do piaui","Piauí","PI","128.504672897196","8220.8722741433","0.57","5392",996,NA,NA,NA,1,1,2,"Menor porte",0,0
"855","São Gonçalo do Gurguéia","são gonçalo do gurguéia","sao goncalo do gurgueia","Piauí","PI","115.472685639516","15728.1648675172","0.56","2947",536,NA,NA,NA,NA,NA,NA,"Menor porte",0,0
"856","São Gonçalo do Piauí","são gonçalo do piauí","sao goncalo do piaui","Piauí","PI","311.530815109344","8982.10735586481","0.616","4837",1842,NA,NA,NA,3,1,2,"Menor porte",0,0
"857","São João da Canabrava","são joão da canabrava","sao joao da canabrava","Piauí","PI","231.46944083225","8985.91244039879","0.559","4242",1264,NA,NA,NA,NA,NA,NA,"Menor porte",0,0
"858","São João da Fronteira","são joão da fronteira","sao joao da fronteira","Piauí","PI","76.6820580474934","8193.76649076517","0.515","5522",631,NA,NA,NA,NA,NA,NA,"Menor porte",0,0
"859","São João da Serra","são joão da serra","sao joao da serra","Piauí","PI","203.364913426985","8611.72819340085","0.582","6114",1343,NA,NA,NA,1,1,2,"Menor porte",0,0
"860","São João da Varjota","são joão da varjota","sao joao da varjota","Piauí","PI","160.272277227723","6492.57425742574","0.559","4383",915,NA,NA,NA,3,1,2,"Menor porte",0,0
"861","São João do Arraial","são joão do arraial","sao joao do arraial","Piauí","PI","135.605872107489","7023.76212988306","0.523","8186",1268,NA,NA,NA,1,1,2,"Menor porte",0,0
"862","São João do Piauí","são joão do piauí","sao joao do piaui","Piauí","PI","330.752105314103","16540.0251669732","0.645","21421",8066,NA,NA,NA,NA,NA,NA,"Médio porte",0,0
"863","São José do Divino","são josé do divino","sao jose do divino","Piauí","PI","203.025775121405","9459.09600298842","0.565","4841",1318,NA,NA,NA,1,1,2,"Menor porte",0,0
"864","São José do Peixe","são josé do peixe","sao jose do peixe","Piauí","PI","116.546377973804","9631.91659983961","0.573","3297",539,NA,NA,NA,1,1,2,"Menor porte",0,0
"865","São José do Piauí","são josé do piauí","sao jose do piaui","Piauí","PI","243.731343283582","9125.07462686567","0.552","6597",1986,NA,NA,NA,1,2,2,"Menor porte",0,0
"866","São Julião","são julião","sao juliao","Piauí","PI","195.730654528331","8051.01239993722","0.594","6025",1627,NA,NA,NA,3,3,2,"Menor porte",0,0
"867","São Lourenço do Piauí","são lourenço do piauí","sao lourenco do piaui","Piauí","PI","180.030587721215","7815.59973781953","0.595","4410",1010,4,0,0.00396039603960396,3,2,2,"Menor porte",4,39.6039603960396
"868","São Luis do Piauí","são luis do piauí","sao luis do piaui","Piauí","PI","281.179138321995","8270.59712773998","0.554","2309",893,NA,NA,NA,3,2,2,"Menor porte",0,0
"869","São Miguel da Baixa Grande","são miguel da baixa grande","sao miguel da baixa grande","Piauí","PI","207.416462917685","9558.67970660147","0.563","2269",614,NA,NA,NA,1,2,2,"Menor porte",0,0
"870","São Miguel do Fidalgo","são miguel do fidalgo","sao miguel do fidalgo","Piauí","PI","98.7491770901909","8370.63857801185","0.535","2829",510,NA,NA,NA,NA,NA,NA,"Menor porte",0,0
"871","São Miguel do Tapuio","são miguel do tapuio","sao miguel do tapuio","Piauí","PI","153.636827484551","7947.16253755882","0.556","17554",3169,NA,NA,NA,1,1,2,"Menor porte",0,0
"872","São Pedro do Piauí","são pedro do piauí","sao pedro do piaui","Piauí","PI","245.531974308852","8063.39011449316","0.595","13755",4124,NA,NA,NA,2,1,2,"Menor porte",0,0
"873","São Raimundo Nonato","são raimundo nonato","sao raimundo nonato","Piauí","PI","535.424491785417","14160.7363018608","0.661","38934",22089,4,0,0.000181085608221287,NA,NA,NA,"Médio porte",4,1.81085608221287
"874","Sebastião Barros","sebastião barros","sebastiao barros","Piauí","PI","110.402781802376","11103.4482758621","0.536","3202",568,NA,NA,NA,NA,NA,NA,"Menor porte",0,0
"875","Sebastião Leal","sebastião leal","sebastiao leal","Piauí","PI","257.959563095515","24981.6407157797","0.562","4446",1583,NA,NA,NA,1,2,2,"Menor porte",0,0
"876","Sigefredo Pacheco","sigefredo pacheco","sigefredo pacheco","Piauí","PI","159.972161463512","6902.56512229071","0.581","9460",1996,NA,NA,NA,1,2,2,"Menor porte",0,0
"877","Simões","simões","simoes","Piauí","PI","187.930916786129","17352.242473889","0.575","14350",3515,NA,NA,NA,1,1,2,"Menor porte",0,0
"878","Simplício Mendes","simplício mendes","simplicio mendes","Piauí","PI","300.721795072964","14051.545582928","0.627","13870",4718,NA,NA,NA,1,3,2,"Menor porte",0,0
"879","Socorro do Piauí","socorro do piauí","socorro do piaui","Piauí","PI","120.315581854043","7786.32478632479","0.561","4141",671,NA,NA,NA,3,3,2,"Menor porte",0,0
"880","Sussuapara","sussuapara","sussuapara","Piauí","PI","391.606324811586","9675.0406383922","0.586","6220",3080,NA,NA,NA,1,1,2,"Menor porte",0,0
"881","Tamboril do Piauí","tamboril do piauí","tamboril do piaui","Piauí","PI","90.4745646978491","8832.7074086719","0.501","2949",356,NA,NA,NA,NA,NA,NA,"Menor porte",0,0
"882","Tanque do Piauí","tanque do piauí","tanque do piaui","Piauí","PI","199.062387306167","10346.5560764515","0.579","2316",635,NA,NA,NA,1,1,2,"Menor porte",0,0
"883","Teresina","teresina","teresina","Piauí","PI","590.37640756847","25363.7704115428","0.751","866300",569296,111,0,0.000194977656614485,2,1,1,"Maior porte",111,1.94977656614485
"884","União","união","uniao","Piauí","PI","257.712759990128","8959.1420045323","0.577","46119",13680,1,0,0.0000730994152046784,3,3,2,"Médio porte",1,0.730994152046784
"885","Uruçuí","uruçuí","urucui","Piauí","PI","478.365273608866","67748.6954513969","0.631","25203",14319,NA,NA,NA,3,3,3,"Médio porte",0,0
"886","Valença do Piauí","valença do piauí","valenca do piaui","Piauí","PI","412.72874958192","12427.9229776865","0.647","22279",10122,NA,NA,NA,3,3,3,"Médio porte",0,0
"887","Várzea Branca","várzea branca","varzea branca","Piauí","PI","152.288375860672","7877.68327257999","0.553","5055",902,NA,NA,NA,NA,NA,NA,"Menor porte",0,0
"888","Várzea Grande","várzea grande","varzea grande","Piauí","PI","192.65845873233","8095.07523939808","0.571","4417",1006,NA,NA,NA,1,1,2,"Menor porte",0,0
"889","Vera Mendes","vera mendes","vera mendes","Piauí","PI","236.038961038961","8787.01298701299","0.503","3185",855,NA,NA,NA,2,1,2,"Menor porte",0,0
"890","Vila Nova do Piauí","vila nova do piauí","vila nova do piaui","Piauí","PI","274.728997289973","10314.3631436314","0.565","2935",1059,NA,NA,NA,1,1,2,"Menor porte",0,0
"891","Wall Ferraz","wall ferraz","wall ferraz","Piauí","PI","135.763811227913","7580.85439498993","0.544","4059",738,NA,NA,NA,1,1,2,"Menor porte",0,0
"892","Abaiara","abaiara","abaiara","Ceará","CE","223.825191934531","7973.0869821986","0.628","10038",3100,NA,NA,NA,3,1,2,"Menor porte",0,0
"893","Acarape","acarape","acarape","Ceará","CE","190.941739824421","9476.38999733972","0.606","14027",3543,12,4,0.00451594693762348,3,1,2,"Menor porte",16,45.1594693762348
"894","Acaraú","acaraú","acarau","Ceará","CE","267.43154158215","11246.4186105477","0.601","65264",20359,2,2,0.000196473304189793,3,3,2,"Médio porte",4,1.96473304189793
"895","Acopiara","acopiara","acopiara","Ceará","CE","305.427580257337","8494.41089554156","0.595","44962",19227,3,1,0.000208040775992094,3,3,2,"Médio porte",4,2.08040775992094
"896","Aiuaba","aiuaba","aiuaba","Ceará","CE","176.527753958726","7398.27359515235","0.569","14076",3502,NA,NA,NA,1,1,2,"Menor porte",0,0
"897","Alcântaras","alcântaras","alcantaras","Ceará","CE","351.413292589763","6936.33817163229","0.6","11369",4760,2,0,0.000420168067226891,3,1,2,"Menor porte",2,4.20168067226891
"898","Altaneira","altaneira","altaneira","Ceará","CE","231.764705882353","7639.47712418301","0.602","6782",2048,NA,NA,NA,3,1,2,"Menor porte",0,0
"899","Alto Santo","alto santo","alto santo","Ceará","CE","263.956734124215","10646.9527797162","0.601","14155",5109,NA,NA,NA,1,1,2,"Menor porte",0,0
"900","Amontada","amontada","amontada","Ceará","CE","207.14595359237","11808.5742316731","0.606","42156",11139,NA,NA,NA,2,3,2,"Médio porte",0,0
"901","Antonina do Norte","antonina do norte","antonina do norte","Ceará","CE","326.511249661155","8732.0412035782","0.599","7245",2857,NA,NA,NA,3,1,2,"Menor porte",0,0
"902","Apuiarés","apuiarés","apuiares","Ceará","CE","284.828244274809","7763.8358778626","0.618","12928",4817,NA,NA,NA,3,1,2,"Menor porte",0,0
"903","Aquiraz","aquiraz","aquiraz","Ceará","CE","291.66615185025","32523.3335392599","0.641","80645",29228,27,4,0.0010606267962228,NA,NA,NA,"Médio porte",31,10.606267962228
"904","Aracati","aracati","aracati","Ceará","CE","325.041680560187","18711.3037679226","0.655","75113",27721,10,1,0.000396811081851304,1,3,3,"Médio porte",11,3.96811081851304
"905","Aracoiaba","aracoiaba","aracoiaba","Ceará","CE","242.019973619748","8666.4405502167","0.615","25553",7634,4,0,0.000523971705527902,2,1,2,"Médio porte",4,5.23971705527902
"906","Ararendá","ararendá","ararenda","Ceará","CE","308.239802901725","7732.54859019984","0.59","11096",3941,NA,NA,NA,1,1,2,"Menor porte",0,0
"907","Araripe","araripe","araripe","Ceará","CE","292.140020319571","7855.45395769835","0.564","19783",7520,NA,NA,NA,NA,NA,NA,"Médio porte",0,0
"908","Aratuba","aratuba","aratuba","Ceará","CE","271.479410269446","10633.9603457041","0.622","11224",3702,NA,NA,NA,3,1,2,"Menor porte",0,0
"909","Arneiroz","arneiroz","arneiroz","Ceará","CE","244.263131055584","7496.94033656298","0.618","7429",2231,NA,NA,NA,1,1,2,"Menor porte",0,0
"910","Assaré","assaré","assare","Ceará","CE","262.160320299855","8374.64860720675","0.6","21697",7439,2,0,0.000268853340502756,2,3,2,"Médio porte",2,2.68853340502756
"911","Aurora","aurora","aurora","Ceará","CE","243.722064201544","8519.01665989435","0.605","23714",6760,NA,NA,NA,NA,NA,NA,"Médio porte",0,0
"912","Baixio","baixio","baixio","Ceará","CE","250.991591305727","8795.49420910678","0.627","5704",1705,NA,NA,NA,3,3,2,"Menor porte",0,0
"913","Banabuiú","banabuiú","banabuiu","Ceará","CE","227.705959684487","10055.4886064855","0.606","17195",5064,NA,NA,NA,3,1,2,"Menor porte",0,0
"914","Barbalha","barbalha","barbalha","Ceará","CE","352.894100738224","17220.9609982361","0.683","75033",26189,12,2,0.000534575585169346,3,1,3,"Médio porte",14,5.34575585169346
"915","Barreira","barreira","barreira","Ceará","CE","310.016391263899","8123.99769636291","0.616","22392",8494,2,0,0.000235460324935248,3,3,3,"Médio porte",2,2.35460324935248
"916","Barro","barro","barro","Ceará","CE","229.589594867739","8545.08304771948","0.599","19381",5893,3,0,0.000509078567792296,1,3,2,"Médio porte",3,5.09078567792296
"917","Barroquinha","barroquinha","barroquinha","Ceará","CE","210.116990162191","7338.87264025525","0.571","14567",3693,NA,NA,NA,3,1,2,"Menor porte",0,0
"918","Baturité","baturité","baturite","Ceará","CE","301.967112768148","10870.5656492585","0.619","35218",12713,9,2,0.00086525603712735,2,3,3,"Médio porte",11,8.6525603712735
"919","Beberibe","beberibe","beberibe","Ceará","CE","244.805279059853","16180.5408812026","0.638","53114",16496,12,3,0.000909311348205626,1,2,3,"Médio porte",15,9.09311348205626
"920","Bela Cruz","bela cruz","bela cruz","Ceará","CE","256.157936556445","8196.35107878492","0.623","32775",9266,1,1,0.000215842866393266,3,3,2,"Médio porte",2,2.15842866393266
"921","Boa Viagem","boa viagem","boa viagem","Ceará","CE","373.49066456566","8607.01394360262","0.598","50411",24085,3,0,0.000124558854058543,2,3,3,"Médio porte",3,1.24558854058543
"922","Brejo Santo","brejo santo","brejo santo","Ceará","CE","420.849885638618","13560.0898840335","0.647","51090",24033,3,4,0.000291266175675113,3,1,3,"Médio porte",7,2.91266175675113
"923","Camocim","camocim","camocim","Ceará","CE","303.988608446649","11263.3044893361","0.62","62326",22337,NA,NA,NA,2,3,3,"Médio porte",0,0
"924","Campos Sales","campos sales","campos sales","Ceará","CE","423.953403713142","9738.95158354569","0.63","25135",13109,NA,NA,NA,1,3,3,"Médio porte",0,0
"925","Canindé","canindé","caninde","Ceará","CE","362.319403448812","11505.0359898503","0.612","74174",33421,16,0,0.00047874091140301,2,3,3,"Médio porte",16,4.7874091140301
"926","Capistrano","capistrano","capistrano","Ceará","CE","235.578544922973","8712.52670639829","0.611","17254",4936,3,1,0.000810372771474878,3,1,2,"Menor porte",4,8.10372771474878
"927","Caridade","caridade","caridade","Ceará","CE","207.444473707313","6784.17171451146","0.592","16377",5446,1,0,0.000183621006243114,2,3,2,"Médio porte",1,1.83621006243114
"928","Cariré","cariré","carire","Ceará","CE","284.468281055312","8855.84267836828","0.596","17632",5772,2,0,0.000346500346500347,1,1,2,"Menor porte",2,3.46500346500346
"929","Caririaçu","caririaçu","caririacu","Ceará","CE","300.29273353837","7782.56197428391","0.578","26320",9549,NA,NA,NA,NA,NA,NA,"Médio porte",0,0
"930","Cariús","cariús","carius","Ceará","CE","243.916786993957","7731.53644579924","0.597","17015",5106,NA,NA,NA,1,1,2,"Menor porte",0,0
"931","Carnaubal","carnaubal","carnaubal","Ceará","CE","263.613231552163","7426.51964942041","0.593","17210",5562,NA,NA,NA,1,1,2,"Menor porte",0,0
"932","Cascavel","cascavel","cascavel","Ceará","CE","300.891571602614","12730.0088603389","0.646","72720",26142,13,3,0.000612041924871854,1,2,3,"Médio porte",16,6.12041924871854
"933","Catarina","catarina","catarina","Ceará","CE","176.991998466772","5701.9788222893","0.618","10243",4270,NA,NA,NA,1,3,2,"Médio porte",0,0
"934","Catunda","catunda","catunda","Ceará","CE","222.147262914418","10901.9853508096","0.609","10444",2708,3,0,0.00110782865583456,3,1,2,"Menor porte",3,11.0782865583456
"935","Caucaia","caucaia","caucaia","Ceará","CE","269.793982673078","18947.2361258666","0.682","355679",119091,56,11,0.000562594990385504,1,2,3,"Maior porte",67,5.62594990385504
"936","Cedro","cedro","cedro","Ceará","CE","344.186046511628","8040.17979284737","0.627","22344",9692,NA,NA,NA,2,3,3,"Médio porte",0,0
"937","Chaval","chaval","chaval","Ceará","CE","198.838896952105","7300.58819035979","0.586","12462",2894,NA,NA,NA,NA,NA,NA,"Menor porte",0,0
"938","Choró","choró","choro","Ceará","CE","215.775893844453","9184.81385919646","0.585","12113",3345,NA,NA,NA,3,1,2,"Menor porte",0,0
"939","Chorozinho","chorozinho","chorozinho","Ceará","CE","305.366479234487","14191.9700108513","0.604","20163",7489,4,0,0.000534116704499933,2,2,3,"Médio porte",4,5.34116704499933
"940","Coreaú","coreaú","coreau","Ceará","CE","246.611299969878","7571.88347175007","0.61","20953",6735,4,0,0.000593912397921307,1,3,2,"Médio porte",4,5.93912397921307
"941","Crateús","crateús","crateus","Ceará","CE","440.625873148924","11330.03366197","0.644","76390",37813,3,1,0.000105783725173882,3,3,3,"Médio porte",4,1.05783725173882
"942","Crato","crato","crato","Ceará","CE","407.371214228263","13224.7596424893","0.713","131050",62161,20,5,0.000402181432087643,3,2,3,"Maior porte",25,4.02181432087643
"943","Croatá","croatá","croata","Ceará","CE","297.413555396239","9889.81415099542","0.59","17481",6236,NA,NA,NA,2,1,2,"Menor porte",0,0
"944","Cruz","cruz","cruz","Ceará","CE","421.748008167514","11444.9293349882","0.632","29761",12816,NA,NA,NA,3,3,3,"Médio porte",0,0
"945","Deputado Irapuan Pinheiro","deputado irapuan pinheiro","deputado irapuan pinheiro","Ceará","CE","307.596770854895","7614.46905402608","0.609","8932",3256,NA,NA,NA,3,1,2,"Menor porte",0,0
"946","Ererê","ererê","erere","Ceará","CE","163.321799307958","7983.8062283737","0.61",NA,1182,NA,NA,NA,1,1,2,"Menor porte",0,0
"947","Eusébio","eusébio","eusebio","Ceará","CE","494.432891031894","58889.2835452822","0.701","74170",35393,40,2,0.0011866753312802,NA,NA,NA,"Médio porte",42,11.866753312802
"948","Farias Brito","farias brito","farias brito","Ceará","CE","236.010108824591","9719.99587394915","0.633","18217",5399,5,1,0.00111131691053899,3,1,2,"Menor porte",6,11.1131691053899
"949","Forquilha","forquilha","forquilha","Ceará","CE","307.377719613938","9249.3047603468","0.644","24173",8705,1,0,0.000114876507754164,1,3,3,"Médio porte",1,1.14876507754164
"950","Fortaleza","fortaleza","fortaleza","Ceará","CE","422.594702919514","25092.0985240891","0.754","2428708",1239191,429,26,0.000367175035971049,3,1,1,"Maior porte",455,3.67175035971049
"951","Fortim","fortim","fortim","Ceará","CE","236.185436834827","12340.5086885936","0.624","17294",5254,2,2,0.000761324704986677,3,1,2,"Menor porte",4,7.61324704986677
"952","Frecheirinha","frecheirinha","frecheirinha","Ceará","CE","420.333946511957","18990.5900665063","0.604","15657",6834,NA,NA,NA,1,1,3,"Menor porte",0,0
"953","General Sampaio","general sampaio","general sampaio","Ceará","CE","221.47127631921","9079.28255783728","0.568","6734",1872,NA,NA,NA,2,1,2,"Menor porte",0,0
"954","Graça","graça","graca","Ceará","CE","297.633095023253","7355.86867494968","0.57","13801",4937,NA,NA,NA,NA,NA,NA,"Menor porte",0,0
"955","Granja","granja","granja","Ceará","CE","195.644263309195","7188.1481751028","0.559","53344",12818,9,3,0.000936183491964425,3,3,2,"Médio porte",12,9.36183491964425
"956","Granjeiro","granjeiro","granjeiro","Ceará","CE","118.404653095139","9366.84669713336","0.585","4841",775,NA,NA,NA,NA,NA,NA,"Menor porte",0,0
"957","Groaíras","groaíras","groairas","Ceará","CE","466.529073941134","7859.38621679828","0.633","10910",5779,NA,NA,NA,3,1,3,"Menor porte",0,0
"958","Guaiúba","guaiúba","guaiuba","Ceará","CE","168.771395968049","7748.57360213009","0.617","24325",5452,6,0,0.00110051357300073,3,3,2,"Médio porte",6,11.0051357300073
"959","Guaraciaba do Norte","guaraciaba do norte","guaraciaba do norte","Ceará","CE","409.327187132209","13702.9962730483","0.609","42053",19661,8,4,0.000610345353745995,2,3,3,"Médio porte",12,6.10345353745995
"960","Guaramiranga","guaramiranga","guaramiranga","Ceará","CE","367.30319563523","14664.6531566641","0.637","5654",2230,NA,NA,NA,NA,NA,NA,"Menor porte",0,0
"961","Hidrolândia","hidrolândia","hidrolandia","Ceará","CE","292.125866453897","7641.00134643196","0.597","17855",6688,NA,NA,NA,2,3,2,"Médio porte",0,0
"962","Horizonte","horizonte","horizonte","Ceará","CE","338.557399057333","24799.282055772","0.658","74755",28947,7,0,0.000241821259543303,1,3,3,"Médio porte",7,2.41821259543303
"963","Ibaretama","ibaretama","ibaretama","Ceará","CE","226.269728476326","8130.00224399731","0.577","11956",3394,NA,NA,NA,2,1,2,"Menor porte",0,0
"964","Ibiapina","ibiapina","ibiapina","Ceará","CE","307.152539669883","12457.260186588","0.608","23965",9445,4,0,0.00042350449973531,3,3,3,"Médio porte",4,4.2350449973531
"965","Ibicuitinga","ibicuitinga","ibicuitinga","Ceará","CE","272.943225908623","8000","0.606","11611",4175,2,0,0.000479041916167665,3,1,2,"Menor porte",2,4.79041916167665
"966","Icapuí","icapuí","icapui","Ceará","CE","342.871385842473","17879.3120638086","0.616","21433",7783,NA,NA,NA,3,3,3,"Médio porte",0,0
"967","Icó","icó","ico","Ceará","CE","362.738769402306","9000.11736744814","0.606","62642",28155,5,2,0.000248623690285917,2,3,3,"Médio porte",7,2.48623690285917
"968","Iguatu","iguatu","iguatu","Ceará","CE","506.267341909696","16469.8469061063","0.677","98064",59324,33,3,0.000606837030544131,2,2,3,"Maior porte",36,6.0683703054413
"969","Independência","independência","independencia","Ceará","CE","402.642532554321","9476.45778439684","0.632","24024",11947,0,1,0.0000837030216790826,3,3,3,"Médio porte",1,0.837030216790826
"970","Ipaporanga","ipaporanga","ipaporanga","Ceará","CE","336.667816488444","7584.42566402208","0.579","11575",4366,NA,NA,NA,1,1,2,"Menor porte",0,0
"971","Ipaumirim","ipaumirim","ipaumirim","Ceará","CE","770.124148978775","9957.22867440929","0.606","12083",9376,NA,NA,NA,1,2,3,"Menor porte",0,0
"972","Ipu","ipu","ipu","Ceará","CE","353.535593703933","10606.8999952447","0.618","41081",17209,2,2,0.000232436515776629,3,3,3,"Médio porte",4,2.32436515776629
"973","Ipueiras","ipueiras","ipueiras","Ceará","CE","305.924332266359","7339.27165870809","0.573","36798",13087,NA,NA,NA,3,3,2,"Médio porte",0,0
"974","Iracema","iracema","iracema","Ceará","CE","382.591093117409","10429.0799944157","0.652","14001",6000,8,1,0.0015,2,1,3,"Menor porte",9,15
"975","Irauçuba","irauçuba","iraucuba","Ceará","CE","214.729479530961","7757.62188850031","0.605","23915",6328,2,0,0.000316055625790139,2,3,2,"Médio porte",2,3.16055625790139
"976","Itaiçaba","itaiçaba","itaicaba","Ceará","CE","382.78667683702","8712.17899822019","0.656","7536",3561,NA,NA,NA,1,1,3,"Menor porte",0,0
"977","Itaitinga","itaitinga","itaitinga","Ceará","CE","341.16112198304","18865.5707762557","0.626","64650",18545,5,0,0.000269614451334592,3,3,3,"Médio porte",5,2.69614451334592
"978","Itapajé","itapajé","itapaje","Ceará","CE","311.64377108184","12062.1478508301","0.623","46426",19400,4,0,0.000206185567010309,3,3,3,"Médio porte",4,2.06185567010309
"979","Itapipoca","itapipoca","itapipoca","Ceará","CE","305.226790461088","12852.4272439654","0.64","131123",47388,3,1,0.0000844095551616443,2,2,3,"Maior porte",4,0.844095551616443
"980","Itapiúna","itapiúna","itapiuna","Ceará","CE","194.200779727096","7107.79727095517","0.604","17841",4635,NA,NA,NA,2,3,2,"Médio porte",0,0
"981","Itarema","itarema","itarema","Ceará","CE","230.036716806822","14582.1627383631","0.606","42957",11290,10,0,0.000885739592559787,2,3,2,"Médio porte",10,8.85739592559787
"982","Itatira","itatira","itatira","Ceará","CE","224.445869206814","6269.14270012823","0.562","20424",5799,NA,NA,NA,2,3,2,"Médio porte",0,0
"983","Jaguaretama","jaguaretama","jaguaretama","Ceará","CE","319.446740508073","9391.30434782609","0.612","17232",6605,NA,NA,NA,1,1,2,"Menor porte",0,0
"984","Jaguaribara","jaguaribara","jaguaribara","Ceará","CE","399.408284023669","11031.8482422555","0.618","10356",5122,NA,NA,NA,3,1,3,"Menor porte",0,0
"985","Jaguaribe","jaguaribe","jaguaribe","Ceará","CE","419.21699965354","14748.4986719021","0.621","33726",16498,1,0,0.0000606134076857801,2,3,3,"Médio porte",1,0.606134076857801
"986","Jaguaruana","jaguaruana","jaguaruana","Ceará","CE","356.534846604008","14026.4822368032","0.624","31701",13966,NA,NA,NA,3,3,3,"Médio porte",0,0
"987","Jardim","jardim","jardim","Ceará","CE","330.892903130863","8495.78749862036","0.614","27411",10475,NA,NA,NA,NA,NA,NA,"Médio porte",0,0
"988","Jati","jati","jati","Ceará","CE","323.985239852399","13857.5645756458","0.651","7861",3226,NA,NA,NA,2,3,3,"Menor porte",0,0
"989","Jijoca de Jericoacoara","jijoca de jericoacoara","jijoca de jericoacoara","Ceará","CE","472.345297953901","24588.2909344352","0.652","25555",11764,2,2,0.000340020401224073,2,3,3,"Médio porte",4,3.40020401224073
"990","Juazeiro do Norte","juazeiro do norte","juazeiro do norte","Ceará","CE","453.515477948629","17640.2173283526","0.694","286120",143125,47,19,0.000461135371179039,3,2,3,"Maior porte",66,4.61135371179039
"991","Jucás","jucás","jucas","Ceará","CE","282.580748834967","9820.66527398361","0.598","23922",8099,NA,NA,NA,3,3,2,"Médio porte",0,0
"992","Lavras da Mangabeira","lavras da mangabeira","lavras da mangabeira","Ceará","CE","225.930395020958","8655.21402260892","0.613","30802",8459,NA,NA,NA,2,3,2,"Médio porte",0,0
"993","Limoeiro do Norte","limoeiro do norte","limoeiro do norte","Ceará","CE","544.030722992152","17467.2900317248","0.682","59560",37251,12,3,0.000402673753724732,1,3,3,"Médio porte",15,4.02673753724732
"994","Madalena","madalena","madalena","Ceará","CE","230.81957309706","7121.97946033025","0.61","16896",5433,NA,NA,NA,3,1,2,"Menor porte",0,0
"995","Maracanaú","maracanaú","maracanau","Ceará","CE","331.685973032102","42485.2696354017","0.686","234509",90082,43,10,0.000588352834084501,1,2,3,"Maior porte",53,5.88352834084501
"996","Maranguape","maranguape","maranguape","Ceará","CE","216.400963589216","11773.0041581637","0.659","105093",33339,26,5,0.000929841926872432,3,2,3,"Maior porte",31,9.29841926872432
"997","Marco","marco","marco","Ceará","CE","287.733285015401","12087.0809929335","0.612","25799",9351,NA,NA,NA,3,3,3,"Médio porte",0,0
"998","Martinópole","martinópole","martinopole","Ceará","CE","213.143715219504","7091.68801342638","0.599","10846",2847,NA,NA,NA,2,1,2,"Menor porte",0,0
"999","Massapê","massapê","massape","Ceará","CE","257.888536010655","7559.77871119762","0.616","37697",11751,13,2,0.00127648710748021,3,3,2,"Médio porte",15,12.7648710748021
"1000","Mauriti","mauriti","mauriti","Ceará","CE","263.494436140176","8740.03487792726","0.605","45561",14588,6,0,0.000411296956402523,3,3,2,"Médio porte",6,4.11296956402523
"1001","Meruoca","meruoca","meruoca","Ceará","CE","283.635166282516","7285.87421797827","0.618","15157",5074,12,4,0.00315333070555775,1,1,2,"Menor porte",16,31.5333070555775
"1002","Milagres","milagres","milagres","Ceará","CE","255.261816328017","8770.88340251984","0.628","25900",8313,NA,NA,NA,NA,NA,NA,"Médio porte",0,0
"1003","Milhã","milhã","milha","Ceará","CE","406.863491097245","10694.7192208187","0.626","14123",5909,NA,NA,NA,2,1,3,"Menor porte",0,0
"1004","Miraíma","miraíma","miraima","Ceará","CE","173.096300561393","6606.66474737297","0.592","14196",2813,NA,NA,NA,3,1,2,"Menor porte",0,0
"1005","Missão Velha","missão velha","missao velha","Ceará","CE","338.134160090192","13292.8410372041","0.622","36822",14710,6,3,0.000611828687967369,3,3,3,"Médio porte",9,6.11828687967369
"1006","Mombaça","mombaça","mombaca","Ceará","CE","285.535136121118","7815.01664462584","0.582","37735",14584,2,1,0.000205704882062534,2,3,2,"Médio porte",3,2.05704882062534
"1007","Monsenhor Tabosa","monsenhor tabosa","monsenhor tabosa","Ceará","CE","335.845556264131","8187.60507855528","0.61","17149",6564,NA,NA,NA,3,1,2,"Menor porte",0,0
"1008","Morada Nova","morada nova","morada nova","Ceará","CE","407.706760828015","16352.9106870971","0.61","61443",30240,15,2,0.000562169312169312,3,3,3,"Médio porte",17,5.62169312169312
"1009","Moraújo","moraújo","moraujo","Ceará","CE","251.737099897483","7824.46747921176","0.581","8254",2549,NA,NA,NA,NA,NA,NA,"Menor porte",0,0
"1010","Morrinhos","morrinhos","morrinhos","Ceará","CE","241.877892880758","7145.07383733745","0.588","22753",6309,NA,NA,NA,2,3,2,"Médio porte",0,0
"1011","Mucambo","mucambo","mucambo","Ceará","CE","341.60423396797","7385.31857859647","0.607","13666",5422,NA,NA,NA,1,1,2,"Menor porte",0,0
"1012","Mulungu","mulungu","mulungu","Ceará","CE","222.465953751942","9751.2110410383","0.607","10569",2885,NA,NA,NA,3,1,2,"Menor porte",0,0
"1013","Nova Olinda","nova olinda","nova olinda","Ceará","CE","283.601122162714","9282.51721499617","0.625","15399",5080,3,0,0.000590551181102362,1,1,2,"Menor porte",3,5.90551181102362
"1014","Nova Russas","nova russas","nova russas","Ceará","CE","385.213527524068","9231.17748704024","0.614","30699",14269,NA,NA,NA,3,3,3,"Médio porte",0,0
"1015","Novo Oriente","novo oriente","novo oriente","Ceará","CE","411.153349841314","8388.03055138981","0.605","27545",13851,NA,NA,NA,3,3,3,"Médio porte",0,0
"1016","Ocara","ocara","ocara","Ceará","CE","278.364882127511","7387.60500135486","0.594","24493",8559,NA,NA,NA,1,3,2,"Médio porte",0,0
"1017","Orós","orós","oros","Ceará","CE","306.818181818182","8652.2633744856","0.636","19675",7443,NA,NA,NA,2,3,3,"Médio porte",0,0
"1018","Pacajus","pacajus","pacajus","Ceará","CE","342.40585888397","15670.34213259","0.659","70983",30400,6,1,0.000230263157894737,3,2,3,"Médio porte",7,2.30263157894737
"1019","Pacatuba","pacatuba","pacatuba","Ceará","CE","206.282375759869","12117.723584928","0.675","81524",22228,11,1,0.000539859636494511,1,3,3,"Médio porte",12,5.39859636494511
"1020","Pacoti","pacoti","pacoti","Ceará","CE","263.264973958333","10318.0338541667","0.635","11186",3747,NA,NA,NA,3,1,2,"Menor porte",0,0
"1021","Pacujá","pacujá","pacuja","Ceará","CE","311.192548480684","7793.40357306459","0.621","6175",2109,NA,NA,NA,NA,NA,NA,"Menor porte",0,0
"1022","Palhano","palhano","palhano","Ceará","CE","412.757376353216","9518.67968584165","0.638","9346",4515,NA,NA,NA,3,1,3,"Menor porte",0,0
"1023","Palmácia","palmácia","palmacia","Ceará","CE","161.693578391249","6987.72230076643","0.622","10242",2373,NA,NA,NA,2,1,2,"Menor porte",0,0
"1024","Paracuru","paracuru","paracuru","Ceará","CE","275.606163607523","14327.3000226603","0.637","38980",11973,4,0,0.000334085024638771,2,3,3,"Médio porte",4,3.34085024638771
"1025","Paraipaba","paraipaba","paraipaba","Ceará","CE","280.64379243453","13353.722114452","0.634","32216",10996,NA,NA,NA,NA,NA,NA,"Médio porte",0,0
"1026","Parambu","parambu","parambu","Ceará","CE","349.896677793674","7633.57176919409","0.57","31445",12454,NA,NA,NA,3,3,2,"Médio porte",0,0
"1027","Paramoti","paramoti","paramoti","Ceará","CE","243.143976493634","8780.52562846882","0.583","10384",3408,NA,NA,NA,3,1,2,"Menor porte",0,0
"1028","Pedra Branca","pedra branca","pedra branca","Ceará","CE","344.52423283844","7689.53335334457","0.603","40187",17205,3,0,0.0001743679163034,2,3,3,"Médio porte",3,1.743679163034
"1029","Penaforte","penaforte","penaforte","Ceará","CE","411.571694192278","12338.7290823581","0.646","8972",4118,NA,NA,NA,3,1,3,"Menor porte",0,0
"1030","Pentecoste","pentecoste","pentecoste","Ceará","CE","331.002638522427","13053.9313984169","0.629","37813",15099,3,1,0.000264918206503742,2,3,3,"Médio porte",4,2.64918206503742
"1031","Pereiro","pereiro","pereiro","Ceará","CE","689.731186087809","22749.9846916906","0.601","15501",12349,NA,NA,NA,3,1,3,"Menor porte",0,0
"1032","Pindoretama","pindoretama","pindoretama","Ceará","CE","274.928980692378","11852.2798401464","0.636","23391",7070,10,2,0.0016973125884017,NA,NA,NA,"Médio porte",12,16.973125884017
"1033","Piquet Carneiro","piquet carneiro","piquet carneiro","Ceará","CE","244.93737562917","7914.66697881306","0.6","16616",4965,4,2,0.00120845921450151,1,1,2,"Menor porte",6,12.0845921450151
"1034","Pires Ferreira","pires ferreira","pires ferreira","Ceará","CE","220.434505954004","6039.63276065812","0.591","10606",2694,NA,NA,NA,1,1,2,"Menor porte",0,0
"1035","Poranga","poranga","poranga","Ceará","CE","293.026646148862","7226.28978699279","0.581","12065",4104,NA,NA,NA,NA,NA,NA,"Menor porte",0,0
"1036","Porteiras","porteiras","porteiras","Ceará","CE","313.277176093061","10399.7860676561","0.622","17050",5440,3,1,0.000735294117647059,1,1,2,"Menor porte",4,7.35294117647059
"1037","Potengi","potengi","potengi","Ceará","CE","218.170358364848","7668.37745362867","0.562","8833",2701,NA,NA,NA,NA,NA,NA,"Menor porte",0,0
"1038","Potiretama","potiretama","potiretama","Ceará","CE","292.372223085288","10000.155351872","0.604","5974",1990,3,1,0.00201005025125628,3,1,2,"Menor porte",4,20.1005025125628
"1039","Quiterianópolis","quiterianópolis","quiterianopolis","Ceará","CE","338.514598885004","7683.69082490787","0.594","20213",8276,NA,NA,NA,3,3,2,"Médio porte",0,0
"1040","Quixadá","quixadá","quixada","Ceará","CE","367.919294392047","11386.4313130513","0.659","84168",36847,2,3,0.000135696257497218,2,3,3,"Médio porte",5,1.35696257497218
"1041","Quixelô","quixelô","quixelo","Ceará","CE","343.035858054128","8832.16696599988","0.591","15910",6555,9,3,0.00183066361556064,1,1,2,"Menor porte",12,18.3066361556064
"1042","Quixeramobim","quixeramobim","quixeramobim","Ceará","CE","328.572476705226","15019.0882633471","0.642","82177",31599,18,1,0.000601284850786417,2,3,3,"Médio porte",19,6.01284850786417
"1043","Quixeré","quixeré","quixere","Ceará","CE","427.667877809178","17989.0997174001","0.622","20874",11324,NA,NA,NA,3,3,3,"Médio porte",0,0
"1044","Redenção","redenção","redencao","Ceará","CE","274.034172785288","11752.4874768407","0.626","27214",9209,10,2,0.00130307308068194,1,3,3,"Médio porte",12,13.0307308068194
"1045","Reriutaba","reriutaba","reriutaba","Ceará","CE","328.528691868371","9589.77427250476","0.601","18606",6880,2,0,0.000290697674418605,3,1,2,"Menor porte",2,2.90697674418605
"1046","Russas","russas","russas","Ceará","CE","477.941735757207","13956.010243148","0.674","72928",42485,9,2,0.00025891491114511,3,3,3,"Médio porte",11,2.5891491114511
"1047","Saboeiro","saboeiro","saboeiro","Ceará","CE","240.49911325057","8153.2809728908","0.575","13854",4277,NA,NA,NA,1,1,2,"Menor porte",0,0
"1048","Salitre","salitre","salitre","Ceará","CE","168.319807634506","7646.76886083559","0.54","16633",3600,NA,NA,NA,1,1,2,"Menor porte",0,0
"1049","Santa Quitéria","santa quitéria","santa quiteria","Ceará","CE","324.998284184759","11497.8151952598","0.616","40183",16413,9,6,0.000913909705721075,2,3,3,"Médio porte",15,9.13909705721075
"1050","Santana do Acaraú","santana do acaraú","santana do acarau","Ceará","CE","227.353463587922","7044.92558338948","0.587","30628",8428,NA,NA,NA,3,3,2,"Médio porte",0,0
"1051","Santana do Cariri","santana do cariri","santana do cariri","Ceará","CE","208.841463414634","7583.5027100271","0.612","16954",4218,NA,NA,NA,2,1,2,"Menor porte",0,0
"1052","São Benedito","são benedito","sao benedito","Ceará","CE","383.4327148823","11296.5448463568","0.611","47640",21964,2,0,0.0000910580950646512,3,3,3,"Médio porte",2,0.910580950646512
"1053","São Gonçalo do Amarante","são gonçalo do amarante","sao goncalo do amarante","Ceará","CE","321.062432216743","76929.1575436371","0.665","54143",19265,13,2,0.00077861406696081,1,1,3,"Médio porte",15,7.7861406696081
"1054","São João do Jaguaribe","são joão do jaguaribe","sao joao do jaguaribe","Ceará","CE","460.728851466912","12461.6497829233","0.654","5855",3722,NA,NA,NA,1,1,3,"Menor porte",0,0
"1055","São Luís do Curu","são luís do curu","sao luis do curu","Ceará","CE","233.59398957375","8447.17877951549","0.62","10822",3557,1,0,0.000281135788585887,2,1,2,"Menor porte",1,2.81135788585887
"1056","Senador Pompeu","senador pompeu","senador pompeu","Ceará","CE","348.051539912005","12381.9138906348","0.619","24266",10252,6,0,0.000585251658213032,2,3,3,"Médio porte",6,5.85251658213032
"1057","Senador Sá","senador sá","senador sa","Ceará","CE","215.056559615135","6781.04277727214","0.603","7262",1811,NA,NA,NA,2,1,2,"Menor porte",0,0
"1058","Sobral","sobral","sobral","Ceará","CE","462.889929809075","21734.7409485029","0.714","203023",109770,31,6,0.000337068415778446,NA,NA,NA,"Maior porte",37,3.37068415778446
"1059","Solonópole","solonópole","solonopole","Ceará","CE","345.317862395816","11932.0695102686","0.625","18179",7467,2,0,0.000267845185482791,2,1,2,"Menor porte",2,2.67845185482791
"1060","Tabuleiro do Norte","tabuleiro do norte","tabuleiro do norte","Ceará","CE","616.710487876132","11954.231181225","0.645","30652",22013,1,1,0.0000908554036251306,3,3,3,"Médio porte",2,0.908554036251306
"1061","Tamboril","tamboril","tamboril","Ceará","CE","315.34795042898","9148.7130600572","0.58","24815",9205,3,1,0.000434546442151005,2,3,2,"Médio porte",4,4.34546442151005
"1062","Tarrafas","tarrafas","tarrafas","Ceará","CE","248.337804735798","8024.49550915665","0.576","7529",2502,NA,NA,NA,3,1,2,"Menor porte",0,0
"1063","Tauá","tauá","taua","Ceará","CE","420.642714435678","11206.7657715621","0.633","61227",28739,9,2,0.000382755141097463,3,3,3,"Médio porte",11,3.82755141097463
"1064","Tejuçuoca","tejuçuoca","tejucuoca","Ceará","CE","194.672448505498","6850.60141448557","0.584","17154",4322,NA,NA,NA,3,1,2,"Menor porte",0,0
"1065","Tianguá","tianguá","tiangua","Ceará","CE","502.384467643101","19127.4154983864","0.657","81506",46272,6,1,0.00015127939142462,3,3,3,"Médio porte",7,1.5127939142462
"1066","Trairi","trairi","trairi","Ceará","CE","211.063935620259","13943.1703114175","0.606","58415",14977,5,3,0.000534152366962676,3,3,2,"Médio porte",8,5.34152366962676
"1067","Tururu","tururu","tururu","Ceará","CE","237.721380317692","7059.03475138458","0.606","15412",4620,NA,NA,NA,1,1,2,"Menor porte",0,0
"1068","Ubajara","ubajara","ubajara","Ceará","CE","345.079464718806","16573.601164151","0.648","32767",14489,1,1,0.000138035751259576,3,3,3,"Médio porte",2,1.38035751259576
"1069","Umari","umari","umari","Ceará","CE","159.384694932782","7333.5056876939","0.591","6871",1378,NA,NA,NA,2,1,2,"Menor porte",0,0
"1070","Umirim","umirim","umirim","Ceará","CE","177.611415364518","7945.88755464","0.587","17470",4164,3,0,0.000720461095100865,NA,NA,NA,"Menor porte",3,7.20461095100864
"1071","Uruburetama","uruburetama","uruburetama","Ceará","CE","233.756805807622","13411.2068965517","0.639","20189",5917,NA,NA,NA,1,3,3,"Médio porte",0,0
"1072","Uruoca","uruoca","uruoca","Ceará","CE","249.802371541502","12740.7833273446","0.566","13746",3972,NA,NA,NA,1,1,2,"Menor porte",0,0
"1073","Varjota","varjota","varjota","Ceará","CE","424.773970007038","18188.0244707921","0.611","18105",8956,7,1,0.000893255917820456,1,1,3,"Menor porte",8,8.93255917820455
"1074","Várzea Alegre","várzea alegre","varzea alegre","Ceará","CE","386.328631151749","9725.22797838789","0.629","38984",18070,5,1,0.000332042058660764,2,3,3,"Médio porte",6,3.32042058660764
"1075","Viçosa do Ceará","viçosa do ceará","vicosa do ceara","Ceará","CE","286.85881778212","7854.53509200456","0.571","59712",21340,10,4,0.000656044985941893,3,3,2,"Médio porte",14,6.56044985941893
"1076","Acari","acari","acari","Rio Grande do Norte","RN","333.243413362108","11755.4176782663","0.679","10597",4380,1,0,0.000228310502283105,3,1,3,"Menor porte",1,2.28310502283105
"1077","Açu","açu","acu","Rio Grande do Norte","RN","417.90559057276","21267.0765963278","0.661","56496",28761,1,0,NA,3,3,3,"Médio porte",1,0.34769305656966
"1078","Afonso Bezerra","afonso bezerra","afonso bezerra","Rio Grande do Norte","RN","158.400580288331","9245.80651010971","0.585","10839",2050,NA,NA,NA,3,1,2,"Menor porte",0,0
"1079","Água Nova","água nova","agua nova","Rio Grande do Norte","RN","296.454767726161","8533.00733496333","0.616","2946",1134,NA,NA,NA,3,1,2,"Menor porte",0,0
"1080","Alexandria","alexandria","alexandria","Rio Grande do Norte","RN","415.775105142773","10731.867483214","0.606","13640",6635,NA,NA,NA,NA,NA,NA,"Menor porte",0,0
"1081","Almino Afonso","almino afonso","almino afonso","Rio Grande do Norte","RN","315.711252653928","8538.0042462845","0.624","4687",1746,NA,NA,NA,NA,NA,NA,"Menor porte",0,0
"1082","Alto do Rodrigues","alto do rodrigues","alto do rodrigues","Rio Grande do Norte","RN","341.390548614883","33152.227050516","0.672","12484",5732,NA,NA,NA,1,1,3,"Menor porte",0,0
"1083","Angicos","angicos","angicos","Rio Grande do Norte","RN","338.146091413926","12478.8551900897","0.624","11632",4488,NA,NA,NA,2,1,2,"Menor porte",0,0
"1084","Antônio Martins","antônio martins","antonio martins","Rio Grande do Norte","RN","245.457086944367","8162.28683254124","0.578","6577",2240,NA,NA,NA,1,1,2,"Menor porte",0,0
"1085","Apodi","apodi","apodi","Rio Grande do Norte","RN","451.24602776384","14335.4518592853","0.639","35897",19100,1,0,0.0000523560209424084,3,3,3,"Médio porte",1,0.523560209424084
"1086","Areia Branca","areia branca","areia branca","Rio Grande do Norte","RN","322.844781349448","26346.5155361676","0.682","24093",10306,3,0,0.000291092567436445,1,3,3,"Médio porte",3,2.91092567436445
"1087","Arês","arês","ares","Rio Grande do Norte","RN","194.492612887563","21477.4224873413","0.606","13251",3391,NA,NA,NA,1,1,2,"Menor porte",0,0
"1088","Augusto Severo","augusto severo","augusto severo","Rio Grande do Norte","RN","245.501551189245","10159.5656670114","0.621",NA,2961,NA,NA,NA,2,1,2,"Menor porte",0,0
"1089","Baía Formosa","baía formosa","baia formosa","Rio Grande do Norte","RN","189.229779017378","17472.2162626046","0.609","8825",2110,NA,NA,NA,1,2,2,"Menor porte",0,0
"1090","Baraúna","baraúna","barauna","Rio Grande do Norte","RN","283.994851636693","22828.3994851637","0.574","26913",10706,NA,NA,NA,2,3,2,"Médio porte",0,0
"1091","Barcelona","barcelona","barcelona","Rio Grande do Norte","RN","206.309464196294","10131.4471707561","0.566","3986",890,NA,NA,NA,NA,NA,NA,"Menor porte",0,0
"1092","Bento Fernandes","bento fernandes","bento fernandes","Rio Grande do Norte","RN","219.547511312217","9572.85067873303","0.582","4807",1401,NA,NA,NA,NA,NA,NA,"Menor porte",0,0
"1093","Bodó","bodó","bodo","Rio Grande do Norte","RN","304.961310878471","114579.426490669","0.629","2306",792,NA,NA,NA,NA,NA,NA,"Menor porte",0,0
"1094","Bom Jesus","bom jesus","bom jesus","Rio Grande do Norte","RN","247.881562286939","8672.25090094477","0.584","9952",3108,NA,NA,NA,3,1,2,"Menor porte",0,0
"1095","Brejinho","brejinho","brejinho","Rio Grande do Norte","RN","278.094940173614","12784.077578791","0.592","12202",4101,NA,NA,NA,2,1,2,"Menor porte",0,0
"1096","Caiçara do Norte","caiçara do norte","caicara do norte","Rio Grande do Norte","RN","153.482700807804","12290.3520804755","0.574","6293",1117,NA,NA,NA,3,1,2,"Menor porte",0,0
"1097","Caiçara do Rio do Vento","caiçara do rio do vento","caicara do rio do vento","Rio Grande do Norte","RN","222.07267833109","10233.6473755047","0.587","3268",972,NA,NA,NA,2,2,2,"Menor porte",0,0
"1098","Caicó","caicó","caico","Rio Grande do Norte","RN","672.958459534993","18739.344190334","0.71","61146",51484,3,1,0.0000776940408670655,3,1,1,"Médio porte",4,0.776940408670655
"1099","Campo Redondo","campo redondo","campo redondo","Rio Grande do Norte","RN","208.838898237534","8293.24240545567","0.626","10215",2853,NA,NA,NA,3,1,2,"Menor porte",0,0
"1100","Canguaretama","canguaretama","canguaretama","Rio Grande do Norte","RN","242.387403033461","16235.4116012504","0.579","29668",9628,6,0,0.000623182384711259,2,3,2,"Médio porte",6,6.23182384711259
"1101","Caraúbas","caraúbas","caraubas","Rio Grande do Norte","RN","354.948639306752","18376.6126284017","0.638","19614",8276,NA,NA,NA,3,1,3,"Médio porte",0,0
"1102","Carnaúba dos Dantas","carnaúba dos dantas","carnauba dos dantas","Rio Grande do Norte","RN","382.44932637456","10877.8978031314","0.659","7992",3501,NA,NA,NA,NA,NA,NA,"Menor porte",0,0
"1103","Carnaubais","carnaubais","carnaubais","Rio Grande do Norte","RN","244.041593816141","16074.1695040029","0.589","9714",3109,NA,NA,NA,1,1,2,"Menor porte",0,0
"1104","Ceará-Mirim","ceará-mirim","ceara-mirim","Rio Grande do Norte","RN","273.096391738624","12171.2638388869","0.616","79115",23687,8,0,0.000337737999746697,2,2,2,"Médio porte",8,3.37737999746697
"1105","Cerro Corá","cerro corá","cerro cora","Rio Grande do Norte","RN","299.973168768446","13016.7248010017","0.607","11000",3867,NA,NA,NA,1,1,2,"Menor porte",0,0
"1106","Coronel Ezequiel","coronel ezequiel","coronel ezequiel","Rio Grande do Norte","RN","206.758720930233","8497.27470930233","0.587","5117",1339,NA,NA,NA,2,2,2,"Menor porte",0,0
"1107","Coronel João Pessoa","coronel joão pessoa","coronel joao pessoa","Rio Grande do Norte","RN","200.203458799593","8821.15971515768","0.578","4237",1269,NA,NA,NA,3,1,2,"Menor porte",0,0
"1108","Cruzeta","cruzeta","cruzeta","Rio Grande do Norte","RN","331.955405236127","13899.5365150946","0.654","8005",3031,NA,NA,NA,3,1,3,"Menor porte",0,0
"1109","Currais Novos","currais novos","currais novos","Rio Grande do Norte","RN","496.537133949449","16902.1044427124","0.691","41313",25298,7,1,0.00031623053205787,3,1,3,"Médio porte",8,3.1623053205787
"1110","Doutor Severiano","doutor severiano","doutor severiano","Rio Grande do Norte","RN","233.455882352941","9095.72963800905","0.621","7044",2142,NA,NA,NA,1,1,2,"Menor porte",0,0
"1111","Encanto","encanto","encanto","Rio Grande do Norte","RN","297.106563161609","8827.80522230063","0.629","6016",2124,NA,NA,NA,1,1,2,"Menor porte",0,0
"1112","Equador","equador","equador","Rio Grande do Norte","RN","292.699041955732","10666.5014866204","0.623","5360",1968,NA,NA,NA,3,3,2,"Menor porte",0,0
"1113","Espírito Santo","espírito santo","espirito santo","Rio Grande do Norte","RN","167.874856924838","7838.51583365128","0.558","10620",2063,NA,NA,NA,2,1,2,"Menor porte",0,0
"1114","Extremoz","extremoz","extremoz","Rio Grande do Norte","RN","329.278407520044","15610.208736522","0.66","61635",13553,3,1,0.000295137607909688,3,3,3,"Médio porte",4,2.95137607909688
"1115","Felipe Guerra","felipe guerra","felipe guerra","Rio Grande do Norte","RN","391.529097882274","17382.6913456728","0.636","6259",2752,NA,NA,NA,NA,NA,NA,"Menor porte",0,0
"1116","Fernando Pedroza","fernando pedroza","fernando pedroza","Rio Grande do Norte","RN","199.217476361265","11187.8056732964","0.597","2938",685,NA,NA,NA,NA,NA,NA,"Menor porte",0,0
"1117","Florânia","florânia","florania","Rio Grande do Norte","RN","274.780298385449","8939.81197629266","0.642","10196",3054,NA,NA,NA,3,1,2,"Menor porte",0,0
"1118","Francisco Dantas","francisco dantas","francisco dantas","Rio Grande do Norte","RN","369.356558833985","10247.4226804124","0.606","2700",1211,NA,NA,NA,NA,NA,NA,"Menor porte",0,0
"1119","Frutuoso Gomes","frutuoso gomes","frutuoso gomes","Rio Grande do Norte","RN","358.327146745855","9415.73867854491","0.597","4122",1767,NA,NA,NA,1,1,2,"Menor porte",0,0
"1120","Galinhos","galinhos","galinhos","Rio Grande do Norte","RN","115.289982425308","33995.4305799649","0.564","2104",402,NA,NA,NA,NA,NA,NA,"Menor porte",0,0
"1121","Goianinha","goianinha","goianinha","Rio Grande do Norte","RN","277.813191345757","15376.8045296037","0.638","26741",9099,2,0,0.000219804374107045,2,3,3,"Médio porte",2,2.19804374107045
"1122","Governador Dix-Sept Rosado","governador dix-sept rosado","governador dix-sept rosado","Rio Grande do Norte","RN","318.216579993882","23026.3077393698","0.592","11932",4806,NA,NA,NA,1,1,2,"Menor porte",0,0
"1123","Grossos","grossos","grossos","Rio Grande do Norte","RN","265.315874988053","15804.8360890758","0.664","9924",3360,NA,NA,NA,NA,NA,NA,"Menor porte",0,0
"1124","Guamaré","guamaré","guamare","Rio Grande do Norte","RN","275.762701246633","108654.638852346","0.626","15295",4953,NA,NA,NA,NA,NA,NA,"Menor porte",0,0
"1125","Ielmo Marinho","ielmo marinho","ielmo marinho","Rio Grande do Norte","RN","154.161571109992","8116.46644126322","0.55","11615",2539,NA,NA,NA,3,1,2,"Menor porte",0,0
"1126","Ipanguaçu","ipanguaçu","ipanguacu","Rio Grande do Norte","RN","262.127223857673","9638.03916549341","0.603","14131",4663,NA,NA,NA,3,1,2,"Menor porte",0,0
"1127","Ipueira","ipueira","ipueira","Rio Grande do Norte","RN","305.370616955171","12508.655126498","0.679","2035",796,NA,NA,NA,NA,NA,NA,"Menor porte",0,0
"1128","Itajá","itajá","itaja","Rio Grande do Norte","RN","295.325872284398","11533.1138907176","0.624","7292",2741,2,0,0.000729660707770887,3,1,2,"Menor porte",2,7.29660707770886
"1129","Itaú","itaú","itau","Rio Grande do Norte","RN","308.970663049008","9904.86688146515","0.614","5320",2082,NA,NA,NA,1,1,2,"Menor porte",0,0
"1130","Jaçanã","jaçanã","jacana","Rio Grande do Norte","RN","643.32106516562","7472.50487118424","0.604","7834",7050,NA,NA,NA,1,2,3,"Menor porte",0,0
"1131","Jandaíra","jandaíra","jandaira","Rio Grande do Norte","RN","210.503409255767","11026.5486725664","0.569","6562",1754,0,1,0.000570125427594071,3,1,2,"Menor porte",1,5.70125427594071
"1132","Janduís","janduís","janduis","Rio Grande do Norte","RN","241.615853658537","16309.0701219512","0.615","4746",1444,NA,NA,NA,1,3,2,"Menor porte",0,0
"1133","Januário Cicco","januário cicco","januario cicco","Rio Grande do Norte","RN","200.875912408759","7338.49148418491","0.574","8591",2422,NA,NA,NA,NA,NA,NA,"Menor porte",0,0
"1134","Japi","japi","japi","Rio Grande do Norte","RN","235.235235235235","8584.38438438438","0.569","5117",1382,NA,NA,NA,3,2,2,"Menor porte",0,0
"1135","Jardim de Angicos","jardim de angicos","jardim de angicos","Rio Grande do Norte","RN","227.168073676132","11261.7037605526","0.565","2437",657,NA,NA,NA,1,3,2,"Menor porte",0,0
"1136","Jardim de Piranhas","jardim de piranhas","jardim de piranhas","Rio Grande do Norte","RN","324.923035738188","9946.72734573685","0.603","13977",5742,NA,NA,NA,3,1,2,"Menor porte",0,0
"1137","Jardim do Seridó","jardim do seridó","jardim do serido","Rio Grande do Norte","RN","441.594062600839","14380.1226202001","0.663","11655",6451,1,0,0.000155014726399008,1,1,3,"Menor porte",1,1.55014726399008
"1138","João Câmara","joão câmara","joao camara","Rio Grande do Norte","RN","350.341296928328","29747.8100113766","0.595","33290",14609,5,0,0.000342254774454104,3,3,3,"Médio porte",5,3.42254774454104
"1139","João Dias","joão dias","joao dias","Rio Grande do Norte","RN","186.887716654107","9061.03993971364","0.53","2076",596,NA,NA,NA,1,1,2,"Menor porte",0,0
"1140","José da Penha","josé da penha","jose da penha","Rio Grande do Norte","RN","345.44231416078","9626.63975782038","0.608","5803",2445,NA,NA,NA,3,1,2,"Menor porte",0,0
"1141","Jucurutu","jucurutu","jucurutu","Rio Grande do Norte","RN","363.909363909364","13611.466011466","0.601","17793",7921,NA,NA,NA,1,1,2,"Menor porte",0,0
"1142","Jundiá","jundiá","jundia","Rio Grande do Norte","RN","226.160122386537","9488.78123406425","0.595","3739",1018,NA,NA,NA,NA,NA,NA,"Menor porte",0,0
"1143","Lagoa d'Anta","lagoa d'anta","lagoa danta","Rio Grande do Norte","RN","207.605344295992","8827.92541477022","0.601","6513",1686,NA,NA,NA,NA,NA,NA,"Menor porte",0,0
"1144","Lagoa de Pedras","lagoa de pedras","lagoa de pedras","Rio Grande do Norte","RN","212.025316455696","8569.48839662447","0.553","7338",1944,NA,NA,NA,1,1,2,"Menor porte",0,0
"1145","Lagoa de Velhos","lagoa de velhos","lagoa de velhos","Rio Grande do Norte","RN","257.320644216691","13153.0014641288","0.589","2567",856,NA,NA,NA,NA,NA,NA,"Menor porte",0,0
"1146","Lagoa Nova","lagoa nova","lagoa nova","Rio Grande do Norte","RN","289.351704870151","20541.4946980761","0.585","15573",5682,NA,NA,NA,1,1,2,"Menor porte",0,0
"1147","Lagoa Salgada","lagoa salgada","lagoa salgada","Rio Grande do Norte","RN","299.144269012896","9331.44510063878","0.582","8319",2928,NA,NA,NA,3,1,2,"Menor porte",0,0
"1148","Lajes","lajes","lajes","Rio Grande do Norte","RN","206.540902679831","10502.1156558533","0.624","9866",2925,NA,NA,NA,3,3,2,"Menor porte",0,0
"1149","Lajes Pintadas","lajes pintadas","lajes pintadas","Rio Grande do Norte","RN","281.965148015956","9689.90132269578","0.625","4787",1589,NA,NA,NA,3,1,2,"Menor porte",0,0
"1150","Lucrécia","lucrécia","lucrecia","Rio Grande do Norte","RN","290.186335403727","12826.0869565217","0.646","3490",1385,NA,NA,NA,NA,NA,NA,"Menor porte",0,0
"1151","Luís Gomes","luís gomes","luis gomes","Rio Grande do Norte","RN","255.075891977134","7733.58959195742","0.608","9070",3285,NA,NA,NA,3,3,2,"Menor porte",0,0
"1152","Macaíba","macaíba","macaiba","Rio Grande do Norte","RN","289.302257366691","20521.2353796703","0.64","82249",30364,5,1,0.000197602423923067,3,3,3,"Médio porte",6,1.97602423923067
"1153","Macau","macau","macau","Rio Grande do Norte","RN","277.037360716627","24699.0854895596","0.665","27369",9802,NA,NA,NA,3,3,3,"Médio porte",0,0
"1154","Major Sales","major sales","major sales","Rio Grande do Norte","RN","232.151649433776","9853.5204332841","0.617","3924",1124,NA,NA,NA,3,1,2,"Menor porte",0,0
"1155","Marcelino Vieira","marcelino vieira","marcelino vieira","Rio Grande do Norte","RN","241.842610364683","8478.28694817658","0.609","7896",2452,NA,NA,NA,3,1,2,"Menor porte",0,0
"1156","Martins","martins","martins","Rio Grande do Norte","RN","310.344827586207","9533.68348938114","0.622","8179",3366,NA,NA,NA,2,1,2,"Menor porte",0,0
"1157","Maxaranguape","maxaranguape","maxaranguape","Rio Grande do Norte","RN","162.946428571429","10753.7468112245","0.608","10255",2377,2,0,0.000841396718552798,3,1,2,"Menor porte",2,8.41396718552798
"1158","Messias Targino","messias targino","messias targino","Rio Grande do Norte","RN","291.756581786793","19044.6698316789","0.644","4274",1632,NA,NA,NA,1,1,3,"Menor porte",0,0
"1159","Montanhas","montanhas","montanhas","Rio Grande do Norte","RN","274.446823697359","8906.40613847252","0.557","11444",3508,NA,NA,NA,3,1,2,"Menor porte",0,0
"1160","Monte Alegre","monte alegre","monte alegre","Rio Grande do Norte","RN","231.573352232459","10615.5652019844","0.609","23031",6283,NA,NA,NA,3,3,2,"Médio porte",0,0
"1161","Monte das Gameleiras","monte das gameleiras","monte das gameleiras","Rio Grande do Norte","RN","240.882917466411","12188.0998080614","0.598","2276",604,NA,NA,NA,3,3,2,"Menor porte",0,0
"1162","Mossoró","mossoró","mossoro","Rio Grande do Norte","RN","564.320832418551","23039.3456147004","0.72","264577",198977,32,11,0.000216105379013655,2,2,1,"Maior porte",43,2.16105379013655
"1163","Natal","natal","natal","Rio Grande do Norte","RN","470.736007546492","27912.4820321624","0.763","751300",452626,96,4,0.000220932955685268,2,1,1,"Maior porte",100,2.20932955685268
"1164","Nísia Floresta","nísia floresta","nisia floresta","Rio Grande do Norte","RN","232.693822034505","14965.3160569833","0.622","31942",7938,NA,NA,NA,3,3,2,"Médio porte",0,0
"1165","Nova Cruz","nova cruz","nova cruz","Rio Grande do Norte","RN","363.711615487316","13006.9959946595","0.629","34204",15661,NA,NA,NA,2,3,3,"Médio porte",0,0
"1166","Olho d'Água do Borges","olho d'água do borges","olho dagua do borges","Rio Grande do Norte","RN","266.965127238454","9768.37888784166","0.585","3905",1400,NA,NA,NA,3,3,2,"Menor porte",0,0
"1167","Ouro Branco","ouro branco","ouro branco","Rio Grande do Norte","RN","306.253895699148","11103.8853106171","0.645","4913",1681,NA,NA,NA,3,1,2,"Menor porte",0,0
"1168","Paraná","paraná","parana","Rio Grande do Norte","RN","250.467726847521","8681.47801683817","0.589","3934",1258,NA,NA,NA,3,3,2,"Menor porte",0,0
"1169","Paraú","paraú","parau","Rio Grande do Norte","RN","270.4","11707.2","0.603","3579",1194,NA,NA,NA,3,1,2,"Menor porte",0,0
"1170","Parazinho","parazinho","parazinho","Rio Grande do Norte","RN","198.406676783005","65519.157814871","0.549","4801",1210,NA,NA,NA,3,1,2,"Menor porte",0,0
"1171","Parelhas","parelhas","parelhas","Rio Grande do Norte","RN","466.23346484103","17502.5760037132","0.676","21499",11957,NA,NA,NA,3,1,3,"Médio porte",0,0
"1172","Parnamirim","parnamirim","parnamirim","Rio Grande do Norte","RN","411.390224539013","20952.234904657","0.766","252716",129472,9,6,0.00011585516559565,2,2,1,"Maior porte",15,1.1585516559565
"1173","Passa e Fica","passa e fica","passa e fica","Rio Grande do Norte","RN","276.532581267627","9106.35297610212","0.606","11102",4430,NA,NA,NA,1,1,2,"Menor porte",0,0
"1174","Passagem","passagem","passagem","Rio Grande do Norte","RN","256.286266924565","11004.1908446164","0.589","3115",901,NA,NA,NA,1,1,2,"Menor porte",0,0
"1175","Patu","patu","patu","Rio Grande do Norte","RN","429.3075181513","10928.8000624561","0.618","11007",6478,NA,NA,NA,3,3,3,"Menor porte",0,0
"1176","Pau dos Ferros","pau dos ferros","pau dos ferros","Rio Grande do Norte","RN","698.398692810458","18880.8169934641","0.678","30479",25458,5,4,0.000353523450388876,NA,NA,NA,"Médio porte",9,3.53523450388876
"1177","Pedra Grande","pedra grande","pedra grande","Rio Grande do Norte","RN","257.267896217568","74536.4176305095","0.559","3618",929,NA,NA,NA,1,1,2,"Menor porte",0,0
"1178","Pedra Preta","pedra preta","pedra preta","Rio Grande do Norte","RN","269.483182936833","12310.9105824446","0.558","2441",735,NA,NA,NA,NA,NA,NA,"Menor porte",0,0
"1179","Pedro Avelino","pedro avelino","pedro avelino","Rio Grande do Norte","RN","187.734856455734","9266.49631745077","0.583","6242",1379,NA,NA,NA,NA,NA,NA,"Menor porte",0,0
"1180","Pedro Velho","pedro velho","pedro velho","Rio Grande do Norte","RN","223.389921853948","9693.5462139585","0.568","13824",3809,NA,NA,NA,2,1,2,"Menor porte",0,0
"1181","Pendências","pendências","pendencias","Rio Grande do Norte","RN","231.272917757988","35778.2870612886","0.631","12278",3914,NA,NA,NA,1,1,2,"Menor porte",0,0
"1182","Pilões","pilões","piloes","Rio Grande do Norte","RN","218.919617472215","9809.76996639959","0.614","2965",1033,NA,NA,NA,3,1,2,"Menor porte",0,0
"1183","Poço Branco","poço branco","poco branco","Rio Grande do Norte","RN","168.244156847595","7589.72377824995","0.587","12390",3059,NA,NA,NA,1,1,2,"Menor porte",0,0
"1184","Portalegre","portalegre","portalegre","Rio Grande do Norte","RN","327.219833038199","8141.15861371111","0.621","7601",3178,NA,NA,NA,3,1,2,"Menor porte",0,0
"1185","Porto do Mangue","porto do mangue","porto do mangue","Rio Grande do Norte","RN","163.140141061024","24601.9625881631","0.59","5228",1239,NA,NA,NA,NA,NA,NA,"Menor porte",0,0
"1186","Pureza","pureza","pureza","Rio Grande do Norte","RN","211.949814890991","12937.0629370629","0.567","9362",2258,NA,NA,NA,3,1,2,"Menor porte",0,0
"1187","Rafael Fernandes","rafael fernandes","rafael fernandes","Rio Grande do Norte","RN","419.656786271451","9081.51326053042","0.608","5432",2640,NA,NA,NA,1,1,3,"Menor porte",0,0
"1188","Rafael Godeiro","rafael godeiro","rafael godeiro","Rio Grande do Norte","RN","240.336658354115","11140.5860349127","0.654","2934",936,NA,NA,NA,3,3,2,"Menor porte",0,0
"1189","Riacho da Cruz","riacho da cruz","riacho da cruz","Rio Grande do Norte","RN","221.084670724958","9550.35971223022","0.584","2701",915,NA,NA,NA,NA,NA,NA,"Menor porte",0,0
"1190","Riacho de Santana","riacho de santana","riacho de santana","Rio Grande do Norte","RN","287.449392712551","9213.62229102167","0.591","4127",1467,NA,NA,NA,3,1,2,"Menor porte",0,0
"1191","Riachuelo","riachuelo","riachuelo","Rio Grande do Norte","RN","187.226277372263","8822.38442822384","0.592","7389",1848,NA,NA,NA,NA,NA,NA,"Menor porte",0,0
"1192","Rio do Fogo","rio do fogo","rio do fogo","Rio Grande do Norte","RN","186.244841815681","15011.5543328748","0.569","10351",2343,NA,NA,NA,3,1,2,"Menor porte",0,0
"1193","Rodolfo Fernandes","rodolfo fernandes","rodolfo fernandes","Rio Grande do Norte","RN","346.48139847602","10092.5593904079","0.604","4242",1950,NA,NA,NA,3,3,2,"Menor porte",0,0
"1194","Ruy Barbosa","ruy barbosa","ruy barbosa","Rio Grande do Norte","RN","190.144766146993","9876.39198218263","0.605","3206",791,NA,NA,NA,NA,NA,NA,"Menor porte",0,0
"1195","Santa Cruz","santa cruz","santa cruz","Rio Grande do Norte","RN","439.581874562369","16339.4518355507","0.635","37313",20939,3,1,0.000191031090309948,3,1,3,"Médio porte",4,1.91031090309948
"1196","Santa Maria","santa maria","santa maria","Rio Grande do Norte","RN","241.06030955346","13044.2981675858","0.59","4847",1566,NA,NA,NA,NA,NA,NA,"Menor porte",0,0
"1197","Santana do Matos","santana do matos","santana do matos","Rio Grande do Norte","RN","269.404483104717","11118.0160588826","0.591","12456",3704,NA,NA,NA,NA,NA,NA,"Menor porte",0,0
"1198","Santana do Seridó","santana do seridó","santana do serido","Rio Grande do Norte","RN","278.17032354035","12650.0557828189","0.642","2696",932,NA,NA,NA,NA,NA,NA,"Menor porte",0,0
"1199","Santo Antônio","santo antônio","santo antonio","Rio Grande do Norte","RN","289.909390444811","9852.75947281713","0.62","22177",8287,NA,NA,NA,3,1,3,"Médio porte",0,0
"1200","São Bento do Norte","são bento do norte","sao bento do norte","Rio Grande do Norte","RN","268.310636731689","129713.654766286","0.555","3304",873,NA,NA,NA,NA,NA,NA,"Menor porte",0,0
"1201","São Bento do Trairí","são bento do trairí","sao bento do trairi","Rio Grande do Norte","RN","207.563959955506","9474.74972191324","0.595","3792",1143,NA,NA,NA,NA,NA,NA,"Menor porte",0,0
"1202","São Fernando","são fernando","sao fernando","Rio Grande do Norte","RN","257.858136300417","15621.9749652295","0.608","3492",1143,NA,NA,NA,1,1,2,"Menor porte",0,0
"1203","São Francisco do Oeste","são francisco do oeste","sao francisco do oeste","Rio Grande do Norte","RN","377.673325499412","10915.8636897767","0.628","4161",1874,NA,NA,NA,3,1,3,"Menor porte",0,0
"1204","São Gonçalo do Amarante","são gonçalo do amarante","sao goncalo do amarante","Rio Grande do Norte","RN","257.051084188595","15474.3807392546","0.661","115838",34143,3,2,0.000146442901912544,1,2,3,"Maior porte",5,1.46442901912544
"1205","São João do Sabugi","são joão do sabugi","sao joao do sabugi","Rio Grande do Norte","RN","311.905912679233","11236.9904946029","0.655","5956",2235,NA,NA,NA,3,1,3,"Menor porte",0,0
"1206","São José de Mipibu","são josé de mipibu","sao jose de mipibu","Rio Grande do Norte","RN","299.868885070983","18423.5238267474","0.611","47286",16515,9,0,0.000544959128065395,1,1,3,"Médio porte",9,5.44959128065395
"1207","São José do Campestre","são josé do campestre","sao jose do campestre","Rio Grande do Norte","RN","155.369205683671","7852.24008075161","0.615","11121",2416,NA,NA,NA,3,1,2,"Menor porte",0,0
"1208","São José do Seridó","são josé do seridó","sao jose do serido","Rio Grande do Norte","RN","317.041800643087","25589.4962486602","0.694","4558",1651,NA,NA,NA,NA,NA,NA,"Menor porte",0,0
"1209","São Miguel","são miguel","sao miguel","Rio Grande do Norte","RN","398.816317903192","10191.8833227647","0.606","23537",14022,NA,NA,NA,2,3,3,"Médio porte",0,0
"1210","São Miguel do Gostoso","são miguel do gostoso","sao miguel do gostoso","Rio Grande do Norte","RN","220.517274657402","32466.705269253","0.591","10221",2913,NA,NA,NA,NA,NA,NA,"Menor porte",0,0
"1211","São Paulo do Potengi","são paulo do potengi","sao paulo do potengi","Rio Grande do Norte","RN","282.900677200903","10565.0677200903","0.622","16786",5870,NA,NA,NA,2,3,2,"Menor porte",0,0
"1212","São Pedro","são pedro","sao pedro","Rio Grande do Norte","RN","239.29173693086","10767.6222596965","0.589","5776",1605,NA,NA,NA,3,1,2,"Menor porte",0,0
"1213","São Rafael","são rafael","sao rafael","Rio Grande do Norte","RN","256.9580078125","9708.1298828125","0.611","7711",2471,NA,NA,NA,1,1,2,"Menor porte",0,0
"1214","São Tomé","são tomé","sao tome","Rio Grande do Norte","RN","191.622184022437","9344.15995657288","0.585","9972",2359,NA,NA,NA,1,1,2,"Menor porte",0,0
"1215","São Vicente","são vicente","sao vicente","Rio Grande do Norte","RN","298.759689922481","10469.3023255814","0.642","6310",2301,NA,NA,NA,3,1,2,"Menor porte",0,0
"1216","Senador Elói de Souza","senador elói de souza","senador eloi de souza","Rio Grande do Norte","RN","220.009792720744","8231.27142157663","0.583","5807",1607,NA,NA,NA,NA,NA,NA,"Menor porte",0,0
"1217","Senador Georgino Avelino","senador georgino avelino","senador georgino avelino","Rio Grande do Norte","RN","184.656556645852","26812.2212310437","0.57","4065",950,NA,NA,NA,NA,NA,NA,"Menor porte",0,0
"1218","Serra Caiada","serra caiada","serra caiada","Rio Grande do Norte","RN","182.189697776088","8214.59798517392","0.563","10743",2299,NA,NA,NA,3,2,2,"Menor porte",0,0
"1219","Serra de São Bento","serra de são bento","serra de sao bento","Rio Grande do Norte","RN","205.007824726135","8548.07859502695","0.582","5703",1399,NA,NA,NA,3,3,2,"Menor porte",0,0
"1220","Serra do Mel","serra do mel","serra do mel","Rio Grande do Norte","RN","301.994537780353","31501.8621203344","0.614","13091",4525,NA,NA,NA,1,1,2,"Menor porte",0,0
"1221","Serra Negra do Norte","serra negra do norte","serra negra do norte","Rio Grande do Norte","RN","280.400395452299","11210.70192783","0.597","7597",2606,NA,NA,NA,3,1,2,"Menor porte",0,0
"1222","Serrinha","serrinha","serrinha","Rio Grande do Norte","RN","300.097118808676","10180.1553900939","0.592","6436",2225,NA,NA,NA,1,1,2,"Menor porte",0,0
"1223","Serrinha dos Pintos","serrinha dos pintos","serrinha dos pintos","Rio Grande do Norte","RN","312.5","9115.6561461794","0.598","4659",1976,NA,NA,NA,1,1,2,"Menor porte",0,0
"1224","Severiano Melo","severiano melo","severiano melo","Rio Grande do Norte","RN","1124.04214559387","21254.3103448276","0.604","5487",2776,NA,NA,NA,NA,NA,NA,"Menor porte",0,0
"1225","Sítio Novo","sítio novo","sitio novo","Rio Grande do Norte","RN","158.244919978421","8250.13486782953","0.572","4654",1046,NA,NA,NA,NA,NA,NA,"Menor porte",0,0
"1226","Taboleiro Grande","taboleiro grande","taboleiro grande","Rio Grande do Norte","RN","283.062645011601","10733.5653518948","0.612","2338",841,NA,NA,NA,3,3,2,"Menor porte",0,0
"1227","Taipu","taipu","taipu","Rio Grande do Norte","RN","188.582581117346","10125.9656826868","0.569","11422",2683,NA,NA,NA,3,1,2,"Menor porte",0,0
"1228","Tangará","tangará","tangara","Rio Grande do Norte","RN","254.080282311425","9821.79091310101","0.608","13281",4734,1,0,0.000211237853823405,1,1,2,"Menor porte",1,2.11237853823405
"1229","Tenente Ananias","tenente ananias","tenente ananias","Rio Grande do Norte","RN","324.91939198526","9039.06034085675","0.592","10262",3925,NA,NA,NA,3,1,2,"Menor porte",0,0
"1230","Tenente Laurentino Cruz","tenente laurentino cruz","tenente laurentino cruz","Rio Grande do Norte","RN","291.742814421","21807.7753779698","0.623","5891",2156,NA,NA,NA,3,1,2,"Menor porte",0,0
"1231","Tibau","tibau","tibau","Rio Grande do Norte","RN","378.502415458937","24887.6811594203","0.635","5382",2051,NA,NA,NA,NA,NA,NA,"Menor porte",0,0
"1232","Tibau do Sul","tibau do sul","tibau do sul","Rio Grande do Norte","RN","286.288088642659","26155.2631578947","0.645","16929",5232,NA,NA,NA,NA,NA,NA,"Menor porte",0,0
"1233","Timbaúba dos Batistas","timbaúba dos batistas","timbauba dos batistas","Rio Grande do Norte","RN","261.049153242462","14496.0760016522","0.64","2348",746,NA,NA,NA,NA,NA,NA,"Menor porte",0,0
"1234","Touros","touros","touros","Rio Grande do Norte","RN","225.173865027013","20299.6149598543","0.572","33035",9003,NA,NA,NA,1,3,2,"Médio porte",0,0
"1235","Triunfo Potiguar","triunfo potiguar","triunfo potiguar","Rio Grande do Norte","RN","241.293532338308","12674.4402985075","0.602","3376",997,NA,NA,NA,NA,NA,NA,"Menor porte",0,0
"1236","Umarizal","umarizal","umarizal","Rio Grande do Norte","RN","345.437262357414","12944.6768060836","0.618","10078",4167,NA,NA,NA,3,1,2,"Menor porte",0,0
"1237","Upanema","upanema","upanema","Rio Grande do Norte","RN","251.959459459459","11803.5135135135","0.596","13577",4539,NA,NA,NA,1,1,2,"Menor porte",0,0
"1238","Várzea","várzea","varzea","Rio Grande do Norte","RN","206.890299184044","8846.7815049864","0.626","5233",1304,NA,NA,NA,3,1,2,"Menor porte",0,0
"1239","Venha-Ver","venha-ver","venha-ver","Rio Grande do Norte","RN","178.359096313912","9178.12128418549","0.555","3014",944,NA,NA,NA,NA,NA,NA,"Menor porte",0,0
"1240","Vera Cruz","vera cruz","vera cruz","Rio Grande do Norte","RN","288.517844425101","9441.08570072011","0.587","10735",4335,NA,NA,NA,3,1,2,"Menor porte",0,0
"1241","Viçosa","viçosa","vicosa","Rio Grande do Norte","RN","263.188405797101","11140.8695652174","0.592","1822",552,NA,NA,NA,NA,NA,NA,"Menor porte",0,0
"1242","Vila Flor","vila flor","vila flor","Rio Grande do Norte","RN","245.460237946149","12999.3738259236","0.576","3174",914,NA,NA,NA,NA,NA,NA,"Menor porte",0,0
"1243","Água Branca","água branca","agua branca","Paraíba","PB","87.8129245099942","8017.75664661362","0.572","9335",1261,NA,NA,NA,1,3,2,"Menor porte",0,0
"1244","Aguiar","aguiar","aguiar","Paraíba","PB","211.545293072824","8913.3214920071","0.597","5003",1517,NA,NA,NA,1,1,2,"Menor porte",0,0
"1245","Alagoa Grande","alagoa grande","alagoa grande","Paraíba","PB","216.885263194908","9718.80164562748","0.582","26062",7481,NA,NA,NA,3,3,2,"Médio porte",0,0
"1246","Alagoa Nova","alagoa nova","alagoa nova","Paraíba","PB","223.172888485254","15577.7448496726","0.576","21013",5795,NA,NA,NA,3,2,2,"Médio porte",0,0
"1247","Alagoinha","alagoinha","alagoinha","Paraíba","PB","213.667582417582","7895.87912087912","0.595","13725",3830,NA,NA,NA,1,1,2,"Menor porte",0,0
"1248","Alcantil","alcantil","alcantil","Paraíba","PB","148.847340715193","7953.34906516609","0.578","5578",1004,NA,NA,NA,NA,NA,NA,"Menor porte",0,0
"1249","Algodão de Jandaíra","algodão de jandaíra","algodao de jandaira","Paraíba","PB","161.816065192084","9904.54016298021","0.548","2953",530,NA,NA,NA,3,2,2,"Menor porte",0,0
"1250","Alhandra","alhandra","alhandra","Paraíba","PB","288.53855122421","95387.6413037968","0.582","21730",7439,3,0,0.000403280010754134,2,1,3,"Menor porte",3,4.03280010754134
"1251","Amparo","amparo","amparo","Paraíba","PB","165.704131497112","11641.0484229231","0.606","2234",457,NA,NA,NA,3,2,2,"Menor porte",0,0
"1252","Aparecida","aparecida","aparecida","Paraíba","PB","243.70247148289","10151.1406844106","0.578","7960",2484,6,0,0.00241545893719807,3,1,2,"Menor porte",6,24.1545893719807
"1253","Araçagi","araçagi","aracagi","Paraíba","PB","281.957331127002","9635.06884935878","0.549","16646",5757,NA,NA,NA,3,1,2,"Menor porte",0,0
"1254","Arara","arara","arara","Paraíba","PB","155.663860581893","7575.32122286221","0.548","12212",2628,NA,NA,NA,3,2,2,"Menor porte",0,0
"1255","Araruna","araruna","araruna","Paraíba","PB","201.485608170845","8451.98651224161","0.567","17189",4816,NA,NA,NA,2,3,2,"Médio porte",0,0
"1256","Areia","areia","areia","Paraíba","PB","261.122881355932","10109.5515536723","0.594","22633",6864,NA,NA,NA,2,2,2,"Médio porte",0,0
"1257","Areia de Baraúnas","areia de baraúnas","areia de baraunas","Paraíba","PB","142.722117202268","9724.48015122873","0.562","2005",360,NA,NA,NA,NA,NA,NA,"Menor porte",0,0
"1258","Areial","areial","areial","Paraíba","PB","182.581471467198","7797.77999146151","0.608","7128",1627,NA,NA,NA,3,2,2,"Menor porte",0,0
"1259","Aroeiras","aroeiras","aroeiras","Paraíba","PB","144.538606403013","7648.35739694497","0.548","18705",3367,NA,NA,NA,1,1,2,"Menor porte",0,0
"1260","Assunção","assunção","assuncao","Paraíba","PB","141.970712335567","9746.58724249193","0.609","4152",718,NA,NA,NA,3,1,2,"Menor porte",0,0
"1261","Baía da Traição","baía da traição","baia da traicao","Paraíba","PB","176.671064204046","9778.36411609499","0.581","9224",1980,NA,NA,NA,3,1,2,"Menor porte",0,0
"1262","Bananeiras","bananeiras","bananeiras","Paraíba","PB","251.821900418449","11023.6494428511","0.568","23134",6513,NA,NA,NA,3,3,2,"Médio porte",0,0
"1263","Baraúna","baraúna","barauna","Paraíba","PB","120.467365028203","8956.48670427075","0.558","4762",834,NA,NA,NA,3,1,2,"Menor porte",0,0
"1264","Barra de Santa Rosa","barra de santa rosa","barra de santa rosa","Paraíba","PB","149.641866167645","8671.42027489191","0.562","12904",2944,NA,NA,NA,1,1,2,"Menor porte",0,0
"1265","Barra de Santana","barra de santana","barra de santana","Paraíba","PB","157.264343035094","9277.75781530722","0.567","8059",1610,NA,NA,NA,3,2,2,"Menor porte",0,0
"1266","Barra de São Miguel","barra de são miguel","barra de sao miguel","Paraíba","PB","91.5086562242374","10754.9876339654","0.572","5906",861,NA,NA,NA,3,1,2,"Menor porte",0,0
"1267","Bayeux","bayeux","bayeux","Paraíba","PB","316.584879067519","14298.9311029495","0.649","82742",35583,11,0,0.000309136385352556,1,3,3,"Médio porte",11,3.09136385352556
"1268","Belém","belém","belem","Paraíba","PB","233.945213216605","10735.1595594465","0.592","16401",4880,NA,NA,NA,1,1,2,"Menor porte",0,0
"1269","Belém do Brejo do Cruz","belém do brejo do cruz","belem do brejo do cruz","Paraíba","PB","155.939583616819","9293.37324806096","0.578","6268",1339,NA,NA,NA,3,1,2,"Menor porte",0,0
"1270","Bernardino Batista","bernardino batista","bernardino batista","Paraíba","PB","130.656108597285","10240.6674208145","0.558","3504",550,NA,NA,NA,1,1,2,"Menor porte",0,0
"1271","Boa Ventura","boa ventura","boa ventura","Paraíba","PB","216.88336159789","8321.46221970982","0.599","5207",1392,NA,NA,NA,3,1,2,"Menor porte",0,0
"1272","Boa Vista","boa vista","boa vista","Paraíba","PB","267.656950672646","20299.4674887892","0.649","6377",2257,NA,NA,NA,1,2,3,"Menor porte",0,0
"1273","Bom Jesus","bom jesus","bom jesus","Paraíba","PB","219.805825242718","11417.8640776699","0.597","2286",647,NA,NA,NA,NA,NA,NA,"Menor porte",0,0
"1274","Bom Sucesso","bom sucesso","bom sucesso","Paraíba","PB","271.388216303471","8564.76997578692","0.592","4661",1514,NA,NA,NA,3,1,2,"Menor porte",0,0
"1275","Bonito de Santa Fé","bonito de santa fé","bonito de santa fe","Paraíba","PB","194.975877557811","7884.96090500749","0.574","10252",2714,NA,NA,NA,3,1,2,"Menor porte",0,0
"1276","Boqueirão","boqueirão","boqueirao","Paraíba","PB","267.879127028539","12123.1673195299","0.607","17598",5900,NA,NA,NA,1,1,2,"Menor porte",0,0
"1277","Borborema","borborema","borborema","Paraíba","PB","187.819179118593","11050.8795157935","0.558","4214",1158,NA,NA,NA,3,1,2,"Menor porte",0,0
"1278","Brejo do Cruz","brejo do cruz","brejo do cruz","Paraíba","PB","266.50710967197","8820.70955934112","0.597","13613",4805,NA,NA,NA,3,1,2,"Menor porte",0,0
"1279","Brejo dos Santos","brejo dos santos","brejo dos santos","Paraíba","PB","250.309405940594","8518.25495049505","0.619","5742",1831,NA,NA,NA,NA,NA,NA,"Menor porte",0,0
"1280","Caaporã","caaporã","caapora","Paraíba","PB","166.659075381462","16602.0496470052","0.602","21193",4927,2,1,0.000608889790947838,3,3,2,"Médio porte",3,6.08889790947838
"1281","Cabaceiras","cabaceiras","cabaceiras","Paraíba","PB","213.566507684155","10342.6956368133","0.611","5335",1592,NA,NA,NA,3,2,2,"Menor porte",0,0
"1282","Cabedelo","cabedelo","cabedelo","Paraíba","PB","374.918202044585","42469.4693675746","0.748","66519",30445,12,1,0.000426999507308261,NA,NA,NA,"Médio porte",13,4.26999507308261
"1283","Cachoeira dos Índios","cachoeira dos índios","cachoeira dos indios","Paraíba","PB","210.868510431829","10758.1756428918","0.587","9151",2600,2,0,0.000769230769230769,3,1,2,"Menor porte",2,7.69230769230769
"1284","Cacimba de Areia","cacimba de areia","cacimba de areia","Paraíba","PB","185.385656292287","9446.27875507443","0.596","3291",900,NA,NA,NA,NA,NA,NA,"Menor porte",0,0
"1285","Cacimba de Dentro","cacimba de dentro","cacimba de dentro","Paraíba","PB","156.886715566422","7789.84747933403","0.564","16064",3295,NA,NA,NA,1,1,2,"Menor porte",0,0
"1286","Cacimbas","cacimbas","cacimbas","Paraíba","PB","164.189470759828","7952.07667731629","0.523","7223",1406,NA,NA,NA,3,1,2,"Menor porte",0,0
"1287","Caiçara","caiçara","caicara","Paraíba","PB","204.839382561535","7995.82811848144","0.592","6602",1651,NA,NA,NA,3,1,2,"Menor porte",0,0
"1288","Cajazeiras","cajazeiras","cajazeiras","Paraíba","PB","528.151037903964","18089.8874600652","0.679","63239",37986,6,3,0.000236929395040278,3,1,3,"Médio porte",9,2.36929395040278
"1289","Cajazeirinhas","cajazeirinhas","cajazeirinhas","Paraíba","PB","200.624024960998","11056.7862714509","0.55","2740",802,NA,NA,NA,NA,NA,NA,"Menor porte",0,0
"1290","Caldas Brandão","caldas brandão","caldas brandao","Paraíba","PB","265.464770095931","12006.2851472048","0.568","5753",1869,4,0,0.00214018191546281,2,1,2,"Menor porte",4,21.4018191546281
"1291","Camalaú","camalaú","camalau","Paraíba","PB","142.430774332615","9949.42795556293","0.567","6085",1221,NA,NA,NA,1,1,2,"Menor porte",0,0
"1292","Campina Grande","campina grande","campina grande","Paraíba","PB","460.159735021503","23093.4345457945","0.72","419379",215755,68,2,0.000324442075502306,2,1,1,"Maior porte",70,3.24442075502306
"1293","Capim","capim","capim","Paraíba","PB","184.592145015106","9396.22356495468","0.533","6970",1563,NA,NA,NA,3,1,2,"Menor porte",0,0
"1294","Caraúbas","caraúbas","caraubas","Paraíba","PB","93.6678614097969","9344.56391875747","0.585","3944",630,NA,NA,NA,2,1,2,"Menor porte",0,0
"1295","Carrapateira","carrapateira","carrapateira","Paraíba","PB","211.388165240045","10218.0870859695","0.603","2312",726,NA,NA,NA,NA,NA,NA,"Menor porte",0,0
"1296","Casserengue","casserengue","casserengue","Paraíba","PB","137.21829577277","8166.55554073877","0.514","6889",1283,NA,NA,NA,3,2,2,"Menor porte",0,0
"1297","Catingueira","catingueira","catingueira","Paraíba","PB","139.614994934144","9180.34447821682","0.574","4491",940,4,0,0.00425531914893617,NA,NA,NA,"Menor porte",4,42.5531914893617
"1298","Catolé do Rocha","catolé do rocha","catole do rocha","Paraíba","PB","456.557163342459","14289.0105592491","0.64","30661",16496,NA,NA,NA,2,3,3,"Médio porte",0,0
"1299","Caturité","caturité","caturite","Paraíba","PB","303.179487179487","10720.2051282051","0.623","5254",1719,NA,NA,NA,NA,NA,NA,"Menor porte",0,0
"1300","Conceição","conceição","conceicao","Paraíba","PB","263.27142631662","9491.13484505708","0.592","18260",6047,NA,NA,NA,1,1,2,"Menor porte",0,0
"1301","Condado","condado","condado","Paraíba","PB","232.352057674977","9052.71853409432","0.594","6451",1908,8,1,0.00471698113207547,2,1,2,"Menor porte",9,47.1698113207547
"1302","Conde","conde","conde","Paraíba","PB","261.855257896841","32311.8352658936","0.618","27605",8819,NA,NA,NA,3,3,3,"Médio porte",0,0
"1303","Congo","congo","congo","Paraíba","PB","164.40359306455","10760.601629413","0.581","4933",1234,NA,NA,NA,NA,NA,NA,"Menor porte",0,0
"1304","Coremas","coremas","coremas","Paraíba","PB","334.693348876368","9231.72074347516","0.592","14683",6035,NA,NA,NA,3,1,2,"Menor porte",0,0
"1305","Coxixola","coxixola","coxixola","Paraíba","PB","198.449612403101","10745.7364341085","0.641","1824",484,NA,NA,NA,1,1,2,"Menor porte",0,0
"1306","Cruz do Espírito Santo","cruz do espírito santo","cruz do espirito santo","Paraíba","PB","236.58438806483","8688.79216539717","0.552","17095",5155,2,0,0.000387972841901067,3,1,2,"Menor porte",2,3.87972841901067
"1307","Cubati","cubati","cubati","Paraíba","PB","155.005107252298","8445.73544433095","0.566","7580",1485,NA,NA,NA,1,1,2,"Menor porte",0,0
"1308","Cuité","cuité","cuite","Paraíba","PB","177.436805350644","10896.1837316809","0.591","19719",4475,NA,NA,NA,3,1,2,"Médio porte",0,0
"1309","Cuité de Mamanguape","cuité de mamanguape","cuite de mamanguape","Paraíba","PB","225.141598489616","9528.63436123348","0.524","6251",1739,NA,NA,NA,2,1,2,"Menor porte",0,0
"1310","Cuitegi","cuitegi","cuitegi","Paraíba","PB","237.933579335793","9420.22140221402","0.57","6730",1932,NA,NA,NA,3,1,2,"Menor porte",0,0
"1311","Curral de Cima","curral de cima","curral de cima","Paraíba","PB","234.189344576466","9433.11613645075","0.529","5254",1491,NA,NA,NA,3,1,2,"Menor porte",0,0
"1312","Curral Velho","curral velho","curral velho","Paraíba","PB","177.547770700637","9311.70382165605","0.606","2292",562,NA,NA,NA,3,1,2,"Menor porte",0,0
"1313","Damião","damião","damiao","Paraíba","PB","114.711359404097","7996.27560521415","0.521","4982",781,NA,NA,NA,1,2,2,"Menor porte",0,0
"1314","Desterro","desterro","desterro","Paraíba","PB","252.675886951293","7403.96873120866","0.58","8067",2628,NA,NA,NA,2,1,2,"Menor porte",0,0
"1315","Diamante","diamante","diamante","Paraíba","PB","214.920343137255","8423.86642156863","0.593","6299",1680,NA,NA,NA,3,1,2,"Menor porte",0,0
"1316","Dona Inês","dona inês","dona ines","Paraíba","PB","181.023720349563","7893.97868049553","0.545","10380",2281,NA,NA,NA,3,1,2,"Menor porte",0,0
"1317","Duas Estradas","duas estradas","duas estradas","Paraíba","PB","234.785036292574","11297.0407593523","0.603","3327",935,NA,NA,NA,3,1,2,"Menor porte",0,0
"1318","Emas","emas","emas","Paraíba","PB","133.371008759537","9652.16162757841","0.595","3011",603,NA,NA,NA,3,1,2,"Menor porte",0,0
"1319","Esperança","esperança","esperanca","Paraíba","PB","306.967077321606","13274.7974336576","0.623","31231",12460,NA,NA,NA,3,1,3,"Médio porte",0,0
"1320","Fagundes","fagundes","fagundes","Paraíba","PB","226.749888542131","8302.63040570664","0.56","11049",2943,NA,NA,NA,3,1,2,"Menor porte",0,0
"1321","Frei Martinho","frei martinho","frei martinho","Paraíba","PB","110.7393777183","9843.42589494814","0.641","2846",385,NA,NA,NA,1,3,2,"Menor porte",0,0
"1322","Gado Bravo","gado bravo","gado bravo","Paraíba","PB","134.891003251837","8042.39431530772","0.513","8179",1411,NA,NA,NA,3,2,2,"Menor porte",0,0
"1323","Guarabira","guarabira","guarabira","Paraíba","PB","395.584876934788","18303.4593588768","0.673","57484",27340,NA,NA,NA,3,1,3,"Médio porte",0,0
"1324","Gurinhém","gurinhém","gurinhem","Paraíba","PB","215.261555885892","9215.04919657394","0.556","13766",3631,1,0,0.000275406224180667,3,1,2,"Menor porte",1,2.75406224180667
"1325","Gurjão","gurjão","gurjao","Paraíba","PB","176.078772082247","9382.56588473791","0.625","3242",745,NA,NA,NA,3,1,2,"Menor porte",0,0
"1326","Ibiara","ibiara","ibiara","Paraíba","PB","238.353379637472","8424.86871082501","0.586","5631",1647,NA,NA,NA,3,1,2,"Menor porte",0,0
"1327","Igaracy","igaracy","igaracy","Paraíba","PB","260.44226044226","9054.38165438165","0.61","5648",1937,NA,NA,NA,3,1,2,"Menor porte",0,0
"1328","Imaculada","imaculada","imaculada","Paraíba","PB","101.282916948008","7086.59689399055","0.557","10392",1610,NA,NA,NA,1,1,2,"Menor porte",0,0
"1329","Ingá","ingá","inga","Paraíba","PB","301.752645502646","9896.7151675485","0.592","17692",6506,2,0,0.000307408545957578,3,1,2,"Menor porte",2,3.07408545957578
"1330","Itabaiana","itabaiana","itabaiana","Paraíba","PB","300.790368155944","12630.3288422949","0.613","23182",9245,NA,NA,NA,3,1,3,"Médio porte",0,0
"1331","Itaporanga","itaporanga","itaporanga","Paraíba","PB","339.858224585146","12093.1206702111","0.615","23940",10078,4,0,0.000396904147648343,2,3,3,"Médio porte",4,3.96904147648343
"1332","Itapororoca","itapororoca","itapororoca","Paraíba","PB","294.002018806779","9727.83297030229","0.564","18382",6521,NA,NA,NA,1,1,2,"Menor porte",0,0
"1333","Itatuba","itatuba","itatuba","Paraíba","PB","183.460421205519","11307.0079883805","0.562","10499",2420,NA,NA,NA,NA,NA,NA,"Menor porte",0,0
"1334","Jacaraú","jacaraú","jacarau","Paraíba","PB","247.750865051903","9388.99653979239","0.558","14477",4236,NA,NA,NA,1,1,2,"Menor porte",0,0
"1335","Jericó","jericó","jerico","Paraíba","PB","277.0819883796","8806.06843124597","0.603","7516",2441,NA,NA,NA,3,1,2,"Menor porte",0,0
"1336","João Pessoa","joão pessoa","joao pessoa","Paraíba","PB","494.932789895182","25500.2929624189","0.763","833932",456413,170,8,0.00038999765563207,3,1,1,"Maior porte",178,3.8999765563207
"1337","Joca Claudino","joca claudino","joca claudino","Paraíba","PB","200.833649109511","10823.0390299356","0.622","2539",594,2,0,NA,3,1,2,"Menor porte",2,33.6700336700337
"1338","Juarez Távora","juarez távora","juarez tavora","Paraíba","PB","240.095285857573","7816.44934804413","0.579","7796",2496,NA,NA,NA,1,1,2,"Menor porte",0,0
"1339","Juazeirinho","juazeirinho","juazeirinho","Paraíba","PB","161.001202317193","10094.0539949721","0.567","17007",3838,NA,NA,NA,1,1,2,"Menor porte",0,0
"1340","Junco do Seridó","junco do seridó","junco do serido","Paraíba","PB","151.35510771369","10143.2939541348","0.617","6793",1408,NA,NA,NA,2,2,2,"Menor porte",0,0
"1341","Juripiranga","juripiranga","juripiranga","Paraíba","PB","133.790419716483","9600.85240433614","0.548","10012",2029,NA,NA,NA,3,1,2,"Menor porte",0,0
"1342","Juru","juru","juru","Paraíba","PB","123.464311097573","7706.36612854097","0.57","9234",1578,NA,NA,NA,3,1,2,"Menor porte",0,0
"1343","Lagoa","lagoa","lagoa","Paraíba","PB","211.691381904148","8209.97206103589","0.563","4415",1215,NA,NA,NA,3,1,2,"Menor porte",0,0
"1344","Lagoa de Dentro","lagoa de dentro","lagoa de dentro","Paraíba","PB","259.015122140364","9621.17099651027","0.57","7819",2284,NA,NA,NA,1,1,2,"Menor porte",0,0
"1345","Lagoa Seca","lagoa seca","lagoa seca","Paraíba","PB","298.258319151247","10178.8753304124","0.627","27730",10052,1,0,0.0000994826900119379,3,3,3,"Médio porte",1,0.994826900119379
"1346","Lastro","lastro","lastro","Paraíba","PB","280.353200883002","9632.45033112583","0.533","3162",1028,NA,NA,NA,3,1,2,"Menor porte",0,0
"1347","Livramento","livramento","livramento","Paraíba","PB","146.180316586373","8002.33998623538","0.566","6877",1338,NA,NA,NA,2,1,2,"Menor porte",0,0
"1348","Logradouro","logradouro","logradouro","Paraíba","PB","137.788967727169","9287.47997253376","0.583","4797",643,NA,NA,NA,3,1,2,"Menor porte",0,0
"1349","Lucena","lucena","lucena","Paraíba","PB","233.691539276525","13784.8494021492","0.583","12560",3665,NA,NA,NA,3,1,2,"Menor porte",0,0
"1350","Mãe d'Água","mãe d'água","mae dagua","Paraíba","PB","148.287071767942","8433.85846461615","0.542","3583",733,NA,NA,NA,3,1,2,"Menor porte",0,0
"1351","Malta","malta","malta","Paraíba","PB","237.482614742698","9336.23087621697","0.642","6046",1645,9,0,0.00547112462006079,1,1,2,"Menor porte",9,54.7112462006079
"1352","Mamanguape","mamanguape","mamanguape","Paraíba","PB","344.713753987948","15276.608472173","0.585","44599",18974,1,0,0.0000527036997997259,3,1,2,"Médio porte",1,0.527036997997259
"1353","Manaíra","manaíra","manaira","Paraíba","PB","89.9562522785272","7232.13634706526","0.543","10434",1565,NA,NA,NA,3,1,2,"Menor porte",0,0
"1354","Marcação","marcação","marcacao","Paraíba","PB","154.975153126083","9334.91274702415","0.529","8999",1730,NA,NA,NA,3,1,2,"Menor porte",0,0
"1355","Mari","mari","mari","Paraíba","PB","253.727247781945","9906.43007408762","0.548","21512",6598,NA,NA,NA,3,3,2,"Médio porte",0,0
"1356","Marizópolis","marizópolis","marizopolis","Paraíba","PB","218.515178839796","10495.6417192666","0.608","6705",1837,4,0,0.00217746325530757,2,1,2,"Menor porte",4,21.7746325530757
"1357","Massaranduba","massaranduba","massaranduba","Paraíba","PB","213.816259465638","8108.65837976854","0.567","14139",3823,1,0,0.000261574679571018,3,1,2,"Menor porte",1,2.61574679571018
"1358","Mataraca","mataraca","mataraca","Paraíba","PB","206.113128000937","24007.1436936409","0.536","8244",1979,NA,NA,NA,2,1,2,"Menor porte",0,0
"1359","Matinhas","matinhas","matinhas","Paraíba","PB","172.093023255814","10917.8294573643","0.541","4571",1045,NA,NA,NA,1,1,2,"Menor porte",0,0
"1360","Mato Grosso","mato grosso","mato grosso","Paraíba","PB","281.954887218045","9389.26862611073","0.565","2543",1064,NA,NA,NA,NA,NA,NA,"Menor porte",0,0
"1361","Maturéia","maturéia","matureia","Paraíba","PB","215.082956259427","8163.65007541478","0.572","6433",1779,NA,NA,NA,2,1,2,"Menor porte",0,0
"1362","Mogeiro","mogeiro","mogeiro","Paraíba","PB","220.194555463389","10223.7387828972","0.574","13899",3757,NA,NA,NA,3,1,2,"Menor porte",0,0
"1363","Montadas","montadas","montadas","Paraíba","PB","192.575810386894","8505.40257929592","0.59","5812",1423,NA,NA,NA,3,2,2,"Menor porte",0,0
"1364","Monte Horebe","monte horebe","monte horebe","Paraíba","PB","203.428335398596","7504.75010326311","0.587","4338",1222,NA,NA,NA,2,1,2,"Menor porte",0,0
"1365","Monteiro","monteiro","monteiro","Paraíba","PB","286.09457721413","17271.558041456","0.628","32277",13150,NA,NA,NA,2,1,3,"Médio porte",0,0
"1366","Mulungu","mulungu","mulungu","Paraíba","PB","202.678211840516","7945.12686266613","0.565","8791",2402,NA,NA,NA,1,1,2,"Menor porte",0,0
"1367","Natuba","natuba","natuba","Paraíba","PB","59.2287819347431","8227.82508850828","0.541","8945",781,NA,NA,NA,3,1,2,"Menor porte",0,0
"1368","Nazarezinho","nazarezinho","nazarezinho","Paraíba","PB","199.835300576448","8102.52539116113","0.562","7203",1763,NA,NA,NA,3,1,2,"Menor porte",0,0
"1369","Nova Floresta","nova floresta","nova floresta","Paraíba","PB","108.130999435347","8364.38923395445","0.601","9724",1454,NA,NA,NA,1,1,2,"Menor porte",0,0
"1370","Nova Olinda","nova olinda","nova olinda","Paraíba","PB","227.871621621622","8721.79054054054","0.573","5787",1761,NA,NA,NA,2,1,2,"Menor porte",0,0
"1371","Nova Palmeira","nova palmeira","nova palmeira","Paraíba","PB","136.317806009276","8769.71163541037","0.595","4259",780,NA,NA,NA,1,1,2,"Menor porte",0,0
"1372","Olho d'Água","olho d'água","olho dagua","Paraíba","PB","166.511915815537","8513.77282575054","0.572","6060",1365,6,0,0.0043956043956044,2,1,2,"Menor porte",6,43.956043956044
"1373","Olivedos","olivedos","olivedos","Paraíba","PB","204.493814693259","9708.15450643777","0.603","3580",997,NA,NA,NA,2,2,2,"Menor porte",0,0
"1374","Ouro Velho","ouro velho","ouro velho","Paraíba","PB","169.73079448457","10373.6047275115","0.614","2918",675,NA,NA,NA,NA,NA,NA,"Menor porte",0,0
"1375","Parari","parari","parari","Paraíba","PB","228.668941979522","11463.0261660978","0.584","1720",464,NA,NA,NA,3,1,2,"Menor porte",0,0
"1376","Passagem","passagem","passagem","Paraíba","PB","243.021346469622","9805.41871921182","0.62","2463",758,NA,NA,NA,NA,NA,NA,"Menor porte",0,0
"1377","Patos","patos","patos","Paraíba","PB","473.001700680272","17693.1658532978","0.701","103165",59874,20,2,0.000367438287069513,2,2,3,"Maior porte",22,3.67438287069513
"1378","Paulista","paulista","paulista","Paraíba","PB","273.204620728653","11139.7528071734","0.587","11834",4280,2,0,0.000467289719626168,NA,NA,NA,"Menor porte",2,4.67289719626168
"1379","Pedra Branca","pedra branca","pedra branca","Paraíba","PB","201.735928458706","8474.22409258285","0.599","3739",923,NA,NA,NA,NA,NA,NA,"Menor porte",0,0
"1380","Pedra Lavrada","pedra lavrada","pedra lavrada","Paraíba","PB","151.917964299278","9110.14052411698","0.574","6859",1418,NA,NA,NA,1,3,2,"Menor porte",0,0
"1381","Pedras de Fogo","pedras de fogo","pedras de fogo","Paraíba","PB","240.423369431886","14539.2352714401","0.59","29662",10230,0,1,0.0000977517106549365,1,3,2,"Médio porte",1,0.977517106549365
"1382","Pedro Régis","pedro régis","pedro regis","Paraíba","PB","163.722603859993","8169.93784756297","0.542","5766",1134,NA,NA,NA,NA,NA,NA,"Menor porte",0,0
"1383","Piancó","piancó","pianco","Paraíba","PB","338.650611383527","11781.0191794426","0.621","16441",6630,6,0,0.000904977375565611,NA,NA,NA,"Menor porte",6,9.04977375565611
"1384","Picuí","picuí","picui","Paraíba","PB","199.09188034188","10306.9444444444","0.608","18333",4381,NA,NA,NA,1,3,2,"Menor porte",0,0
"1385","Pilar","pilar","pilar","Paraíba","PB","225.849544961176","8578.52550722218","0.579","12311",3343,NA,NA,NA,3,1,2,"Menor porte",0,0
"1386","Pilões","pilões","piloes","Paraíba","PB","236.161800486618","11397.6581508516","0.56","6815",1857,NA,NA,NA,2,1,2,"Menor porte",0,0
"1387","Pilõezinhos","pilõezinhos","piloezinhos","Paraíba","PB","268.415741675076","9969.32391523713","0.564","5329",1657,NA,NA,NA,NA,NA,NA,"Menor porte",0,0
"1388","Pirpirituba","pirpirituba","pirpirituba","Paraíba","PB","230.725623582766","8414.68253968254","0.595","9340",2963,NA,NA,NA,3,1,2,"Menor porte",0,0
"1389","Pitimbu","pitimbu","pitimbu","Paraíba","PB","136.134889753567","14239.1180285344","0.57","16751",3788,NA,NA,NA,1,1,2,"Menor porte",0,0
"1390","Pocinhos","pocinhos","pocinhos","Paraíba","PB","167.201197348728","12969.1041265769","0.591","17469",3964,NA,NA,NA,1,3,2,"Menor porte",0,0
"1391","Poço Dantas","poço dantas","poco dantas","Paraíba","PB","178.258629572385","9541.4734672849","0.525","3830",823,2,0,0.00243013365735115,3,1,2,"Menor porte",2,24.3013365735115
"1392","Poço de José de Moura","poço de josé de moura","poco de jose de moura","Paraíba","PB","230.112981323495","9596.72584735993","0.612","4006",1128,NA,NA,NA,3,1,2,"Menor porte",0,0
"1393","Pombal","pombal","pombal","Paraíba","PB","411.743186391074","12687.915371014","0.634","32473",16026,9,0,0.000561587420441782,2,3,3,"Médio porte",9,5.61587420441782
"1394","Prata","prata","prata","Paraíba","PB","143.699858423785","12352.0528551203","0.608","3915",804,NA,NA,NA,1,1,2,"Menor porte",0,0
"1395","Princesa Isabel","princesa isabel","princesa isabel","Paraíba","PB","187.35402777188","10410.8454711453","0.606","21114",6965,NA,NA,NA,2,1,2,"Médio porte",0,0
"1396","Puxinanã","puxinanã","puxinana","Paraíba","PB","173.932028236664","7883.05072411033","0.617","14277",3084,NA,NA,NA,1,2,2,"Menor porte",0,0
"1397","Queimadas","queimadas","queimadas","Paraíba","PB","335.476131193553","11524.7515788044","0.608","47658",17678,7,0,0.000395972395067315,3,2,3,"Médio porte",7,3.95972395067315
"1398","Quixaba","quixaba","quixaba","Paraíba","PB","220.877458396369","11651.5380736258","0.622","1743",555,NA,NA,NA,NA,NA,NA,"Menor porte",0,0
"1399","Remígio","remígio","remigio","Paraíba","PB","248.560460652591","8804.82877058289","0.607","17885",6114,2,0,0.000327118089630357,3,2,2,"Menor porte",2,3.27118089630357
"1400","Riachão","riachão","riachao","Paraíba","PB","148.383531362255","8735.83862945565","0.574","2927",642,NA,NA,NA,NA,NA,NA,"Menor porte",0,0
"1401","Riachão do Bacamarte","riachão do bacamarte","riachao do bacamarte","Paraíba","PB","255.890772957498","9969.61021801365","0.553","4690",1514,NA,NA,NA,3,1,2,"Menor porte",0,0
"1402","Riachão do Poço","riachão do poço","riachao do poco","Paraíba","PB","291.629955947137","10464.0969162996","0.555","4738",1591,NA,NA,NA,NA,NA,NA,"Menor porte",0,0
"1403","Riacho de Santo Antônio","riacho de santo antônio","riacho de santo antonio","Paraíba","PB","157.041540020263","13317.6291793313","0.594","1955",381,NA,NA,NA,1,3,2,"Menor porte",0,0
"1404","Riacho dos Cavalos","riacho dos cavalos","riacho dos cavalos","Paraíba","PB","245.521601685985","9614.7992038403","0.568","8493",2436,NA,NA,NA,NA,NA,NA,"Menor porte",0,0
"1405","Rio Tinto","rio tinto","rio tinto","Paraíba","PB","271.987777686019","11023.1645883227","0.585","24581",7870,NA,NA,NA,3,3,2,"Médio porte",0,0
"1406","Salgadinho","salgadinho","salgadinho","Paraíba","PB","118.036123123887","7107.86059526838","0.563","3355",551,NA,NA,NA,2,1,2,"Menor porte",0,0
"1407","Salgado de São Félix","salgado de são félix","salgado de sao felix","Paraíba","PB","144.01121094716","9732.33863655099","0.568","11505",2275,NA,NA,NA,3,1,2,"Menor porte",0,0
"1408","Santa Cecília","santa cecília","santa cecilia","Paraíba","PB","62.3757835193395","8326.70845436478","0.525","7670",555,NA,NA,NA,NA,NA,NA,"Menor porte",0,0
"1409","Santa Cruz","santa cruz","santa cruz","Paraíba","PB","185.534113356633","8572.10150433065","0.618","5947",1424,NA,NA,NA,3,1,2,"Menor porte",0,0
"1410","Santa Helena","santa helena","santa helena","Paraíba","PB","211.548288196219","8830.8635666837","0.609","5865",1439,NA,NA,NA,3,1,2,"Menor porte",0,0
"1411","Santa Inês","santa inês","santa ines","Paraíba","PB","205.121068744782","8706.65182298915","0.572","3227",900,NA,NA,NA,NA,NA,NA,"Menor porte",0,0
"1412","Santa Luzia","santa luzia","santa luzia","Paraíba","PB","337.482172954752","14590.1076105277","0.682","14959",6614,6,0,0.000907166616268521,3,3,3,"Menor porte",6,9.07166616268521
"1413","Santa Rita","santa rita","santa rita","Paraíba","PB","301.188942038166","18716.5614602218","0.627","149910",49618,3,1,0.0000806159055181587,3,2,3,"Maior porte",4,0.806159055181587
"1414","Santa Teresinha","santa teresinha","santa teresinha","Paraíba","PB","286.497150372644","9849.18895221394","0.627","4402",1591,4,0,0.00251414204902577,3,1,2,"Menor porte",4,25.1414204902577
"1415","Santana de Mangueira","santana de mangueira","santana de mangueira","Paraíba","PB","194.774809904465","8582.37473191655","0.535","5010",1206,NA,NA,NA,3,1,2,"Menor porte",0,0
"1416","Santana dos Garrotes","santana dos garrotes","santana dos garrotes","Paraíba","PB","182.651016318351","8158.17348983682","0.594","6569",1622,2,0,0.00123304562268804,3,1,2,"Menor porte",2,12.3304562268804
"1417","Santo André","santo andré","santo andre","Paraíba","PB","214.02949382224","10351.9330410522","0.6","2622",655,NA,NA,NA,NA,NA,NA,"Menor porte",0,0
"1418","São Bentinho","são bentinho","sao bentinho","Paraíba","PB","189.005694261936","10701.7082785808","0.606","4327",1122,4,0,0.0035650623885918,3,1,2,"Menor porte",4,35.650623885918
"1419","São Bento","são bento","sao bento","Paraíba","PB","429.41998602376","13858.082925693","0.58","32235",18003,NA,NA,NA,2,3,3,"Médio porte",0,0
"1420","São Domingos","são domingos","sao domingos","Paraíba","PB","208.266063932838","9693.57442686471","0.548","2595",768,NA,NA,NA,3,1,2,"Menor porte",0,0
"1421","São Domingos do Cariri","são domingos do cariri","sao domingos do cariri","Paraíba","PB","196.197718631179","9064.25855513308","0.589","2585",738,NA,NA,NA,3,1,2,"Menor porte",0,0
"1422","São Francisco","são francisco","sao francisco","Paraíba","PB","284.278959810875","10376.1820330969","0.58","3137",1098,NA,NA,NA,NA,NA,NA,"Menor porte",0,0
"1423","São João do Cariri","são joão do cariri","sao joao do cariri","Paraíba","PB","264.34034416826","10623.5659655832","0.622","4226",1303,NA,NA,NA,1,1,2,"Menor porte",0,0
"1424","São João do Rio do Peixe","são joão do rio do peixe","sao joao do rio do peixe","Paraíba","PB","285.975812714967","10601.1871740819","0.608","17964",6092,6,0,0.000984898227183191,3,1,2,"Menor porte",6,9.84898227183191
"1425","São João do Tigre","são joão do tigre","sao joao do tigre","Paraíba","PB","91.5062287655719","8013.81653454134","0.552","4263",584,NA,NA,NA,NA,NA,NA,"Menor porte",0,0
"1426","São José da Lagoa Tapada","são josé da lagoa tapada","sao jose da lagoa tapada","Paraíba","PB","158.143194335169","8184.63152373459","0.53","7126",1421,NA,NA,NA,3,1,2,"Menor porte",0,0
"1427","São José de Caiana","são josé de caiana","sao jose de caiana","Paraíba","PB","198.870765370138","7514.42910915935","0.565","5034",1585,NA,NA,NA,2,1,2,"Menor porte",0,0
"1428","São José de Espinharas","são josé de espinharas","sao jose de espinharas","Paraíba","PB","153.350515463918","9694.80240549828","0.577","4083",877,4,0,0.00456100342075257,NA,NA,NA,"Menor porte",4,45.6100342075257
"1429","São José de Piranhas","são josé de piranhas","sao jose de piranhas","Paraíba","PB","286.192139308377","10065.8173053274","0.591","19067",7025,NA,NA,NA,3,3,2,"Médio porte",0,0
"1430","São José de Princesa","são josé de princesa","sao jose de princesa","Paraíba","PB","74.9367088607595","7764.81012658228","0.565","3416",461,NA,NA,NA,3,1,2,"Menor porte",0,0
"1431","São José do Bonfim","são josé do bonfim","sao jose do bonfim","Paraíba","PB","253.065774804905","8183.66778149387","0.578","3242",1081,NA,NA,NA,2,1,2,"Menor porte",0,0
"1432","São José do Brejo do Cruz","são josé do brejo do cruz","sao jose do brejo do cruz","Paraíba","PB","134.180011043622","13959.6907785754","0.581","1699",292,NA,NA,NA,NA,NA,NA,"Menor porte",0,0
"1433","São José do Sabugi","são josé do sabugi","sao jose do sabugi","Paraíba","PB","167.591029659995","22729.2018326501","0.617","4138",946,NA,NA,NA,2,1,2,"Menor porte",0,0
"1434","São José dos Cordeiros","são josé dos cordeiros","sao jose dos cordeiros","Paraíba","PB","135.986733001658","8909.61857379768","0.556","3411",630,NA,NA,NA,1,2,2,"Menor porte",0,0
"1435","São José dos Ramos","são josé dos ramos","sao jose dos ramos","Paraíba","PB","199.733244414805","8088.02934311437","0.541","5891",1582,NA,NA,NA,3,1,2,"Menor porte",0,0
"1436","São Mamede","são mamede","sao mamede","Paraíba","PB","241.885224616983","9102.05141521683","0.641","7470",2272,2,0,0.000880281690140845,3,1,2,"Menor porte",2,8.80281690140845
"1437","São Miguel de Taipu","são miguel de taipu","sao miguel de taipu","Paraíba","PB","156.140350877193","9226.18083670715","0.548","7066",1584,2,0,0.00126262626262626,3,1,2,"Menor porte",2,12.6262626262626
"1438","São Sebastião de Lagoa de Roça","são sebastião de lagoa de roça","sao sebastiao de lagoa de roca","Paraíba","PB","253.410641200546","8075.97203274216","0.594","11040",3661,NA,NA,NA,3,1,2,"Menor porte",0,0
"1439","São Sebastião do Umbuzeiro","são sebastião do umbuzeiro","sao sebastiao do umbuzeiro","Paraíba","PB","118.73576309795","9355.35307517084","0.581","3279",542,NA,NA,NA,NA,NA,NA,"Menor porte",0,0
"1440","São Vicente do Seridó","são vicente do seridó","sao vicente do serido","Paraíba","PB","128.779498525074","6687.77654867257","0.555","10291",1754,NA,NA,NA,1,1,2,"Menor porte",0,0
"1441","Sapé","sapé","sape","Paraíba","PB","318.934171653663","11404.0602984622","0.569","51306",20284,NA,NA,NA,1,3,2,"Médio porte",0,0
"1442","Serra Branca","serra branca","serra branca","Paraíba","PB","206.12185546023","9505.08942852988","0.628","13614",3706,NA,NA,NA,1,3,2,"Menor porte",0,0
"1443","Serra da Raiz","serra da raiz","serra da raiz","Paraíba","PB","154.263813478122","10569.1472373044","0.626","3094",569,NA,NA,NA,2,1,2,"Menor porte",0,0
"1444","Serra Grande","serra grande","serra grande","Paraíba","PB","196.844993141289","9612.82578875171","0.586","2942",704,NA,NA,NA,3,1,2,"Menor porte",0,0
"1445","Serra Redonda","serra redonda","serra redonda","Paraíba","PB","251.673550776243","9198.97450505626","0.57","6828",2113,NA,NA,NA,2,1,2,"Menor porte",0,0
"1446","Serraria","serraria","serraria","Paraíba","PB","155.899802241266","9506.59195781147","0.547","4885",1136,NA,NA,NA,3,1,2,"Menor porte",0,0
"1447","Sertãozinho","sertãozinho","sertaozinho","Paraíba","PB","246.217331499312","9530.75260365494","0.621","5054",1549,NA,NA,NA,3,1,2,"Menor porte",0,0
"1448","Sobrado","sobrado","sobrado","Paraíba","PB","348.816378758797","12072.4248240563","0.573","8236",3262,3,0,0.000919681177191907,1,1,2,"Menor porte",3,9.19681177191907
"1449","Solânea","solânea","solanea","Paraíba","PB","310.443436153582","11474.0153277157","0.595","26774",9737,NA,NA,NA,3,2,2,"Médio porte",0,0
"1450","Soledade","soledade","soledade","Paraíba","PB","281.750761488545","11791.0210568137","0.616","13968",5235,NA,NA,NA,3,1,2,"Menor porte",0,0
"1451","Sossêgo","sossêgo","sossego","Paraíba","PB","115.191986644407","9511.68614357262","0.573","3345",523,NA,NA,NA,NA,NA,NA,"Menor porte",0,0
"1452","Sousa","sousa","sousa","Paraíba","PB","453.594939976765","17611.1039398764","0.668","67259",36496,12,0,0.000328803156510303,2,3,3,"Médio porte",12,3.28803156510302
"1453","Sumé","sumé","sume","Paraíba","PB","247.313722036287","10845.1646996653","0.627","17166",5547,NA,NA,NA,3,1,2,"Menor porte",0,0
"1454","Tacima","tacima","tacima","Paraíba","PB","116.054334943933","7278.23867262285","0.551","8010",1428,NA,NA,NA,3,1,2,"Menor porte",0,0
"1455","Taperoá","taperoá","taperoa","Paraíba","PB","157.11417654297","7722.62159186581","0.578","14068",2913,NA,NA,NA,3,3,2,"Menor porte",0,0
"1456","Tavares","tavares","tavares","Paraíba","PB","96.0769699844163","8184.83637102785","0.586","14101",2207,NA,NA,NA,3,1,2,"Menor porte",0,0
"1457","Teixeira","teixeira","teixeira","Paraíba","PB","433.89296956978","9438.94281217209","0.605","14631",8044,NA,NA,NA,2,1,3,"Menor porte",0,0
"1458","Tenório","tenório","tenorio","Paraíba","PB","112.950340798442","9580.33106134372","0.581","2966",486,NA,NA,NA,1,2,2,"Menor porte",0,0
"1459","Triunfo","triunfo","triunfo","Paraíba","PB","263.52493660186","7914.20118343195","0.609","9892",2861,NA,NA,NA,1,1,2,"Menor porte",0,0
"1460","Uiraúna","uiraúna","uirauna","Paraíba","PB","373.59477124183","11384.1830065359","0.636","14930",6583,4,0,0.000607625702567219,1,1,3,"Menor porte",4,6.07625702567219
"1461","Umbuzeiro","umbuzeiro","umbuzeiro","Paraíba","PB","137.826657249521","7734.9409746746","0.584","9124",1613,NA,NA,NA,3,2,2,"Menor porte",0,0
"1462","Várzea","várzea","varzea","Paraíba","PB","188.313973952833","11093.2770151355","0.707","2668",646,NA,NA,NA,2,1,3,"Menor porte",0,0
"1463","Vieirópolis","vieirópolis","vieiropolis","Paraíba","PB","230.826507818317","7792.81459419211","0.571","4864",1460,NA,NA,NA,1,1,2,"Menor porte",0,0
"1464","Vista Serrana","vista serrana","vista serrana","Paraíba","PB","276.935146443515","9311.19246861925","0.566","3641",1295,NA,NA,NA,3,1,2,"Menor porte",0,0
"1465","Zabelê","zabelê","zabele","Paraíba","PB","148.115299334812","10426.1640798226","0.623","2228",435,NA,NA,NA,NA,NA,NA,"Menor porte",0,0
"1466","Abreu e Lima","abreu e lima","abreu e lima","Pernambuco","PE","301.038407111395","17693.9987642756","0.679","98462",33545,38,2,0.00119242808168132,NA,NA,NA,"Maior porte",40,11.9242808168132
"1467","Afogados da Ingazeira","afogados da ingazeira","afogados da ingazeira","Pernambuco","PE","528.847182119559","12415.8378783018","0.657","40004",23344,NA,NA,NA,3,1,3,"Médio porte",0,0
"1468","Afrânio","afrânio","afranio","Pernambuco","PE","268.601716304897","8587.27915194346","0.588","18674",5842,NA,NA,NA,1,1,2,"Menor porte",0,0
"1469","Agrestina","agrestina","agrestina","Pernambuco","PE","285.018950728107","11260.2832635149","0.592","23779",9152,NA,NA,NA,3,1,2,"Médio porte",0,0
"1470","Água Preta","água preta","agua preta","Pernambuco","PE","138.072380130522","6916.18575049889","0.553","26461",6389,NA,NA,NA,2,2,2,"Médio porte",0,0
"1471","Águas Belas","águas belas","aguas belas","Pernambuco","PE","215.606830563567","8291.55793618093","0.526","41548",11535,NA,NA,NA,3,2,2,"Médio porte",0,0
"1472","Alagoinha","alagoinha","alagoinha","Pernambuco","PE","203.560266340535","9525.68283734203","0.599","14033",3642,NA,NA,NA,1,2,2,"Menor porte",0,0
"1473","Aliança","aliança","alianca","Pernambuco","PE","197.202906477069","8623.6164283668","0.604","35741",8939,NA,NA,NA,3,2,2,"Médio porte",0,0
"1474","Altinho","altinho","altinho","Pernambuco","PE","199.051514096763","7686.34702401671","0.598","20674",5700,NA,NA,NA,NA,NA,NA,"Médio porte",0,0
"1475","Amaraji","amaraji","amaraji","Pernambuco","PE","154.481853957149","9821.60034980324","0.58","18205",4377,NA,NA,NA,2,2,2,"Médio porte",0,0
"1476","Angelim","angelim","angelim","Pernambuco","PE","183.057188669161","12283.983609478","0.572","10238",2569,NA,NA,NA,1,2,2,"Menor porte",0,0
"1477","Araçoiaba","araçoiaba","aracoiaba","Pernambuco","PE","161.385231273815","7215.79125066319","0.592","19243",4197,NA,NA,NA,1,2,2,"Médio porte",0,0
"1478","Araripina","araripina","araripina","Pernambuco","PE","382.282239819004","12351.3621794872","0.602","85088",37920,NA,NA,NA,3,2,3,"Médio porte",0,0
"1479","Arcoverde","arcoverde","arcoverde","Pernambuco","PE","387.145491967603","14632.4744059234","0.667","77742",33495,13,0,0.00038811762949694,2,1,3,"Médio porte",13,3.8811762949694
"1480","Barra de Guabiraba","barra de guabiraba","barra de guabiraba","Pernambuco","PE","141.902136457615","9331.90902825638","0.577","12263",2585,NA,NA,NA,1,2,2,"Menor porte",0,0
"1481","Barreiros","barreiros","barreiros","Pernambuco","PE","218.478159199327","10368.2069030025","0.586","40121",11997,2,0,0.000166708343752605,2,2,2,"Médio porte",2,1.66708343752605
"1482","Belém de Maria","belém de maria","belem de maria","Pernambuco","PE","167.629104108233","7008.00197987131","0.578","10561",2410,NA,NA,NA,3,2,2,"Menor porte",0,0
"1483","Belém do São Francisco","belém do são francisco","belem do sao francisco","Pernambuco","PE","222.672455378678","13931.5484804631","0.642","18301",5344,NA,NA,NA,3,2,3,"Médio porte",0,0
"1484","Belo Jardim","belo jardim","belo jardim","Pernambuco","PE","383.650423148643","25263.7865609556","0.629","79507",35097,5,1,0.000170954782460039,3,2,3,"Médio porte",6,1.70954782460039
"1485","Betânia","betânia","betania","Pernambuco","PE","223.658441049745","7139.36545240893","0.559","11649",3454,NA,NA,NA,1,1,2,"Menor porte",0,0
"1486","Bezerros","bezerros","bezerros","Pernambuco","PE","395.942838370565","12505.223390276","0.606","61794",28710,3,0,0.000104493207941484,1,2,3,"Médio porte",3,1.04493207941484
"1487","Bodocó","bodocó","bodoco","Pernambuco","PE","241.258012402939","7542.05534420762","0.565","34478",11153,NA,NA,NA,3,2,2,"Médio porte",0,0
"1488","Bom Conselho","bom conselho","bom conselho","Pernambuco","PE","260.688580392479","11398.9378063034","0.563","44103",14976,NA,NA,NA,3,2,2,"Médio porte",0,0
"1489","Bom Jardim","bom jardim","bom jardim","Pernambuco","PE","248.955806217642","8425.58087187054","0.602","37497",11928,NA,NA,NA,1,2,2,"Médio porte",0,0
"1490","Bonito","bonito","bonito","Pernambuco","PE","222.656557441562","11995.566282761","0.561","37316",10034,NA,NA,NA,3,2,2,"Médio porte",0,0
"1491","Brejão","brejão","brejao","Pernambuco","PE","201.290753310337","19515.1886057639","0.547","9079",2275,NA,NA,NA,1,2,2,"Menor porte",0,0
"1492","Brejinho","brejinho","brejinho","Pernambuco","PE","222.355769230769","8274.4391025641","0.574","7720",1885,NA,NA,NA,1,2,2,"Menor porte",0,0
"1493","Brejo da Madre de Deus","brejo da madre de deus","brejo da madre de deus","Pernambuco","PE","268.950707662274","7875.47096144461","0.562","48645",17314,NA,NA,NA,3,2,2,"Médio porte",0,0
"1494","Buenos Aires","buenos aires","buenos aires","Pernambuco","PE","197.801364670205","8476.80060652009","0.593","12808",3144,NA,NA,NA,NA,NA,NA,"Menor porte",0,0
"1495","Buíque","buíque","buique","Pernambuco","PE","146.421358135746","7490.82638877102","0.527","52097",10807,NA,NA,NA,2,2,2,"Médio porte",0,0
"1496","Cabo de Santo Agostinho","cabo de santo agostinho","cabo de santo agostinho","Pernambuco","PE","258.911478673712","47489.9446741711","0.686","203440",62665,18,0,0.000287241681959627,1,3,3,"Maior porte",18,2.87241681959627
"1497","Cabrobó","cabrobó","cabrobo","Pernambuco","PE","293.626641161638","11965.1044836681","0.623","30294",12645,NA,NA,NA,2,2,3,"Médio porte",0,0
"1498","Cachoeirinha","cachoeirinha","cachoeirinha","Pernambuco","PE","328.17911321399","10925.0768255207","0.579","19899",8420,NA,NA,NA,1,2,2,"Médio porte",0,0
"1499","Caetés","caetés","caetes","Pernambuco","PE","177.899252698588","11098.6714641572","0.522","28827",6895,4,0,0.000580130529369108,3,2,2,"Médio porte",4,5.80130529369108
"1500","Calçado","calçado","calcado","Pernambuco","PE","261.118170266836","9297.51316028317","0.566","11080",3553,NA,NA,NA,1,2,2,"Menor porte",0,0
"1501","Calumbi","calumbi","calumbi","Pernambuco","PE","297.02453453976","8939.79467548286","0.571","5228",2123,NA,NA,NA,3,2,2,"Menor porte",0,0
"1502","Camaragibe","camaragibe","camaragibe","Pernambuco","PE","297.031447649136","13423.3003354332","0.692","147771",54620,8,0,0.000146466495789088,3,3,3,"Maior porte",8,1.46466495789088
"1503","Camocim de São Félix","camocim de são félix","camocim de sao felix","Pernambuco","PE","206.825396825397","8761.32275132275","0.588","17419",5094,NA,NA,NA,3,2,2,"Menor porte",0,0
"1504","Camutanga","camutanga","camutanga","Pernambuco","PE","246.850209986001","16769.8320111993","0.606","7750",2293,NA,NA,NA,NA,NA,NA,"Menor porte",0,0
"1505","Canhotinho","canhotinho","canhotinho","Pernambuco","PE","226.577322084528","8504.21830218383","0.541","24344",6913,1,0,0.000144654997830175,3,2,2,"Médio porte",1,1.44654997830175
"1506","Capoeiras","capoeiras","capoeiras","Pernambuco","PE","198.822825219473","10429.9181963288","0.549","18415",5030,NA,NA,NA,1,2,2,"Médio porte",0,0
"1507","Carnaíba","carnaíba","carnaiba","Pernambuco","PE","264.266408281911","8037.48278851548","0.583","18907",5973,NA,NA,NA,1,2,2,"Menor porte",0,0
"1508","Carnaubeira da Penha","carnaubeira da penha","carnaubeira da penha","Pernambuco","PE","127.447216890595","6263.26295585413","0.573","12239",2032,NA,NA,NA,NA,NA,NA,"Menor porte",0,0
"1509","Carpina","carpina","carpina","Pernambuco","PE","375.508027726761","18855.6194087327","0.68","79293",36813,5,0,0.000135821584766251,1,2,3,"Médio porte",5,1.35821584766251
"1510","Caruaru","caruaru","caruaru","Pernambuco","PE","479.596362222745","20835.6977425413","0.677","377911",204557,54,1,0.000268873712461563,3,1,3,"Maior porte",55,2.68873712461563
"1511","Casinhas","casinhas","casinhas","Pernambuco","PE","237.054565701559","6634.04788418708","0.567","13119",4057,NA,NA,NA,1,2,2,"Menor porte",0,0
"1512","Catende","catende","catende","Pernambuco","PE","187.909552376557","6863.68251038302","0.609","32156",9827,NA,NA,NA,1,2,2,"Médio porte",0,0
"1513","Cedro","cedro","cedro","Pernambuco","PE","218.148179295265","8129.76200487764","0.615","10518",2959,NA,NA,NA,1,2,2,"Menor porte",0,0
"1514","Chã de Alegria","chã de alegria","cha de alegria","Pernambuco","PE","155.650634405429","11891.1183239894","0.604","12984",2679,NA,NA,NA,1,2,2,"Menor porte",0,0
"1515","Chã Grande","chã grande","cha grande","Pernambuco","PE","296.493238597295","10155.6268622507","0.599","20546",7911,1,0,0.00012640626975098,3,2,2,"Médio porte",1,1.2640626975098
"1516","Condado","condado","condado","Pernambuco","PE","258.7062805566","8774.23843550207","0.602","24587",8359,NA,NA,NA,3,2,2,"Médio porte",0,0
"1517","Correntes","correntes","correntes","Pernambuco","PE","161.648784760236","9536.73089555507","0.536","17131",3438,NA,NA,NA,1,2,2,"Menor porte",0,0
"1518","Cortês","cortês","cortes","Pernambuco","PE","161.942675159236","9169.58598726115","0.568","10356",2414,NA,NA,NA,3,3,2,"Menor porte",0,0
"1519","Cumaru","cumaru","cumaru","Pernambuco","PE","378.434065934066","9437.10753532182","0.572","15859",4430,NA,NA,NA,2,2,2,"Menor porte",0,0
"1520","Cupira","cupira","cupira","Pernambuco","PE","365.449054730484","11432.8796591238","0.592","23518",10903,NA,NA,NA,2,2,3,"Médio porte",0,0
"1521","Custódia","custódia","custodia","Pernambuco","PE","308.94983277592","13431.4381270903","0.594","37245",14432,4,0,0.000277161862527716,3,2,2,"Médio porte",4,2.77161862527716
"1522","Dormentes","dormentes","dormentes","Pernambuco","PE","272.655799570208","11564.128098957","0.589","17188",6103,NA,NA,NA,1,1,2,"Menor porte",0,0
"1523","Escada","escada","escada","Pernambuco","PE","258.659008254921","15325.1313282919","0.632","59872",20942,2,0,0.0000955018622863146,3,2,3,"Médio porte",2,0.955018622863146
"1524","Exu","exu","exu","Pernambuco","PE","278.757161745262","9101.17735944091","0.576","31843",9956,NA,NA,NA,3,2,2,"Médio porte",0,0
"1525","Feira Nova","feira nova","feira nova","Pernambuco","PE","288.713084910325","9114.0378477997","0.6","21427",7844,NA,NA,NA,NA,NA,NA,"Médio porte",0,0
"1526","Fernando de Noronha","fernando de noronha","fernando de noronha","Pernambuco","PE","446.63011931635","62222.1863914866","0.788","3167",1796,NA,NA,NA,NA,NA,NA,"Menor porte",0,0
"1527","Ferreiros","ferreiros","ferreiros","Pernambuco","PE","0","0","0.622","15026",3598,NA,NA,NA,NA,NA,NA,"Médio porte",0,0
"1528","Flores","flores","flores","Pernambuco","PE","230.656998850473","7934.3885401008","0.556","20347",6058,NA,NA,NA,3,2,2,"Médio porte",0,0
"1529","Floresta","floresta","floresta","Pernambuco","PE","287.849566055931","13021.6067984571","0.626","30069",11152,NA,NA,NA,3,2,3,"Médio porte",0,0
"1530","Frei Miguelinho","frei miguelinho","frei miguelinho","Pernambuco","PE","277.177408979802","8160.62009520134","0.576","13672",5072,NA,NA,NA,3,2,2,"Menor porte",0,0
"1531","Gameleira","gameleira","gameleira","Pernambuco","PE","102.528897119867","7565.90459160866","0.602","18214",4076,NA,NA,NA,1,2,2,"Médio porte",0,0
"1532","Garanhuns","garanhuns","garanhuns","Pernambuco","PE","401.025772352519","18518.3493743642","0.664","142526",65260,24,0,0.000367759730309531,2,3,3,"Maior porte",24,3.67759730309531
"1533","Glória do Goitá","glória do goitá","gloria do goita","Pernambuco","PE","216.77343826217","13508.373711424","0.604","28916",8323,NA,NA,NA,3,2,2,"Médio porte",0,0
"1534","Goiana","goiana","goiana","Pernambuco","PE","362.001124227094","127730.447817126","0.651","81055",33400,14,0,0.000419161676646707,NA,NA,NA,"Médio porte",14,4.19161676646707
"1535","Granito","granito","granito","Pernambuco","PE","211.224625182433","9240.54663659281","0.595","6967",1864,NA,NA,NA,1,1,2,"Menor porte",0,0
"1536","Gravatá","gravatá","gravata","Pernambuco","PE","404.809974143732","14556.9723373357","0.634","86516",41991,4,0,0.0000952585077754757,1,2,3,"Médio porte",4,0.952585077754757
"1537","Iati","iati","iati","Pernambuco","PE","148.277116573983","9108.83010238553","0.528","17165",3530,NA,NA,NA,1,2,2,"Menor porte",0,0
"1538","Ibimirim","ibimirim","ibimirim","Pernambuco","PE","214.300285597715","9766.76186590507","0.552","27346",7601,NA,NA,NA,2,2,2,"Médio porte",0,0
"1539","Ibirajuba","ibirajuba","ibirajuba","Pernambuco","PE","192.971163748713","8254.11946446962","0.58","7140",1803,NA,NA,NA,3,2,2,"Menor porte",0,0
"1540","Igarassu","igarassu","igarassu","Pernambuco","PE","255.275830024499","22460.9107037256","0.665","115196",35297,55,2,0.00161486811910361,1,3,3,"Maior porte",57,16.1486811910361
"1541","Iguaracy","iguaracy","iguaracy","Pernambuco","PE","207.39773005634","7954.11121090879","0.598","11058",2960,NA,NA,NA,1,2,2,"Menor porte",0,0
"1542","Ilha de Itamaracá","ilha de itamaracá","ilha de itamaraca","Pernambuco","PE","174.077684463107","9529.58158368326","0.653","24540",5466,NA,NA,NA,3,2,2,"Médio porte",0,0
"1543","Inajá","inajá","inaja","Pernambuco","PE","128.314654260943","7422.03425671389","0.523","25740",3538,NA,NA,NA,3,2,2,"Médio porte",0,0
"1544","Ingazeira","ingazeira","ingazeira","Pernambuco","PE","212.854941668501","8335.90138674884","0.608","4779",1178,NA,NA,NA,2,2,2,"Menor porte",0,0
"1545","Ipojuca","ipojuca","ipojuca","Pernambuco","PE","238.73491077005","130223.120949329","0.619","98932",27500,2,0,0.0000727272727272727,NA,NA,NA,"Médio porte",2,0.727272727272727
"1546","Ipubi","ipubi","ipubi","Pernambuco","PE","222.240035912399","10270.5935165293","0.55","29009",8579,NA,NA,NA,3,2,2,"Médio porte",0,0
"1547","Itacuruba","itacuruba","itacuruba","Pernambuco","PE","151.42972211035","12482.6822392267","0.595","4352",921,NA,NA,NA,1,3,2,"Menor porte",0,0
"1548","Itaíba","itaíba","itaiba","Pernambuco","PE","219.552987684355","9071.19507374183","0.51","31611",7393,NA,NA,NA,3,2,2,"Médio porte",0,0
"1549","Itambé","itambé","itambe","Pernambuco","PE","418.825916481588","12633.1057552576","0.575","34935",16172,NA,NA,NA,3,2,3,"Médio porte",0,0
"1550","Itapetim","itapetim","itapetim","Pernambuco","PE","265.845200324651","8388.40109200915","0.592","13791",3973,NA,NA,NA,1,1,2,"Menor porte",0,0
"1551","Itapissuma","itapissuma","itapissuma","Pernambuco","PE","161.747211895911","68738.4758364312","0.633","27749",5141,13,1,0.00272320560202295,1,2,3,"Médio porte",14,27.2320560202295
"1552","Itaquitinga","itaquitinga","itaquitinga","Pernambuco","PE","168.23474067976","8195.4604257321","0.586","16554",3443,NA,NA,NA,3,2,2,"Menor porte",0,0
"1553","Jaboatão dos Guararapes","jaboatão dos guararapes","jaboatao dos guararapes","Pernambuco","PE","294.007217765152","19622.8413548801","0.717","644037",229699,32,2,0.000148019799824988,1,3,3,"Maior porte",34,1.48019799824988
"1554","Jaqueira","jaqueira","jaqueira","Pernambuco","PE","154.156647200275","8495.96358639643","0.575","10247",2093,NA,NA,NA,1,2,2,"Menor porte",0,0
"1555","Jataúba","jataúba","jatauba","Pernambuco","PE","229.335964708614","7853.78453680056","0.53","15843",4711,NA,NA,NA,1,2,2,"Menor porte",0,0
"1556","Jatobá","jatobá","jatoba","Pernambuco","PE","151.582491582492","8825.45454545455","0.645","14020",2504,NA,NA,NA,2,2,2,"Menor porte",0,0
"1557","João Alfredo","joão alfredo","joao alfredo","Pernambuco","PE","222.635621699472","9266.71267402784","0.576","27725",8896,NA,NA,NA,3,2,2,"Médio porte",0,0
"1558","Joaquim Nabuco","joaquim nabuco","joaquim nabuco","Pernambuco","PE","157.89144962838","8375.49184935357","0.554","13269",3100,NA,NA,NA,1,2,2,"Menor porte",0,0
"1559","Jucati","jucati","jucati","Pernambuco","PE","230.822812363953","10052.8515454941","0.55","11519",3378,1,0,0.00029603315571344,1,2,2,"Menor porte",1,2.9603315571344
"1560","Jupi","jupi","jupi","Pernambuco","PE","305.253987401153","11399.678327302","0.575","15329",5974,NA,NA,NA,2,1,2,"Menor porte",0,0
"1561","Jurema","jurema","jurema","Pernambuco","PE","173.546756529065","7109.45499319552","0.509","13648",3423,NA,NA,NA,3,2,2,"Menor porte",0,0
"1562","Lagoa de Itaenga","lagoa de itaenga","lagoa de itaenga","Pernambuco","PE","274.370922646785","15770.4566635601","0.602","19434",7042,NA,NA,NA,1,2,2,"Médio porte",0,0
"1563","Lagoa do Carro","lagoa do carro","lagoa do carro","Pernambuco","PE","192.362480824019","15659.4893710278","0.609","17981",4456,NA,NA,NA,1,2,2,"Menor porte",0,0
"1564","Lagoa do Ouro","lagoa do ouro","lagoa do ouro","Pernambuco","PE","194.872958257713","9124.62189957653","0.525","11984",3048,NA,NA,NA,1,1,2,"Menor porte",0,0
"1565","Lagoa dos Gatos","lagoa dos gatos","lagoa dos gatos","Pernambuco","PE","199.840666748376","6883.87057237407","0.551","14076",3988,NA,NA,NA,3,1,2,"Menor porte",0,0
"1566","Lagoa Grande","lagoa grande","lagoa grande","Pernambuco","PE","177.647104336725","15195.7909396882","0.597","24088",5446,NA,NA,NA,2,2,2,"Médio porte",0,0
"1567","Lajedo","lajedo","lajedo","Pernambuco","PE","415.211017763433","12043.5093251866","0.611","39582",20904,NA,NA,NA,3,2,3,"Médio porte",0,0
"1568","Limoeiro","limoeiro","limoeiro","Pernambuco","PE","353.179828463646","14329.1932097228","0.663","56510",22699,NA,NA,NA,3,1,3,"Médio porte",0,0
"1569","Macaparana","macaparana","macaparana","Pernambuco","PE","315.20885678392","11245.9956030151","0.609","23879",8957,NA,NA,NA,3,2,3,"Médio porte",0,0
"1570","Machados","machados","machados","Pernambuco","PE","220.268365908952","11659.518411862","0.578","11284",4181,NA,NA,NA,3,2,2,"Menor porte",0,0
"1571","Manari","manari","manari","Pernambuco","PE","110.075312270389","6089.63997060985","0.487","25432",2951,NA,NA,NA,1,3,2,"Médio porte",0,0
"1572","Maraial","maraial","maraial","Pernambuco","PE","180.659536541889","7577.62923351159","0.534","9359",2326,NA,NA,NA,NA,NA,NA,"Menor porte",0,0
"1573","Mirandiba","mirandiba","mirandiba","Pernambuco","PE","182.67614738203","10267.4854557207","0.591","14166",3391,NA,NA,NA,2,2,2,"Menor porte",0,0
"1574","Moreilândia","moreilândia","moreilandia","Pernambuco","PE","170.275066548358","7504.17036379769","0.6","10540",2182,NA,NA,NA,2,2,2,"Menor porte",0,0
"1575","Moreno","moreno","moreno","Pernambuco","PE","274.844377034158","10983.9321262679","0.652","55292",19363,3,0,0.000154934669214481,1,2,3,"Médio porte",3,1.54934669214481
"1576","Nazaré da Mata","nazaré da mata","nazare da mata","Pernambuco","PE","243.698768919043","16815.0001535014","0.662","30648",9165,7,3,0.0010911074740862,1,2,3,"Médio porte",10,10.911074740862
"1577","Olinda","olinda","olinda","Pernambuco","PE","369.357567124124","14690.1212113504","0.735","349976",152302,9,1,0.0000656590195795196,1,3,3,"Maior porte",10,0.656590195795196
"1578","Orobó","orobó","orobo","Pernambuco","PE","267.098391476917","14789.0119072488","0.61","21841",7376,NA,NA,NA,1,2,2,"Médio porte",0,0
"1579","Orocó","orocó","oroco","Pernambuco","PE","216.275079197466","12454.4614572334","0.61","13613",3801,NA,NA,NA,1,2,2,"Menor porte",0,0
"1580","Ouricuri","ouricuri","ouricuri","Pernambuco","PE","334.976918349555","10149.0945990367","0.572","65245",27167,NA,NA,NA,3,2,2,"Médio porte",0,0
"1581","Palmares","palmares","palmares","Pernambuco","PE","349.181102362205","13418.1732283465","0.622","54584",25733,8,0,0.000310884856021451,3,1,3,"Médio porte",8,3.10884856021451
"1582","Palmeirina","palmeirina","palmeirina","Pernambuco","PE","179.473684210526","9562.23684210526","0.549","7032",1666,NA,NA,NA,1,1,2,"Menor porte",0,0
"1583","Panelas","panelas","panelas","Pernambuco","PE","161.815845176897","7353.19020260054","0.569","22991",5448,8,0,0.00146842878120411,3,2,2,"Médio porte",8,14.6842878120411
"1584","Paranatama","paranatama","paranatama","Pernambuco","PE","236.036659173439","18979.1630641536","0.537","12199",3654,NA,NA,NA,1,2,2,"Menor porte",0,0
"1585","Parnamirim","parnamirim","parnamirim","Pernambuco","PE","242.332398443861","8191.30552791097","0.599","18612",6316,NA,NA,NA,2,2,2,"Médio porte",0,0
"1586","Passira","passira","passira","Pernambuco","PE","250.778708382363","8005.60670035301","0.592","28340",9058,NA,NA,NA,3,2,2,"Médio porte",0,0
"1587","Paudalho","paudalho","paudalho","Pernambuco","PE","252.507333181108","15318.9011645267","0.639","56665",17696,NA,NA,NA,1,2,3,"Médio porte",0,0
"1588","Paulista","paulista","paulista","Pernambuco","PE","310.98822882025","13575.3612699476","0.732","342167",122116,23,0,0.000188345507550198,1,3,3,"Maior porte",23,1.88345507550198
"1589","Pedra","pedra","pedra","Pernambuco","PE","172.181048173637","11052.7616022587","0.567","22795",4723,NA,NA,NA,1,2,2,"Médio porte",0,0
"1590","Pesqueira","pesqueira","pesqueira","Pernambuco","PE","298.176718092567","10750.4392116336","0.61","62610",23952,2,0,0.000083500334001336,3,2,3,"Médio porte",2,0.83500334001336
"1591","Petrolândia","petrolândia","petrolandia","Pernambuco","PE","276.713368201404","39993.3877130701","0.623","34161",11661,NA,NA,NA,3,2,3,"Médio porte",0,0
"1592","Petrolina","petrolina","petrolina","Pernambuco","PE","421.814363973504","20507.4721224214","0.697","386791",177577,33,1,0.000191466237181617,2,1,3,"Maior porte",34,1.91466237181617
"1593","Poção","poção","pocao","Pernambuco","PE","335.072976559045","7646.79345422379","0.528","10500",4562,NA,NA,NA,3,2,2,"Menor porte",0,0
"1594","Pombos","pombos","pombos","Pernambuco","PE","289.192574038603","16118.0197436275","0.598","25464",9665,4,0,0.00041386445938955,1,2,2,"Médio porte",4,4.1386445938955
"1595","Primavera","primavera","primavera","Pernambuco","PE","127.739884775843","11088.2060790676","0.58","13857",2367,NA,NA,NA,NA,NA,NA,"Menor porte",0,0
"1596","Quipapá","quipapá","quipapa","Pernambuco","PE","107.239732569245","7052.64565425024","0.552","17928",3403,NA,NA,NA,3,2,2,"Médio porte",0,0
"1597","Quixaba","quixaba","quixaba","Pernambuco","PE","464.952240999265","8287.14180749449","0.577","6554",3474,NA,NA,NA,3,1,2,"Menor porte",0,0
"1598","Recife","recife","recife","Pernambuco","PE","425.592136736216","33076.8146330636","0.772","1488920",736969,213,6,0.00029716310998156,3,1,1,"Maior porte",219,2.9716310998156
"1599","Riacho das Almas","riacho das almas","riacho das almas","Pernambuco","PE","318.269882786012","9348.59052600988","0.57","20641",8111,NA,NA,NA,3,2,2,"Médio porte",0,0
"1600","Ribeirão","ribeirão","ribeirao","Pernambuco","PE","192.582325268817","9744.95967741935","0.602","33507",10871,NA,NA,NA,1,2,2,"Médio porte",0,0
"1601","Rio Formoso","rio formoso","rio formoso","Pernambuco","PE","185.415608599966","11446.7580836296","0.613","20009",5346,2,0,0.000374111485222596,3,2,2,"Médio porte",2,3.74111485222596
"1602","Sairé","sairé","saire","Pernambuco","PE","247.644408029496","13985.9688652192","0.585","10887",2981,2,0,0.000670915800067092,NA,NA,NA,"Menor porte",2,6.70915800067092
"1603","Salgadinho","salgadinho","salgadinho","Pernambuco","PE","96.3136971449223","6475.42464763282","0.534","5727",1323,NA,NA,NA,NA,NA,NA,"Menor porte",0,0
"1604","Salgueiro","salgueiro","salgueiro","Pernambuco","PE","426.684517298242","15968.5709154435","0.669","62372",30564,18,0,0.000588928150765607,1,1,3,"Médio porte",18,5.88928150765607
"1605","Saloá","saloá","saloa","Pernambuco","PE","185.096456941117","8267.74681629051","0.559","13836",3787,3,1,0.00105624504885133,2,2,2,"Menor porte",4,10.5624504885133
"1606","Sanharó","sanharó","sanharo","Pernambuco","PE","186.277426552622","7887.3187058386","0.603","18624",6063,NA,NA,NA,1,2,2,"Médio porte",0,0
"1607","Santa Cruz","santa cruz","santa cruz","Pernambuco","PE","201.825427432832","7803.18807044607","0.549","13841",3764,NA,NA,NA,NA,NA,NA,"Menor porte",0,0
"1608","Santa Cruz da Baixa Verde","santa cruz da baixa verde","santa cruz da baixa verde","Pernambuco","PE","335.256916996047","7753.67588932806","0.612","11567",5112,NA,NA,NA,3,1,2,"Menor porte",0,0
"1609","Santa Cruz do Capibaribe","santa cruz do capibaribe","santa cruz do capibaribe","Pernambuco","PE","501.287569269407","14418.2279771058","0.648","98254",67396,NA,NA,NA,2,3,3,"Maior porte",0,0
"1610","Santa Filomena","santa filomena","santa filomena","Pernambuco","PE","182.117840955913","6947.39733553083","0.533","12106",3055,NA,NA,NA,NA,NA,NA,"Menor porte",0,0
"1611","Santa Maria da Boa Vista","santa maria da boa vista","santa maria da boa vista","Pernambuco","PE","232.565320665083","15445.7244655582","0.59","40578",11712,NA,NA,NA,3,2,2,"Médio porte",0,0
"1612","Santa Maria do Cambucá","santa maria do cambucá","santa maria do cambuca","Pernambuco","PE","255.99381283836","7797.15953033818","0.548","14013",4560,NA,NA,NA,3,2,2,"Menor porte",0,0
"1613","Santa Terezinha","santa terezinha","santa terezinha","Pernambuco","PE","215.844922039612","7645.59629161399","0.593","10244",2919,NA,NA,NA,3,2,2,"Menor porte",0,0
"1614","São Benedito do Sul","são benedito do sul","sao benedito do sul","Pernambuco","PE","86.9998133051217","6420.56132926753","0.53","13113",1698,NA,NA,NA,3,2,2,"Menor porte",0,0
"1615","São Bento do Una","são bento do una","sao bento do una","Pernambuco","PE","257.586356217315","21602.2450951001","0.593","49370",18603,NA,NA,NA,3,2,2,"Médio porte",0,0
"1616","São Caitano","são caitano","sao caitano","Pernambuco","PE","302.665382145151","10095.0278312995","0.591","37126",13829,NA,NA,NA,1,2,2,"Médio porte",0,0
"1617","São João","são joão","sao joao","Pernambuco","PE","198.829643215861","10427.7916066204","0.57","23817",6096,NA,NA,NA,3,2,2,"Médio porte",0,0
"1618","São Joaquim do Monte","são joaquim do monte","sao joaquim do monte","Pernambuco","PE","183.288157771754","7884.42845125713","0.537","19854",4780,NA,NA,NA,3,2,2,"Médio porte",0,0
"1619","São José da Coroa Grande","são josé da coroa grande","sao jose da coroa grande","Pernambuco","PE","168.581488001482","11173.7237098119","0.608","18825",4882,2,0,0.000409668168783286,NA,NA,NA,"Médio porte",2,4.09668168783286
"1620","São José do Belmonte","são josé do belmonte","sao jose do belmonte","Pernambuco","PE","284.353781487905","8542.0475588607","0.61","34843",12052,NA,NA,NA,3,2,2,"Médio porte",0,0
"1621","São José do Egito","são josé do egito","sao jose do egito","Pernambuco","PE","389.270613107822","12034.4726333098","0.635","31004",14328,NA,NA,NA,3,2,3,"Médio porte",0,0
"1622","São Lourenço da Mata","são lourenço da mata","sao lourenco da mata","Pernambuco","PE","225.53668948711","11039.1833729258","0.653","111249",30948,8,0,0.000258498125888587,1,3,3,"Maior porte",8,2.58498125888587
"1623","São Vicente Férrer","são vicente férrer","sao vicente ferrer","Pernambuco","PE","257.837987282278","15115.5653856787","0.549","16677",5479,NA,NA,NA,1,2,2,"Menor porte",0,0
"1624","Serra Talhada","serra talhada","serra talhada","Pernambuco","PE","457.435425415636","17732.1751136168","0.661","92228",45898,15,0,0.000326811625778901,3,1,3,"Médio porte",15,3.26811625778901
"1625","Serrita","serrita","serrita","Pernambuco","PE","167.066055428214","7209.05396957699","0.595","18207",3774,NA,NA,NA,3,2,2,"Menor porte",0,0
"1626","Sertânia","sertânia","sertania","Pernambuco","PE","459.251040221914","15278.2801664355","0.613","32729",17327,NA,NA,NA,3,2,3,"Médio porte",0,0
"1627","Sirinhaém","sirinhaém","sirinhaem","Pernambuco","PE","145.294536355989","11246.1336036755","0.597","37596",8174,2,0,0.000244678248103744,2,2,2,"Médio porte",2,2.44678248103744
"1628","Solidão","solidão","solidao","Pernambuco","PE","190.832087693074","7638.09998339146","0.585","5271",1341,NA,NA,NA,3,3,2,"Menor porte",0,0
"1629","Surubim","surubim","surubim","Pernambuco","PE","412.981552850854","12349.7037183725","0.635","64183",31701,NA,NA,NA,3,2,3,"Médio porte",0,0
"1630","Tabira","tabira","tabira","Pernambuco","PE","424.958193979933","9760.48634336678","0.605","27623",13685,NA,NA,NA,3,2,3,"Médio porte",0,0
"1631","Tacaimbó","tacaimbó","tacaimbo","Pernambuco","PE","244.109184228945","15535.967026985","0.554","13738",3993,NA,NA,NA,1,2,2,"Menor porte",0,0
"1632","Tacaratu","tacaratu","tacaratu","Pernambuco","PE","122.577185321382","6974.98659312036","0.573","23902",3663,NA,NA,NA,1,2,2,"Médio porte",0,0
"1633","Tamandaré","tamandaré","tamandare","Pernambuco","PE","197.011387207383","13501.1217880879","0.593","23561",6302,1,0,0.000158679784195493,3,2,2,"Médio porte",1,1.58679784195493
"1634","Taquaritinga do Norte","taquaritinga do norte","taquaritinga do norte","Pernambuco","PE","309.678305352422","10247.0559961548","0.641","24736",10998,NA,NA,NA,3,2,3,"Médio porte",0,0
"1635","Terezinha","terezinha","terezinha","Pernambuco","PE","222.145040288969","9153.6537927202","0.545","6653",1899,2,0,0.00105318588730911,1,1,2,"Menor porte",2,10.5318588730911
"1636","Terra Nova","terra nova","terra nova","Pernambuco","PE","239.075053889869","6914.75602586714","0.599","8920",2917,NA,NA,NA,2,1,2,"Menor porte",0,0
"1637","Timbaúba","timbaúba","timbauba","Pernambuco","PE","508.029998863679","12775.0653384341","0.618","46147",28641,NA,NA,NA,3,2,3,"Médio porte",0,0
"1638","Toritama","toritama","toritama","Pernambuco","PE","358.894376570488","15360.2157525344","0.618","41137",19853,NA,NA,NA,3,2,3,"Médio porte",0,0
"1639","Tracunhaém","tracunhaém","tracunhaem","Pernambuco","PE","169.695214652863","9306.30565409397","0.605","13867",2900,2,0,0.000689655172413793,1,2,2,"Menor porte",2,6.89655172413793
"1640","Trindade","trindade","trindade","Pernambuco","PE","332.684319833853","10479.8156801661","0.595","30321",12707,NA,NA,NA,3,2,2,"Médio porte",0,0
"1641","Triunfo","triunfo","triunfo","Pernambuco","PE","481.663714491898","9728.33431739159","0.67","14705",8117,NA,NA,NA,1,2,3,"Menor porte",0,0
"1642","Tupanatinga","tupanatinga","tupanatinga","Pernambuco","PE","166.636419730681","7020.54371892127","0.519","25536",5594,NA,NA,NA,3,2,2,"Médio porte",0,0
"1643","Tuparetama","tuparetama","tuparetama","Pernambuco","PE","450.823643410853","10010.7800387597","0.634","7985",4119,NA,NA,NA,3,3,3,"Menor porte",0,0
"1644","Venturosa","venturosa","venturosa","Pernambuco","PE","194.094635871604","11257.7568190343","0.592","16872",4634,NA,NA,NA,1,2,2,"Menor porte",0,0
"1645","Verdejante","verdejante","verdejante","Pernambuco","PE","215.115670470009","7911.54611116927","0.605","9169",2376,NA,NA,NA,1,1,2,"Menor porte",0,0
"1646","Vertente do Lério","vertente do lério","vertente do lerio","Pernambuco","PE","381.191388191784","8906.48527275129","0.563","7558",3407,NA,NA,NA,3,2,2,"Menor porte",0,0
"1647","Vertentes","vertentes","vertentes","Pernambuco","PE","254.509878782094","8188.69905507302","0.582","21959",6373,NA,NA,NA,3,2,2,"Médio porte",0,0
"1648","Vicência","vicência","vicencia","Pernambuco","PE","209.202978152081","14522.0004882217","0.605","26355",8067,NA,NA,NA,1,2,2,"Médio porte",0,0
"1649","Vitória de Santo Antão","vitória de santo antão","vitoria de santo antao","Pernambuco","PE","404.325741673413","29975.8566587622","0.64","134.084",65797,4,0,0.0000607930452756205,1,3,3,"Maior porte",4,0.607930452756205
"1650","Xexéu","xexéu","xexeu","Pernambuco","PE","144.880395744393","8609.88005692214","0.552","11611",2583,NA,NA,NA,2,2,2,"Menor porte",0,0
"1651","Água Branca","água branca","agua branca","Alagoas","AL","217.004448838359","7962.62975778547","0.549","19174",5517,2,0,0.000362515860068878,3,3,2,"Médio porte",2,3.62515860068878
"1652","Anadia","anadia","anadia","Alagoas","AL","163.300239643958","11538.000684697","0.568","13966",3549,NA,NA,NA,1,1,2,"Menor porte",0,0
"1653","Arapiraca","arapiraca","arapiraca","Alagoas","AL","479.482679459508","21348.4318613842","0.649","234696",137032,NA,NA,NA,2,2,3,"Maior porte",0,0
"1654","Atalaia","atalaia","atalaia","Alagoas","AL","143.692600021113","19777.5150427531","0.561","37512",8840,9,1,0.00113122171945701,2,2,2,"Médio porte",10,11.3122171945701
"1655","Barra de Santo Antônio","barra de santo antônio","barra de santo antonio","Alagoas","AL","136.29574309186","11513.6295743092","0.557","16365",3111,NA,NA,NA,2,1,2,"Menor porte",0,0
"1656","Barra de São Miguel","barra de são miguel","barra de sao miguel","Alagoas","AL","229.529720697064","25671.1625686321","0.615","7944",2698,NA,NA,NA,3,1,2,"Menor porte",0,0
"1657","Batalha","batalha","batalha","Alagoas","AL","209.074053877195","9359.90838695605","0.594","16774",4782,NA,NA,NA,NA,NA,NA,"Menor porte",0,0
"1658","Belém","belém","belem","Alagoas","AL","276.143790849673","24831.9327731092","0.593","4722",1454,3,1,0.00275103163686382,1,1,2,"Menor porte",4,27.5103163686382
"1659","Belo Monte","belo monte","belo monte","Alagoas","AL","116.691505216095","15041.8777943368","0.517","5787",1004,NA,NA,NA,1,1,2,"Menor porte",0,0
"1660","Boca da Mata","boca da mata","boca da mata","Alagoas","AL","207.596139786519","12957.4864746308","0.604","21187",6693,NA,NA,NA,3,3,2,"Médio porte",0,0
"1661","Branquinha","branquinha","branquinha","Alagoas","AL","139.674952198853","48427.724665392","0.513","9603",1856,2,0,0.00107758620689655,2,1,2,"Menor porte",2,10.7758620689655
"1662","Cacimbinhas","cacimbinhas","cacimbinhas","Alagoas","AL","195.702084672605","9373.86353200478","0.531","10477",2727,2,0,0.000733406674000733,NA,NA,NA,"Menor porte",2,7.33406674000733
"1663","Cajueiro","cajueiro","cajueiro","Alagoas","AL","140.640382541841","8445.83001265763","0.562","16359",3602,NA,NA,NA,3,3,2,"Médio porte",0,0
"1664","Campestre","campestre","campestre","Alagoas","AL","93.9027897612885","9036.38193845269","0.559","6665",818,NA,NA,NA,NA,NA,NA,"Menor porte",0,0
"1665","Campo Alegre","campo alegre","campo alegre","Alagoas","AL","88.7602759963154","8867.18111823696","0.57","32106",6603,NA,NA,NA,3,3,2,"Médio porte",0,0
"1666","Campo Grande","campo grande","campo grande","Alagoas","AL","259.4334692171","9784.04933626006","0.524","8143",3040,NA,NA,NA,NA,NA,NA,"Menor porte",0,0
"1667","Canapi","canapi","canapi","Alagoas","AL","151.532253513178","7152.20949263502","0.506","15376",3643,NA,NA,NA,2,1,2,"Menor porte",0,0
"1668","Capela","capela","capela","Alagoas","AL","123.328817951587","11283.467813181","0.573","14817",2537,NA,NA,NA,1,3,2,"Menor porte",0,0
"1669","Carneiros","carneiros","carneiros","Alagoas","AL","133.966590239109","7294.35527896059","0.526","8999",1681,NA,NA,NA,1,1,2,"Menor porte",0,0
"1670","Chã Preta","chã preta","cha preta","Alagoas","AL","174.668308028997","15661.7425796745","0.575","5910",1663,NA,NA,NA,NA,NA,NA,"Menor porte",0,0
"1671","Coité do Nóia","coité do nóia","coite do noia","Alagoas","AL","259.419336653199","12354.5053086536","0.533","10810",3560,NA,NA,NA,1,1,2,"Menor porte",0,0
"1672","Colônia Leopoldina","colônia leopoldina","colonia leopoldina","Alagoas","AL","79.3381611513429","12146.1178843157","0.517","15717",2375,NA,NA,NA,3,2,2,"Médio porte",0,0
"1673","Coqueiro Seco","coqueiro seco","coqueiro seco","Alagoas","AL","182.298772169168","12858.7994542974","0.586","5581",1397,NA,NA,NA,3,1,2,"Menor porte",0,0
"1674","Coruripe","coruripe","coruripe","Alagoas","AL","236.028205396726","24521.4856704018","0.626","50414",16955,NA,NA,NA,3,3,3,"Médio porte",0,0
"1675","Craíbas","craíbas","craibas","Alagoas","AL","238.430211032951","10284.6682298737","0.525","24686",7887,NA,NA,NA,3,3,2,"Médio porte",0,0
"1676","Delmiro Gouveia","delmiro gouveia","delmiro gouveia","Alagoas","AL","401.649381960124","10986.6824844055","0.612","51318",26335,NA,NA,NA,2,2,3,"Médio porte",0,0
"1677","Dois Riachos","dois riachos","dois riachos","Alagoas","AL","246.046805819102","6866.99195807355","0.532","9721",3592,1,1,0.000556792873051225,2,1,2,"Menor porte",2,5.56792873051225
"1678","Estrela de Alagoas","estrela de alagoas","estrela de alagoas","Alagoas","AL","189.427554094769","6441.7419884963","0.534","15429",4249,1,0,0.000235349493998588,2,1,2,"Menor porte",1,2.35349493998588
"1679","Feira Grande","feira grande","feira grande","Alagoas","AL","219.316439715033","14868.0674542339","0.533","22712",6171,NA,NA,NA,3,3,2,"Médio porte",0,0
"1680","Feliz Deserto","feliz deserto","feliz deserto","Alagoas","AL","132.663737183511","21643.6492990165","0.565","3963",816,NA,NA,NA,2,1,2,"Menor porte",0,0
"1681","Flexeiras","flexeiras","flexeiras","Alagoas","AL","115.874131334426","16764.1133754978","0.527","9618",1943,2,0,0.00102933607822954,1,1,2,"Menor porte",2,10.2933607822954
"1682","Girau do Ponciano","girau do ponciano","girau do ponciano","Alagoas","AL","211.969832917041","9229.59963139899","0.536","36238",11564,NA,NA,NA,3,3,2,"Médio porte",0,0
"1683","Ibateguara","ibateguara","ibateguara","Alagoas","AL","141.805848851347","9052.08933256543","0.518","13731",2911,NA,NA,NA,1,1,2,"Menor porte",0,0
"1684","Igaci","igaci","igaci","Alagoas","AL","216.647796041073","8591.41842033342","0.564","24594",7037,NA,NA,NA,3,3,2,"Médio porte",0,0
"1685","Igreja Nova","igreja nova","igreja nova","Alagoas","AL","184.820629626617","15732.6120556414","0.568","21721",5814,NA,NA,NA,3,3,2,"Médio porte",0,0
"1686","Inhapi","inhapi","inhapi","Alagoas","AL","230.263157894737","7236.51587646803","0.484","15167",5229,2,0,0.000382482310193154,2,1,2,"Menor porte",2,3.82482310193154
"1687","Jacaré dos Homens","jacaré dos homens","jacare dos homens","Alagoas","AL","183.943284154052","10262.5023950948","0.583","5083",1200,NA,NA,NA,2,1,2,"Menor porte",0,0
"1688","Jacuípe","jacuípe","jacuipe","Alagoas","AL","87.2109620325435","23382.8147302312","0.548","5352",861,NA,NA,NA,1,1,2,"Menor porte",0,0
"1689","Japaratinga","japaratinga","japaratinga","Alagoas","AL","164.584077115316","20554.8018564798","0.57","9219",2044,NA,NA,NA,1,1,2,"Menor porte",0,0
"1690","Jaramataia","jaramataia","jaramataia","Alagoas","AL","148.585315049471","9272.0013886478","0.552","4985",1104,NA,NA,NA,1,1,2,"Menor porte",0,0
"1691","Jequiá da Praia","jequiá da praia","jequia da praia","Alagoas","AL","116.24479889043","22013.0894590846","0.556","9470",1686,NA,NA,NA,1,1,2,"Menor porte",0,0
"1692","Joaquim Gomes","joaquim gomes","joaquim gomes","Alagoas","AL","104.688343507329","14264.1501598771","0.531","17150",3358,NA,NA,NA,2,2,2,"Médio porte",0,0
"1693","Jundiá","jundiá","jundia","Alagoas","AL","149.867053420353","11565.8689871888","0.562","4092",823,NA,NA,NA,NA,NA,NA,"Menor porte",0,0
"1694","Junqueiro","junqueiro","junqueiro","Alagoas","AL","230.078472615484","13377.3966507564","0.575","23907",7225,NA,NA,NA,3,3,2,"Médio porte",0,0
"1695","Lagoa da Canoa","lagoa da canoa","lagoa da canoa","Alagoas","AL","279.050137865061","11803.5000844072","0.552","18457",6357,NA,NA,NA,1,1,2,"Menor porte",0,0
"1696","Limoeiro de Anadia","limoeiro de anadia","limoeiro de anadia","Alagoas","AL","180.668033784019","17749.9913106948","0.58","24740",6945,NA,NA,NA,3,3,2,"Médio porte",0,0
"1697","Maceió","maceió","maceio","Alagoas","AL","343.252126082547","22832.8284700008","0.721","957916",408561,21,1,0.0000538475282760714,2,1,3,"Maior porte",22,0.538475282760714
"1698","Major Isidoro","major isidoro","major isidoro","Alagoas","AL","174.687877567459","9819.42207007652","0.566","17503",4394,NA,NA,NA,1,1,2,"Menor porte",0,0
"1699","Mar Vermelho","mar vermelho","mar vermelho","Alagoas","AL","272.753291356611","11374.6422438466","0.577","3155",1129,NA,NA,NA,1,1,2,"Menor porte",0,0
"1700","Maragogi","maragogi","maragogi","Alagoas","AL","126.786146766772","21023.6740130782","0.574","32174",5938,NA,NA,NA,3,3,2,"Médio porte",0,0
"1701","Maravilha","maravilha","maravilha","Alagoas","AL","238.782763216348","7810.41759218125","0.569","9534",2758,1,1,0.000725163161711385,3,1,2,"Menor porte",2,7.25163161711385
"1702","Marechal Deodoro","marechal deodoro","marechal deodoro","Alagoas","AL","224.87590683467","45988.717067583","0.642","60370",17059,NA,NA,NA,1,3,3,"Médio porte",0,0
"1703","Maribondo","maribondo","maribondo","Alagoas","AL","212.309558098992","11789.0548017888","0.597","13679",3517,2,0,0.000568666477111174,3,1,2,"Menor porte",2,5.68666477111174
"1704","Mata Grande","mata grande","mata grande","Alagoas","AL","166.461697147618","9833.65731741183","0.504","21861",5145,NA,NA,NA,3,3,2,"Médio porte",0,0
"1705","Matriz de Camaragibe","matriz de camaragibe","matriz de camaragibe","Alagoas","AL","159.535601201591","12461.3542258667","0.584","23857",5168,NA,NA,NA,3,2,2,"Médio porte",0,0
"1706","Messias","messias","messias","Alagoas","AL","136.265320836337","9843.76906438911","0.568","15405",3373,NA,NA,NA,2,1,2,"Menor porte",0,0
"1707","Minador do Negrão","minador do negrão","minador do negrao","Alagoas","AL","248.59075535513","10993.0477264186","0.563","4845",1680,NA,NA,NA,3,1,2,"Menor porte",0,0
"1708","Monteirópolis","monteirópolis","monteiropolis","Alagoas","AL","156.594556873692","8094.06838799721","0.539","7184",1502,NA,NA,NA,3,1,2,"Menor porte",0,0
"1709","Murici","murici","murici","Alagoas","AL","153.354745349945","14292.0269650231","0.527","25187",5900,2,0,0.000338983050847458,2,3,2,"Médio porte",2,3.38983050847458
"1710","Novo Lino","novo lino","novo lino","Alagoas","AL","134.440614227515","12438.8122845503","0.521","10119",2104,NA,NA,NA,2,2,2,"Menor porte",0,0
"1711","Olho d'Água das Flores","olho d'água das flores","olho dagua das flores","Alagoas","AL","251.541080136167","10026.8653970006","0.565","20715",7254,NA,NA,NA,3,3,2,"Médio porte",0,0
"1712","Olho d'Água do Casado","olho d'água do casado","olho dagua do casado","Alagoas","AL","170.744624510115","7995.0217138015","0.525","8349",2109,NA,NA,NA,1,1,2,"Menor porte",0,0
"1713","Olho d'Água Grande","olho d'água grande","olho dagua grande","Alagoas","AL","198.322932917317","9844.57878315133","0.503","4306",1263,NA,NA,NA,3,1,2,"Menor porte",0,0
"1714","Olivença","olivença","olivenca","Alagoas","AL","216.093334477138","7270.05232907266","0.493","10824",2986,NA,NA,NA,1,1,2,"Menor porte",0,0
"1715","Ouro Branco","ouro branco","ouro branco","Alagoas","AL","237.104464672735","7246.81404421326","0.547","11446",3542,NA,NA,NA,2,1,2,"Menor porte",0,0
"1716","Palestina","palestina","palestina","Alagoas","AL","105.221361921779","7854.87393289657","0.558","4325",734,NA,NA,NA,3,1,2,"Menor porte",0,0
"1717","Palmeira dos Índios","palmeira dos índios","palmeira dos indios","Alagoas","AL","344.682765861707","12913.1816136466","0.638","71574",29976,10,0,0.000333600213504137,3,3,3,"Médio porte",10,3.33600213504137
"1718","Pão de Açúcar","pão de açúcar","pao de acucar","Alagoas","AL","129.234939016878","8883.29021395425","0.593","23823",4153,NA,NA,NA,3,3,2,"Médio porte",0,0
"1719","Pariconha","pariconha","pariconha","Alagoas","AL","209.602429072967","7272.70139481924","0.548","10573",2753,NA,NA,NA,3,1,2,"Menor porte",0,0
"1720","Paripueira","paripueira","paripueira","Alagoas","AL","159.76597659766","12813.2313231323","0.605","13835",3325,NA,NA,NA,2,1,2,"Menor porte",0,0
"1721","Passo de Camaragibe","passo de camaragibe","passo de camaragibe","Alagoas","AL","115.349324944292","14278.607943374","0.533","13804",2537,NA,NA,NA,3,1,2,"Menor porte",0,0
"1722","Paulo Jacinto","paulo jacinto","paulo jacinto","Alagoas","AL","176.719576719577","10269.4444444444","0.589","6576",1593,NA,NA,NA,3,1,2,"Menor porte",0,0
"1723","Penedo","penedo","penedo","Alagoas","AL","278.185007674717","12473.624032829","0.63","58593",21853,NA,NA,NA,1,3,3,"Médio porte",0,0
"1724","Piaçabuçu","piaçabuçu","piacabucu","Alagoas","AL","123.431196772748","17437.58404303","0.572","15908",2781,NA,NA,NA,1,1,2,"Menor porte",0,0
"1725","Pilar","pilar","pilar","Alagoas","AL","205.469726229694","15413.9213904351","0.61","35370",9984,4,0,0.000400641025641026,2,3,2,"Médio porte",4,4.00641025641026
"1726","Pindoba","pindoba","pindoba","Alagoas","AL","142.168674698795","13091.2220309811","0.574","2731",532,NA,NA,NA,3,1,2,"Menor porte",0,0
"1727","Piranhas","piranhas","piranhas","Alagoas","AL","214.668625660168","10642.2586665608","0.589","22609",6880,NA,NA,NA,3,3,2,"Médio porte",0,0
"1728","Poço das Trincheiras","poço das trincheiras","poco das trincheiras","Alagoas","AL","184.560965459842","6418.50464696907","0.526","12728",3371,2,0,0.000593295757935331,NA,NA,NA,"Menor porte",2,5.93295757935331
"1729","Porto Calvo","porto calvo","porto calvo","Alagoas","AL","188.997761385739","12923.6669235568","0.586","24071",6927,NA,NA,NA,3,1,2,"Médio porte",0,0
"1730","Porto de Pedras","porto de pedras","porto de pedras","Alagoas","AL","170.107778210622","27796.3900792105","0.541","9295",1965,NA,NA,NA,2,1,2,"Menor porte",0,0
"1731","Porto Real do Colégio","porto real do colégio","porto real do colegio","Alagoas","AL","111.525457438345","10065.6324582339","0.551","19846",3158,3,0,0.000949968334388854,3,3,2,"Médio porte",3,9.49968334388854
"1732","Quebrangulo","quebrangulo","quebrangulo","Alagoas","AL","187.944523470839","12365.2204836415","0.559","11080",2599,NA,NA,NA,1,1,2,"Menor porte",0,0
"1733","Rio Largo","rio largo","rio largo","Alagoas","AL","221.436719102316","15489.1635939199","0.643","93927",22675,19,0,0.000837927232635061,1,2,3,"Médio porte",19,8.37927232635061
"1734","Roteiro","roteiro","roteiro","Alagoas","AL","145.736200932471","20791.6979996992","0.505","6474",1287,NA,NA,NA,1,1,2,"Menor porte",0,0
"1735","Santa Luzia do Norte","santa luzia do norte","santa luzia do norte","Alagoas","AL","164.754098360656","23854.3715846995","0.597","6919",1561,NA,NA,NA,NA,NA,NA,"Menor porte",0,0
"1736","Santana do Ipanema","santana do ipanema","santana do ipanema","Alagoas","AL","342.562579727723","11793.4712143709","0.591","46087",21056,6,0,0.000284954407294833,3,3,2,"Médio porte",6,2.84954407294833
"1737","Santana do Mundaú","santana do mundaú","santana do mundau","Alagoas","AL","243.473378871526","90921.6805464583","0.519","11323",3244,NA,NA,NA,3,1,2,"Menor porte",0,0
"1738","São Brás","são brás","sao bras","Alagoas","AL","77.0555316401205","13097.5749748888","0.572","6425",653,NA,NA,NA,1,1,2,"Menor porte",0,0
"1739","São José da Laje","são josé da laje","sao jose da laje","Alagoas","AL","166.819469911652","15197.8663110518","0.573","20813",4984,3,0,0.000601926163723917,3,3,2,"Médio porte",3,6.01926163723916
"1740","São José da Tapera","são josé da tapera","sao jose da tapera","Alagoas","AL","167.844468446227","8460.42277426323","0.527","30604",6909,NA,NA,NA,3,3,2,"Médio porte",0,0
"1741","São Luís do Quitunde","são luís do quitunde","sao luis do quitunde","Alagoas","AL","142.77066758907","18009.1952035051","0.536","30873",6481,NA,NA,NA,2,2,2,"Médio porte",0,0
"1742","São Miguel dos Campos","são miguel dos campos","sao miguel dos campos","Alagoas","AL","249.75322426655","18178.892179232","0.623","51990",19102,2,0,0.000104701078421108,NA,NA,NA,"Médio porte",2,1.04701078421108
"1743","São Miguel dos Milagres","são miguel dos milagres","sao miguel dos milagres","Alagoas","AL","201.672282540871","20563.8337701236","0.591","8482",2513,NA,NA,NA,3,1,2,"Menor porte",0,0
"1744","São Sebastião","são sebastião","sao sebastiao","Alagoas","AL","235.228929717119","16448.5855934675","0.549","31730",10107,0,1,NA,3,3,2,"Médio porte",1,0.98941327792619
"1745","Satuba","satuba","satuba","Alagoas","AL","264.925373134328","13477.1096440873","0.66","24278",6179,10,1,0.00178022333710956,1,1,3,"Menor porte",11,17.8022333710956
"1746","Senador Rui Palmeira","senador rui palmeira","senador rui palmeira","Alagoas","AL","150.492062351843","6280.79879319014","0.518","12303",2596,NA,NA,NA,NA,NA,NA,"Menor porte",0,0
"1747","Tanque d'Arca","tanque d'arca","tanque darca","Alagoas","AL","210.329097425872","9768.49136526556","0.555","5796",1719,NA,NA,NA,1,1,2,"Menor porte",0,0
"1748","Taquarana","taquarana","taquarana","Alagoas","AL","232.91151853328","15581.5563969709","0.541","19032",6267,NA,NA,NA,3,3,2,"Médio porte",0,0
"1749","Teotônio Vilela","teotônio vilela","teotonio vilela","Alagoas","AL","192.035517894167","11399.9368971423","0.564","38053",11096,NA,NA,NA,NA,NA,NA,"Médio porte",0,0
"1750","Traipu","traipu","traipu","Alagoas","AL","124.883202760009","7218.06943146697","0.532","23695",4439,NA,NA,NA,2,3,2,"Médio porte",0,0
"1751","União dos Palmares","união dos palmares","uniao dos palmares","Alagoas","AL","268.399452804378","16015.6102751178","0.593","59280",22232,5,0,0.000224901043540842,3,3,2,"Médio porte",5,2.24901043540842
"1752","Viçosa","viçosa","vicosa","Alagoas","AL","233.643404818433","16368.1158292142","0.586","23972",7253,NA,NA,NA,2,3,2,"Médio porte",0,0
"1753","Amparo de São Francisco","amparo de são francisco","amparo de sao francisco","Sergipe","SE","210.504201680672","13979.4117647059","0.611",NA,598,NA,NA,NA,3,1,2,"Menor porte",0,0
"1754","Aquidabã","aquidabã","aquidaba","Sergipe","SE","246.206355795397","11088.7412942207","0.578","20131",6620,NA,NA,NA,1,2,2,"Médio porte",0,0
"1755","Aracaju","aracaju","aracaju","Sergipe","SE","477.20586908264","26371.3370872361","0.77","602757",344628,63,2,0.000188609166985851,3,1,1,"Maior porte",65,1.88609166985851
"1756","Arauá","arauá","araua","Sergipe","SE","232.934553131597","11745.0487584196","0.595","10318",2833,NA,NA,NA,1,2,2,"Menor porte",0,0
"1757","Areia Branca","areia branca","areia branca","Sergipe","SE","238.360269720646","11826.3405758322","0.579","18081",5536,1,0,0.000180635838150289,2,2,2,"Menor porte",1,1.80635838150289
"1758","Barra dos Coqueiros","barra dos coqueiros","barra dos coqueiros","Sergipe","SE","257.743291302942","18706.7571936631","0.649","41511",11565,2,0,0.000172935581495893,2,1,3,"Médio porte",2,1.72935581495893
"1759","Boquim","boquim","boquim","Sergipe","SE","328.89698501803","10891.2598981375","0.604","24636",10669,NA,NA,NA,1,3,3,"Médio porte",0,0
"1760","Brejo Grande","brejo grande","brejo grande","Sergipe","SE","88.3514904824614","10693.8824374476","0.54","7841",917,NA,NA,NA,3,1,2,"Menor porte",0,0
"1761","Campo do Brito","campo do brito","campo do brito","Sergipe","SE","384.784279284224","11757.2181359095","0.621","18149",8969,NA,NA,NA,1,1,3,"Menor porte",0,0
"1762","Canhoba","canhoba","canhoba","Sergipe","SE","190.71392910634","13892.6610084873","0.569","3791",957,NA,NA,NA,2,1,2,"Menor porte",0,0
"1763","Canindé de São Francisco","canindé de são francisco","caninde de sao francisco","Sergipe","SE","224.689165186501","87248.7007433721","0.567","26834",8748,6,0,0.000685871056241427,3,2,3,"Médio porte",6,6.85871056241427
"1764","Capela","capela","capela","Sergipe","SE","202.236773483224","11294.1994552935","0.615","31645",9006,1,0,0.000111037086386853,3,1,2,"Médio porte",1,1.11037086386853
"1765","Carira","carira","carira","Sergipe","SE","322.85624353613","14591.3934979091","0.588","19939",9216,NA,NA,NA,3,2,2,"Médio porte",0,0
"1766","Carmópolis","carmópolis","carmopolis","Sergipe","SE","245.143768081715","27073.5077050245","0.643","13853",4879,NA,NA,NA,3,2,2,"Menor porte",0,0
"1767","Cedro de São João","cedro de são joão","cedro de sao joao","Sergipe","SE","262.472518180281","10106.714019956","0.623","5391",1809,NA,NA,NA,3,2,2,"Menor porte",0,0
"1768","Cristinápolis","cristinápolis","cristinapolis","Sergipe","SE","202.839869099784","11646.735814521","0.553","17100",4843,2,0,0.000412967169110056,1,2,2,"Menor porte",2,4.12967169110056
"1769","Cumbe","cumbe","cumbe","Sergipe","SE","260.88044022011","12574.0370185093","0.604","3824",1292,NA,NA,NA,NA,NA,NA,"Menor porte",0,0
"1770","Divina Pastora","divina pastora","divina pastora","Sergipe","SE","135.186960690316","29044.4870565676","0.61","4340",849,NA,NA,NA,1,2,2,"Menor porte",0,0
"1771","Estância","estância","estancia","Sergipe","SE","364.871470469837","28142.1300822359","0.647","65078",30739,10,0,0.000325319626533069,1,1,3,"Médio porte",10,3.25319626533069
"1772","Feira Nova","feira nova","feira nova","Sergipe","SE","230.851633636851","13392.9655418675","0.584","6017",1709,1,0,0.000585137507314219,3,2,2,"Menor porte",1,5.85137507314219
"1773","Frei Paulo","frei paulo","frei paulo","Sergipe","SE","268.963743893032","16250.5142710208","0.589","14530",5439,NA,NA,NA,2,2,2,"Menor porte",0,0
"1774","Gararu","gararu","gararu","Sergipe","SE","179.467287302819","10199.1207654513","0.564","11095",2562,NA,NA,NA,1,1,2,"Menor porte",0,0
"1775","General Maynard","general maynard","general maynard","Sergipe","SE","226.359338061466","10679.3735224586","0.645","3037",908,NA,NA,NA,NA,NA,NA,"Menor porte",0,0
"1776","Gracho Cardoso","gracho cardoso","gracho cardoso","Sergipe","SE","248.111263736264","12651.7857142857","0.577","5838",1891,NA,NA,NA,1,1,2,"Menor porte",0,0
"1777","Ilha das Flores","ilha das flores","ilha das flores","Sergipe","SE","135.430113836404","8963.97136486328","0.562","8321",1501,NA,NA,NA,1,2,2,"Menor porte",0,0
"1778","Indiaroba","indiaroba","indiaroba","Sergipe","SE","136.811945561739","10649.5674692821","0.58","16549",3155,3,0,0.000950871632329636,1,2,2,"Menor porte",3,9.50871632329635
"1779","Itabaiana","itabaiana","itabaiana","Sergipe","SE","613.280356139876","20879.7403840153","0.642","103440",73038,3,0,0.0000410745091596155,3,2,3,"Médio porte",3,0.410745091596155
"1780","Itabaianinha","itabaianinha","itabaianinha","Sergipe","SE","257.340036996632","10329.5309016743","0.556","40678",13631,NA,NA,NA,3,2,2,"Médio porte",0,0
"1781","Itabi","itabi","itabi","Sergipe","SE","286.123618501842","12016.9873106836","0.602","4745",1611,NA,NA,NA,3,2,2,"Menor porte",0,0
"1782","Itaporanga d'Ajuda","itaporanga d'ajuda","itaporanga dajuda","Sergipe","SE","222.622374600248","24711.2564464548","0.561","34411",9353,9,1,0.00106917566556185,3,2,2,"Médio porte",10,10.6917566556185
"1783","Japaratuba","japaratuba","japaratuba","Sergipe","SE","212.51388374676","22008.2509123605","0.621","16209",4769,NA,NA,NA,2,2,2,"Menor porte",0,0
"1784","Japoatã","japoatã","japoata","Sergipe","SE","187.728051232407","13233.6733934023","0.56","13407",3208,NA,NA,NA,1,1,2,"Menor porte",0,0
"1785","Lagarto","lagarto","lagarto","Sergipe","SE","450.204807025214","15604.9837960103","0.625","101579",57809,3,0,0.0000518950336452801,2,2,3,"Maior porte",3,0.518950336452802
"1786","Laranjeiras","laranjeiras","laranjeiras","Sergipe","SE","210.372340425532","26918.7167553192","0.642","23975",7364,4,0,0.000543183052688756,3,2,3,"Médio porte",4,5.43183052688756
"1787","Macambira","macambira","macambira","Sergipe","SE","296.365464732079","11301.537135469","0.583","6838",2632,NA,NA,NA,3,2,2,"Menor porte",0,0
"1788","Malhada dos Bois","malhada dos bois","malhada dos bois","Sergipe","SE","230.332522303325","11688.2941335496","0.599","3579",1031,NA,NA,NA,1,2,2,"Menor porte",0,0
"1789","Malhador","malhador","malhador","Sergipe","SE","270.607761005295","13097.1311151506","0.587","11533",4203,NA,NA,NA,3,2,2,"Menor porte",0,0
"1790","Maruim","maruim","maruim","Sergipe","SE","187.481906085345","19664.6401482253","0.618","15719",3933,NA,NA,NA,2,2,2,"Menor porte",0,0
"1791","Moita Bonita","moita bonita","moita bonita","Sergipe","SE","385.882974973564","18126.7183644695","0.587","11050",5436,NA,NA,NA,1,2,2,"Menor porte",0,0
"1792","Monte Alegre de Sergipe","monte alegre de sergipe","monte alegre de sergipe","Sergipe","SE","228.995057660626","10442.3723228995","0.553","14356",4523,3,0,0.000663276586336502,1,2,2,"Menor porte",3,6.63276586336502
"1793","Muribeca","muribeca","muribeca","Sergipe","SE","197.931666448488","12235.109307501","0.626","7822",1902,NA,NA,NA,1,2,2,"Menor porte",0,0
"1794","Neópolis","neópolis","neopolis","Sergipe","SE","227.022402823077","13923.327808373","0.589","16426",4925,NA,NA,NA,1,2,2,"Menor porte",0,0
"1795","Nossa Senhora Aparecida","nossa senhora aparecida","nossa senhora aparecida","Sergipe","SE","279.373368146214","11117.2664320581","0.577","9232",3177,1,0,0.000314762354422411,1,2,2,"Menor porte",1,3.14762354422411
"1796","Nossa Senhora da Glória","nossa senhora da glória","nossa senhora da gloria","Sergipe","SE","412.710320437252","15300.4233201157","0.587","41147",20522,2,0,0.0000974563882662509,3,2,3,"Médio porte",2,0.974563882662508
"1797","Nossa Senhora das Dores","nossa senhora das dores","nossa senhora das dores","Sergipe","SE","314.200410524352","12816.2343720843","0.6","24996",10386,NA,NA,NA,3,2,2,"Médio porte",0,0
"1798","Nossa Senhora de Lourdes","nossa senhora de lourdes","nossa senhora de lourdes","Sergipe","SE","218.75","10736.4532019704","0.598","6268",1859,NA,NA,NA,1,2,2,"Menor porte",0,0
"1799","Nossa Senhora do Socorro","nossa senhora do socorro","nossa senhora do socorro","Sergipe","SE","267.805025147276","14739.6745393256","0.664","192330",61793,16,0,0.000258929004903468,3,3,3,"Maior porte",16,2.58929004903468
"1800","Pacatuba","pacatuba","pacatuba","Sergipe","SE","197.386519944979","13100.894085282","0.555","12502",3444,NA,NA,NA,1,1,2,"Menor porte",0,0
"1801","Pedra Mole","pedra mole","pedra mole","Sergipe","SE","169.86301369863","13038.6605783866","0.593","2778",702,NA,NA,NA,1,2,2,"Menor porte",0,0
"1802","Pedrinhas","pedrinhas","pedrinhas","Sergipe","SE","235.488877392654","9392.24004138645","0.592","7396",2635,NA,NA,NA,1,2,2,"Menor porte",0,0
"1803","Pinhão","pinhão","pinhao","Sergipe","SE","220.914440923495","11591.2177455862","0.583","5677",1747,NA,NA,NA,3,2,2,"Menor porte",0,0
"1804","Pirambu","pirambu","pirambu","Sergipe","SE","186.23784592371","13388.7167432418","0.603","7913",2090,1,0,0.000478468899521531,1,2,2,"Menor porte",1,4.78468899521531
"1805","Poço Redondo","poço redondo","poco redondo","Sergipe","SE","158.248391321679","9019.81663914356","0.529","33439",7011,7,0,0.000998431036941948,3,2,2,"Médio porte",7,9.98431036941948
"1806","Poço Verde","poço verde","poco verde","Sergipe","SE","269.535341685172","10424.3516152009","0.561","21794",7770,NA,NA,NA,3,2,2,"Médio porte",0,0
"1807","Porto da Folha","porto da folha","porto da folha","Sergipe","SE","179.312027323737","9919.24859721883","0.568","26576",6403,4,0,0.000624707168514759,3,2,2,"Médio porte",4,6.24707168514759
"1808","Propriá","propriá","propria","Sergipe","SE","384.952175670214","17310.5887107638","0.661","26618",13651,NA,NA,NA,3,1,3,"Médio porte",0,0
"1809","Riachão do Dantas","riachão do dantas","riachao do dantas","Sergipe","SE","165.581301428644","15297.1376646979","0.539","18313",4209,1,0,0.000237586124970302,1,2,2,"Menor porte",1,2.37586124970302
"1810","Riachuelo","riachuelo","riachuelo","Sergipe","SE","141.190198366394","20035.5892648775","0.617","8748",1644,1,0,0.000608272506082725,2,3,2,"Menor porte",1,6.08272506082725
"1811","Ribeirópolis","ribeirópolis","ribeiropolis","Sergipe","SE","380.439993607841","16602.1946412401","0.613","17033",8863,3,0,0.000338485840009026,1,2,3,"Menor porte",3,3.38485840009026
"1812","Rosário do Catete","rosário do catete","rosario do catete","Sergipe","SE","194.858284883721","28567.8597383721","0.631","9295",2630,NA,NA,NA,3,2,2,"Menor porte",0,0
"1813","Salgado","salgado","salgado","Sergipe","SE","284.294631710362","9288.78901373283","0.609","20279",6921,NA,NA,NA,3,2,2,"Médio porte",0,0
"1814","Santa Luzia do Itanhy","santa luzia do itanhy","santa luzia do itanhy","Sergipe","SE","127.894625026556","11507.8252248424","0.545","13616",2277,4,0,0.00175669740887132,1,2,2,"Menor porte",4,17.5669740887132
"1815","Santa Rosa de Lima","santa rosa de lima","santa rosa de lima","Sergipe","SE","202.396125414224","12071.1190415498","0.592","3937",952,NA,NA,NA,3,2,2,"Menor porte",0,0
"1816","Santana do São Francisco","santana do são francisco","santana do sao francisco","Sergipe","SE","129.398266190719","10526.8995410505","0.59","7346",1247,NA,NA,NA,1,1,2,"Menor porte",0,0
"1817","Santo Amaro das Brotas","santo amaro das brotas","santo amaro das brotas","Sergipe","SE","192.741338161468","11187.145090939","0.637","11092",2955,NA,NA,NA,1,1,2,"Menor porte",0,0
"1818","São Cristóvão","são cristóvão","sao cristovao","Sergipe","SE","280.4386725654","10397.1326007487","0.662","95612",30517,4,0,0.000131074483075007,NA,NA,NA,"Médio porte",4,1.31074483075007
"1819","São Domingos","são domingos","sao domingos","Sergipe","SE","254.30534487374","9412.42080842331","0.588","10327",3623,NA,NA,NA,1,2,2,"Menor porte",0,0
"1820","São Francisco","são francisco","sao francisco","Sergipe","SE","208.41047341973","10594.2872256017","0.587","3243",949,1,0,0.00105374077976818,1,2,2,"Menor porte",1,10.5374077976818
"1821","São Miguel do Aleixo","são miguel do aleixo","sao miguel do aleixo","Sergipe","SE","225.741069166456","10029.3894096782","0.567","3434",1023,NA,NA,NA,1,1,2,"Menor porte",0,0
"1822","Simão Dias","simão dias","simao dias","Sergipe","SE","389.129685268187","15739.3981185047","0.604","42578",19499,1,0,0.0000512846812657059,3,2,3,"Médio porte",1,0.512846812657059
"1823","Siriri","siriri","siriri","Sergipe","SE","177.36900780379","16872.6867335563","0.609","7834",1873,1,0,0.000533902829684997,3,2,2,"Menor porte",1,5.33902829684997
"1824","Telha","telha","telha","Sergipe","SE","270.852570021545","11619.2674669129","0.604","3274",1029,NA,NA,NA,1,1,2,"Menor porte",0,0
"1825","Tobias Barreto","tobias barreto","tobias barreto","Sergipe","SE","346.792309156672","11143.346659052","0.557","50905",23167,1,0,0.0000431648465489705,3,2,2,"Médio porte",1,0.431648465489705
"1826","Tomar do Geru","tomar do geru","tomar do geru","Sergipe","SE","189.730328777244","9219.94828223125","0.551","12012",3307,NA,NA,NA,3,1,2,"Menor porte",0,0
"1827","Umbaúba","umbaúba","umbauba","Sergipe","SE","319.373776908024","13800.9784735812","0.579","23917",10442,4,0,0.00038306837770542,3,2,2,"Médio porte",4,3.8306837770542
"1828","Abaíra","abaíra","abaira","Bahia","BA","243.513203214696","7192.42250287026","0.603","7301",2568,NA,NA,NA,3,2,2,"Menor porte",0,0
"1829","Abaré","abaré","abare","Bahia","BA","127.586376369981","7434.01975721237","0.575","17639",2977,1,0,0.000335908632851864,NA,NA,NA,"Médio porte",1,3.35908632851864
"1830","Acajutiba","acajutiba","acajutiba","Bahia","BA","181.536840719036","8365.04905511293","0.582","13795",3235,NA,NA,NA,1,1,2,"Menor porte",0,0
"1831","Adustina","adustina","adustina","Bahia","BA","97.4541632605395","10129.2771225038","0.546","14201",2436,NA,NA,NA,NA,NA,NA,"Menor porte",0,0
"1832","Água Fria","água fria","agua fria","Bahia","BA","132.390066341807","7693.59478659074","0.55","14497",2680,NA,NA,NA,3,1,2,"Menor porte",0,0
"1833","Aiquara","aiquara","aiquara","Bahia","BA","124.094202898551","10360.0543478261","0.583","4447",663,NA,NA,NA,3,1,2,"Menor porte",0,0
"1834","Alagoinhas","alagoinhas","alagoinhas","Bahia","BA","383.077195769627","27974.6072593828","0.683","151055",66774,24,0,0.000359421331656034,2,2,3,"Maior porte",24,3.59421331656034
"1835","Alcobaça","alcobaça","alcobaca","Bahia","BA","183.370386838595","12832.3254779902","0.608","24530",5145,2,0,0.000388726919339164,2,3,2,"Médio porte",2,3.88726919339164
"1836","Almadina","almadina","almadina","Bahia","BA","131.196421915766","9885.38948937756","0.563","5218",872,NA,NA,NA,2,2,2,"Menor porte",0,0
"1837","Amargosa","amargosa","amargosa","Bahia","BA","316.898587110387","10502.6575144895","0.625","36521",14386,NA,NA,NA,2,1,3,"Médio porte",0,0
"1838","Amélia Rodrigues","amélia rodrigues","amelia rodrigues","Bahia","BA","256.587352283615","13219.4586394123","0.666","24138",7805,NA,NA,NA,1,2,3,"Médio porte",0,0
"1839","América Dourada","américa dourada","america dourada","Bahia","BA","143.940335612181","8288.68862647607","0.561","15137",2985,NA,NA,NA,NA,NA,NA,"Menor porte",0,0
"1840","Anagé","anagé","anage","Bahia","BA","141.805896237331","8583.32947655852","0.54","25438",3875,1,0,0.000258064516129032,1,2,2,"Médio porte",1,2.58064516129032
"1841","Andaraí","andaraí","andarai","Bahia","BA","126.180322875419","8423.24093816631","0.555","13080",2190,NA,NA,NA,2,1,2,"Menor porte",0,0
"1842","Andorinha","andorinha","andorinha","Bahia","BA","225.677446045646","13502.3788181755","0.588","15012",4014,NA,NA,NA,3,1,2,"Menor porte",0,0
"1843","Angical","angical","angical","Bahia","BA","165.016501650165","10166.5949203616","0.625","13732",2851,NA,NA,NA,1,1,2,"Menor porte",0,0
"1844","Anguera","anguera","anguera","Bahia","BA","130.034522439586","7521.90847127556","0.589","11031",1880,NA,NA,NA,3,1,2,"Menor porte",0,0
"1845","Antas","antas","antas","Bahia","BA","114.430925612198","6530.52004723035","0.592","14752",3108,NA,NA,NA,NA,NA,NA,"Menor porte",0,0
"1846","Antônio Cardoso","antônio cardoso","antonio cardoso","Bahia","BA","128.543290228655","9447.80337415432","0.561","11146",1860,NA,NA,NA,3,1,2,"Menor porte",0,0
"1847","Antônio Gonçalves","antônio gonçalves","antonio goncalves","Bahia","BA","144.637144300387","6143.03754840882","0.598","10862",2141,NA,NA,NA,3,1,2,"Menor porte",0,0
"1848","Aporá","aporá","apora","Bahia","BA","167.528671014167","7509.95052844614","0.548","15922",3511,NA,NA,NA,3,1,2,"Menor porte",0,0
"1849","Apuarema","apuarema","apuarema","Bahia","BA","158.31279101616","8927.55409476856","0.552","6913",1490,NA,NA,NA,NA,NA,NA,"Menor porte",0,0
"1850","Araçás","araçás","aracas","Bahia","BA","184.059633027523","19923.9842726081","0.57","11557",2603,NA,NA,NA,3,3,2,"Menor porte",0,0
"1851","Aracatu","aracatu","aracatu","Bahia","BA","223.687236489076","8947.64277500958","0.581","13936",3628,NA,NA,NA,3,3,2,"Menor porte",0,0
"1852","Araci","araci","araci","Bahia","BA","160.499926804275","7966.23847167325","0.534","48294",11056,1,0,0.0000904486251808972,2,2,2,"Médio porte",1,0.904486251808972
"1853","Aramari","aramari","aramari","Bahia","BA","125.817991449263","8455.45763894948","0.588","9833",1743,NA,NA,NA,3,1,2,"Menor porte",0,0
"1854","Arataca","arataca","arataca","Bahia","BA","100.264574400146","8160.4780585713","0.559","10191",1358,2,0,0.00147275405007364,2,1,2,"Menor porte",2,14.7275405007364
"1855","Aratuípe","aratuípe","aratuipe","Bahia","BA","163.630191241372","7792.12402399004","0.575","8677",1712,NA,NA,NA,1,1,2,"Menor porte",0,0
"1856","Aurelino Leal","aurelino leal","aurelino leal","Bahia","BA","136.295247367024","9697.14133994159","0.568","11179",1838,NA,NA,NA,3,3,2,"Menor porte",0,0
"1857","Baianópolis","baianópolis","baianopolis","Bahia","BA","178.763730346759","12165.9128437074","0.589","13614",3103,NA,NA,NA,3,1,2,"Menor porte",0,0
"1858","Baixa Grande","baixa grande","baixa grande","Bahia","BA","181.035747469314","7676.70790747714","0.585","18220",4254,NA,NA,NA,2,2,2,"Médio porte",0,0
"1859","Banzaê","banzaê","banzae","Bahia","BA","138.141993957704","6914.95468277946","0.579","11958",2253,NA,NA,NA,2,1,2,"Menor porte",0,0
"1860","Barra","barra","barra","Bahia","BA","129.808940827305","7057.02096086069","0.557","51092",8631,NA,NA,NA,3,3,2,"Médio porte",0,0
"1861","Barra da Estiva","barra da estiva","barra da estiva","Bahia","BA","387.063554335033","12899.7155747352","0.575","26026",9778,NA,NA,NA,2,1,3,"Médio porte",0,0
"1862","Barra do Choça","barra do choça","barra do choca","Bahia","BA","172.001666186036","12599.0259220097","0.551","36539",7197,NA,NA,NA,2,2,2,"Médio porte",0,0
"1863","Barra do Mendes","barra do mendes","barra do mendes","Bahia","BA","158.172486084002","7073.59213475024","0.63","13836",2688,NA,NA,NA,1,3,2,"Menor porte",0,0
"1864","Barra do Rocha","barra do rocha","barra do rocha","Bahia","BA","126.514611546686","11256.5930149679","0.577","5775",913,NA,NA,NA,3,1,2,"Menor porte",0,0
"1865","Barreiras","barreiras","barreiras","Bahia","BA","526.204809683071","32987.2017837235","0.721","159734",99364,9,0,0.0000905760637655489,2,1,1,"Maior porte",9,0.905760637655489
"1866","Barro Alto","barro alto","barro alto","Bahia","BA","147.070546034277","6658.42965324831","0.607","13453",2684,NA,NA,NA,1,2,2,"Menor porte",0,0
"1867","Barro Preto","barro preto","barro preto","Bahia","BA","116.189427312775","11185.0220264317","0.602","5833",819,NA,NA,NA,3,3,2,"Menor porte",0,0
"1868","Barrocas","barrocas","barrocas","Bahia","BA","304.06705991928","14303.2598571872","0.61","15203",5680,NA,NA,NA,3,1,2,"Menor porte",0,0
"1869","Belmonte","belmonte","belmonte","Bahia","BA","115.757136152238","13585.8258309511","0.598","20121",3277,NA,NA,NA,2,3,2,"Médio porte",0,0
"1870","Belo Campo","belo campo","belo campo","Bahia","BA","163.36431118125","8541.87854345666","0.575","18412",3696,NA,NA,NA,3,3,2,"Menor porte",0,0
"1871","Biritinga","biritinga","biritinga","Bahia","BA","163.163163163163","8035.34784784785","0.538","15146",3055,NA,NA,NA,3,1,2,"Menor porte",0,0
"1872","Boa Nova","boa nova","boa nova","Bahia","BA","113.310081920675","7913.86162705816","0.567","13690",1806,NA,NA,NA,2,2,2,"Menor porte",0,0
"1873","Boa Vista do Tupim","boa vista do tupim","boa vista do tupim","Bahia","BA","139.819761480762","6906.85877718418","0.551","16873",3192,NA,NA,NA,3,1,2,"Menor porte",0,0
"1874","Bom Jesus da Lapa","bom jesus da lapa","bom jesus da lapa","Bahia","BA","336.85510034165","15907.2952255175","0.633","65550",26867,NA,NA,NA,2,3,3,"Médio porte",0,0
"1875","Bom Jesus da Serra","bom jesus da serra","bom jesus da serra","Bahia","BA","116.257762394381","6348.36607960908","0.546","9730",1412,NA,NA,NA,1,3,2,"Menor porte",0,0
"1876","Boninal","boninal","boninal","Bahia","BA","218.814896857262","6752.31898103281","0.612","13622",3911,NA,NA,NA,NA,NA,NA,"Menor porte",0,0
"1877","Bonito","bonito","bonito","Bahia","BA","129.175550817342","9821.0139777304","0.561","15844",2603,NA,NA,NA,1,2,2,"Menor porte",0,0
"1878","Boquira","boquira","boquira","Bahia","BA","228.96218076941","7734.19546913523","0.603","19322",5636,NA,NA,NA,1,3,2,"Médio porte",0,0
"1879","Botuporã","botuporã","botupora","Bahia","BA","237.140882614276","9326.38957448909","0.575","11024",2769,NA,NA,NA,3,3,2,"Menor porte",0,0
"1880","Brejões","brejões","brejoes","Bahia","BA","172.198003093798","8595.27492617072","0.597","12943",3000,NA,NA,NA,1,2,2,"Menor porte",0,0
"1881","Brejolândia","brejolândia","brejolandia","Bahia","BA","192.50329628932","8976.54925598041","0.592","9108",2348,NA,NA,NA,3,1,2,"Menor porte",0,0
"1882","Brotas de Macaúbas","brotas de macaúbas","brotas de macaubas","Bahia","BA","188.845014807502","8278.28232971372","0.57","11765",2463,NA,NA,NA,1,2,2,"Menor porte",0,0
"1883","Brumado","brumado","brumado","Bahia","BA","586.307269622039","25652.0383158833","0.656","70510",45995,8,0,0.000173931949124905,3,1,3,"Médio porte",8,1.73931949124905
"1884","Buerarema","buerarema","buerarema","Bahia","BA","191.95892057249","11452.3107177974","0.613","14804",4106,2,0,0.000487092060399416,3,1,2,"Menor porte",2,4.87092060399416
"1885","Buritirama","buritirama","buritirama","Bahia","BA","74.0270727580372","6503.71310396691","0.565","19589",1974,NA,NA,NA,2,2,2,"Médio porte",0,0
"1886","Caatiba","caatiba","caatiba","Bahia","BA","153.514180024661","10154.7472256473","0.561","6205",1188,NA,NA,NA,3,1,2,"Menor porte",0,0
"1887","Cabaceiras do Paraguaçu","cabaceiras do paraguaçu","cabaceiras do paraguacu","Bahia","BA","140.711755063191","6876.94992332505","0.581","16559",3078,NA,NA,NA,2,1,2,"Menor porte",0,0
"1888","Cachoeira","cachoeira","cachoeira","Bahia","BA","167.158220871689","12845.056156344","0.647","29250",6681,2,0,0.000299356383774884,2,1,2,"Médio porte",2,2.99356383774884
"1889","Caculé","caculé","cacule","Bahia","BA","355.459190245159","12298.8708084668","0.637","22462",9307,NA,NA,NA,2,2,3,"Médio porte",0,0
"1890","Caém","caém","caem","Bahia","BA","197.615367630824","8857.14285714286","0.546","10384",2151,1,0,0.000464900046490005,3,3,2,"Menor porte",1,4.64900046490005
"1891","Caetanos","caetanos","caetanos","Bahia","BA","96.8647316538883","6125.6161007667","0.542","11266",1712,NA,NA,NA,3,2,2,"Menor porte",0,0
"1892","Caetité","caetité","caetite","Bahia","BA","351.911669701063","17721.2662242321","0.625","52012",21123,NA,NA,NA,3,1,3,"Médio porte",0,0
"1893","Cafarnaum","cafarnaum","cafarnaum","Bahia","BA","178.847296494355","8374.16950251175","0.584","17466",4047,NA,NA,NA,1,1,2,"Menor porte",0,0
"1894","Cairu","cairu","cairu","Bahia","BA","48.570033103598","57475.0094969338","0.627","17761",1149,NA,NA,NA,3,1,2,"Menor porte",0,0
"1895","Caldeirão Grande","caldeirão grande","caldeirao grande","Bahia","BA","160.256888955268","7245.38869389889","0.573","13080",2722,NA,NA,NA,1,1,2,"Menor porte",0,0
"1896","Camacan","camacan","camacan","Bahia","BA","187.714803474349","9164.46916203212","0.581","22579",7128,2,0,0.000280583613916947,2,1,2,"Médio porte",2,2.80583613916947
"1897","Camaçari","camaçari","camacari","Bahia","BA","315.752114675553","86244.6944154163","0.694","300372",113099,14,0,0.000123785356192362,1,2,1,"Maior porte",14,1.23785356192362
"1898","Camamu","camamu","camamu","Bahia","BA","156.887683002657","10157.5377310497","0.565","30469",7302,NA,NA,NA,3,3,2,"Médio porte",0,0
"1899","Campo Alegre de Lourdes","campo alegre de lourdes","campo alegre de lourdes","Bahia","BA","71.6516308119361","8397.60582928522","0.557","30671",2343,NA,NA,NA,3,3,2,"Médio porte",0,0
"1900","Campo Formoso","campo formoso","campo formoso","Bahia","BA","234.294347223971","13533.1878523368","0.586","71377",21098,NA,NA,NA,3,3,2,"Médio porte",0,0
"1901","Canápolis","canápolis","canapolis","Bahia","BA","199.422858909616","7177.36782438421","0.565","10225",2287,NA,NA,NA,3,1,2,"Menor porte",0,0
"1902","Canarana","canarana","canarana","Bahia","BA","209.078822412156","7914.9477682811","0.587","24206",6713,NA,NA,NA,3,2,2,"Médio porte",0,0
"1903","Canavieiras","canavieiras","canavieiras","Bahia","BA","176.179382644147","11124.4742121271","0.59","32683",6912,NA,NA,NA,2,3,2,"Médio porte",0,0
"1904","Candeal","candeal","candeal","Bahia","BA","127.12382349346","7146.80356924581","0.587","7772",1217,NA,NA,NA,3,1,2,"Menor porte",0,0
"1905","Candeias","candeias","candeias","Bahia","BA","308.388026252601","53523.920053054","0.691","72382",31081,5,0,0.000160869984878221,1,2,3,"Médio porte",5,1.60869984878221
"1906","Candiba","candiba","candiba","Bahia","BA","221.881959910913","8383.83908685969","0.591","13016",3661,NA,NA,NA,1,2,2,"Menor porte",0,0
"1907","Cândido Sales","cândido sales","candido sales","Bahia","BA","214.704825769369","8396.71895581367","0.601","25247",6763,4,0,0.000591453496968801,2,1,2,"Médio porte",4,5.91453496968801
"1908","Cansanção","cansanção","cansancao","Bahia","BA","205.292127744969","8198.81314144831","0.557","37439",9152,NA,NA,NA,3,2,2,"Médio porte",0,0
"1909","Canudos","canudos","canudos","Bahia","BA","157.524025547663","7908.97152748761","0.562","16105",3500,NA,NA,NA,2,1,2,"Menor porte",0,0
"1910","Capela do Alto Alegre","capela do alto alegre","capela do alto alegre","Bahia","BA","229.166666666667","8327.04889807163","0.599","10744",3156,NA,NA,NA,3,1,2,"Menor porte",0,0
"1911","Capim Grosso","capim grosso","capim grosso","Bahia","BA","477.350787376061","13834.9426479165","0.621","33235",18486,NA,NA,NA,3,3,3,"Médio porte",0,0
"1912","Caraíbas","caraíbas","caraibas","Bahia","BA","145.778888762641","8712.30541983865","0.555","9940",1606,NA,NA,NA,NA,NA,NA,"Menor porte",0,0
"1913","Caravelas","caravelas","caravelas","Bahia","BA","143.801204001267","15647.761734486","0.616","20580",3704,NA,NA,NA,2,3,2,"Médio porte",0,0
"1914","Cardeal da Silva","cardeal da silva","cardeal da silva","Bahia","BA","134.175048148941","12711.6413438904","0.552","8365",1572,NA,NA,NA,3,1,2,"Menor porte",0,0
"1915","Carinhanha","carinhanha","carinhanha","Bahia","BA","191.056071551428","8411.35190918473","0.576","28869",6516,NA,NA,NA,3,3,2,"Médio porte",0,0
"1916","Casa Nova","casa nova","casa nova","Bahia","BA","190.585154042319","10448.6870218485","0.57","72086",17207,NA,NA,NA,2,3,2,"Médio porte",0,0
"1917","Castro Alves","castro alves","castro alves","Bahia","BA","219.887529447526","11206.8546242116","0.613","24712",6582,NA,NA,NA,3,1,2,"Médio porte",0,0
"1918","Catolândia","catolândia","catolandia","Bahia","BA","141.983884412337","21303.4176160044","0.582","3434",589,NA,NA,NA,2,1,2,"Menor porte",0,0
"1919","Catu","catu","catu","Bahia","BA","303.092595961434","11753.1198835729","0.677","48148",19161,12,0,0.000626272115234069,1,1,3,"Médio porte",12,6.26272115234069
"1920","Caturama","caturama","caturama","Bahia","BA","202.554744525547","6898.66895663375","0.571","8841",2285,NA,NA,NA,3,2,2,"Menor porte",0,0
"1921","Central","central","central","Bahia","BA","184.606481481481","9698.03240740741","0.596","16348",3991,NA,NA,NA,1,2,2,"Menor porte",0,0
"1922","Chorrochó","chorrochó","chorrocho","Bahia","BA","110.446428571429","7261.96428571429","0.6","10579",1513,NA,NA,NA,1,1,2,"Menor porte",0,0
"1923","Cícero Dantas","cícero dantas","cicero dantas","Bahia","BA","262.340373280943","9125.27627701375","0.585","30749",11717,NA,NA,NA,1,3,2,"Médio porte",0,0
"1924","Cipó","cipó","cipo","Bahia","BA","289.880129091747","7751.61364684186","0.601","17230",7033,12,0,0.00170624200199062,2,1,2,"Menor porte",12,17.0624200199062
"1925","Coaraci","coaraci","coaraci","Bahia","BA","234.334400870143","10461.5988881503","0.613","17333",4610,NA,NA,NA,3,3,2,"Menor porte",0,0
"1926","Cocos","cocos","cocos","Bahia","BA","245.653214228745","15822.087520604","0.596","19151",5895,NA,NA,NA,1,1,2,"Menor porte",0,0
"1927","Conceição da Feira","conceição da feira","conceicao da feira","Bahia","BA","224.14550566734","13653.8089798787","0.634","20800",6072,5,0,0.000823451910408432,2,3,3,"Médio porte",5,8.23451910408432
"1928","Conceição do Almeida","conceição do almeida","conceicao do almeida","Bahia","BA","204.777162831343","10196.7375473347","0.606","15794",4183,NA,NA,NA,2,3,2,"Menor porte",0,0
"1929","Conceição do Coité","conceição do coité","conceicao do coite","Bahia","BA","357.900705833197","11339.7251279602","0.611","67825",28999,2,0,0.0000689678954446705,2,2,3,"Médio porte",2,0.689678954446705
"1930","Conceição do Jacuípe","conceição do jacuípe","conceicao do jacuipe","Bahia","BA","353.464279298162","87917.7495658423","0.663","35308",14792,10,0,0.000676041103299081,2,3,1,"Médio porte",10,6.76041103299081
"1931","Conde","conde","conde","Bahia","BA","135.893988861148","10982.4467063568","0.56","23654",4344,NA,NA,NA,2,3,2,"Médio porte",0,0
"1932","Condeúba","condeúba","condeuba","Bahia","BA","222.610315519851","9182.67551519385","0.582","17053",4205,NA,NA,NA,3,2,2,"Menor porte",0,0
"1933","Contendas do Sincorá","contendas do sincorá","contendas do sincora","Bahia","BA","217.058096415328","10453.8936959209","0.577","4333",1051,NA,NA,NA,NA,NA,NA,"Menor porte",0,0
"1934","Coração de Maria","coração de maria","coracao de maria","Bahia","BA","262.458324072016","8947.45498999778","0.592","26692",7344,NA,NA,NA,3,3,2,"Médio porte",0,0
"1935","Cordeiros","cordeiros","cordeiros","Bahia","BA","187.919463087248","7139.89817171951","0.579","7546",1908,NA,NA,NA,3,2,2,"Menor porte",0,0
"1936","Coribe","coribe","coribe","Bahia","BA","212.806558767404","9791.92875821613","0.6","13990",3746,NA,NA,NA,3,1,2,"Menor porte",0,0
"1937","Coronel João Sá","coronel joão sá","coronel joao sa","Bahia","BA","0","0","0.535","17.056",2717,NA,NA,NA,1,3,2,"Médio porte",0,0
"1938","Correntina","correntina","correntina","Bahia","BA","281.631511913268","45555.2483613432","0.603","32457",11582,NA,NA,NA,2,3,3,"Médio porte",0,0
"1939","Cotegipe","cotegipe","cotegipe","Bahia","BA","150.410342072772","9976.39625245116","0.59","13063",2595,NA,NA,NA,3,1,2,"Menor porte",0,0
"1940","Cravolândia","cravolândia","cravolandia","Bahia","BA","129.508503083536","7688.46944496356","0.599","4415",790,NA,NA,NA,NA,NA,NA,"Menor porte",0,0
"1941","Crisópolis","crisópolis","crisopolis","Bahia","BA","173.557624155365","7909.22837026887","0.543","19729",4683,NA,NA,NA,3,3,2,"Médio porte",0,0
"1942","Cristópolis","cristópolis","cristopolis","Bahia","BA","193.159819315982","8827.919982792","0.614","13993",3319,NA,NA,NA,2,3,2,"Menor porte",0,0
"1943","Cruz das Almas","cruz das almas","cruz das almas","Bahia","BA","489.251623657436","15429.0229749493","0.699","60348",35546,11,0,0.00030945816688235,1,3,3,"Médio porte",11,3.0945816688235
"1944","Curaçá","curaçá","curaca","Bahia","BA","109.872155019205","9076.50633491945","0.581","34180",4823,NA,NA,NA,2,3,2,"Médio porte",0,0
"1945","Dário Meira","dário meira","dario meira","Bahia","BA","112.209026128266","9929.50118764846","0.54","10820",1546,NA,NA,NA,3,1,2,"Menor porte",0,0
"1946","Dias d'Ávila","dias d'ávila","dias davila","Bahia","BA","280.631308229814","41929.8088121118","0.676","71485",26075,2,0,0.0000767018216682646,1,2,3,"Médio porte",2,0.767018216682646
"1947","Dom Basílio","dom basílio","dom basilio","Bahia","BA","366.584967320261","9650.65359477124","0.591","11884",5444,NA,NA,NA,3,1,2,"Menor porte",0,0
"1948","Dom Macedo Costa","dom macedo costa","dom macedo costa","Bahia","BA","259.778597785978","8893.48093480935","0.632","4407",1243,NA,NA,NA,NA,NA,NA,"Menor porte",0,0
"1949","Elísio Medrado","elísio medrado","elisio medrado","Bahia","BA","229.633275904504","7782.30371646567","0.623","7808",2185,NA,NA,NA,1,1,2,"Menor porte",0,0
"1950","Encruzilhada","encruzilhada","encruzilhada","Bahia","BA","149.215614739146","11750.7600632373","0.544","19107",3706,NA,NA,NA,2,3,2,"Menor porte",0,0
"1951","Entre Rios","entre rios","entre rios","Bahia","BA","219.970883749791","14329.0374931386","0.615","38098",11053,1,0,0.0000904731747037004,2,3,2,"Médio porte",1,0.904731747037004
"1952","Érico Cardoso","érico cardoso","erico cardoso","Bahia","BA","206.818181818182","6591.76136363636","0.584","10604",2656,NA,NA,NA,3,2,2,"Menor porte",0,0
"1953","Esplanada","esplanada","esplanada","Bahia","BA","180.3448826441","16821.5445207302","0.589","32554",8301,4,0,0.000481869654258523,2,3,2,"Médio porte",4,4.81869654258523
"1954","Euclides da Cunha","euclides da cunha","euclides da cunha","Bahia","BA","231.818331197213","10617.6673567978","0.567","61456",18353,2,0,0.000108974009698687,3,3,2,"Médio porte",2,1.08974009698687
"1955","Eunápolis","eunápolis","eunapolis","Bahia","BA","429.315710339522","27484.2214762754","0.677","113710",58854,31,0,0.000526727155333537,2,2,3,"Maior porte",31,5.26727155333537
"1956","Fátima","fátima","fatima","Bahia","BA","115.494536284674","11942.3928271224","0.559","17896",3039,NA,NA,NA,1,1,2,"Menor porte",0,0
"1957","Feira da Mata","feira da mata","feira da mata","Bahia","BA","201.554495672143","9528.35188129306","0.588","5631",1265,NA,NA,NA,3,1,2,"Menor porte",0,0
"1958","Feira de Santana","feira de santana","feira de santana","Bahia","BA","470.55643155603","24044.5054865246","0.712","616272",342906,73,4,0.000224551334768129,2,2,1,"Maior porte",77,2.24551334768129
"1959","Filadélfia","filadélfia","filadelfia","Bahia","BA","221.229733863567","7766.96237381462","0.565","17897",4732,1,0,0.000211327134404057,3,1,2,"Menor porte",1,2.11327134404057
"1960","Firmino Alves","firmino alves","firmino alves","Bahia","BA","129.685556937289","9120.62533309646","0.578","4873",902,NA,NA,NA,3,1,2,"Menor porte",0,0
"1961","Floresta Azul","floresta azul","floresta azul","Bahia","BA","131.820330969267","8080.18912529551","0.557","11059",1719,NA,NA,NA,3,2,2,"Menor porte",0,0
"1962","Formosa do Rio Preto","formosa do rio preto","formosa do rio preto","Bahia","BA","196.658545074835","71635.3792009901","0.618","25899",6501,NA,NA,NA,3,3,3,"Médio porte",0,0
"1963","Gandu","gandu","gandu","Bahia","BA","318.443980856547","11932.2002699718","0.632","32178",12328,8,0,0.000648929266709929,2,1,3,"Médio porte",8,6.48929266709929
"1964","Gavião","gavião","gaviao","Bahia","BA","202.027027027027","9245.04504504504","0.599","4360",1186,NA,NA,NA,3,1,2,"Menor porte",0,0
"1965","Gentio do Ouro","gentio do ouro","gentio do ouro","Bahia","BA","142.552624567013","12528.3772981615","0.559","10884",2060,NA,NA,NA,1,2,2,"Menor porte",0,0
"1966","Glória","glória","gloria","Bahia","BA","237.82329000919","12924.1827491138","0.593","15524",4277,NA,NA,NA,1,1,2,"Menor porte",0,0
"1967","Gongogi","gongogi","gongogi","Bahia","BA","93.6292054402291","8968.79026485326","0.576","5555",834,NA,NA,NA,3,2,2,"Menor porte",0,0
"1968","Governador Mangabeira","governador mangabeira","governador mangabeira","Bahia","BA","333.493883055582","9045.27502167421","0.643","20605",8300,3,0,0.00036144578313253,2,2,3,"Médio porte",3,3.6144578313253
"1969","Guajeru","guajeru","guajeru","Bahia","BA","182.515798976828","8567.55943424616","0.569","8050",1453,NA,NA,NA,NA,NA,NA,"Menor porte",0,0
"1970","Guanambi","guanambi","guanambi","Bahia","BA","573.120761115298","17068.6581574981","0.673","87817",57252,NA,NA,NA,3,1,3,"Médio porte",0,0
"1971","Guaratinga","guaratinga","guaratinga","Bahia","BA","177.004830917874","9996.08695652174","0.558","19049",4439,NA,NA,NA,3,3,2,"Médio porte",0,0
"1972","Heliópolis","heliópolis","heliopolis","Bahia","BA","119.58111958112","8088.39608839609","0.563","12687",2145,NA,NA,NA,3,1,2,"Menor porte",0,0
"1973","Iaçu","iaçu","iacu","Bahia","BA","224.824841424485","8813.31619750425","0.574","24607",6367,NA,NA,NA,2,1,2,"Médio porte",0,0
"1974","Ibiassucê","ibiassucê","ibiassuce","Bahia","BA","0","0","0.611","10429",3144,NA,NA,NA,2,2,2,"Médio porte",0,0
"1975","Ibicaraí","ibicaraí","ibicarai","Bahia","BA","226.120310599682","8896.48236504818","0.625","21665",5777,NA,NA,NA,2,1,2,"Médio porte",0,0
"1976","Ibicoara","ibicoara","ibicoara","Bahia","BA","270.089962599818","19756.9998989184","0.591","20785",6536,NA,NA,NA,3,1,2,"Menor porte",0,0
"1977","Ibicuí","ibicuí","ibicui","Bahia","BA","164.078866296981","9679.79051139865","0.584","13934",3208,NA,NA,NA,3,1,2,"Menor porte",0,0
"1978","Ibipeba","ibipeba","ibipeba","Bahia","BA","130.356460505486","7526.50253834816","0.616","16603",3103,NA,NA,NA,2,3,2,"Menor porte",0,0
"1979","Ibipitanga","ibipitanga","ibipitanga","Bahia","BA","296.046029303539","7065.76570549274","0.584","13863",5274,NA,NA,NA,NA,NA,NA,"Menor porte",0,0
"1980","Ibiquera","ibiquera","ibiquera","Bahia","BA","122.343054869006","7337.12308452793","0.511","3725",625,NA,NA,NA,3,1,2,"Menor porte",0,0
"1981","Ibirapitanga","ibirapitanga","ibirapitanga","Bahia","BA","108.998461801401","9975.43155016237","0.558","25344",3292,5,0,0.00151883353584447,NA,NA,NA,"Médio porte",5,15.1883353584447
"1982","Ibirapuã","ibirapuã","ibirapua","Bahia","BA","218.181818181818","31713.4637514384","0.614","8896",2534,NA,NA,NA,3,1,2,"Menor porte",0,0
"1983","Ibirataia","ibirataia","ibirataia","Bahia","BA","286.453433678269","12137.2799354925","0.576","18792",5072,NA,NA,NA,NA,NA,NA,"Menor porte",0,0
"1984","Ibitiara","ibitiara","ibitiara","Bahia","BA","233.615801987441","6526.42809242212","0.585","14637",4868,NA,NA,NA,1,3,2,"Menor porte",0,0
"1985","Ibititá","ibititá","ibitita","Bahia","BA","159.660421545667","7505.85480093677","0.602","16969",3560,NA,NA,NA,1,2,2,"Menor porte",0,0
"1986","Ibotirama","ibotirama","ibotirama","Bahia","BA","376.884049920379","13662.6300781395","0.636","26309",12378,1,0,0.0000807884957182097,2,1,3,"Médio porte",1,0.807884957182097
"1987","Ichu","ichu","ichu","Bahia","BA","299.1961414791","7565.11254019293","0.631","6190",2122,NA,NA,NA,NA,NA,NA,"Menor porte",0,0
"1988","Igaporã","igaporã","igapora","Bahia","BA","203.386581469649","12062.3003194888","0.614","15527",3574,NA,NA,NA,2,2,2,"Menor porte",0,0
"1989","Igrapiúna","igrapiúna","igrapiuna","Bahia","BA","131.540753189214","12325.7963486365","0.574","13151",2055,NA,NA,NA,2,1,2,"Menor porte",0,0
"1990","Iguaí","iguaí","iguai","Bahia","BA","134.072618032118","7852.98371842896","0.552","21491",4224,NA,NA,NA,2,3,2,"Médio porte",0,0
"1991","Ilhéus","ilhéus","ilheus","Bahia","BA","279.42197182394","29188.1593016639","0.69","178649",53233,21,0,0.000394492138335243,3,1,3,"Maior porte",21,3.94492138335243
"1992","Inhambupe","inhambupe","inhambupe","Bahia","BA","218.654699625617","14194.2578037835","0.565","33790",10908,9,0,0.000825082508250825,2,3,2,"Médio porte",9,8.25082508250825
"1993","Ipecaetá","ipecaetá","ipecaeta","Bahia","BA","121.011564720635","6170.12679392504","0.55","13709",2095,NA,NA,NA,NA,NA,NA,"Menor porte",0,0
"1994","Ipiaú","ipiaú","ipiau","Bahia","BA","324.245459692522","10395.3225033753","0.67","40706",17534,NA,NA,NA,2,1,3,"Médio porte",0,0
"1995","Ipirá","ipirá","ipira","Bahia","BA","294.01867586439","10562.2949440565","0.549","56876",20454,1,0,0.000048890192627359,2,3,2,"Médio porte",1,0.48890192627359
"1996","Ipupiara","ipupiara","ipupiara","Bahia","BA","253.758450206841","8545.35364746242","0.59","9935",3083,NA,NA,NA,1,1,2,"Menor porte",0,0
"1997","Irajuba","irajuba","irajuba","Bahia","BA","156.34015661492","9907.26748179695","0.576","6101",1371,NA,NA,NA,NA,NA,NA,"Menor porte",0,0
"1998","Iramaia","iramaia","iramaia","Bahia","BA","164.206416981823","10429.05941198","0.571","10752",1613,NA,NA,NA,1,1,2,"Menor porte",0,0
"1999","Iraquara","iraquara","iraquara","Bahia","BA","182.981395713949","19924.8371143732","0.599","23879",5925,NA,NA,NA,3,2,2,"Médio porte",0,0
"2000","Irará","irará","irara","Bahia","BA","245.226750762692","9005.41596681863","0.62","28043",8842,NA,NA,NA,2,3,2,"Médio porte",0,0
"2001","Irecê","irecê","irece","Bahia","BA","466.935966487133","18147.2852401937","0.691","74507",42622,2,0,0.0000469241236919901,3,1,3,"Médio porte",2,0.469241236919901
"2002","Itabela","itabela","itabela","Bahia","BA","276.026929456532","12226.2659771685","0.599","28165",10702,4,0,0.000373761913660998,2,3,2,"Médio porte",4,3.73761913660998
"2003","Itaberaba","itaberaba","itaberaba","Bahia","BA","370.417349874702","13666.3366642948","0.62","65073",29365,7,0,0.000238379022646007,2,3,3,"Médio porte",7,2.38379022646007
"2004","Itabuna","itabuna","itabuna","Bahia","BA","371.135082013244","19576.6572290989","0.712","186708",90359,19,0,0.000210272358038491,2,1,3,"Maior porte",19,2.10272358038491
"2005","Itacaré","itacaré","itacare","Bahia","BA","99.2539394784549","11553.0260772556","0.583","27704",4257,NA,NA,NA,2,3,2,"Médio porte",0,0
"2006","Itaeté","itaeté","itaete","Bahia","BA","157.852265673495","6426.13283674736","0.572","13472",3073,NA,NA,NA,1,1,2,"Menor porte",0,0
"2007","Itagi","itagi","itagi","Bahia","BA","157.245548113053","8741.70887109949","0.543","13803",2358,NA,NA,NA,2,1,2,"Menor porte",0,0
"2008","Itagibá","itagibá","itagiba","Bahia","BA","145.239413230003","14250.968724052","0.589","15310",2779,NA,NA,NA,1,1,2,"Menor porte",0,0
"2009","Itagimirim","itagimirim","itagimirim","Bahia","BA","204.835164835165","16321.0256410256","0.634","6347",1681,NA,NA,NA,3,3,2,"Menor porte",0,0
"2010","Itaguaçu da Bahia","itaguaçu da bahia","itaguacu da bahia","Bahia","BA","101.43033970568","8698.04703617109","0.562","12311",1950,NA,NA,NA,1,2,2,"Menor porte",0,0
"2011","Itaju do Colônia","itaju do colônia","itaju do colonia","Bahia","BA","133.565797453002","11072.4681625227","0.592","6037",1023,NA,NA,NA,3,1,2,"Menor porte",0,0
"2012","Itajuípe","itajuípe","itajuipe","Bahia","BA","198.695950583391","11116.6290812825","0.599","18781",4802,NA,NA,NA,2,2,2,"Médio porte",0,0
"2013","Itamaraju","itamaraju","itamaraju","Bahia","BA","346.753548987666","14821.4723450469","0.627","59605",27355,14,0,0.000511789435203802,2,3,3,"Médio porte",14,5.11789435203802
"2014","Itamari","itamari","itamari","Bahia","BA","183.306260152443","11161.6893664876","0.578","7051",1819,NA,NA,NA,2,1,2,"Menor porte",0,0
"2015","Itambé","itambé","itambe","Bahia","BA","143.051771117166","10944.6251208579","0.578","24394",3860,NA,NA,NA,2,1,2,"Médio porte",0,0
"2016","Itanagra","itanagra","itanagra","Bahia","BA","104.412678682411","10535.4257302672","0.584","5914",835,NA,NA,NA,3,1,2,"Menor porte",0,0
"2017","Itanhém","itanhém","itanhem","Bahia","BA","245.444191343964","11861.4102298613","0.637","17813",5853,NA,NA,NA,2,1,2,"Menor porte",0,0
"2018","Itaparica","itaparica","itaparica","Bahia","BA","141.693154855173","10982.8983301249","0.67","19789",3794,NA,NA,NA,3,1,3,"Médio porte",0,0
"2019","Itapé","itapé","itape","Bahia","BA","184.02533427164","10986.3945578231","0.599","10341",1923,NA,NA,NA,3,1,2,"Menor porte",0,0
"2020","Itapebi","itapebi","itapebi","Bahia","BA","132.745961820852","28437.1023005384","0.572","9174",1692,NA,NA,NA,1,1,2,"Menor porte",0,0
"2021","Itapetinga","itapetinga","itapetinga","Bahia","BA","266.43661696725","15333.3029494108","0.667","65897",23855,NA,NA,NA,2,3,3,"Médio porte",0,0
"2022","Itapicuru","itapicuru","itapicuru","Bahia","BA","61.5333166123234","8859.68285817797","0.486","31679",3184,NA,NA,NA,3,3,2,"Médio porte",0,0
"2023","Itapitanga","itapitanga","itapitanga","Bahia","BA","91.4740726354632","7618.37249951447","0.571","10279",1131,NA,NA,NA,3,1,2,"Menor porte",0,0
"2024","Itaquara","itaquara","itaquara","Bahia","BA","135.138373068168","9088.41499940098","0.553","8153",1283,NA,NA,NA,3,2,2,"Menor porte",0,0
"2025","Itarantim","itarantim","itarantim","Bahia","BA","170.034772967797","13486.1160106839","0.61","17052",3980,NA,NA,NA,3,1,2,"Menor porte",0,0
"2026","Itatim","itatim","itatim","Bahia","BA","328.151867391155","25434.0738702799","0.582","15737",5704,NA,NA,NA,2,1,2,"Menor porte",0,0
"2027","Itiruçu","itiruçu","itirucu","Bahia","BA","235.07343550447","8183.34929757344","0.6","10999",3279,NA,NA,NA,1,3,2,"Menor porte",0,0
"2028","Itiúba","itiúba","itiuba","Bahia","BA","179.394174327168","7903.00697751689","0.544","33872",8009,NA,NA,NA,1,3,2,"Médio porte",0,0
"2029","Itororó","itororó","itororo","Bahia","BA","175.985874043555","9930.40023543261","0.594","16617",4241,NA,NA,NA,2,2,2,"Médio porte",0,0
"2030","Ituaçu","ituaçu","ituacu","Bahia","BA","241.303205465055","8577.929584866","0.57","17914",5601,2,0,0.000357079093019104,1,1,2,"Menor porte",2,3.57079093019104
"2031","Ituberá","ituberá","itubera","Bahia","BA","206.958942240779","11148.9561586639","0.606","21902",7012,NA,NA,NA,3,3,2,"Médio porte",0,0
"2032","Iuiu","iuiu","iuiu","Bahia","BA","199.255628177197","9452.52360203341","0.591","11118",2553,NA,NA,NA,3,1,2,"Menor porte",0,0
"2033","Jaborandi","jaborandi","jaborandi","Bahia","BA","257.822882686964","70038.1780838468","0.613","9275",2616,NA,NA,NA,1,3,3,"Menor porte",0,0
"2034","Jacaraci","jacaraci","jacaraci","Bahia","BA","161.885521885522","7478.9898989899","0.593","14436",2777,NA,NA,NA,1,3,2,"Menor porte",0,0
"2035","Jacobina","jacobina","jacobina","Bahia","BA","397.383270292057","16172.5305388479","0.649","82590",37708,1,0,0.0000265195714437255,3,1,3,"Médio porte",1,0.265195714437255
"2036","Jaguaquara","jaguaquara","jaguaquara","Bahia","BA","255.830117242515","10647.9980977814","0.58","45964",16643,2,0,0.000120170642312083,2,3,2,"Médio porte",2,1.20170642312083
"2037","Jaguarari","jaguarari","jaguarari","Bahia","BA","241.124874059148","22105.0494873466","0.659","32703",10356,NA,NA,NA,1,2,3,"Médio porte",0,0
"2038","Jaguaripe","jaguaripe","jaguaripe","Bahia","BA","105.315842157947","9466.41378220326","0.556","17659",2514,1,0,0.000397772474144789,1,1,2,"Menor porte",1,3.97772474144789
"2039","Jandaíra","jandaíra","jandaira","Bahia","BA","81.297781092672","12149.2634719373","0.55","9285",1092,NA,NA,NA,3,1,2,"Menor porte",0,0
"2040","Jequié","jequié","jequie","Bahia","BA","441.054020470646","17245.6861765497","0.665","158813",79393,10,0,0.000125955688788684,2,2,3,"Maior porte",10,1.25955688788684
"2041","Jeremoabo","jeremoabo","jeremoabo","Bahia","BA","189.687830557674","9088.65710560626","0.547","37626",11128,NA,NA,NA,3,3,2,"Médio porte",0,0
"2042","Jiquiriçá","jiquiriçá","jiquirica","Bahia","BA","243.113278834925","8074.32850175173","0.553","13629",4408,NA,NA,NA,2,1,2,"Menor porte",0,0
"2043","Jitaúna","jitaúna","jitauna","Bahia","BA","195.040710584752","13755.9215396003","0.575","14355",2570,2,0,0.000778210116731518,1,1,2,"Menor porte",2,7.78210116731518
"2044","João Dourado","joão dourado","joao dourado","Bahia","BA","209.117392331312","9255.05865679868","0.593","24854",6666,NA,NA,NA,3,2,2,"Médio porte",0,0
"2045","Juazeiro","juazeiro","juazeiro","Bahia","BA","477.012495301657","19937.4547354718","0.677","237821",125021,33,2,0.000279952967901393,2,2,3,"Maior porte",35,2.79952967901393
"2046","Jucuruçu","jucuruçu","jucurucu","Bahia","BA","156.764574988874","10393.4134401424","0.541","9655",1868,NA,NA,NA,1,1,2,"Menor porte",0,0
"2047","Jussara","jussara","jussara","Bahia","BA","216.550910758747","7106.08046127637","0.571","16354",4199,NA,NA,NA,1,1,2,"Menor porte",0,0
"2048","Jussari","jussari","jussari","Bahia","BA","153.432732316227","10340.4993065187","0.567","5888",1066,NA,NA,NA,3,3,2,"Menor porte",0,0
"2049","Jussiape","jussiape","jussiape","Bahia","BA","383.701472556894","9882.86479250335","0.602","7379",2674,NA,NA,NA,1,3,2,"Menor porte",0,0
"2050","Lafaiete Coutinho","lafaiete coutinho","lafaiete coutinho","Bahia","BA","176.82101272678","11781.4784727864","0.599","4075",829,NA,NA,NA,3,1,2,"Menor porte",0,0
"2051","Lagoa Real","lagoa real","lagoa real","Bahia","BA","147.939124920736","6141.15409004439","0.545","14105",2713,NA,NA,NA,1,2,2,"Menor porte",0,0
"2052","Laje","laje","laje","Bahia","BA","212.71637816245","10433.2972703063","0.586","21052",6211,3,0,0.000483014007406215,3,3,2,"Médio porte",3,4.83014007406215
"2053","Lajedão","lajedão","lajedao","Bahia","BA","207.547169811321","17976.1006289308","0.632","3845",1047,NA,NA,NA,2,1,2,"Menor porte",0,0
"2054","Lajedinho","lajedinho","lajedinho","Bahia","BA","136.774880255455","16932.6769558276","0.546","3527",652,NA,NA,NA,NA,NA,NA,"Menor porte",0,0
"2055","Lajedo do Tabocal","lajedo do tabocal","lajedo do tabocal","Bahia","BA","158.79678209164","8127.31724379154","0.584","7494",1665,NA,NA,NA,3,1,2,"Menor porte",0,0
"2056","Lamarão","lamarão","lamarao","Bahia","BA","128.799902331828","6848.0039067269","0.518","9015",1249,NA,NA,NA,3,1,2,"Menor porte",0,0
"2057","Lapão","lapão","lapao","Bahia","BA","183.031458531935","9276.27044071277","0.596","25736",6545,NA,NA,NA,2,2,2,"Médio porte",0,0
"2058","Lauro de Freitas","lauro de freitas","lauro de freitas","Bahia","BA","406.779576958365","32514.6775113448","0.754","203331",94099,24,11,0.000371948692334669,1,2,1,"Maior porte",35,3.71948692334669
"2059","Lençóis","lençóis","lencois","Bahia","BA","254.891729715627","11238.9773023741","0.623","10774",3341,4,0,0.0011972463334331,2,1,2,"Menor porte",4,11.972463334331
"2060","Licínio de Almeida","licínio de almeida","licinio de almeida","Bahia","BA","247.555160429968","9407.0960963388","0.621","11834",3519,NA,NA,NA,2,2,2,"Menor porte",0,0
"2061","Livramento de Nossa Senhora","livramento de nossa senhora","livramento de nossa senhora","Bahia","BA","391.407233728453","10954.5612435413","0.611","43903",21661,NA,NA,NA,2,3,3,"Médio porte",0,0
"2062","Luís Eduardo Magalhães","luís eduardo magalhães","luis eduardo magalhaes","Bahia","BA","595.162041658348","67716.1331824937","0.716","107909",75580,15,0,0.000198465202434506,2,3,1,"Médio porte",15,1.98465202434506
"2063","Macajuba","macajuba","macajuba","Bahia","BA","143.575714789975","6861.01306036004","0.524","10454",1907,NA,NA,NA,3,1,2,"Menor porte",0,0
"2064","Macarani","macarani","macarani","Bahia","BA","181.871066687821","9443.9684806177","0.605","21599",4019,NA,NA,NA,3,1,2,"Menor porte",0,0
"2065","Macaúbas","macaúbas","macaubas","Bahia","BA","251.789238651542","7760.96967763801","0.609","41859",15116,NA,NA,NA,3,3,2,"Médio porte",0,0
"2066","Macururé","macururé","macurure","Bahia","BA","100.295364068319","6914.47283934763","0.604","7256",947,NA,NA,NA,1,3,2,"Menor porte",0,0
"2067","Madre de Deus","madre de deus","madre de deus","Bahia","BA","160.227696901829","23969.53154162","0.708","18504",4083,NA,NA,NA,NA,NA,NA,"Médio porte",0,0
"2068","Maetinga","maetinga","maetinga","Bahia","BA","374.095513748191","16768.8133140376","0.538","6973",1280,NA,NA,NA,NA,NA,NA,"Menor porte",0,0
"2069","Maiquinique","maiquinique","maiquinique","Bahia","BA","163.727219282775","10820.3997648442","0.576","8731",2007,NA,NA,NA,3,1,2,"Menor porte",0,0
"2070","Mairi","mairi","mairi","Bahia","BA","173.637243307171","6942.10299967745","0.572","17674",3738,NA,NA,NA,3,3,2,"Menor porte",0,0
"2071","Malhada","malhada","malhada","Bahia","BA","147.855999051065","9081.54913706186","0.562","15398",3091,NA,NA,NA,1,1,2,"Menor porte",0,0
"2072","Malhada de Pedras","malhada de pedras","malhada de pedras","Bahia","BA","278.502213183395","8041.99066874028","0.578","8670",2959,NA,NA,NA,2,2,2,"Menor porte",0,0
"2073","Manoel Vitorino","manoel vitorino","manoel vitorino","Bahia","BA","134.637426453733","11024.60456942","0.566","13860",2212,NA,NA,NA,2,2,2,"Menor porte",0,0
"2074","Mansidão","mansidão","mansidao","Bahia","BA","48.2015436143877","6306.46570554827","0.599","13919",817,NA,NA,NA,3,1,2,"Menor porte",0,0
"2075","Maracás","maracás","maracas","Bahia","BA","330.358456333055","21825.9206590497","0.607","27620",8280,NA,NA,NA,2,1,3,"Médio porte",0,0
"2076","Maragogipe","maragogipe","maragogipe","Bahia","BA","134.55227379278","7218.69488536155","0.621","35859",7796,NA,NA,NA,2,3,2,"Médio porte",0,0
"2077","Maraú","maraú","marau","Bahia","BA","71.7369161371684","12128.0981714119","0.593","24527",2232,1,0,0.000448028673835125,NA,NA,NA,"Médio porte",1,4.48028673835125
"2078","Marcionílio Souza","marcionílio souza","marcionilio souza","Bahia","BA","150.385356454721","7769.36416184971","0.561","9267",1916,NA,NA,NA,2,2,2,"Menor porte",0,0
"2079","Mascote","mascote","mascote","Bahia","BA","110.301086243348","9884.88736604214","0.581","13544",1896,2,0,0.00105485232067511,2,1,2,"Menor porte",2,10.5485232067511
"2080","Mata de São João","mata de são joão","mata de sao joao","Bahia","BA","236.896829775495","24961.0830539405","0.668","42566",13569,5,0,0.000368486992409168,1,3,3,"Médio porte",5,3.68486992409168
"2081","Matina","matina","matina","Bahia","BA","146.462590572336","6341.12187576325","0.572","10330",2038,NA,NA,NA,NA,NA,NA,"Menor porte",0,0
"2082","Medeiros Neto","medeiros neto","medeiros neto","Bahia","BA","277.205493924987","14081.5724599401","0.625","22194",7883,NA,NA,NA,2,3,3,"Médio porte",0,0
"2083","Miguel Calmon","miguel calmon","miguel calmon","Bahia","BA","219.548930254113","8904.64972580521","0.586","24661",6891,NA,NA,NA,2,1,2,"Médio porte",0,0
"2084","Milagres","milagres","milagres","Bahia","BA","240.429633709722","10064.3532543835","0.622","11071",3148,NA,NA,NA,NA,NA,NA,"Menor porte",0,0
"2085","Mirangaba","mirangaba","mirangaba","Bahia","BA","127.422323265129","6863.26729457616","0.542","15734",2924,NA,NA,NA,1,1,2,"Menor porte",0,0
"2086","Mirante","mirante","mirante","Bahia","BA","138.51071386291","7525.15686042382","0.527","10187",1478,NA,NA,NA,NA,NA,NA,"Menor porte",0,0
"2087","Monte Santo","monte santo","monte santo","Bahia","BA","162.587767360688","8010.18710174926","0.506","47780",10012,NA,NA,NA,3,2,2,"Médio porte",0,0
"2088","Morpará","morpará","morpara","Bahia","BA","87.3249382134871","7921.85477227257","0.558","7996",877,NA,NA,NA,3,2,2,"Menor porte",0,0
"2089","Morro do Chapéu","morro do chapéu","morro do chapeu","Bahia","BA","177.737020316027","9642.43792325056","0.588","33594",7646,NA,NA,NA,3,1,2,"Médio porte",0,0
"2090","Mortugaba","mortugaba","mortugaba","Bahia","BA","234.069034185197","8092.68171257882","0.618","11143",3373,NA,NA,NA,3,2,2,"Menor porte",0,0
"2091","Mucugê","mucugê","mucuge","Bahia","BA","374.957813027337","49308.808639892","0.606","12137",4090,NA,NA,NA,1,3,3,"Menor porte",0,0
"2092","Mucuri","mucuri","mucuri","Bahia","BA","192.729166173582","42255.9939409718","0.665","37977",10408,6,0,0.000576479631053036,1,3,3,"Médio porte",6,5.76479631053036
"2093","Mulungu do Morro","mulungu do morro","mulungu do morro","Bahia","BA","172.116555794997","9439.05181298604","0.566","13152",2329,NA,NA,NA,3,3,2,"Menor porte",0,0
"2094","Mundo Novo","mundo novo","mundo novo","Bahia","BA","115.609936967","6343.86355209492","0.59","17305",3737,NA,NA,NA,NA,NA,NA,"Médio porte",0,0
"2095","Muniz Ferreira","muniz ferreira","muniz ferreira","Bahia","BA","222.087867795244","7425.90353352143","0.617","7190",2004,1,0,0.000499001996007984,1,1,2,"Menor porte",1,4.99001996007984
"2096","Muquém do São Francisco","muquém do são francisco","muquem do sao francisco","Bahia","BA","97.3986160988","15879.7407374967","0.549","10443",1431,NA,NA,NA,NA,NA,NA,"Menor porte",0,0
"2097","Muritiba","muritiba","muritiba","Bahia","BA","239.918395103706","9243.62461747705","0.66","28707",8431,2,0,0.000237219784129996,1,3,3,"Médio porte",2,2.37219784129996
"2098","Mutuípe","mutuípe","mutuipe","Bahia","BA","384.435867516381","15845.0318642851","0.601","20037",10062,NA,NA,NA,1,3,3,"Médio porte",0,0
"2099","Nazaré","nazaré","nazare","Bahia","BA","272.259914667413","9583.93369238302","0.641","27060",9007,NA,NA,NA,1,3,3,"Médio porte",0,0
"2100","Nilo Peçanha","nilo peçanha","nilo pecanha","Bahia","BA","138.14901626536","9939.69742169188","0.547","12063",2294,NA,NA,NA,2,1,2,"Menor porte",0,0
"2101","Nordestina","nordestina","nordestina","Bahia","BA","146.308113035551","12120.3281677302","0.56","18523",2377,NA,NA,NA,3,2,2,"Menor porte",0,0
"2102","Nova Canaã","nova canaã","nova canaa","Bahia","BA","105.815930063137","8416.03933948519","0.545","13715",2175,NA,NA,NA,1,1,2,"Menor porte",0,0
"2103","Nova Fátima","nova fátima","nova fatima","Bahia","BA","273.238716276691","11105.3573711802","0.597","7967",2585,NA,NA,NA,3,1,2,"Menor porte",0,0
"2104","Nova Ibiá","nova ibiá","nova ibia","Bahia","BA","142.203234665853","12886.1763808361","0.57","6501",1133,NA,NA,NA,3,1,2,"Menor porte",0,0
"2105","Nova Itarana","nova itarana","nova itarana","Bahia","BA","112.332407295567","6795.26512863872","0.524","7780",1239,NA,NA,NA,NA,NA,NA,"Menor porte",0,0
"2106","Nova Redenção","nova redenção","nova redencao","Bahia","BA","114.87449303957","7001.86342211992","0.567","7538",1340,NA,NA,NA,3,1,2,"Menor porte",0,0
"2107","Nova Soure","nova soure","nova soure","Bahia","BA","158.456181939403","8268.53841025261","0.555","24236",5613,3,0,0.000534473543559594,1,3,2,"Médio porte",3,5.34473543559594
"2108","Nova Viçosa","nova viçosa","nova vicosa","Bahia","BA","182.582280793915","11400.7034693831","0.654","39509",10340,NA,NA,NA,2,3,3,"Médio porte",0,0
"2109","Novo Horizonte","novo horizonte","novo horizonte","Bahia","BA","302.667305542246","6816.64270883245","0.597","11162",4333,NA,NA,NA,3,1,2,"Menor porte",0,0
"2110","Novo Triunfo","novo triunfo","novo triunfo","Bahia","BA","90.3321893414492","5385.48209544778","0.554","11101",1835,NA,NA,NA,3,1,2,"Menor porte",0,0
"2111","Olindina","olindina","olindina","Bahia","BA","161.001978518937","7340.34058790277","0.559","22633",5895,12,0,0.00203562340966921,2,3,2,"Médio porte",12,20.3562340966921
"2112","Oliveira dos Brejinhos","oliveira dos brejinhos","oliveira dos brejinhos","Bahia","BA","207.427785419532","8130.12379642366","0.554","20715",5747,1,0,0.000174003828084218,2,2,2,"Médio porte",1,1.74003828084218
"2113","Ouriçangas","ouriçangas","ouricangas","Bahia","BA","94.5157526254376","7029.05484247375","0.607","7716",977,NA,NA,NA,3,1,2,"Menor porte",0,0
"2114","Ourolândia","ourolândia","ourolandia","Bahia","BA","195.762663468677","10704.6999029182","0.56","19243",4415,NA,NA,NA,1,1,2,"Menor porte",0,0
"2115","Palmas de Monte Alto","palmas de monte alto","palmas de monte alto","Bahia","BA","197.329785281703","8306.06533308864","0.586","20078",5098,NA,NA,NA,3,2,2,"Médio porte",0,0
"2116","Palmeiras","palmeiras","palmeiras","Bahia","BA","265.130636093044","9091.94135155992","0.643","10339",3029,NA,NA,NA,3,2,2,"Menor porte",0,0
"2117","Paramirim","paramirim","paramirim","Bahia","BA","331.320580778981","10980.1336713528","0.615","20351",8304,NA,NA,NA,2,1,3,"Médio porte",0,0
"2118","Paratinga","paratinga","paratinga","Bahia","BA","122.927102454809","7216.91919977599","0.59","29252",4895,NA,NA,NA,2,3,2,"Médio porte",0,0
"2119","Paripiranga","paripiranga","paripiranga","Bahia","BA","223.587308142336","12008.2249294514","0.577","26604",9027,NA,NA,NA,3,3,2,"Médio porte",0,0
"2120","Pau Brasil","pau brasil","pau brasil","Bahia","BA","192.132975428453","9072.26925459426","0.583","9370",2227,NA,NA,NA,NA,NA,NA,"Menor porte",0,0
"2121","Paulo Afonso","paulo afonso","paulo afonso","Bahia","BA","462.401701036147","31118.7097100813","0.674","112870",64221,5,0,0.0000778561529717694,2,2,3,"Maior porte",5,0.778561529717694
"2122","Pé de Serra","pé de serra","pe de serra","Bahia","BA","212.083210386545","7788.28562997934","0.587","13243",3451,NA,NA,NA,3,1,2,"Menor porte",0,0
"2123","Pedrão","pedrão","pedrao","Bahia","BA","95.6180687043549","5937.51690559913","0.588","6235",868,NA,NA,NA,3,1,2,"Menor porte",0,0
"2124","Pedro Alexandre","pedro alexandre","pedro alexandre","Bahia","BA","50.2337849178756","6135.05574871119","0.513","13954",1493,NA,NA,NA,NA,NA,NA,"Menor porte",0,0
"2125","Piatã","piatã","piata","Bahia","BA","248.940178991992","7915.33207724918","0.571","20086",5849,NA,NA,NA,2,2,2,"Menor porte",0,0
"2126","Pilão Arcado","pilão arcado","pilao arcado","Bahia","BA","65.273631840796","7615.12437810945","0.506","35357",2827,NA,NA,NA,NA,NA,NA,"Médio porte",0,0
"2127","Pindaí","pindaí","pindai","Bahia","BA","198.710469757446","13267.362603623","0.603","14731",3765,NA,NA,NA,1,2,2,"Menor porte",0,0
"2128","Pindobaçu","pindobaçu","pindobacu","Bahia","BA","186.088167976913","7456.16479251667","0.577","19083",4743,NA,NA,NA,2,3,2,"Médio porte",0,0
"2129","Pintadas","pintadas","pintadas","Bahia","BA","234.077352318645","8605.63786800077","0.612","10325",2891,NA,NA,NA,3,2,2,"Menor porte",0,0
"2130","Piraí do Norte","piraí do norte","pirai do norte","Bahia","BA","228.876046233559","9355.2212036668","0.533","10974",2774,NA,NA,NA,1,1,2,"Menor porte",0,0
"2131","Piripá","piripá","piripa","Bahia","BA","204.964200477327","6921.14558472554","0.575","9171",2520,NA,NA,NA,3,2,2,"Menor porte",0,0
"2132","Piritiba","piritiba","piritiba","Bahia","BA","146.731293062009","6337.88655664156","0.578","17566",4337,NA,NA,NA,3,2,2,"Médio porte",0,0
"2133","Planaltino","planaltino","planaltino","Bahia","BA","155.389541088581","7202.98826040555","0.572","8022",1748,NA,NA,NA,3,3,2,"Menor porte",0,0
"2134","Planalto","planalto","planalto","Bahia","BA","158.707333686521","9285.36290017407","0.56","23334",5398,NA,NA,NA,1,2,2,"Médio porte",0,0
"2135","Poções","poções","pocoes","Bahia","BA","293.564282514559","10667.0364128928","0.604","48293",16438,NA,NA,NA,2,2,2,"Médio porte",0,0
"2136","Pojuca","pojuca","pojuca","Bahia","BA","269.463624537176","26019.1634143901","0.666","32136",13223,2,0,0.000151251607048325,1,1,3,"Médio porte",2,1.51251607048325
"2137","Ponto Novo","ponto novo","ponto novo","Bahia","BA","222.552129023551","7742.0878601795","0.58","17938",4362,NA,NA,NA,1,1,2,"Menor porte",0,0
"2138","Porto Seguro","porto seguro","porto seguro","Bahia","BA","338.568147725312","22430.0734113024","0.676","168326",64300,24,0,0.000373250388802488,2,2,3,"Maior porte",24,3.73250388802488
"2139","Potiraguá","potiraguá","potiragua","Bahia","BA","209.224985540775","13054.9450549451","0.625","10274",1746,NA,NA,NA,1,1,2,"Menor porte",0,0
"2140","Prado","prado","prado","Bahia","BA","188.763566716323","15484.8904022132","0.621","35003",6921,NA,NA,NA,2,3,2,"Médio porte",0,0
"2141","Presidente Dutra","presidente dutra","presidente dutra","Bahia","BA","235.158311345646","7185.94986807388","0.614","15130",4634,NA,NA,NA,1,1,2,"Menor porte",0,0
"2142","Presidente Jânio Quadros","presidente jânio quadros","presidente janio quadros","Bahia","BA","128.253551194679","7204.69660891699","0.542","12621",1872,NA,NA,NA,1,2,2,"Menor porte",0,0
"2143","Presidente Tancredo Neves","presidente tancredo neves","presidente tancredo neves","Bahia","BA","241.858305956292","9566.41908298814","0.559","27734",8610,6,0,0.000696864111498258,2,3,2,"Médio porte",6,6.96864111498258
"2144","Queimadas","queimadas","queimadas","Bahia","BA","198.049777847678","9000.55046593009","0.592","25988",5890,NA,NA,NA,2,2,2,"Médio porte",0,0
"2145","Quijingue","quijingue","quijingue","Bahia","BA","102.656917396655","8837.72533120973","0.544","25272",3739,NA,NA,NA,2,2,2,"Médio porte",0,0
"2146","Quixabeira","quixabeira","quixabeira","Bahia","BA","237.717731129969","7291.08977221974","0.578","9461",2751,NA,NA,NA,3,1,2,"Menor porte",0,0
"2147","Rafael Jambeiro","rafael jambeiro","rafael jambeiro","Bahia","BA","150.488225157955","15831.1315336014","0.564","19662",4005,NA,NA,NA,2,2,2,"Médio porte",0,0
"2148","Remanso","remanso","remanso","Bahia","BA","215.982511537527","9627.13140636386","0.579","40586",10440,NA,NA,NA,2,3,2,"Médio porte",0,0
"2149","Retirolândia","retirolândia","retirolandia","Bahia","BA","290.100034494653","8646.42980338048","0.636","13651",4893,1,0,0.000204373594931535,3,1,2,"Menor porte",1,2.04373594931535
"2150","Riachão das Neves","riachão das neves","riachao das neves","Bahia","BA","130.473717202472","34946.2254858064","0.578","21642",3890,NA,NA,NA,2,3,2,"Médio porte",0,0
"2151","Riachão do Jacuípe","riachão do jacuípe","riachao do jacuipe","Bahia","BA","306.830405163141","10710.3203059639","0.628","33386",12668,2,0,0.000157878118092832,2,3,3,"Médio porte",2,1.57878118092832
"2152","Riacho de Santana","riacho de santana","riacho de santana","Bahia","BA","198.690753799904","7521.73180119686","0.615","30711",8227,NA,NA,NA,2,2,2,"Médio porte",0,0
"2153","Ribeira do Amparo","ribeira do amparo","ribeira do amparo","Bahia","BA","136.736928551875","8800.64330687106","0.512","14064",2753,NA,NA,NA,2,1,2,"Menor porte",0,0
"2154","Ribeira do Pombal","ribeira do pombal","ribeira do pombal","Bahia","BA","304.989250500408","11037.5861813329","0.601","53566",21840,11,0,0.000503663003663004,3,3,2,"Médio porte",11,5.03663003663004
"2155","Ribeirão do Largo","ribeirão do largo","ribeirao do largo","Bahia","BA","158.338012352611","14779.1502900992","0.54","9740",1008,NA,NA,NA,3,1,2,"Menor porte",0,0
"2156","Rio de Contas","rio de contas","rio de contas","Bahia","BA","291.602227033715","10011.3671512527","0.605","13184",4533,NA,NA,NA,3,1,2,"Menor porte",0,0
"2157","Rio do Antônio","rio do antônio","rio do antonio","Bahia","BA","189.021232522009","6885.8751941999","0.576","13146",3512,NA,NA,NA,2,2,2,"Menor porte",0,0
"2158","Rio do Pires","rio do pires","rio do pires","Bahia","BA","300.265797822173","7511.61793706593","0.594","10497",4093,NA,NA,NA,2,1,2,"Menor porte",0,0
"2159","Rio Real","rio real","rio real","Bahia","BA","247.120265521281","22510.9088246779","0.572","35362",12878,3,0,0.000232955427861469,2,3,2,"Médio porte",3,2.32955427861469
"2160","Rodelas","rodelas","rodelas","Bahia","BA","0","0","0.632","10308",2635,NA,NA,NA,3,3,2,"Médio porte",0,0
"2161","Ruy Barbosa","ruy barbosa","ruy barbosa","Bahia","BA","225.426969569304","9873.09200505558","0.61","28282",8322,NA,NA,NA,3,1,2,"Médio porte",0,0
"2162","Salinas da Margarida","salinas da margarida","salinas da margarida","Bahia","BA","79.8764342453663","10767.7468162905","0.617","14987",1612,NA,NA,NA,2,1,2,"Menor porte",0,0
"2163","Salvador","salvador","salvador","Bahia","BA","327.469309224588","22102.8039649454","0.759","2417678",1036885,230,14,0.000235320213909932,1,1,1,"Maior porte",244,2.35320213909932
"2164","Santa Bárbara","santa bárbara","santa barbara","Bahia","BA","204.807738351769","8010.58277067471","0.583","20952",5046,NA,NA,NA,2,3,2,"Médio porte",0,0
"2165","Santa Brígida","santa brígida","santa brigida","Bahia","BA","157.505510915167","7399.34580103819","0.546","14965",2833,NA,NA,NA,1,1,2,"Menor porte",0,0
"2166","Santa Cruz Cabrália","santa cruz cabrália","santa cruz cabralia","Bahia","BA","232.648091110952","15404.3406632763","0.654","29185",8289,7,0,0.000844492701170226,2,3,3,"Médio porte",7,8.44492701170226
"2167","Santa Cruz da Vitória","santa cruz da vitória","santa cruz da vitoria","Bahia","BA","92.5453966231284","9416.69321439949","0.61","4681",714,NA,NA,NA,3,2,2,"Menor porte",0,0
"2168","Santa Inês","santa inês","santa ines","Bahia","BA","160.286630209315","6577.97473128418","0.574","10300",1939,NA,NA,NA,3,3,2,"Menor porte",0,0
"2169","Santa Luzia","santa luzia","santa luzia","Bahia","BA","113.262109406378","7969.9574262993","0.556","13896",1900,NA,NA,NA,2,1,2,"Menor porte",0,0
"2170","Santa Maria da Vitória","santa maria da vitória","santa maria da vitoria","Bahia","BA","345.166561910748","12131.7913262099","0.614","38604",16067,NA,NA,NA,2,3,3,"Médio porte",0,0
"2171","Santa Rita de Cássia","santa rita de cássia","santa rita de cassia","Bahia","BA","142.761841227485","8470.38376461501","0.605","27390",5462,NA,NA,NA,2,3,2,"Médio porte",0,0
"2172","Santa Terezinha","santa terezinha","santa terezinha","Bahia","BA","155.19877675841","6777.90519877676","0.587","10441",1891,NA,NA,NA,1,3,2,"Menor porte",0,0
"2173","Santaluz","santaluz","santaluz","Bahia","BA","217.81993551997","10349.2313021236","0.598","37834",10127,NA,NA,NA,2,1,2,"Médio porte",0,0
"2174","Santana","santana","santana","Bahia","BA","268.788616363977","9673.02003370155","0.608","24755",8522,NA,NA,NA,3,3,2,"Médio porte",0,0
"2175","Santanópolis","santanópolis","santanopolis","Bahia","BA","176.890475128262","6657.260762882","0.592","8716",2026,NA,NA,NA,NA,NA,NA,"Menor porte",0,0
"2176","Santo Amaro","santo amaro","santo amaro","Bahia","BA","184.829788295555","14009.895062447","0.646","56012",12767,NA,NA,NA,1,3,2,"Médio porte",0,0
"2177","Santo Antônio de Jesus","santo antônio de jesus","santo antonio de jesus","Bahia","BA","527.407696815784","21678.3942176206","0.7","103055",62629,10,0,0.000159670440211404,2,1,1,"Maior porte",10,1.59670440211404
"2178","Santo Estêvão","santo estêvão","santo estevao","Bahia","BA","345.416658844731","13832.9234639284","0.626","52276",23113,NA,NA,NA,2,3,3,"Médio porte",0,0
"2179","São Desidério","são desidério","sao desiderio","Bahia","BA","207.085740967723","75773.0695149711","0.579","32828",10016,NA,NA,NA,2,3,3,"Médio porte",0,0
"2180","São Domingos","são domingos","sao domingos","Bahia","BA","237.985008818342","8922.28835978836","0.64","8426",2544,NA,NA,NA,3,3,2,"Menor porte",0,0
"2181","São Felipe","são felipe","sao felipe","Bahia","BA","296.96394686907","9397.67552182163","0.616","20283",7206,NA,NA,NA,3,3,3,"Médio porte",0,0
"2182","São Félix","são félix","sao felix","Bahia","BA","168.744072618886","11539.8320010839","0.639","11026",3152,NA,NA,NA,3,3,2,"Menor porte",0,0
"2183","São Félix do Coribe","são félix do coribe","sao felix do coribe","Bahia","BA","371.993793638479","12582.6868373416","0.639","15194",6926,NA,NA,NA,2,1,3,"Menor porte",0,0
"2184","São Francisco do Conde","são francisco do conde","sao francisco do conde","Bahia","BA","197.06795875264","208310.870915642","0.674","38733",9226,2,0,0.000216778668978972,NA,NA,NA,"Médio porte",2,2.16778668978972
"2185","São Gabriel","são gabriel","sao gabriel","Bahia","BA","190.59023896961","6719.62318377774","0.592","18600",4773,NA,NA,NA,3,1,2,"Menor porte",0,0
"2186","São Gonçalo dos Campos","são gonçalo dos campos","sao goncalo dos campos","Bahia","BA","211.454325022403","26018.422855938","0.627","39513",9790,2,0,0.000204290091930541,2,3,3,"Médio porte",2,2.04290091930541
"2187","São José da Vitória","são josé da vitória","sao jose da vitoria","Bahia","BA","156.562054208274","9464.69329529244","0.546","5315",1138,2,0,0.00175746924428822,2,1,2,"Menor porte",2,17.5746924428822
"2188","São José do Jacuípe","são josé do jacuípe","sao jose do jacuipe","Bahia","BA","221.418372203713","8455.0214183722","0.552","10187",2896,NA,NA,NA,1,1,2,"Menor porte",0,0
"2189","São Miguel das Matas","são miguel das matas","sao miguel das matas","Bahia","BA","184.295967190704","11577.8366370472","0.593","10334",2690,NA,NA,NA,3,1,2,"Menor porte",0,0
"2190","São Sebastião do Passé","são sebastião do passé","sao sebastiao do passe","Bahia","BA","215.620076524871","15559.5318478506","0.657","40958",11138,NA,NA,NA,2,3,3,"Médio porte",0,0
"2191","Sapeaçu","sapeaçu","sapeacu","Bahia","BA","283.244298925843","9584.35292090298","0.614","17963",5981,7,0,0.00117037284734994,3,1,2,"Menor porte",7,11.7037284734994
"2192","Sátiro Dias","sátiro dias","satiro dias","Bahia","BA","128.193272454052","10369.841636805","0.527","16008",2677,NA,NA,NA,3,1,2,"Menor porte",0,0
"2193","Saubara","saubara","saubara","Bahia","BA","122.180916976456","11186.2866584056","0.617","11438",1711,NA,NA,NA,3,1,2,"Menor porte",0,0
"2194","Saúde","saúde","saude","Bahia","BA","186.664606350923","6888.66568801669","0.549","10478",2962,NA,NA,NA,3,1,2,"Menor porte",0,0
"2195","Seabra","seabra","seabra","Bahia","BA","453.067775918976","12408.5092914952","0.635","46160",24447,6,0,0.000245428886979998,2,1,3,"Médio porte",6,2.45428886979998
"2196","Sebastião Laranjeiras","sebastião laranjeiras","sebastiao laranjeiras","Bahia","BA","136.553161917999","7563.7595552467","0.615","9360",1864,NA,NA,NA,1,1,2,"Menor porte",0,0
"2197","Senhor do Bonfim","senhor do bonfim","senhor do bonfim","Bahia","BA","327.734689766318","11340.4512489927","0.666","74523",30523,5,0,0.000163810896700849,3,3,3,"Médio porte",5,1.63810896700849
"2198","Sento Sé","sento sé","sento se","Bahia","BA","77.9477420771426","23367.7084095733","0.585","38154",4142,NA,NA,NA,2,3,2,"Médio porte",0,0
"2199","Serra do Ramalho","serra do ramalho","serra do ramalho","Bahia","BA","204.513623631271","9824.73898650369","0.595","34222",7562,NA,NA,NA,3,3,2,"Médio porte",0,0
"2200","Serra Dourada","serra dourada","serra dourada","Bahia","BA","204.895791236072","9251.02476762312","0.608","17066",4246,NA,NA,NA,1,1,2,"Menor porte",0,0
"2201","Serra Preta","serra preta","serra preta","Bahia","BA","189.400639499286","7734.13157357643","0.566","17996",3465,NA,NA,NA,3,1,2,"Menor porte",0,0
"2202","Serrinha","serrinha","serrinha","Bahia","BA","395.283320621017","11303.3363678862","0.634","80435",38232,6,0,0.000156936597614564,2,3,3,"Médio porte",6,1.56936597614564
"2203","Serrolândia","serrolândia","serrolandia","Bahia","BA","254.350736278447","7378.03064108285","0.59","13335",4054,NA,NA,NA,1,1,2,"Menor porte",0,0
"2204","Simões Filho","simões filho","simoes filho","Bahia","BA","303.174918804269","40216.632420848","0.675","114559",46988,2,0,0.0000425640589086575,1,3,3,"Maior porte",2,0.425640589086575
"2205","Sítio do Mato","sítio do mato","sitio do mato","Bahia","BA","114.786737116165","7993.7208055747","0.564","13408",1822,NA,NA,NA,1,1,2,"Menor porte",0,0
"2206","Sítio do Quinto","sítio do quinto","sitio do quinto","Bahia","BA","178.332130708174","8437.58375425214","0.533","13786",2596,NA,NA,NA,3,1,2,"Menor porte",0,0
"2207","Sobradinho","sobradinho","sobradinho","Bahia","BA","240.562992295442","32550.6822192571","0.631","25475",6523,NA,NA,NA,3,2,3,"Médio porte",0,0
"2208","Souto Soares","souto soares","souto soares","Bahia","BA","179.706744868035","7377.4780058651","0.592","17054",3997,NA,NA,NA,1,2,2,"Menor porte",0,0
"2209","Tabocas do Brejo Velho","tabocas do brejo velho","tabocas do brejo velho","Bahia","BA","159.71556407798","8310.24288910195","0.584","11979",2447,NA,NA,NA,1,1,2,"Menor porte",0,0
"2210","Tanhaçu","tanhaçu","tanhacu","Bahia","BA","294.708968763792","9470.11229343402","0.577","21006",7292,1,0,0.00013713658804169,1,2,2,"Médio porte",1,1.3713658804169
"2211","Tanque Novo","tanque novo","tanque novo","Bahia","BA","283.322822908903","9487.24416671444","0.599","17158",5805,NA,NA,NA,1,3,2,"Menor porte",0,0
"2212","Tanquinho","tanquinho","tanquinho","Bahia","BA","181.886982845611","7210.39354187689","0.597","7717",1696,NA,NA,NA,3,1,2,"Menor porte",0,0
"2213","Taperoá","taperoá","taperoa","Bahia","BA","163.788641603538","8400.60226791512","0.566","18044",4287,NA,NA,NA,3,3,2,"Médio porte",0,0
"2214","Tapiramutá","tapiramutá","tapiramuta","Bahia","BA","110.521974784965","6566.92588665017","0.594","15818",2388,NA,NA,NA,2,2,2,"Menor porte",0,0
"2215","Teixeira de Freitas","teixeira de freitas","teixeira de freitas","Bahia","BA","408.094165158399","16343.2017138847","0.685","145216",78421,12,0,0.000153020236926334,2,2,3,"Maior porte",12,1.53020236926334
"2216","Teodoro Sampaio","teodoro sampaio","teodoro sampaio","Bahia","BA","117.271368392445","10793.7219730942","0.594","7110",1053,NA,NA,NA,3,1,2,"Menor porte",0,0
"2217","Teofilândia","teofilândia","teofilandia","Bahia","BA","243.050321436489","6744.49124362669","0.566","21176",6213,2,0,0.000321905681635281,2,2,2,"Médio porte",2,3.21905681635281
"2218","Teolândia","teolândia","teolandia","Bahia","BA","203.434962055652","12146.1855944615","0.555","15332",3683,2,0,0.000543035568829758,2,1,2,"Menor porte",2,5.43035568829758
"2219","Terra Nova","terra nova","terra nova","Bahia","BA","108.023032629559","9002.91746641075","0.578","10798",1702,NA,NA,NA,3,1,2,"Menor porte",0,0
"2220","Tremedal","tremedal","tremedal","Bahia","BA","168.509481746865","7669.65223299771","0.528","16277",3289,1,0,0.000304043782304652,1,2,2,"Menor porte",1,3.04043782304652
"2221","Tucano","tucano","tucano","Bahia","BA","218.276310090948","9532.46190794913","0.579","48736",14967,4,0,0.000267254626845727,2,3,2,"Médio porte",4,2.67254626845727
"2222","Uauá","uauá","uaua","Bahia","BA","192.344378550989","8510.76182971841","0.605","24665",5940,NA,NA,NA,2,2,2,"Médio porte",0,0
"2223","Ubaíra","ubaíra","ubaira","Bahia","BA","221.965085274438","9917.24103234895","0.582","18626",5247,NA,NA,NA,3,1,2,"Menor porte",0,0
"2224","Ubaitaba","ubaitaba","ubaitaba","Bahia","BA","291.399161670292","11676.4471799225","0.611","17596",6166,4,0,0.000648718780408693,3,3,2,"Menor porte",4,6.48718780408693
"2225","Ubatã","ubatã","ubata","Bahia","BA","160.767340351392","7405.05446942743","0.593","16094",5049,NA,NA,NA,2,3,2,"Médio porte",0,0
"2226","Uibaí","uibaí","uibai","Bahia","BA","204.736879994241","6955.00683896048","0.617","13432",3635,NA,NA,NA,1,2,2,"Menor porte",0,0
"2227","Umburanas","umburanas","umburanas","Bahia","BA","99.8866096278734","7426.45088135244","0.515","13642",2523,NA,NA,NA,3,2,2,"Menor porte",0,0
"2228","Una","una","una","Bahia","BA","181.136755823986","14489.4844693701","0.56","18131",4420,NA,NA,NA,NA,NA,NA,"Menor porte",0,0
"2229","Urandi","urandi","urandi","Bahia","BA","306.570657065707","10979.4179417942","0.598","15355",5922,NA,NA,NA,2,1,2,"Menor porte",0,0
"2230","Uruçuca","uruçuca","urucuca","Bahia","BA","192.328418164895","11569.7839612012","0.616","21420",5207,3,0,0.000576147493758402,2,2,2,"Médio porte",3,5.76147493758402
"2231","Utinga","utinga","utinga","Bahia","BA","168.311175737432","8770.72081429165","0.59","16277",3716,NA,NA,NA,2,1,2,"Menor porte",0,0
"2232","Valença","valença","valenca","Bahia","BA","281.406518363107","16233.6552405048","0.623","85655",32240,2,0,0.0000620347394540943,3,3,3,"Médio porte",2,0.620347394540943
"2233","Valente","valente","valente","Bahia","BA","239.479166666667","7951.59722222222","0.637","24362",8335,NA,NA,NA,3,2,3,"Médio porte",0,0
"2234","Várzea da Roça","várzea da roça","varzea da roca","Bahia","BA","195.595212803626","6765.31407124141","0.539","13800",3389,NA,NA,NA,NA,NA,NA,"Menor porte",0,0
"2235","Várzea do Poço","várzea do poço","varzea do poco","Bahia","BA","245.7111834962","9934.41910966341","0.575","8101",2787,NA,NA,NA,1,1,2,"Menor porte",0,0
"2236","Várzea Nova","várzea nova","varzea nova","Bahia","BA","206.732673267327","9164.51485148515","0.555","13377",3374,NA,NA,NA,1,2,2,"Menor porte",0,0
"2237","Varzedo","varzedo","varzedo","Bahia","BA","238.019351166762","12106.8867387592","0.586","9913",2590,NA,NA,NA,3,1,2,"Menor porte",0,0
"2238","Vera Cruz","vera cruz","vera cruz","Bahia","BA","0","0","0.645","42529",7838,3,0,0.00038275070170962,2,2,2,"Médio porte",3,3.8275070170962
"2239","Vereda","vereda","vereda","Bahia","BA","200.877620672843","12096.8633187063","0.577","6003",1526,NA,NA,NA,NA,NA,NA,"Menor porte",0,0
"2240","Vitória da Conquista","vitória da conquista","vitoria da conquista","Bahia","BA","433.687648038273","21293.2652845853","0.678","370879",178561,7,0,0.0000392022894137018,2,1,3,"Maior porte",7,0.392022894137018
"2241","Wagner","wagner","wagner","Bahia","BA","124.036815068493","8062.17893835616","0.587","9503",1419,NA,NA,NA,2,3,2,"Menor porte",0,0
"2242","Wanderley","wanderley","wanderley","Bahia","BA","194.663382594417","10874.1379310345","0.6","12968",2949,NA,NA,NA,1,1,2,"Menor porte",0,0
"2243","Wenceslau Guimarães","wenceslau guimarães","wenceslau guimaraes","Bahia","BA","183.90695013824","12826.723233864","0.544","24474",4598,3,0,0.000652457590256633,1,3,2,"Médio porte",3,6.52457590256633
"2244","Xique-Xique","xique-xique","xique-xique","Bahia","BA","197.450723298154","8835.54370956301","0.585","44757",11127,NA,NA,NA,3,3,2,"Médio porte",0,0
"2245","Abadia dos Dourados","abadia dos dourados","abadia dos dourados","Minas Gerais","MG","626.891236083357","18210.3910933486","0.689","6272",4966,NA,NA,NA,3,3,3,"Menor porte",0,0
"2246","Abaeté","abaeté","abaete","Minas Gerais","MG","559.655913978495","22250.1075268817","0.698","22675",14847,NA,NA,NA,2,1,1,"Médio porte",0,0
"2247","Abre Campo","abre campo","abre campo","Minas Gerais","MG","462.362392145195","15134.4837845879","0.654","13927",7417,1,0,0.000134825401105568,2,3,3,"Menor porte",1,1.34825401105568
"2248","Acaiaca","acaiaca","acaiaca","Minas Gerais","MG","440.410615923886","13982.4737105658","0.63","3909",2126,3,0,0.00141110065851364,3,2,3,"Menor porte",3,14.1110065851364
"2249","Açucena","açucena","acucena","Minas Gerais","MG","367.314261315115","9988.47139197267","0.61","8943",4064,4,0,0.000984251968503937,3,1,2,"Menor porte",4,9.84251968503937
"2250","Água Boa","água boa","agua boa","Minas Gerais","MG","286.918583154625","10841.3813502921","0.576","12589",5001,1,0,0.0001999600079984,1,1,2,"Menor porte",1,1.999600079984
"2251","Água Comprida","água comprida","agua comprida","Minas Gerais","MG","462.349397590361","72330.8232931727","0.675","2108",1108,3,0,0.00270758122743682,3,3,1,"Menor porte",3,27.0758122743682
"2252","Aguanil","aguanil","aguanil","Minas Gerais","MG","387.218045112782","13730.2078726227","0.663","4357",2021,8,0,0.00395843641761504,3,2,3,"Menor porte",8,39.5843641761504
"2253","Águas Formosas","águas formosas","aguas formosas","Minas Gerais","MG","297.396996934587","13431.9634228711","0.645","18448",6986,3,0,0.000429430289149728,2,3,3,"Menor porte",3,4.29430289149728
"2254","Águas Vermelhas","águas vermelhas","aguas vermelhas","Minas Gerais","MG","174.865798955806","15737.9219060225","0.601","14037",3023,NA,NA,NA,3,3,2,"Menor porte",0,0
"2255","Aimorés","aimorés","aimores","Minas Gerais","MG","396.603158187821","18358.1003142278","0.684","25269",11035,2,0,0.000181241504304486,1,3,3,"Médio porte",2,1.81241504304486
"2256","Aiuruoca","aiuruoca","aiuruoca","Minas Gerais","MG","551.539491298527","16587.8514056225","0.668","6233",3844,1,0,0.000260145681581686,2,3,3,"Menor porte",1,2.60145681581686
"2257","Alagoa","alagoa","alagoa","Minas Gerais","MG","422.514071294559","14712.5703564728","0.649","2749",1364,NA,NA,NA,NA,NA,NA,"Menor porte",0,0
"2258","Albertina","albertina","albertina","Minas Gerais","MG","589.837263367652","15711.0594486881","0.673","2952",2153,NA,NA,NA,NA,NA,NA,"Menor porte",0,0
"2259","Além Paraíba","além paraíba","alem paraiba","Minas Gerais","MG","750.317787633118","23298.7486229203","0.726","30717",27798,2,0,0.0000719476221310886,1,1,1,"Médio porte",2,0.719476221310886
"2260","Alfenas","alfenas","alfenas","Minas Gerais","MG","598.802395209581","32081.6706835292","0.761","78970",53861,4,0,0.0000742652382985834,2,1,1,"Médio porte",4,0.742652382985834
"2261","Alfredo Vasconcelos","alfredo vasconcelos","alfredo vasconcelos","Minas Gerais","MG","482.738862627131","17401.0886692451","0.675","6931",3924,NA,NA,NA,1,2,3,"Menor porte",0,0
"2262","Almenara","almenara","almenara","Minas Gerais","MG","348.503903376599","14457.9170918065","0.642","40364",17164,2,0,0.000116522955022139,3,3,3,"Médio porte",2,1.16522955022139
"2263","Alpercata","alpercata","alpercata","Minas Gerais","MG","262.372243141474","11443.7869822485","0.646","6903",2385,4,0,0.00167714884696017,3,1,2,"Menor porte",4,16.7714884696017
"2264","Alpinópolis","alpinópolis","alpinopolis","Minas Gerais","MG","618.047900591242","20362.160537128","0.725","18300",14782,2,0,0.000135299688810716,3,3,1,"Menor porte",2,1.35299688810716
"2265","Alterosa","alterosa","alterosa","Minas Gerais","MG","603.49934559482","14748.9150650961","0.668","13915",10008,NA,NA,NA,1,2,3,"Menor porte",0,0
"2266","Alto Caparaó","alto caparaó","alto caparao","Minas Gerais","MG","550.729555480149","11664.9134713268","0.661","5795",3734,NA,NA,NA,NA,NA,NA,"Menor porte",0,0
"2267","Alto Jequitibá","alto jequitibá","alto jequitiba","Minas Gerais","MG","614.504276593182","10784.0019274786","0.66","8397",5698,1,0,0.000175500175500175,3,1,3,"Menor porte",1,1.75500175500175
"2268","Alto Rio Doce","alto rio doce","alto rio doce","Minas Gerais","MG","476.4711299383","15509.162906345","0.62","10891",5840,NA,NA,NA,2,1,3,"Menor porte",0,0
"2269","Alvarenga","alvarenga","alvarenga","Minas Gerais","MG","519.510926118626","10870.1873048907","0.592","3975",2281,NA,NA,NA,NA,NA,NA,"Menor porte",0,0
"2270","Alvinópolis","alvinópolis","alvinopolis","Minas Gerais","MG","403.718109301866","18996.3082602677","0.676","15059",7222,1,0,0.00013846579894766,3,3,3,"Menor porte",1,1.3846579894766
"2271","Alvorada de Minas","alvorada de minas","alvorada de minas","Minas Gerais","MG","363.106796116505","14720.1109570042","0.572","4159",1687,NA,NA,NA,NA,NA,NA,"Menor porte",0,0
"2272","Amparo do Serra","amparo do serra","amparo do serra","Minas Gerais","MG","430.953398888414","9817.44335185977","0.641","4541",2171,NA,NA,NA,3,1,3,"Menor porte",0,0
"2273","Andradas","andradas","andradas","Minas Gerais","MG","684.9212484298","24254.5656585177","0.734","40553",31539,3,0,0.0000951203272139256,1,1,1,"Médio porte",3,0.951203272139256
"2274","Andrelândia","andrelândia","andrelandia","Minas Gerais","MG","419.465836473865","19099.7869900049","0.7","11927",5876,NA,NA,NA,2,3,3,"Menor porte",0,0
"2275","Angelândia","angelândia","angelandia","Minas Gerais","MG","321.724903587706","10481.0096996611","0.597","7718",3600,NA,NA,NA,3,1,2,"Menor porte",0,0
"2276","Antônio Carlos","antônio carlos","antonio carlos","Minas Gerais","MG","430.753119818483","13885.5921110045","0.683","11095",5599,NA,NA,NA,2,2,3,"Menor porte",0,0
"2277","Antônio Dias","antônio dias","antonio dias","Minas Gerais","MG","348.140161725067","34728.5175202156","0.645","9219",3799,NA,NA,NA,2,1,3,"Menor porte",0,0
"2278","Antônio Prado de Minas","antônio prado de minas","antonio prado de minas","Minas Gerais","MG","572.148708254568","14892.2495274102","0.684","1538",924,NA,NA,NA,NA,NA,NA,"Menor porte",0,0
"2279","Araçaí","araçaí","aracai","Minas Gerais","MG","279.949022939677","24208.5811384877","0.695","2181",750,NA,NA,NA,NA,NA,NA,"Menor porte",0,0
"2280","Aracitaba","aracitaba","aracitaba","Minas Gerais","MG","344.827586206897","11608.0621661","0.661","2049",730,NA,NA,NA,NA,NA,NA,"Menor porte",0,0
"2281","Araçuaí","araçuaí","aracuai","Minas Gerais","MG","362.63347134452","12586.7836129876","0.663","34297",15667,2,0,0.000127656858364716,2,3,3,"Médio porte",2,1.27656858364716
"2282","Araguari","araguari","araguari","Minas Gerais","MG","727.570549543815","46975.9898154042","0.773","117808",94687,11,0,0.000116172230612439,2,1,2,"Maior porte",11,1.16172230612439
"2283","Arantina","arantina","arantina","Minas Gerais","MG","472.192321492644","19423.7531395766","0.697","2915",1453,NA,NA,NA,NA,NA,NA,"Menor porte",0,0
"2284","Araponga","araponga","araponga","Minas Gerais","MG","409.085531763871","8661.18537797232","0.536","8048",4484,NA,NA,NA,NA,NA,NA,"Menor porte",0,0
"2285","Araporã","araporã","arapora","Minas Gerais","MG","474.534699177608","198636.704660222","0.708","8479",4456,1,1,0.000448833034111311,NA,NA,NA,"Menor porte",2,4.48833034111311
"2286","Arapuá","arapuá","arapua","Minas Gerais","MG","561.552028218695","44842.328042328","0.724","2631",2047,NA,NA,NA,NA,NA,NA,"Menor porte",0,0
"2287","Araújos","araújos","araujos","Minas Gerais","MG","492.500797787469","36086.7992766727","0.698","9199",5257,NA,NA,NA,3,2,3,"Menor porte",0,0
"2288","Araxá","araxá","araxa","Minas Gerais","MG","655.524190167417","60014.6734117779","0.772","111691",79046,36,1,0.000468081876375781,1,1,2,"Maior porte",37,4.68081876375781
"2289","Arceburgo","arceburgo","arceburgo","Minas Gerais","MG","481.668657539281","27439.4927869154","0.683","9177",5858,NA,NA,NA,3,2,3,"Menor porte",0,0
"2290","Arcos","arcos","arcos","Minas Gerais","MG","739.02922238732","41858.4447746409","0.749","41416",33816,4,0,0.000118287201324817,2,1,1,"Médio porte",4,1.18287201324817
"2291","Areado","areado","areado","Minas Gerais","MG","518.081812792306","14818.2596666886","0.727","13881",8970,NA,NA,NA,2,2,3,"Menor porte",0,0
"2292","Argirita","argirita","argirita","Minas Gerais","MG","336.908284023669","12822.1153846154","0.643","2688",1018,NA,NA,NA,2,2,3,"Menor porte",0,0
"2293","Aricanduva","aricanduva","aricanduva","Minas Gerais","MG","262.099070032264","10101.7270829379","0.582","4719",1832,NA,NA,NA,NA,NA,NA,"Menor porte",0,0
"2294","Arinos","arinos","arinos","Minas Gerais","MG","354.383607658717","13076.8670921509","0.656","17272",7351,2,0,0.000272071826962318,3,3,3,"Menor porte",2,2.72071826962318
"2295","Astolfo Dutra","astolfo dutra","astolfo dutra","Minas Gerais","MG","465.662228451296","21369.8668535389","0.694","14138",7475,4,0,0.000535117056856187,2,1,3,"Menor porte",4,5.35117056856187
"2296","Ataléia","ataléia","ataleia","Minas Gerais","MG","251.301467108377","12481.6217068938","0.588","13736",3671,1,0,0.000272405339144647,3,1,2,"Menor porte",1,2.72405339144647
"2297","Augusto de Lima","augusto de lima","augusto de lima","Minas Gerais","MG","273.139558853845","13171.7171717172","0.656","4538",1576,3,0,0.00190355329949239,NA,NA,NA,"Menor porte",3,19.0355329949239
"2298","Baependi","baependi","baependi","Minas Gerais","MG","544.76795666441","15923.5376842544","0.681","18366",12059,1,0,0.0000829256157226967,3,3,3,"Menor porte",1,0.829256157226967
"2299","Baldim","baldim","baldim","Minas Gerais","MG","420.351146994746","18553.6332179931","0.671","7492",3847,NA,NA,NA,3,2,3,"Menor porte",0,0
"2300","Bambuí","bambuí","bambui","Minas Gerais","MG","611.139007448322","23774.4581136497","0.741","23546",16563,NA,NA,NA,NA,NA,NA,"Médio porte",0,0
"2301","Bandeira","bandeira","bandeira","Minas Gerais","MG","184.221569450273","10056.6512798993","0.599","4741",1085,NA,NA,NA,NA,NA,NA,"Menor porte",0,0
"2302","Bandeira do Sul","bandeira do sul","bandeira do sul","Minas Gerais","MG","519.556940117688","12916.0609207338","0.692","5943",3576,2,0,0.000559284116331096,3,2,3,"Menor porte",2,5.59284116331096
"2303","Barão de Cocais","barão de cocais","barao de cocais","Minas Gerais","MG","478.610113795412","24871.2347106432","0.722","30778",18616,3,0,0.000161151697464547,1,1,1,"Médio porte",3,1.61151697464547
"2304","Barão de Monte Alto","barão de monte alto","barao de monte alto","Minas Gerais","MG","332.648487112439","9271.01232723198","0.649","4964",1899,NA,NA,NA,NA,NA,NA,"Menor porte",0,0
"2305","Barbacena","barbacena","barbacena","Minas Gerais","MG","503.371827154062","22602.4934155307","0.769","125317",75328,12,0,0.000159303313508921,NA,NA,NA,"Maior porte",12,1.59303313508921
"2306","Barra Longa","barra longa","barra longa","Minas Gerais","MG","413.758723828514","14490.5284147557","0.624","5666",2503,NA,NA,NA,3,1,3,"Menor porte",0,0
"2307","Barroso","barroso","barroso","Minas Gerais","MG","517.490548882615","22639.3262190745","0.734","20080",11988,NA,NA,NA,3,1,1,"Médio porte",0,0
"2308","Bela Vista de Minas","bela vista de minas","bela vista de minas","Minas Gerais","MG","426.232703176769","34930.6178132918","0.674","10167",4959,3,0,0.000604960677555959,3,2,3,"Menor porte",3,6.04960677555959
"2309","Belmiro Braga","belmiro braga","belmiro braga","Minas Gerais","MG","349.78102189781","15121.4598540146","0.66","3244",1322,NA,NA,NA,3,2,3,"Menor porte",0,0
"2310","Belo Horizonte","belo horizonte","belo horizonte","Minas Gerais","MG","904.02940397309","38549.616428534","0.81","2315560",2696745,242,6,0.0000919627180174618,NA,NA,NA,"Maior porte",248,0.919627180174618
"2311","Belo Oriente","belo oriente","belo oriente","Minas Gerais","MG","351.152107875824","64880.8253686004","0.686","23928",11777,8,0,0.000679290141801817,3,1,1,"Médio porte",8,6.79290141801817
"2312","Belo Vale","belo vale","belo vale","Minas Gerais","MG","571.835730016841","24348.8793885218","0.655","8627",5496,NA,NA,NA,NA,NA,NA,"Menor porte",0,0
"2313","Berilo","berilo","berilo","Minas Gerais","MG","303.150269541779","8695.92318059299","0.628","9826",4228,1,0,0.000236518448438978,3,1,2,"Menor porte",1,2.36518448438978
"2314","Berizal","berizal","berizal","Minas Gerais","MG","310.033585222502","9677.79177162049","0.604","4201",1822,NA,NA,NA,3,1,2,"Menor porte",0,0
"2315","Bertópolis","bertópolis","bertopolis","Minas Gerais","MG","153.679183850662","8359.45300629477","0.594","4451",875,NA,NA,NA,3,1,2,"Menor porte",0,0
"2316","Betim","betim","betim","Minas Gerais","MG","442.920608654988","63100.8489514011","0.749","411846",229547,23,1,0.000104553751519297,1,1,1,"Maior porte",24,1.04553751519297
"2317","Bias Fortes","bias fortes","bias fortes","Minas Gerais","MG","329.528386902974","9767.49774707119","0.62","3361",1291,NA,NA,NA,3,2,2,"Menor porte",0,0
"2318","Bicas","bicas","bicas","Minas Gerais","MG","547.272227566305","18522.5367596537","0.744","13978",8690,NA,NA,NA,2,3,1,"Menor porte",0,0
"2319","Biquinhas","biquinhas","biquinhas","Minas Gerais","MG","593.674939951962","17447.5580464371","0.688","2383",1737,NA,NA,NA,3,2,3,"Menor porte",0,0
"2320","Boa Esperança","boa esperança","boa esperanca","Minas Gerais","MG","559.11385166215","19213.4314627415","0.704","39848",26070,NA,NA,NA,2,1,1,"Médio porte",0,0
"2321","Bocaina de Minas","bocaina de minas","bocaina de minas","Minas Gerais","MG","626.8422086854","12119.276871684","0.645","5348",3556,NA,NA,NA,3,2,3,"Menor porte",0,0
"2322","Bocaiúva","bocaiúva","bocaiuva","Minas Gerais","MG","442.47453040433","18727.7936962751","0.7","48032",27177,6,1,0.00025757073996394,2,1,3,"Médio porte",7,2.5757073996394
"2323","Bom Despacho","bom despacho","bom despacho","Minas Gerais","MG","617.660892059262","27451.4776201301","0.75","51737",35941,3,0,0.0000834701316045742,2,1,1,"Médio porte",3,0.834701316045742
"2324","Bom Jardim de Minas","bom jardim de minas","bom jardim de minas","Minas Gerais","MG","591.422820870104","17697.7860349899","0.673","6783",4206,NA,NA,NA,NA,NA,NA,"Menor porte",0,0
"2325","Bom Jesus da Penha","bom jesus da penha","bom jesus da penha","Minas Gerais","MG","743.166823751178","29171.3006597549","0.735","4474",3969,NA,NA,NA,3,2,1,"Menor porte",0,0
"2326","Bom Jesus do Amparo","bom jesus do amparo","bom jesus do amparo","Minas Gerais","MG","420.838089026578","24305.8861894668","0.683","5631",3250,2,0,0.000615384615384615,2,2,3,"Menor porte",2,6.15384615384615
"2327","Bom Jesus do Galho","bom jesus do galho","bom jesus do galho","Minas Gerais","MG","336.495761001211","9680.25837706903","0.623","14536",6087,NA,NA,NA,2,1,2,"Menor porte",0,0
"2328","Bom Repouso","bom repouso","bom repouso","Minas Gerais","MG","660.909177185157","12555.5661004081","0.653","12649",8536,NA,NA,NA,3,2,3,"Menor porte",0,0
"2329","Bom Sucesso","bom sucesso","bom sucesso","Minas Gerais","MG","428.409155449537","18075.8221162038","0.692","17151",8479,1,0,0.000117938436136337,3,3,3,"Menor porte",1,1.17938436136337
"2330","Bonfim","bonfim","bonfim","Minas Gerais","MG","606.122448979592","14915.889212828","0.637","7434",4776,NA,NA,NA,NA,NA,NA,"Menor porte",0,0
"2331","Bonfinópolis de Minas","bonfinópolis de minas","bonfinopolis de minas","Minas Gerais","MG","460.506980161646","35566.6789125643","0.678","5528",3151,1,0,0.000317359568390987,3,3,3,"Menor porte",1,3.17359568390987
"2332","Bonito de Minas","bonito de minas","bonito de minas","Minas Gerais","MG","123.053918550444","7116.80886621515","0.537","10204",1771,NA,NA,NA,NA,NA,NA,"Menor porte",0,0
"2333","Borda da Mata","borda da mata","borda da mata","Minas Gerais","MG","500.662791883349","16412.0016314877","0.73","17404",11701,3,0,0.000256388342876677,3,2,3,"Menor porte",3,2.56388342876677
"2334","Botelhos","botelhos","botelhos","Minas Gerais","MG","600.307712890494","15370.7271389391","0.702","14828",10118,1,0,0.000098833761612967,1,2,3,"Menor porte",1,0.98833761612967
"2335","Botumirim","botumirim","botumirim","Minas Gerais","MG","196.246819338422","9384.86005089059","0.602","5790",1593,NA,NA,NA,3,1,2,"Menor porte",0,0
"2336","Brás Pires","brás pires","bras pires","Minas Gerais","MG","502.212904728628","9370.37037037037","0.625","4260",2513,NA,NA,NA,3,1,3,"Menor porte",0,0
"2337","Brasilândia de Minas","brasilândia de minas","brasilandia de minas","Minas Gerais","MG","405.063291139241","18108.4905660377","0.674","15020",8418,1,0,0.000118793062485151,1,1,3,"Menor porte",1,1.18793062485151
"2338","Brasília de Minas","brasília de minas","brasilia de minas","Minas Gerais","MG","364.789384354266","10727.6346242864","0.656","32025",14419,1,0,0.000069352937096886,3,1,3,"Médio porte",1,0.69352937096886
"2339","Braúnas","braúnas","braunas","Minas Gerais","MG","316.837911511847","33472.0067100021","0.624","4441",1673,NA,NA,NA,NA,NA,NA,"Menor porte",0,0
"2340","Brazópolis","brazópolis","brazopolis","Minas Gerais","MG","516.655100624566","12304.1637751561","0.692","14246",8679,NA,NA,NA,3,1,3,"Menor porte",0,0
"2341","Brumadinho","brumadinho","brumadinho","Minas Gerais","MG","525.50041803964","61875.5963212512","0.747","38915",26780,4,0,0.000149365197908887,NA,NA,NA,"Médio porte",4,1.49365197908887
"2342","Bueno Brandão","bueno brandão","bueno brandao","Minas Gerais","MG","685.3789464107","14959.6033118006","0.658","10911",8975,NA,NA,NA,3,3,3,"Menor porte",0,0
"2343","Buenópolis","buenópolis","buenopolis","Minas Gerais","MG","351.878682507486","12263.015551048","0.669","9150",4401,2,0,0.000454442172233583,2,2,3,"Menor porte",2,4.54442172233583
"2344","Bugre","bugre","bugre","Minas Gerais","MG","313.833793622897","9069.54556866683","0.627","4041",1590,NA,NA,NA,2,2,2,"Menor porte",0,0
"2345","Buritis","buritis","buritis","Minas Gerais","MG","353.616119617799","30943.6293127574","0.672","24030",11757,1,0,0.0000850557114910266,2,1,3,"Médio porte",1,0.850557114910266
"2346","Buritizeiro","buritizeiro","buritizeiro","Minas Gerais","MG","318.30304754454","15922.1222573877","0.624","23910",11586,4,0,0.000345244260314172,2,2,3,"Médio porte",4,3.45244260314172
"2347","Cabeceira Grande","cabeceira grande","cabeceira grande","Minas Gerais","MG","159.702346880366","42887.2352604465","0.648","6627",1410,NA,NA,NA,NA,NA,NA,"Menor porte",0,0
"2348","Cabo Verde","cabo verde","cabo verde","Minas Gerais","MG","413.072824156306","14035.0976909414","0.674","11410",6866,NA,NA,NA,3,3,3,"Menor porte",0,0
"2349","Cachoeira da Prata","cachoeira da prata","cachoeira da prata","Minas Gerais","MG","429.685324422167","13018.1008075745","0.741","3693",1766,1,0,0.000566251415628539,3,2,3,"Menor porte",1,5.66251415628539
"2350","Cachoeira de Minas","cachoeira de minas","cachoeira de minas","Minas Gerais","MG","421.452629760774","32245.185249158","0.706","11883",5743,2,0,0.000348250043531255,3,2,3,"Menor porte",2,3.48250043531255
"2351","Cachoeira de Pajeú","cachoeira de pajeú","cachoeira de pajeu","Minas Gerais","MG","195.827155263715","11732.7896632069","0.578","9110",2131,5,0,0.00234631628343501,2,3,2,"Menor porte",5,23.4631628343501
"2352","Cachoeira Dourada","cachoeira dourada","cachoeira dourada","Minas Gerais","MG","379.89652623799","29896.1566888396","0.726","2315",1309,NA,NA,NA,NA,NA,NA,"Menor porte",0,0
"2353","Caetanópolis","caetanópolis","caetanopolis","Minas Gerais","MG","418.248361562686","23344.7953017278","0.706","11435",5803,1,0,0.000172324659658797,3,3,3,"Menor porte",1,1.72324659658797
"2354","Caeté","caeté","caete","Minas Gerais","MG","459.786445268275","17745.3992496726","0.728","38776",26396,3,0,0.000113653583876345,2,2,1,"Médio porte",3,1.13653583876345
"2355","Caiana","caiana","caiana","Minas Gerais","MG","355.892438188053","10969.6805630753","0.633","5304",2370,NA,NA,NA,3,1,3,"Menor porte",0,0
"2356","Cajuri","cajuri","cajuri","Minas Gerais","MG","450.427780573729","18126.5727226975","0.617","4088",2056,NA,NA,NA,NA,NA,NA,"Menor porte",0,0
"2357","Caldas","caldas","caldas","Minas Gerais","MG","517.777319304037","17663.7095110378","0.687","14217",8789,NA,NA,NA,2,3,3,"Menor porte",0,0
"2358","Camacho","camacho","camacho","Minas Gerais","MG","546.531892645521","13414.7786685256","0.69","2838",1871,NA,NA,NA,NA,NA,NA,"Menor porte",0,0
"2359","Camanducaia","camanducaia","camanducaia","Minas Gerais","MG","639.557818448695","33340.0302738406","0.689","26097",16513,2,0,0.000121116695936535,1,2,1,"Médio porte",2,1.21116695936535
"2360","Cambuí","cambuí","cambui","Minas Gerais","MG","647.883544643456","52406.1850137519","0.751","29536",22133,1,0,0.0000451814033343876,1,1,1,"Médio porte",1,0.451814033343876
"2361","Cambuquira","cambuquira","cambuquira","Minas Gerais","MG","486.184826724945","21598.6575085857","0.699","12313",7104,1,0,0.000140765765765766,2,3,3,"Menor porte",1,1.40765765765766
"2362","Campanário","campanário","campanario","Minas Gerais","MG","254.691689008043","11881.5013404826","0.616","2923",1088,NA,NA,NA,2,1,2,"Menor porte",0,0
"2363","Campanha","campanha","campanha","Minas Gerais","MG","531.917432287317","19919.6993198902","0.709","15935",9769,NA,NA,NA,3,3,3,"Menor porte",0,0
"2364","Campestre","campestre","campestre","Minas Gerais","MG","700.816946898452","15364.3488173269","0.698","20696",17283,2,0,0.000115720650350055,1,1,1,"Médio porte",2,1.15720650350055
"2365","Campina Verde","campina verde","campina verde","Minas Gerais","MG","474.736735520454","24027.794653706","0.704","18011",10757,5,0,0.000464813609742493,2,3,3,"Menor porte",5,4.64813609742493
"2366","Campo Azul","campo azul","campo azul","Minas Gerais","MG","188.546025104603","9091.52719665272","0.621","3714",935,NA,NA,NA,NA,NA,NA,"Menor porte",0,0
"2367","Campo Belo","campo belo","campo belo","Minas Gerais","MG","593.474329162514","19226.8667183405","0.711","52277",36348,3,0,0.0000825354902608122,2,1,1,"Médio porte",3,0.825354902608121
"2368","Campo do Meio","campo do meio","campo do meio","Minas Gerais","MG","433.439189769119","13440.3055531714","0.683","11377",6052,NA,NA,NA,3,2,3,"Menor porte",0,0
"2369","Campo Florido","campo florido","campo florido","Minas Gerais","MG","467.408392792357","58929.9794412867","0.706","8466",4343,NA,NA,NA,2,2,1,"Menor porte",0,0
"2370","Campos Altos","campos altos","campos altos","Minas Gerais","MG","475.936516095868","18799.2032384502","0.702","12979",8672,2,0,0.000230627306273063,2,3,3,"Menor porte",2,2.30627306273063
"2371","Campos Gerais","campos gerais","campos gerais","Minas Gerais","MG","417.100062408987","16152.7980029124","0.682","26105",14589,NA,NA,NA,3,1,3,"Médio porte",0,0
"2372","Cana Verde","cana verde","cana verde","Minas Gerais","MG","476.224526278155","11590.4540579192","0.65","5272",3209,NA,NA,NA,3,1,3,"Menor porte",0,0
"2373","Canaã","canaã","canaa","Minas Gerais","MG","570.14072119613","13155.672823219","0.649","4715",2892,NA,NA,NA,3,1,3,"Menor porte",0,0
"2374","Canápolis","canápolis","canapolis","Minas Gerais","MG","425.70281124498","35177.5264322596","0.722","10608",6135,1,0,0.000162999185004075,3,3,3,"Menor porte",1,1.62999185004075
"2375","Candeias","candeias","candeias","Minas Gerais","MG","560.11552928533","17061.4588930682","0.678","14001",9914,NA,NA,NA,3,1,3,"Menor porte",0,0
"2376","Cantagalo","cantagalo","cantagalo","Minas Gerais","MG","328.499230938255","10726.653482751","0.631","3974",1845,NA,NA,NA,3,1,2,"Menor porte",0,0
"2377","Caparaó","caparaó","caparao","Minas Gerais","MG","500.275178866263","11356.2649055219","0.624","5048",3138,1,0,0.000318674314850223,NA,NA,NA,"Menor porte",1,3.18674314850223
"2378","Capela Nova","capela nova","capela nova","Minas Gerais","MG","494.173500215796","11208.4592145015","0.648","4362",2606,NA,NA,NA,3,1,3,"Menor porte",0,0
"2379","Capelinha","capelinha","capelinha","Minas Gerais","MG","580.707885540111","18875.4237065454","0.653","39626",27940,5,0,0.000178954903364352,3,2,3,"Médio porte",5,1.78954903364352
"2380","Capetinga","capetinga","capetinga","Minas Gerais","MG","482.583454281568","17980.6966618287","0.675","6562",3870,NA,NA,NA,3,2,3,"Menor porte",0,0
"2381","Capim Branco","capim branco","capim branco","Minas Gerais","MG","414.817830246285","10295.3388968044","0.695","10663",5204,NA,NA,NA,3,2,3,"Menor porte",0,0
"2382","Capinópolis","capinópolis","capinopolis","Minas Gerais","MG","499.753603548109","23013.613403967","0.723","14655",10127,2,0,0.000197491853461045,3,1,3,"Menor porte",2,1.97491853461045
"2383","Capitão Andrade","capitão andrade","capitao andrade","Minas Gerais","MG","376.496191512514","9003.8084874864","0.624","4585",2788,NA,NA,NA,NA,NA,NA,"Menor porte",0,0
"2384","Capitão Enéas","capitão enéas","capitao eneas","Minas Gerais","MG","234.63723633514","22318.6834715601","0.639","14108",4634,0,0,0,3,1,2,"Menor porte",0,0
"2385","Capitólio","capitólio","capitolio","Minas Gerais","MG","800.184693524183","31950.3636153757","0.71","10380",7903,1,0,0.000126534227508541,2,3,1,"Menor porte",1,1.26534227508541
"2386","Caputira","caputira","caputira","Minas Gerais","MG","561.345079501504","8194.88611946712","0.615","8936",6207,NA,NA,NA,2,2,3,"Menor porte",0,0
"2387","Caraí","caraí","carai","Minas Gerais","MG","154.289318755257","7311.77460050463","0.558","19548",4455,1,0,0.000224466891133558,2,3,2,"Médio porte",1,2.24466891133558
"2388","Caranaíba","caranaíba","caranaiba","Minas Gerais","MG","331.964624131396","10444.093493367","0.634","2933",1205,NA,NA,NA,NA,NA,NA,"Menor porte",0,0
"2389","Carandaí","carandaí","carandai","Minas Gerais","MG","547.547625540535","20541.6260859402","0.697","23812",15963,2,0,0.000125289732506421,1,1,1,"Médio porte",2,1.25289732506421
"2390","Carangola","carangola","carangola","Minas Gerais","MG","461.906637181546","16974.341886038","0.695","31240",17235,NA,NA,NA,NA,NA,NA,"Médio porte",0,0
"2391","Caratinga","caratinga","caratinga","Minas Gerais","MG","471.755774650929","19872.3151517769","0.706","87360",50541,14,0,0.000277002829386043,3,1,3,"Médio porte",14,2.77002829386043
"2392","Carbonita","carbonita","carbonita","Minas Gerais","MG","520.288931378798","17379.5411089866","0.638","8512",5700,NA,NA,NA,3,2,3,"Menor porte",0,0
"2393","Careaçu","careaçu","careacu","Minas Gerais","MG","374.558303886926","22098.3510011779","0.683","6816",3318,NA,NA,NA,3,3,3,"Menor porte",0,0
"2394","Carlos Chagas","carlos chagas","carlos chagas","Minas Gerais","MG","314.554996251473","19509.799721538","0.648","18615",6659,4,0,0.000600690794413576,2,1,3,"Menor porte",4,6.00690794413576
"2395","Carmésia","carmésia","carmesia","Minas Gerais","MG","963.718820861678","12555.1776266062","0.65","2605",2772,NA,NA,NA,NA,NA,NA,"Menor porte",0,0
"2396","Carmo da Cachoeira","carmo da cachoeira","carmo da cachoeira","Minas Gerais","MG","375.3078312264","16022.9847315712","0.655","11547",5417,1,0,0.000184604024367731,3,3,3,"Menor porte",1,1.84604024367731
"2397","Carmo da Mata","carmo da mata","carmo da mata","Minas Gerais","MG","476.587611849535","16152.2022413344","0.689","11019",7649,NA,NA,NA,1,2,3,"Menor porte",0,0
"2398","Carmo de Minas","carmo de minas","carmo de minas","Minas Gerais","MG","305.144845119422","14573.9613300328","0.682","13797",5445,2,2,0.000734618916437098,3,3,3,"Menor porte",4,7.34618916437098
"2399","Carmo do Cajuru","carmo do cajuru","carmo do cajuru","Minas Gerais","MG","576.521394262548","20584.2330233993","0.71","23479",15412,4,0,0.00025953802232027,2,2,1,"Médio porte",4,2.5953802232027
"2400","Carmo do Paranaíba","carmo do paranaíba","carmo do paranaiba","Minas Gerais","MG","678.051031845454","24379.9037383794","0.705","29011",23383,1,0,0.000042766112132746,1,1,1,"Médio porte",1,0.42766112132746
"2401","Carmo do Rio Claro","carmo do rio claro","carmo do rio claro","Minas Gerais","MG","546.21967274779","24007.7111152906","0.733","20954",13523,3,0,0.000221844265325741,1,2,1,"Médio porte",3,2.21844265325741
"2402","Carmópolis de Minas","carmópolis de minas","carmopolis de minas","Minas Gerais","MG","558.719770949435","20861.8027506519","0.7","18003",12818,1,1,0.000156030581994071,3,2,3,"Menor porte",2,1.56030581994071
"2403","Carneirinho","carneirinho","carneirinho","Minas Gerais","MG","523.941982912776","30175.2433936022","0.741","9422",6020,1,0,0.000166112956810631,3,2,1,"Menor porte",1,1.66112956810631
"2404","Carrancas","carrancas","carrancas","Minas Gerais","MG","408.001975796493","30180.785379106","0.725","4049",2089,NA,NA,NA,3,3,3,"Menor porte",0,0
"2405","Carvalhópolis","carvalhópolis","carvalhopolis","Minas Gerais","MG","532.110091743119","13180.1501251043","0.724","3341",2170,NA,NA,NA,NA,NA,NA,"Menor porte",0,0
"2406","Carvalhos","carvalhos","carvalhos","Minas Gerais","MG","475.453934095494","14349.9215422551","0.646","4422",2527,NA,NA,NA,3,2,3,"Menor porte",0,0
"2407","Casa Grande","casa grande","casa grande","Minas Gerais","MG","473.824312333629","21259.9822537711","0.652","2214",1196,NA,NA,NA,NA,NA,NA,"Menor porte",0,0
"2408","Cascalho Rico","cascalho rico","cascalho rico","Minas Gerais","MG","373.868046571798","19640.0388098318","0.721","2712",1241,1,0,0.0008058017727639,3,2,3,"Menor porte",1,8.058017727639
"2409","Cássia","cássia","cassia","Minas Gerais","MG","565.783540022548","19018.4892897407","0.704","17155",11760,NA,NA,NA,3,3,3,"Menor porte",0,0
"2410","Cataguases","cataguases","cataguases","Minas Gerais","MG","500.767805136352","21988.8006354249","0.751","66261",41081,2,0,0.0000486843066137631,1,2,1,"Médio porte",2,0.486843066137631
"2411","Catas Altas","catas altas","catas altas","Minas Gerais","MG","478.509500092234","203584.209555433","0.684","5473",3115,3,0,0.000963081861958266,NA,NA,NA,"Menor porte",3,9.63081861958266
"2412","Catas Altas da Noruega","catas altas da noruega","catas altas da noruega","Minas Gerais","MG","377.771694497673","9649.60306597317","0.6","3110",1597,2,0,0.00125234815278647,3,1,2,"Menor porte",2,12.5234815278647
"2413","Catuji","catuji","catuji","Minas Gerais","MG","273.613552820841","10218.6351286559","0.54","7030",2182,5,0,0.00229147571035747,2,1,2,"Menor porte",5,22.9147571035747
"2414","Catuti","catuti","catuti","Minas Gerais","MG","346.022155085599","8940.38267875126","0.621","4739",4803,NA,NA,NA,3,2,2,"Menor porte",0,0
"2415","Caxambu","caxambu","caxambu","Minas Gerais","MG","536.325775104119","16626.5155020824","0.743","21056",12649,2,0,0.000158115266028935,1,1,1,"Médio porte",2,1.58115266028935
"2416","Cedro do Abaeté","cedro do abaeté","cedro do abaete","Minas Gerais","MG","375.972342264477","16938.6343993086","0.678","1081",513,NA,NA,NA,3,3,3,"Menor porte",0,0
"2417","Central de Minas","central de minas","central de minas","Minas Gerais","MG","454.300312233892","11638.9440817485","0.665","6171",4019,2,0,0.000497636227917392,3,3,3,"Menor porte",2,4.97636227917392
"2418","Centralina","centralina","centralina","Minas Gerais","MG","306.591919582447","27057.4134931374","0.678","10207",4025,3,0,0.000745341614906832,2,2,3,"Menor porte",3,7.45341614906832
"2419","Chácara","chácara","chacara","Minas Gerais","MG","352.793471437539","12411.8016321406","0.664","3075",1327,NA,NA,NA,3,2,3,"Menor porte",0,0
"2420","Chalé","chalé","chale","Minas Gerais","MG","589.577118792771","11434.8131251097","0.655","6075",4255,NA,NA,NA,3,1,3,"Menor porte",0,0
"2421","Chapada do Norte","chapada do norte","chapada do norte","Minas Gerais","MG","146.171391332682","6537.30856956663","0.598","10337",2476,NA,NA,NA,NA,NA,NA,"Menor porte",0,0
"2422","Chapada Gaúcha","chapada gaúcha","chapada gaucha","Minas Gerais","MG","248.190353329033","16164.6957643518","0.635","12355",4577,NA,NA,NA,3,2,2,"Menor porte",0,0
"2423","Chiador","chiador","chiador","Minas Gerais","MG","794.833395731936","12190.9397229502","0.711","2800",2298,NA,NA,NA,NA,NA,NA,"Menor porte",0,0
"2424","Cipotânea","cipotânea","cipotanea","Minas Gerais","MG","453.890277982056","8458.74393293131","0.579","5581",3738,NA,NA,NA,1,1,2,"Menor porte",0,0
"2425","Claraval","claraval","claraval","Minas Gerais","MG","455.800535751082","28198.846074593","0.698","4658",2509,2,0,0.000797130330809087,3,2,3,"Menor porte",2,7.97130330809087
"2426","Claro dos Poções","claro dos poções","claro dos pocoes","Minas Gerais","MG","297.844024487623","9442.50731966995","0.67","7166",2316,NA,NA,NA,1,2,3,"Menor porte",0,0
"2427","Cláudio","cláudio","claudio","Minas Gerais","MG","623.133164697321","27109.6365085415","0.709","30159",22095,9,0,0.000407331975560081,2,2,1,"Médio porte",9,4.07331975560081
"2428","Coimbra","coimbra","coimbra","Minas Gerais","MG","521.200948116934","15430.4714248091","0.669","7117",4393,NA,NA,NA,1,2,3,"Menor porte",0,0
"2429","Coluna","coluna","coluna","Minas Gerais","MG","399.389209365456","10361.3844587716","0.583","8163",4320,NA,NA,NA,1,3,2,"Menor porte",0,0
"2430","Comendador Gomes","comendador gomes","comendador gomes","Minas Gerais","MG","375","38795.8333333333","0.697","2773",1342,NA,NA,NA,3,2,3,"Menor porte",0,0
"2431","Comercinho","comercinho","comercinho","Minas Gerais","MG","264.983761440803","8328.01889577797","0.593","6660",2114,NA,NA,NA,3,1,2,"Menor porte",0,0
"2432","Conceição da Aparecida","conceição da aparecida","conceicao da aparecida","Minas Gerais","MG","580.217012206937","16942.453012982","0.691","10371",7237,NA,NA,NA,3,2,3,"Menor porte",0,0
"2433","Conceição da Barra de Minas","conceição da barra de minas","conceicao da barra de minas","Minas Gerais","MG","445.00760263558","12904.4602128738","0.685","3560",2228,NA,NA,NA,NA,NA,NA,"Menor porte",0,0
"2434","Conceição das Alagoas","conceição das alagoas","conceicao das alagoas","Minas Gerais","MG","455.372892118818","32409.6168771608","0.712","28381",14630,NA,NA,NA,2,2,1,"Médio porte",0,0
"2435","Conceição das Pedras","conceição das pedras","conceicao das pedras","Minas Gerais","MG","557.412015641664","14265.9082829719","0.668","2772",1799,NA,NA,NA,NA,NA,NA,"Menor porte",0,0
"2436","Conceição de Ipanema","conceição de ipanema","conceicao de ipanema","Minas Gerais","MG","439.711664482307","11520.0961118392","0.676","4409",2263,1,0,0.000441891294741494,3,1,3,"Menor porte",1,4.41891294741494
"2437","Conceição do Mato Dentro","conceição do mato dentro","conceicao do mato dentro","Minas Gerais","MG","416.671427755242","224491.74427241","0.634","23163",9508,1,0,0.0001051745898191,NA,NA,NA,"Menor porte",1,1.051745898191
"2438","Conceição do Pará","conceição do pará","conceicao do para","Minas Gerais","MG","512.560997650461","49756.7323332731","0.7","5415",3277,2,0,0.000610314311870613,2,2,1,"Menor porte",2,6.10314311870613
"2439","Conceição do Rio Verde","conceição do rio verde","conceicao do rio verde","Minas Gerais","MG","373.721134171295","15904.0485238234","0.665","12541",5959,2,0,0.000335626783017285,3,3,3,"Menor porte",2,3.35626783017285
"2440","Conceição dos Ouros","conceição dos ouros","conceicao dos ouros","Minas Gerais","MG","435.052774940415","15327.9707184202","0.703","10880",5885,NA,NA,NA,3,2,3,"Menor porte",0,0
"2441","Cônego Marinho","cônego marinho","conego marinho","Minas Gerais","MG","181.889149102264","7042.02446005725","0.621","7237",1644,1,0,0.000608272506082725,1,1,2,"Menor porte",1,6.08272506082725
"2442","Confins","confins","confins","Minas Gerais","MG","682.5","191416.764705882","0.747","7350",5729,NA,NA,NA,NA,NA,NA,"Menor porte",0,0
"2443","Congonhal","congonhal","congonhal","Minas Gerais","MG","544.44628372786","17098.5763946366","0.712","11083",7344,1,0,0.000136165577342048,3,1,3,"Menor porte",1,1.36165577342048
"2444","Congonhas","congonhas","congonhas","Minas Gerais","MG","524.326963062069","35918.3496356832","0.753","52890",33281,5,1,0.000180283044379676,2,1,1,"Médio porte",6,1.80283044379676
"2445","Congonhas do Norte","congonhas do norte","congonhas do norte","Minas Gerais","MG","288.347205707491","8189.45699564011","0.568","4831",1786,NA,NA,NA,NA,NA,NA,"Menor porte",0,0
"2446","Conquista","conquista","conquista","Minas Gerais","MG","479.695795666523","54385.1341655905","0.729","6694",3765,NA,NA,NA,3,3,1,"Menor porte",0,0
"2447","Conselheiro Lafaiete","conselheiro lafaiete","conselheiro lafaiete","Minas Gerais","MG","585.18895730136","19359.589833804","0.761","131621",84311,8,4,0.000142330182301242,1,1,1,"Maior porte",12,1.42330182301242
"2448","Conselheiro Pena","conselheiro pena","conselheiro pena","Minas Gerais","MG","379.057911020088","13009.8043487734","0.662","20824",10462,NA,NA,NA,1,2,3,"Médio porte",0,0
"2449","Consolação","consolação","consolacao","Minas Gerais","MG","314.461883408072","14566.1434977578","0.673","1563",679,NA,NA,NA,NA,NA,NA,"Menor porte",0,0
"2450","Contagem","contagem","contagem","Minas Gerais","MG","505.412221260515","45505.9204812325","0.756","621863",349156,122,2,0.000355142114126637,1,3,1,"Maior porte",124,3.55142114126637
"2451","Coqueiral","coqueiral","coqueiral","Minas Gerais","MG","487.401402278703","17013.1463628396","0.694","9023",5190,NA,NA,NA,3,2,3,"Menor porte",0,0
"2452","Coração de Jesus","coração de jesus","coracao de jesus","Minas Gerais","MG","274.397805418812","8493.06677689677","0.642","25377",8919,NA,NA,NA,2,1,3,"Médio porte",0,0
"2453","Cordisburgo","cordisburgo","cordisburgo","Minas Gerais","MG","341.126222322131","11532.9886478588","0.656","7547",3550,NA,NA,NA,3,2,3,"Menor porte",0,0
"2454","Cordislândia","cordislândia","cordislandia","Minas Gerais","MG","366.741953698475","17195.0875211745","0.66","3200",1561,NA,NA,NA,3,2,3,"Menor porte",0,0
"2455","Corinto","corinto","corinto","Minas Gerais","MG","462.480986986649","13965.5230691229","0.68","23532",13042,4,1,0.00038337678270204,2,2,3,"Médio porte",5,3.8337678270204
"2456","Coroaci","coroaci","coroaci","Minas Gerais","MG","291.059036508096","10443.3269636931","0.626","10884",3562,NA,NA,NA,2,2,2,"Menor porte",0,0
"2457","Coromandel","coromandel","coromandel","Minas Gerais","MG","632.12472287778","36298.5768433097","0.708","28894",21214,1,0,0.0000471386820024512,2,2,1,"Médio porte",1,0.471386820024512
"2458","Coronel Fabriciano","coronel fabriciano","coronel fabriciano","Minas Gerais","MG","454.864448272736","16218.2972164294","0.755","104736",55140,NA,NA,NA,3,3,1,"Maior porte",0,0
"2459","Coronel Murta","coronel murta","coronel murta","Minas Gerais","MG","268.366793271839","9000.21703743896","0.627","8200",2817,1,0,0.00035498757543486,2,1,2,"Menor porte",1,3.5498757543486
"2460","Coronel Pacheco","coronel pacheco","coronel pacheco","Minas Gerais","MG","247.249190938511","14908.0906148867","0.669","2762",865,6,0,0.0069364161849711,2,2,3,"Menor porte",6,69.364161849711
"2461","Coronel Xavier Chaves","coronel xavier chaves","coronel xavier chaves","Minas Gerais","MG","408.602150537634","14492.8799767509","0.677","3486",1614,1,0,0.000619578686493185,3,2,3,"Menor porte",1,6.19578686493185
"2462","Córrego Danta","córrego danta","corrego danta","Minas Gerais","MG","444.061422751489","48308.9940457537","0.692","2960",1671,2,0,0.00119688809096349,NA,NA,NA,"Menor porte",2,11.9688809096349
"2463","Córrego do Bom Jesus","córrego do bom jesus","corrego do bom jesus","Minas Gerais","MG","568.489442338928","10451.8137520303","0.692","4272",2419,NA,NA,NA,NA,NA,NA,"Menor porte",0,0
"2464","Córrego Fundo","córrego fundo","corrego fundo","Minas Gerais","MG","549.044186775306","27298.3390786587","0.678","6133",4318,NA,NA,NA,2,2,3,"Menor porte",0,0
"2465","Córrego Novo","córrego novo","corrego novo","Minas Gerais","MG","348.973607038123","12065.6158357771","0.632","2875",1180,NA,NA,NA,NA,NA,NA,"Menor porte",0,0
"2466","Couto de Magalhães de Minas","couto de magalhães de minas","couto de magalhaes de minas","Minas Gerais","MG","352.249604340945","11901.8765543749","0.659","4245",1833,NA,NA,NA,3,2,3,"Menor porte",0,0
"2467","Crisólita","crisólita","crisolita","Minas Gerais","MG","131.508875739645","8727.95857988166","0.585","5265",1103,NA,NA,NA,3,1,2,"Menor porte",0,0
"2468","Cristais","cristais","cristais","Minas Gerais","MG","478.307942154512","14611.9402985075","0.692","12197",7915,NA,NA,NA,NA,NA,NA,"Menor porte",0,0
"2469","Cristália","cristália","cristalia","Minas Gerais","MG","255.265797392177","7838.18121029756","0.583","5121",2118,NA,NA,NA,3,2,2,"Menor porte",0,0
"2470","Cristiano Otoni","cristiano otoni","cristiano otoni","Minas Gerais","MG","571.373157486424","23769.5888285493","0.695","4667",3456,NA,NA,NA,3,2,3,"Menor porte",0,0
"2471","Cristina","cristina","cristina","Minas Gerais","MG","377.566986113828","18098.1811069822","0.668","10374",4579,0,1,0.000218388294387421,2,3,3,"Menor porte",1,2.18388294387421
"2472","Crucilândia","crucilândia","crucilandia","Minas Gerais","MG","649.782350613376","14392.3624851603","0.651","5434",3670,NA,NA,NA,3,2,3,"Menor porte",0,0
"2473","Cruzeiro da Fortaleza","cruzeiro da fortaleza","cruzeiro da fortaleza","Minas Gerais","MG","512.503435009618","28042.0445177247","0.696","3521",2321,NA,NA,NA,2,2,3,"Menor porte",0,0
"2474","Cruzília","cruzília","cruzilia","Minas Gerais","MG","564.172159751842","16784.8649347292","0.695","15362",10101,NA,NA,NA,3,3,3,"Menor porte",0,0
"2475","Cuparaque","cuparaque","cuparaque","Minas Gerais","MG","349.050949050949","11373.8261738262","0.627","3983",2107,NA,NA,NA,NA,NA,NA,"Menor porte",0,0
"2476","Curral de Dentro","curral de dentro","curral de dentro","Minas Gerais","MG","269.778176689319","8435.18399794846","0.585","7406",2716,NA,NA,NA,2,2,2,"Menor porte",0,0
"2477","Curvelo","curvelo","curvelo","Minas Gerais","MG","562.81631437928","22488.104098442","0.713","80665",53984,11,2,0.000240812092471844,2,1,1,"Médio porte",13,2.40812092471844
"2478","Datas","datas","datas","Minas Gerais","MG","320.420586607637","10105.3311197196","0.616","5465",2171,NA,NA,NA,3,3,2,"Menor porte",0,0
"2479","Delfim Moreira","delfim moreira","delfim moreira","Minas Gerais","MG","356.287425149701","12238.6477045908","0.669","7952",3253,2,0,0.000614817091915155,3,2,3,"Menor porte",2,6.14817091915155
"2480","Delfinópolis","delfinópolis","delfinopolis","Minas Gerais","MG","438.367690366008","25743.0935352685","0.74","8393",3888,NA,NA,NA,3,3,3,"Menor porte",0,0
"2481","Delta","delta","delta","Minas Gerais","MG","530.924962852897","34590.0817236256","0.639","10494",7543,2,0,0.000265146493437624,3,2,3,"Menor porte",2,2.65146493437624
"2482","Descoberto","descoberto","descoberto","Minas Gerais","MG","426.724995028833","13395.3072181348","0.68","4928",2427,NA,NA,NA,1,2,3,"Menor porte",0,0
"2483","Desterro de Entre Rios","desterro de entre rios","desterro de entre rios","Minas Gerais","MG","601.929703652653","26350.3790489318","0.639","7653",5342,NA,NA,NA,3,2,3,"Menor porte",0,0
"2484","Desterro do Melo","desterro do melo","desterro do melo","Minas Gerais","MG","652.219140083218","13632.4549237171","0.631","2994",2288,NA,NA,NA,3,2,3,"Menor porte",0,0
"2485","Diamantina","diamantina","diamantina","Minas Gerais","MG","475.671719811814","17531.5211709357","0.716","47702",26165,10,0,0.000382189948404357,2,1,3,"Médio porte",10,3.82189948404357
"2486","Diogo de Vasconcelos","diogo de vasconcelos","diogo de vasconcelos","Minas Gerais","MG","347.229551451187","9045.64643799472","0.601","3549",1615,NA,NA,NA,NA,NA,NA,"Menor porte",0,0
"2487","Dionísio","dionísio","dionisio","Minas Gerais","MG","302.010776711789","10314.1017216454","0.702","6847",2781,NA,NA,NA,3,2,3,"Menor porte",0,0
"2488","Divinésia","divinésia","divinesia","Minas Gerais","MG","432.242990654206","14436.6238317757","0.657","4226",1781,NA,NA,NA,3,2,3,"Menor porte",0,0
"2489","Divino","divino","divino","Minas Gerais","MG","538.496195434521","12146.1754104926","0.605","20706",12688,NA,NA,NA,1,2,3,"Menor porte",0,0
"2490","Divino das Laranjeiras","divino das laranjeiras","divino das laranjeiras","Minas Gerais","MG","283.876156011259","11055.0864495376","0.661","4178",1643,2,0,0.00121728545343883,1,3,3,"Menor porte",2,12.1728545343883
"2491","Divinolândia de Minas","divinolândia de minas","divinolandia de minas","Minas Gerais","MG","407.538744418177","9070.13396375098","0.623","6516",3931,NA,NA,NA,2,2,3,"Menor porte",0,0
"2492","Divinópolis","divinópolis","divinopolis","Minas Gerais","MG","605.379188712522","28408.1686133573","0.764","231091",159479,9,0,0.0000564337624389418,1,1,1,"Maior porte",9,0.564337624389418
"2493","Divisa Alegre","divisa alegre","divisa alegre","Minas Gerais","MG","179.819452533489","24192.4868957484","0.608","6321",1635,4,0,0.00244648318042813,3,2,2,"Menor porte",4,24.4648318042813
"2494","Divisa Nova","divisa nova","divisa nova","Minas Gerais","MG","451.95020746888","13144.5643153527","0.67","5851",3319,NA,NA,NA,3,2,3,"Menor porte",0,0
"2495","Divisópolis","divisópolis","divisopolis","Minas Gerais","MG","120.06065471412","6822.13897065382","0.609","10213",1696,1,0,0.000589622641509434,3,2,2,"Menor porte",1,5.89622641509434
"2496","Dom Bosco","dom bosco","dom bosco","Minas Gerais","MG","400","13630.3693570451","0.673","3697",1647,NA,NA,NA,3,2,3,"Menor porte",0,0
"2497","Dom Cavati","dom cavati","dom cavati","Minas Gerais","MG","627.179080824089","11869.8494453249","0.688","4904",3407,NA,NA,NA,NA,NA,NA,"Menor porte",0,0
"2498","Dom Joaquim","dom joaquim","dom joaquim","Minas Gerais","MG","293.641878229611","10435.407773534","0.622","4899",1630,NA,NA,NA,NA,NA,NA,"Menor porte",0,0
"2499","Dom Silvério","dom silvério","dom silverio","Minas Gerais","MG","461.391437308868","17366.0168195719","0.709","5228",2808,NA,NA,NA,NA,NA,NA,"Menor porte",0,0
"2500","Dom Viçoso","dom viçoso","dom vicoso","Minas Gerais","MG","440.44044044044","10682.3490156823","0.687","3095",1568,NA,NA,NA,NA,NA,NA,"Menor porte",0,0
"2501","Dona Eusébia","dona eusébia","dona eusebia","Minas Gerais","MG","546.45716875661","13089.4394923704","0.701",NA,4119,NA,NA,NA,3,2,3,"Menor porte",0,0
"2502","Dores de Campos","dores de campos","dores de campos","Minas Gerais","MG","570.673970458769","29858.5542404382","0.686","10007",6538,NA,NA,NA,3,2,3,"Menor porte",0,0
"2503","Dores de Guanhães","dores de guanhães","dores de guanhaes","Minas Gerais","MG","358.362436942181","30803.0655801319","0.636","5029",2158,2,0,0.00092678405931418,3,2,3,"Menor porte",2,9.2678405931418
"2504","Dores do Indaiá","dores do indaiá","dores do indaia","Minas Gerais","MG","577.344157295003","18875.9961272064","0.719","12630",8676,NA,NA,NA,3,3,3,"Menor porte",0,0
"2505","Dores do Turvo","dores do turvo","dores do turvo","Minas Gerais","MG","726.241134751773","11913.2387706856","0.629","4987",3749,NA,NA,NA,NA,NA,NA,"Menor porte",0,0
"2506","Doresópolis","doresópolis","doresopolis","Minas Gerais","MG","435.094585779517","35948.4670580561","0.692","1461",725,NA,NA,NA,NA,NA,NA,"Menor porte",0,0
"2507","Douradoquara","douradoquara","douradoquara","Minas Gerais","MG","457.635983263598","30627.6150627615","0.706","1829",994,2,0,0.00201207243460765,NA,NA,NA,"Menor porte",2,20.1207243460765
"2508","Durandé","durandé","durande","Minas Gerais","MG","500","10257.3062261753","0.645","7817",4537,NA,NA,NA,NA,NA,NA,"Menor porte",0,0
"2509","Elói Mendes","elói mendes","eloi mendes","Minas Gerais","MG","468.820621468927","18553.9194915254","0.685","26336",15517,3,0,0.000193336340787523,1,2,3,"Médio porte",3,1.93336340787523
"2510","Engenheiro Caldas","engenheiro caldas","engenheiro caldas","Minas Gerais","MG","323.781467595072","11015.1758614533","0.644","13622",4466,2,0,0.000447828034034931,2,2,3,"Menor porte",2,4.47828034034931
"2511","Engenheiro Navarro","engenheiro navarro","engenheiro navarro","Minas Gerais","MG","275.514431708328","9953.45946692446","0.655","6354",2502,NA,NA,NA,3,2,3,"Menor porte",0,0
"2512","Entre Folhas","entre folhas","entre folhas","Minas Gerais","MG","466.43109540636","10041.4729403013","0.634","5179",3063,NA,NA,NA,2,2,3,"Menor porte",0,0
"2513","Entre Rios de Minas","entre rios de minas","entre rios de minas","Minas Gerais","MG","592.97789336801","14843.4980494148","0.672","14746",10733,7,0,0.000652194167520731,3,3,3,"Menor porte",7,6.52194167520731
"2514","Ervália","ervália","ervalia","Minas Gerais","MG","601.171009600169","16273.9212997152","0.625","20255",13824,NA,NA,NA,2,2,3,"Menor porte",0,0
"2515","Esmeraldas","esmeraldas","esmeraldas","Minas Gerais","MG","254.671493060894","10337.7730569803","0.671","85598",25199,9,0,0.000357157030040875,2,2,3,"Médio porte",9,3.57157030040875
"2516","Espera Feliz","espera feliz","espera feliz","Minas Gerais","MG","537.377597325054","16945.864182788","0.663","24102",15325,2,0,0.000130505709624796,2,2,3,"Médio porte",2,1.30505709624796
"2517","Espinosa","espinosa","espinosa","Minas Gerais","MG","510.819360961721","9948.21259095223","0.627","30443",18609,2,0,0.000107474877747327,2,2,3,"Médio porte",2,1.07474877747327
"2518","Espírito Santo do Dourado","espírito santo do dourado","espirito santo do dourado","Minas Gerais","MG","555.626326963907","18583.6518046709","0.685","6611",3588,1,0,0.000278706800445931,2,2,3,"Menor porte",1,2.78706800445931
"2519","Estiva","estiva","estiva","Minas Gerais","MG","591.779378183734","23937.6427191288","0.691","11502",7768,1,0,0.000128733264675592,NA,NA,NA,"Menor porte",1,1.28733264675592
"2520","Estrela Dalva","estrela dalva","estrela dalva","Minas Gerais","MG","368.602150537634","14457.2043010753","0.71","2186",970,NA,NA,NA,2,2,3,"Menor porte",0,0
"2521","Estrela do Indaiá","estrela do indaiá","estrela do indaia","Minas Gerais","MG","433.400171870524","28801.7759954168","0.676","2772",1670,NA,NA,NA,NA,NA,NA,"Menor porte",0,0
"2522","Estrela do Sul","estrela do sul","estrela do sul","Minas Gerais","MG","342.354701920678","34615.2407084061","0.696","6840",3121,3,0,0.000961230374879846,3,2,3,"Menor porte",3,9.61230374879846
"2523","Eugenópolis","eugenópolis","eugenopolis","Minas Gerais","MG","456.840247131509","14694.9691085613","0.675","10801",5676,2,0,0.000352360817477097,3,3,3,"Menor porte",2,3.52360817477097
"2524","Ewbank da Câmara","ewbank da câmara","ewbank da camara","Minas Gerais","MG","270.966097374458","10408.1060412949","0.676","3875",1148,2,1,0.00261324041811847,2,2,3,"Menor porte",3,26.1324041811847
"2525","Extrema","extrema","extrema","Minas Gerais","MG","619.604340883873","274326.134610701","0.732","53482",28524,NA,NA,NA,NA,NA,NA,"Médio porte",0,0
"2526","Fama","fama","fama","Minas Gerais","MG","312.289562289562","16242.8451178451","0.717","2578",764,NA,NA,NA,3,2,3,"Menor porte",0,0
"2527","Faria Lemos","faria lemos","faria lemos","Minas Gerais","MG","356.10058987892","16025.7683949084","0.687","3188",1237,NA,NA,NA,2,2,3,"Menor porte",0,0
"2528","Felício dos Santos","felício dos santos","felicio dos santos","Minas Gerais","MG","429.634353741497","10014.880952381","0.606","5133",2556,NA,NA,NA,3,2,3,"Menor porte",0,0
"2529","Felisburgo","felisburgo","felisburgo","Minas Gerais","MG","287.446695095949","8345.4157782516","0.583","6489",2459,NA,NA,NA,1,3,2,"Menor porte",0,0
"2530","Felixlândia","felixlândia","felixlandia","Minas Gerais","MG","385.861465690404","14399.9222445409","0.648","13978",7354,1,0,0.00013598041881969,2,1,3,"Menor porte",1,1.3598041881969
"2531","Fernandes Tourinho","fernandes tourinho","fernandes tourinho","Minas Gerais","MG","304.962492787074","13385.1702250433","0.646","2789",1280,NA,NA,NA,NA,NA,NA,"Menor porte",0,0
"2532","Ferros","ferros","ferros","Minas Gerais","MG","428.733498349835","12987.5206270627","0.603","9590",4782,5,0,0.00104558762024258,1,2,3,"Menor porte",5,10.4558762024258
"2533","Fervedouro","fervedouro","fervedouro","Minas Gerais","MG","411.072914781979","9947.71123575176","0.58","10445",5900,NA,NA,NA,2,3,2,"Menor porte",0,0
"2534","Florestal","florestal","florestal","Minas Gerais","MG","557.015797159166","16353.2457188371","0.724","8045",6278,NA,NA,NA,3,2,3,"Menor porte",0,0
"2535","Formiga","formiga","formiga","Minas Gerais","MG","700.185780425231","26435.4486744714","0.755","68248",54360,2,0,0.0000367917586460633,2,1,1,"Médio porte",2,0.367917586460633
"2536","Formoso","formoso","formoso","Minas Gerais","MG","144.81833195706","19041.597853014","0.64","7949",1988,NA,NA,NA,NA,NA,NA,"Menor porte",0,0
"2537","Fortaleza de Minas","fortaleza de minas","fortaleza de minas","Minas Gerais","MG","451.656524678837","13497.6335361731","0.67","3477",2149,NA,NA,NA,3,2,3,"Menor porte",0,0
"2538","Fortuna de Minas","fortuna de minas","fortuna de minas","Minas Gerais","MG","373.104145601618","13492.7536231884","0.696","3093",1345,NA,NA,NA,3,2,3,"Menor porte",0,0
"2539","Francisco Badaró","francisco badaró","francisco badaro","Minas Gerais","MG","253.560701482414","5990.60168588315","0.622","7366",2950,NA,NA,NA,NA,NA,NA,"Menor porte",0,0
"2540","Francisco Dumont","francisco dumont","francisco dumont","Minas Gerais","MG","289.393361312476","12706.982067913","0.625","4503",2234,NA,NA,NA,3,2,2,"Menor porte",0,0
"2541","Francisco Sá","francisco sá","francisco sa","Minas Gerais","MG","291.554476847814","14319.0868064773","0.654","23476",9320,15,0,0.00160944206008584,2,2,3,"Médio porte",15,16.0944206008584
"2542","Franciscópolis","franciscópolis","franciscopolis","Minas Gerais","MG","205.882352941176","13334.5822405395","0.603","5034",1346,NA,NA,NA,3,1,2,"Menor porte",0,0
"2543","Frei Gaspar","frei gaspar","frei gaspar","Minas Gerais","MG","231.555631283012","10185.3808144488","0.59","5640",1623,NA,NA,NA,NA,NA,NA,"Menor porte",0,0
"2544","Frei Inocêncio","frei inocêncio","frei inocencio","Minas Gerais","MG","297.081953642384","10430.7740066225","0.648","8226",3576,3,0,0.000838926174496644,3,2,3,"Menor porte",3,8.38926174496644
"2545","Frei Lagonegro","frei lagonegro","frei lagonegro","Minas Gerais","MG","377.688557499283","9135.93346716375","0.543","3391",1376,NA,NA,NA,NA,NA,NA,"Menor porte",0,0
"2546","Fronteira","fronteira","fronteira","Minas Gerais","MG","420.884706900281","64512.7081981397","0.684","14540",8625,NA,NA,NA,3,2,1,"Menor porte",0,0
"2547","Fronteira dos Vales","fronteira dos vales","fronteira dos vales","Minas Gerais","MG","182.196886647665","8761.6750712563","0.592","4345",1012,NA,NA,NA,3,2,2,"Menor porte",0,0
"2548","Fruta de Leite","fruta de leite","fruta de leite","Minas Gerais","MG","200.226457822231","7992.82883562936","0.544","4647",1293,6,0,0.00464037122969838,2,1,2,"Menor porte",6,46.4037122969838
"2549","Frutal","frutal","frutal","Minas Gerais","MG","736.169432780111","32098.2470172632","0.73","58588",51108,1,0,0.0000195664083900759,2,1,1,"Médio porte",1,0.195664083900759
"2550","Funilândia","funilândia","funilandia","Minas Gerais","MG","345.628415300546","14089.9362477231","0.655","4686",1787,NA,NA,NA,2,2,3,"Menor porte",0,0
"2551","Galiléia","galiléia","galileia","Minas Gerais","MG","271.428571428571","14399.11634757","0.654","6222",2380,NA,NA,NA,3,2,3,"Menor porte",0,0
"2552","Gameleiras","gameleiras","gameleiras","Minas Gerais","MG","293.171114599686","8876.37362637363","0.65","4793",1810,NA,NA,NA,3,1,3,"Menor porte",0,0
"2553","Glaucilândia","glaucilândia","glaucilandia","Minas Gerais","MG","105.878634639697","10656.1314791403","0.679","2928",884,NA,NA,NA,NA,NA,NA,"Menor porte",0,0
"2554","Goiabeira","goiabeira","goiabeira","Minas Gerais","MG","421.255180580225","12074.8963883955","0.647","2830",1699,NA,NA,NA,1,2,3,"Menor porte",0,0
"2555","Goianá","goianá","goiana","Minas Gerais","MG","417.543859649123","16861.6541353383","0.716","4053",1982,NA,NA,NA,3,2,3,"Menor porte",0,0
"2556","Gonçalves","gonçalves","goncalves","Minas Gerais","MG","591.733639494833","15947.4167623421","0.683","4727",2974,1,0,0.000336247478143914,NA,NA,NA,"Menor porte",1,3.36247478143914
"2557","Gonzaga","gonzaga","gonzaga","Minas Gerais","MG","461.999675903419","8807.97277588721","0.606","5230",3468,NA,NA,NA,2,2,3,"Menor porte",0,0
"2558","Gouveia","gouveia","gouveia","Minas Gerais","MG","410.89862920968","12872.1441868336","0.681","11331",5824,3,0,NA,3,2,3,"Menor porte",3,5.1510989010989
"2559","Governador Valadares","governador valadares","governador valadares","Minas Gerais","MG","504.383624033076","24080.1932779687","0.727","257171",156772,68,4,0.000459265685198888,3,1,1,"Maior porte",72,4.59265685198888
"2560","Grão Mogol","grão mogol","grao mogol","Minas Gerais","MG","208.62177470107","33607.1743234739","0.604","13901",4268,9,0,0.0021087160262418,NA,NA,NA,"Menor porte",9,21.087160262418
"2561","Grupiara","grupiara","grupiara","Minas Gerais","MG","444.844989185292","22725.3064167267","0.731","1392",701,NA,NA,NA,NA,NA,NA,"Menor porte",0,0
"2562","Guanhães","guanhães","guanhaes","Minas Gerais","MG","560.437335493015","22723.4547190004","0.686","32244",21989,4,0,0.000181909136386375,3,2,1,"Médio porte",4,1.81909136386375
"2563","Guapé","guapé","guape","Minas Gerais","MG","516.552111095525","16445.364006172","0.679","13772",8892,NA,NA,NA,1,2,3,"Menor porte",0,0
"2564","Guaraciaba","guaraciaba","guaraciaba","Minas Gerais","MG","399.903053805138","9160.63984488609","0.623","9753",4814,NA,NA,NA,3,1,3,"Menor porte",0,0
"2565","Guaraciama","guaraciama","guaraciama","Minas Gerais","MG","344.758468630988","9376.02725997194","0.677","5051",2286,NA,NA,NA,3,2,3,"Menor porte",0,0
"2566","Guaranésia","guaranésia","guaranesia","Minas Gerais","MG","612.7675237945","25079.9284850397","0.701","19150",13262,NA,NA,NA,3,3,1,"Menor porte",0,0
"2567","Guarani","guarani","guarani","Minas Gerais","MG","326.979143305674","14732.2269567168","0.677","7714",3309,NA,NA,NA,NA,NA,NA,"Menor porte",0,0
"2568","Guarará","guarará","guarara","Minas Gerais","MG","466.225165562914","12442.6490066225","0.652","3149",1982,1,0,0.000504540867810293,3,2,3,"Menor porte",1,5.04540867810293
"2569","Guarda-Mor","guarda-mor","guarda-mor","Minas Gerais","MG","467.80331861775","61404.3233368854","0.69","6539",4197,NA,NA,NA,3,3,1,"Menor porte",0,0
"2570","Guaxupé","guaxupé","guaxupe","Minas Gerais","MG","657.724951034986","42997.3693306195","0.751","50911",37264,4,0,0.000107342206955775,1,1,1,"Médio porte",4,1.07342206955775
"2571","Guidoval","guidoval","guidoval","Minas Gerais","MG","552.545738193164","14805.9849666714","0.683","7131",4356,NA,NA,NA,1,2,3,"Menor porte",0,0
"2572","Guimarânia","guimarânia","guimarania","Minas Gerais","MG","504.009870450339","27442.8130783467","0.693","8478",4854,NA,NA,NA,NA,NA,NA,"Menor porte",0,0
"2573","Guiricema","guiricema","guiricema","Minas Gerais","MG","645.571137480523","11339.5661033201","0.674","7778",5938,NA,NA,NA,1,2,3,"Menor porte",0,0
"2574","Gurinhatã","gurinhatã","gurinhata","Minas Gerais","MG","414.739107046799","22288.6856733011","0.68","5192",2604,NA,NA,NA,3,2,3,"Menor porte",0,0
"2575","Heliodora","heliodora","heliodora","Minas Gerais","MG","401.304809588833","14735.8519192839","0.657","6134",3097,NA,NA,NA,3,2,3,"Menor porte",0,0
"2576","Iapu","iapu","iapu","Minas Gerais","MG","378.904481665912","10961.6115889543","0.654","12030",5094,NA,NA,NA,3,2,3,"Menor porte",0,0
"2577","Ibertioga","ibertioga","ibertioga","Minas Gerais","MG","364.271457085828","14176.24750499","0.657","5198",2247,NA,NA,NA,NA,NA,NA,"Menor porte",0,0
"2578","Ibiá","ibiá","ibia","Minas Gerais","MG","483.634356021768","38763.7037621264","0.718","22229",14321,4,0,0.000279310104043014,2,2,1,"Médio porte",4,2.79310104043014
"2579","Ibiaí","ibiaí","ibiai","Minas Gerais","MG","238.473391015764","8638.26004503971","0.614","6286",2321,1,0,0.000430848772081,3,2,2,"Menor porte",1,4.30848772081
"2580","Ibiracatu","ibiracatu","ibiracatu","Minas Gerais","MG","263.550009312721","8454.2745390203","0.591","5081",1650,NA,NA,NA,NA,NA,NA,"Menor porte",0,0
"2581","Ibiraci","ibiraci","ibiraci","Minas Gerais","MG","436.579436579437","43243.3147433147","0.706","10948",6890,NA,NA,NA,1,2,3,"Menor porte",0,0
"2582","Ibirité","ibirité","ibirite","Minas Gerais","MG","365.725516461436","13933.5009579859","0.704","170537",81239,NA,NA,NA,2,3,3,"Maior porte",0,0
"2583","Ibitiúra de Minas","ibitiúra de minas","ibitiura de minas","Minas Gerais","MG","563.001145475372","13942.726231386","0.674","3365",2312,1,0,0.000432525951557093,NA,NA,NA,"Menor porte",1,4.32525951557093
"2584","Ibituruna","ibituruna","ibituruna","Minas Gerais","MG","280.707610146862","13801.4018691589","0.675","2698",1000,NA,NA,NA,NA,NA,NA,"Menor porte",0,0
"2585","Icaraí de Minas","icaraí de minas","icarai de minas","Minas Gerais","MG","159.378358270646","7023.8075555923","0.624","10677",2433,NA,NA,NA,2,1,2,"Menor porte",0,0
"2586","Igarapé","igarapé","igarape","Minas Gerais","MG","499.349567519456","17854.599812858","0.698","45847",28084,NA,NA,NA,2,2,3,"Médio porte",0,0
"2587","Igaratinga","igaratinga","igaratinga","Minas Gerais","MG","546.478873239437","40378.8278055429","0.651","10830",7093,2,0,0.000281968137600451,1,2,3,"Menor porte",2,2.81968137600451
"2588","Iguatama","iguatama","iguatama","Minas Gerais","MG","478.101729143001","44998.4854221886","0.707","6826",4282,NA,NA,NA,3,3,1,"Menor porte",0,0
"2589","Ijaci","ijaci","ijaci","Minas Gerais","MG","492.586989409985","46639.636913767","0.714","7003",4061,2,0,0.00049248953459739,3,2,1,"Menor porte",2,4.9248953459739
"2590","Ilicínea","ilicínea","ilicinea","Minas Gerais","MG","564.770170363227","13663.6933461909","0.68","12741",8635,NA,NA,NA,2,2,3,"Menor porte",0,0
"2591","Imbé de Minas","imbé de minas","imbe de minas","Minas Gerais","MG","345.389048991354","8674.49567723343","0.553","6986",3368,NA,NA,NA,3,2,2,"Menor porte",0,0
"2592","Inconfidentes","inconfidentes","inconfidentes","Minas Gerais","MG","524.870888828486","12914.7866268008","0.692","7301",4467,3,0,0.000671591672263264,3,2,3,"Menor porte",3,6.71591672263264
"2593","Indaiabira","indaiabira","indaiabira","Minas Gerais","MG","251.396648044693","8417.22305491211","0.61","6346",2366,1,0,0.000422654268808115,3,2,2,"Menor porte",1,4.22654268808115
"2594","Indianópolis","indianópolis","indianopolis","Minas Gerais","MG","402.675873974968","53638.0376924184","0.674","6171",3377,NA,NA,NA,2,2,3,"Menor porte",0,0
"2595","Ingaí","ingaí","ingai","Minas Gerais","MG","305.835734870317","28001.4409221902","0.697","2580",987,1,0,0.00101317122593718,3,2,3,"Menor porte",1,10.1317122593718
"2596","Inhapim","inhapim","inhapim","Minas Gerais","MG","515.220731757963","13899.3728975456","0.658","22692",14321,6,1,0.000488792682075274,1,2,3,"Médio porte",7,4.88792682075274
"2597","Inhaúma","inhaúma","inhauma","Minas Gerais","MG","353.136882129278","17943.2826362484","0.702","6239",2672,NA,NA,NA,3,2,3,"Menor porte",0,0
"2598","Inimutaba","inimutaba","inimutaba","Minas Gerais","MG","307.275132275132","9934.65608465608","0.664","7371",2819,1,0,0.000354735721887194,NA,NA,NA,"Menor porte",1,3.54735721887194
"2599","Ipaba","ipaba","ipaba","Minas Gerais","MG","217.113325163834","8500.71927113858","0.665","17136",6513,NA,NA,NA,1,2,2,"Menor porte",0,0
"2600","Ipanema","ipanema","ipanema","Minas Gerais","MG","544.8","13697.7","0.693","19522",12456,1,0,0.0000802825947334618,1,2,3,"Médio porte",1,0.802825947334618
"2601","Ipatinga","ipatinga","ipatinga","Minas Gerais","MG","583.65390774239","44576.932206519","0.771","227731",164028,2,0,0.0000121930402126466,1,1,2,"Maior porte",2,0.121930402126466
"2602","Ipiaçu","ipiaçu","ipiacu","Minas Gerais","MG","478.816568047337","24756.6863905325","0.696","3775",2380,NA,NA,NA,NA,NA,NA,"Menor porte",0,0
"2603","Ipuiúna","ipuiúna","ipuiuna","Minas Gerais","MG","641.826447914608","16306.5823285234","0.686","9135",8177,NA,NA,NA,3,2,3,"Menor porte",0,0
"2604","Iraí de Minas","iraí de minas","irai de minas","Minas Gerais","MG","612.352355201366","26448.1286466486","0.695","7180",5177,1,0,0.000193162062970833,3,2,1,"Menor porte",1,1.93162062970833
"2605","Itabira","itabira","itabira","Minas Gerais","MG","514.821676702177","59995.6328988288","0.756","113343",70790,7,0,0.000098884023167114,1,1,2,"Maior porte",7,0.98884023167114
"2606","Itabirinha","itabirinha","itabirinha","Minas Gerais","MG","456.720801658604","10718.2964754665","0.653","10362",7406,NA,NA,NA,NA,NA,NA,"Menor porte",0,0
"2607","Itabirito","itabirito","itabirito","Minas Gerais","MG","621.648934141784","54272.1847233345","0.73","53365",38607,7,0,0.000181314269433004,2,1,1,"Médio porte",7,1.81314269433004
"2608","Itacambira","itacambira","itacambira","Minas Gerais","MG","61.6577441388222","10182.7579841241","0.628","4252",408,NA,NA,NA,NA,NA,NA,"Menor porte",0,0
"2609","Itacarambi","itacarambi","itacarambi","Minas Gerais","MG","309.127945386479","11558.467297952","0.641","17208",7023,1,0,0.000142389292325217,3,2,3,"Menor porte",1,1.42389292325217
"2610","Itaguara","itaguara","itaguara","Minas Gerais","MG","729.884629698549","23074.5068850019","0.691","13846",11251,2,0,0.000177761976713181,2,3,1,"Menor porte",2,1.77761976713181
"2611","Itaipé","itaipé","itaipe","Minas Gerais","MG","256.933624181988","7560.68868806482","0.552","10463",4322,NA,NA,NA,1,1,2,"Menor porte",0,0
"2612","Itajubá","itajubá","itajuba","Minas Gerais","MG","508.701995191814","32577.7939877124","0.787","93073",53690,NA,NA,NA,1,1,1,"Médio porte",0,0
"2613","Itamarandiba","itamarandiba","itamarandiba","Minas Gerais","MG","508.444011907488","15467.2544080605","0.646","32948",22715,NA,NA,NA,3,2,3,"Médio porte",0,0
"2614","Itamarati de Minas","itamarati de minas","itamarati de minas","Minas Gerais","MG","382.857142857143","13425.1428571429","0.688","3690",1783,NA,NA,NA,3,2,3,"Menor porte",0,0
"2615","Itambacuri","itambacuri","itambacuri","Minas Gerais","MG","300.745400491189","12699.340772976","0.634","21042",7798,2,0,0.000256476019492177,1,1,3,"Médio porte",2,2.56476019492177
"2616","Itambé do Mato Dentro","itambé do mato dentro","itambe do mato dentro","Minas Gerais","MG","349.221789883268","13708.1712062257","0.634","2142",795,NA,NA,NA,2,2,3,"Menor porte",0,0
"2617","Itamogi","itamogi","itamogi","Minas Gerais","MG","651.176528502511","17530.6685044797","0.674","10770",7601,NA,NA,NA,3,2,3,"Menor porte",0,0
"2618","Itamonte","itamonte","itamonte","Minas Gerais","MG","554.53735522464","53388.5070637648","0.705","14786",9988,NA,NA,NA,3,3,1,"Menor porte",0,0
"2619","Itanhandu","itanhandu","itanhandu","Minas Gerais","MG","596.187512157168","28542.1124294884","0.739","15236",10230,3,0,0.000293255131964809,3,3,1,"Menor porte",3,2.93255131964809
"2620","Itanhomi","itanhomi","itanhomi","Minas Gerais","MG","441.930741587716","10313.3779810519","0.65","11128",6600,NA,NA,NA,NA,NA,NA,"Menor porte",0,0
"2621","Itaobim","itaobim","itaobim","Minas Gerais","MG","315.231347187218","13557.7535783917","0.629","19151",7907,7,1,0.00101176173011256,2,1,3,"Médio porte",8,10.1176173011256
"2622","Itapagipe","itapagipe","itapagipe","Minas Gerais","MG","515.052994342935","28047.0771831719","0.723","13690",9023,NA,NA,NA,NA,NA,NA,"Menor porte",0,0
"2623","Itapecerica","itapecerica","itapecerica","Minas Gerais","MG","472.083084417076","21855.3375304444","0.713","21046",11548,3,0,0.00025978524419813,2,2,3,"Médio porte",3,2.5978524419813
"2624","Itapeva","itapeva","itapeva","Minas Gerais","MG","629.592146543872","79500.2530108289","0.72","12596",7360,NA,NA,NA,NA,NA,NA,"Menor porte",0,0
"2625","Itatiaiuçu","itatiaiuçu","itatiaiucu","Minas Gerais","MG","551.546391752577","155870.511908994","0.677","12966",7770,2,0,0.000257400257400257,NA,NA,NA,"Menor porte",2,2.57400257400257
"2626","Itaú de Minas","itaú de minas","itau de minas","Minas Gerais","MG","597.506018890055","31321.4395950367","0.776","14406",10305,NA,NA,NA,3,2,1,"Menor porte",0,0
"2627","Itaúna","itaúna","itauna","Minas Gerais","MG","648.214647244984","37027.8325359361","0.758","97669",70384,43,0,0.000610934303250739,2,2,1,"Médio porte",43,6.10934303250739
"2628","Itaverava","itaverava","itaverava","Minas Gerais","MG","371.018811696778","10768.2994971131","0.627","5642",2341,NA,NA,NA,3,2,3,"Menor porte",0,0
"2629","Itinga","itinga","itinga","Minas Gerais","MG","187.192118226601","8471.84129942751","0.6","13745",3567,NA,NA,NA,3,2,2,"Menor porte",0,0
"2630","Itueta","itueta","itueta","Minas Gerais","MG","384.298202210127","12528.4512617516","0.635","6055",2783,2,0,0.000718648939992814,3,2,3,"Menor porte",2,7.18648939992813
"2631","Ituiutaba","ituiutaba","ituiutaba","Minas Gerais","MG","660.139660823714","31994.3850648425","0.739","102217",76769,22,1,0.000299600098998294,1,3,1,"Maior porte",23,2.99600098998294
"2632","Itumirim","itumirim","itumirim","Minas Gerais","MG","413.166666666667","10796.8333333333","0.726","6638",2990,NA,NA,NA,3,2,3,"Menor porte",0,0
"2633","Iturama","iturama","iturama","Minas Gerais","MG","703.678508440413","51444.1924918115","0.747","38295",31356,6,0,0.000191350937619594,2,1,1,"Médio porte",6,1.91350937619594
"2634","Itutinga","itutinga","itutinga","Minas Gerais","MG","484.076433121019","34734.6072186837","0.727","4217",2369,NA,NA,NA,3,2,1,"Menor porte",0,0
"2635","Jaboticatubas","jaboticatubas","jaboticatubas","Minas Gerais","MG","403.271623077677","12232.7358213341","0.681","20406",9169,5,0,0.000545315737812193,2,2,3,"Médio porte",5,5.45315737812193
"2636","Jacinto","jacinto","jacinto","Minas Gerais","MG","195.082366306906","8939.94968757608","0.62","11042",3028,NA,NA,NA,3,3,2,"Menor porte",0,0
"2637","Jacuí","jacuí","jacui","Minas Gerais","MG","726.823560005201","13618.2551033676","0.668","7495",6450,NA,NA,NA,3,2,3,"Menor porte",0,0
"2638","Jacutinga","jacutinga","jacutinga","Minas Gerais","MG","584.145598537923","30880.5208650624","0.715","25525",18253,6,0,0.000328713088259464,2,2,1,"Médio porte",6,3.28713088259464
"2639","Jaguaraçu","jaguaraçu","jaguaracu","Minas Gerais","MG","359.961807765754","28003.1826861871","0.679","3092",1454,5,0,0.00343878954607978,1,2,3,"Menor porte",5,34.3878954607978
"2640","Jaíba","jaíba","jaiba","Minas Gerais","MG","393.165431095765","15350.8936732","0.638","37660",19081,NA,NA,NA,2,3,3,"Médio porte",0,0
"2641","Jampruca","jampruca","jampruca","Minas Gerais","MG","186.037944372813","10706.9441886167","0.609","4296",1051,NA,NA,NA,2,2,2,"Menor porte",0,0
"2642","Janaúba","janaúba","janauba","Minas Gerais","MG","502.763198089367","17954.0114971257","0.696","70699",41655,1,1,0.000048013443764254,2,1,3,"Médio porte",2,0.48013443764254
"2643","Januária","januária","januaria","Minas Gerais","MG","386.768260331309","10429.1104167895","0.658","65150",28259,3,0,0.000106160869103648,1,2,3,"Médio porte",3,1.06160869103648
"2644","Japaraíba","japaraíba","japaraiba","Minas Gerais","MG","551.094890510949","16935.447080292","0.721","4506",2973,NA,NA,NA,3,2,3,"Menor porte",0,0
"2645","Japonvar","japonvar","japonvar","Minas Gerais","MG","275.620145326986","8485.09145577549","0.608","8127",2973,NA,NA,NA,NA,NA,NA,"Menor porte",0,0
"2646","Jeceaba","jeceaba","jeceaba","Minas Gerais","MG","577.906018136851","252449.711459192","0.661","6197",3343,NA,NA,NA,NA,NA,NA,"Menor porte",0,0
"2647","Jenipapo de Minas","jenipapo de minas","jenipapo de minas","Minas Gerais","MG","287.929697596278","9470.14732489015","0.624","6100",2625,NA,NA,NA,NA,NA,NA,"Menor porte",0,0
"2648","Jequeri","jequeri","jequeri","Minas Gerais","MG","426.471782379212","12325.2131546894","0.601","12419",6212,NA,NA,NA,3,2,3,"Menor porte",0,0
"2649","Jequitaí","jequitaí","jequitai","Minas Gerais","MG","324.049276914837","13161.8907337975","0.643","6484",2950,NA,NA,NA,3,2,3,"Menor porte",0,0
"2650","Jequitibá","jequitibá","jequitiba","Minas Gerais","MG","404.263491453812","18067.0251584406","0.689","5883",2537,3,0,0.00118249901458415,2,2,3,"Menor porte",3,11.8249901458415
"2651","Jequitinhonha","jequitinhonha","jequitinhonha","Minas Gerais","MG","228.939310669702","9823.6240873047","0.615","24007",6821,NA,NA,NA,2,3,2,"Médio porte",0,0
"2652","Jesuânia","jesuânia","jesuania","Minas Gerais","MG","458.786610878661","13453.3472803347","0.658","5138",2613,NA,NA,NA,3,2,3,"Menor porte",0,0
"2653","Joaíma","joaíma","joaima","Minas Gerais","MG","227.175671303785","9327.85506308638","0.587","13888",4063,2,0,0.00049224710804824,2,2,2,"Menor porte",2,4.9224710804824
"2654","Joanésia","joanésia","joanesia","Minas Gerais","MG","378.909740840036","16252.2341376229","0.626","4329",1981,NA,NA,NA,NA,NA,NA,"Menor porte",0,0
"2655","João Monlevade","joão monlevade","joao monlevade","Minas Gerais","MG","569.364305610824","38701.4524472742","0.758","80187",52784,4,0,0.0000757805395574416,2,1,1,"Médio porte",4,0.757805395574417
"2656","João Pinheiro","joão pinheiro","joao pinheiro","Minas Gerais","MG","545.216443867075","31832.271717722","0.697","46801",31382,4,0,0.00012746160219234,2,2,1,"Médio porte",4,1.2746160219234
"2657","Joaquim Felício","joaquim felício","joaquim felicio","Minas Gerais","MG","214.512375713983","10842.3947535435","0.637","3854",1290,NA,NA,NA,NA,NA,NA,"Menor porte",0,0
"2658","Jordânia","jordânia","jordania","Minas Gerais","MG","161.962737502306","8592.14167127836","0.628","10304",2181,NA,NA,NA,3,3,2,"Menor porte",0,0
"2659","José Gonçalves de Minas","josé gonçalves de minas","jose goncalves de minas","Minas Gerais","MG","410.296411856474","10289.0572765768","0.632","3969",2216,NA,NA,NA,3,2,3,"Menor porte",0,0
"2660","José Raydan","josé raydan","jose raydan","Minas Gerais","MG","320.594059405941","11859.0099009901","0.617","4268",1941,NA,NA,NA,NA,NA,NA,"Menor porte",0,0
"2661","Josenópolis","josenópolis","josenopolis","Minas Gerais","MG","125.792595622827","10485.1707915729","0.564","3630",807,NA,NA,NA,3,1,2,"Menor porte",0,0
"2662","Juatuba","juatuba","juatuba","Minas Gerais","MG","457.980432242991","49307.2064836449","0.717","30716",15548,4,0,0.000257267815796244,1,2,1,"Médio porte",4,2.57267815796244
"2663","Juiz de Fora","juiz de fora","juiz de fora","Minas Gerais","MG","483.937308668463","32611.1183791657","0.778","540756",300486,94,8,0.000339450090852818,NA,NA,NA,"Maior porte",102,3.39450090852818
"2664","Juramento","juramento","juramento","Minas Gerais","MG","133.486766398159","9507.47986191024","0.669","3768",751,NA,NA,NA,1,2,2,"Menor porte",0,0
"2665","Juruaia","juruaia","juruaia","Minas Gerais","MG","649.002902349967","16058.6087444996","0.723","11084",8368,1,0,0.000119502868068834,3,2,1,"Menor porte",1,1.19502868068834
"2666","Juvenília","juvenília","juvenilia","Minas Gerais","MG","152.230971128609","8791.07611548556","0.592","5789",1102,NA,NA,NA,1,2,2,"Menor porte",0,0
"2667","Ladainha","ladainha","ladainha","Minas Gerais","MG","202.330566701479","6760.62221733634","0.541","14383",4408,NA,NA,NA,NA,NA,NA,"Menor porte",0,0
"2668","Lagamar","lagamar","lagamar","Minas Gerais","MG","478.947368421053","18573.0263157895","0.718","6631",4103,1,0,0.000243724104313917,3,2,3,"Menor porte",1,2.43724104313917
"2669","Lagoa da Prata","lagoa da prata","lagoa da prata","Minas Gerais","MG","683.747225436816","31247.8040636679","0.732","51412",39314,2,0,0.000050872462735921,2,2,1,"Médio porte",2,0.50872462735921
"2670","Lagoa dos Patos","lagoa dos patos","lagoa dos patos","Minas Gerais","MG","239.343459088682","10889.7599216071","0.634","3313",1228,NA,NA,NA,NA,NA,NA,"Menor porte",0,0
"2671","Lagoa Dourada","lagoa dourada","lagoa dourada","Minas Gerais","MG","616.550562657889","20770.3437189007","0.676","12769",9867,2,0,0.000202695854869768,1,2,3,"Menor porte",2,2.02695854869768
"2672","Lagoa Formosa","lagoa formosa","lagoa formosa","Minas Gerais","MG","597.537408204958","21863.342719894","0.703","18904",13053,2,0,0.000153221481651728,3,2,3,"Menor porte",2,1.53221481651728
"2673","Lagoa Grande","lagoa grande","lagoa grande","Minas Gerais","MG","416.215653621982","21875.9367194005","0.679","8969",5144,2,0,0.000388802488335925,NA,NA,NA,"Menor porte",2,3.88802488335925
"2674","Lagoa Santa","lagoa santa","lagoa santa","Minas Gerais","MG","512.786146183956","27640.4953013388","0.777","75145",39839,5,0,0.000125505158262005,2,1,1,"Médio porte",5,1.25505158262005
"2675","Lajinha","lajinha","lajinha","Minas Gerais","MG","531.83050507079","15692.5394115875","0.661","20835",12993,2,0,0.000153929038713153,1,2,3,"Menor porte",2,1.53929038713153
"2676","Lambari","lambari","lambari","Minas Gerais","MG","602.95594776869","16647.9647964796","0.711","20414",14654,1,0,0.0000682407533779173,1,2,1,"Médio porte",1,0.682407533779173
"2677","Lamim","lamim","lamim","Minas Gerais","MG","498.076353950873","11806.1556673572","0.655","3184",1940,NA,NA,NA,NA,NA,NA,"Menor porte",0,0
"2678","Laranjal","laranjal","laranjal","Minas Gerais","MG","497.731596663252","11899.751207376","0.714","5963",3728,NA,NA,NA,NA,NA,NA,"Menor porte",0,0
"2679","Lassance","lassance","lassance","Minas Gerais","MG","270.336767645702","19068.2761802245","0.629","7124",2241,NA,NA,NA,1,2,2,"Menor porte",0,0
"2680","Lavras","lavras","lavras","Minas Gerais","MG","627.706784497485","26359.3808155903","0.782","104761",72927,6,0,0.0000822740548767946,2,1,1,"Maior porte",6,0.822740548767946
"2681","Leandro Ferreira","leandro ferreira","leandro ferreira","Minas Gerais","MG","530.998140111593","12915.3750774953","0.71","3199",1880,NA,NA,NA,3,2,3,"Menor porte",0,0
"2682","Leme do Prado","leme do prado","leme do prado","Minas Gerais","MG","366.869918699187","11984.756097561","0.67","4341",2211,NA,NA,NA,3,2,3,"Menor porte",0,0
"2683","Leopoldina","leopoldina","leopoldina","Minas Gerais","MG","434.308510638298","19414.532674772","0.726","51145",25872,7,0,0.000270562770562771,2,1,3,"Médio porte",7,2.70562770562771
"2684","Liberdade","liberdade","liberdade","Minas Gerais","MG","596.302921884317","16427.3504273504","0.672","4737",3307,NA,NA,NA,3,2,3,"Menor porte",0,0
"2685","Lima Duarte","lima duarte","lima duarte","Minas Gerais","MG","420.353982300885","19039.763214542","0.71","17221",8205,NA,NA,NA,2,3,3,"Menor porte",0,0
"2686","Limeira do Oeste","limeira do oeste","limeira do oeste","Minas Gerais","MG","584.662010805113","53004.7437079984","0.71","8687",5255,NA,NA,NA,3,2,1,"Menor porte",0,0
"2687","Lontra","lontra","lontra","Minas Gerais","MG","212.373893349804","7935.76281655343","0.646","8790",2885,NA,NA,NA,NA,NA,NA,"Menor porte",0,0
"2688","Luisburgo","luisburgo","luisburgo","Minas Gerais","MG","568.552253116012","10984.3400447427","0.608","6956",4752,1,0,0.00021043771043771,NA,NA,NA,"Menor porte",1,2.1043771043771
"2689","Luislândia","luislândia","luislandia","Minas Gerais","MG","156.147662994939","7915.30217326585","0.614","6210",1414,NA,NA,NA,NA,NA,NA,"Menor porte",0,0
"2690","Luminárias","luminárias","luminarias","Minas Gerais","MG","535.307098197867","17077.7859507172","0.678","5586",3622,NA,NA,NA,3,2,3,"Menor porte",0,0
"2691","Luz","luz","luz","Minas Gerais","MG","588.103193295722","30056.1428493181","0.724","17875",12602,3,0,0.000238057451198223,2,3,1,"Menor porte",3,2.38057451198223
"2692","Machacalis","machacalis","machacalis","Minas Gerais","MG","276.332442694417","12610.4626634791","0.64","6487",2426,1,0,0.000412201154163232,3,3,2,"Menor porte",1,4.12201154163232
"2693","Machado","machado","machado","Minas Gerais","MG","535.16610473204","23022.7288802961","0.715","37684",25445,2,0,0.000078600903910395,2,1,1,"Médio porte",2,0.78600903910395
"2694","Madre de Deus de Minas","madre de deus de minas","madre de deus de minas","Minas Gerais","MG","494.030142885105","37626.3456645136","0.699","5191",3113,NA,NA,NA,3,2,3,"Menor porte",0,0
"2695","Malacacheta","malacacheta","malacacheta","Minas Gerais","MG","322.814751102032","10845.6617568003","0.618","17516",7548,NA,NA,NA,2,1,2,"Menor porte",0,0
"2696","Mamonas","mamonas","mamonas","Minas Gerais","MG","512.35886481538","7922.94781812633","0.618","5997",3858,NA,NA,NA,3,1,3,"Menor porte",0,0
"2697","Manga","manga","manga","Minas Gerais","MG","296.718972895863","11772.9068363876","0.642","18886",6420,NA,NA,NA,3,3,2,"Menor porte",0,0
"2698","Manhuaçu","manhuaçu","manhuacu","Minas Gerais","MG","468.547422917878","28567.4845616383","0.689","91886",50184,8,0,0.000159413358839471,3,1,3,"Médio porte",8,1.59413358839471
"2699","Manhumirim","manhumirim","manhumirim","Minas Gerais","MG","523.287430927112","18301.3770721866","0.697","20613",12954,1,0,0.0000771962328238382,1,2,3,"Médio porte",1,0.771962328238382
"2700","Mantena","mantena","mantena","Minas Gerais","MG","706.297247440952","14828.7698484465","0.675","26535",20364,1,0,0.0000491062659595364,1,2,1,"Médio porte",1,0.491062659595364
"2701","Mar de Espanha","mar de espanha","mar de espanha","Minas Gerais","MG","488.876831253391","15752.2672661034","0.684","12721",7320,1,0,0.000136612021857923,3,3,3,"Menor porte",1,1.36612021857923
"2702","Maravilhas","maravilhas","maravilhas","Minas Gerais","MG","500.124285359185","20381.9289087745","0.672","7333",6821,1,0,0.000146606069491277,3,2,3,"Menor porte",1,1.46606069491277
"2703","Maria da Fé","maria da fé","maria da fe","Minas Gerais","MG","394.778030734206","13076.6932270916","0.702","14247",6471,NA,NA,NA,3,2,3,"Menor porte",0,0
"2704","Mariana","mariana","mariana","Minas Gerais","MG","472.588434930166","33364.1985380499","0.742","61387",35074,4,0,0.000114044591435251,3,2,1,"Médio porte",4,1.14044591435251
"2705","Marilac","marilac","marilac","Minas Gerais","MG","281.181352208933","12244.0810349036","0.615","4224",1464,2,0,0.00136612021857923,3,2,2,"Menor porte",2,13.6612021857923
"2706","Mário Campos","mário campos","mario campos","Minas Gerais","MG","445.034893399065","10909.5972853576","0.699","15900",8770,3,0,0.000342075256556442,3,2,3,"Menor porte",3,3.42075256556442
"2707","Maripá de Minas","maripá de minas","maripa de minas","Minas Gerais","MG","564.445932373619","20539.0023434884","0.68","3387",1987,NA,NA,NA,2,2,3,"Menor porte",0,0
"2708","Marliéria","marliéria","marlieria","Minas Gerais","MG","400.842835894893","10525.0371839365","0.657","4592",1931,NA,NA,NA,3,2,3,"Menor porte",0,0
"2709","Marmelópolis","marmelópolis","marmelopolis","Minas Gerais","MG","504.765395894428","12578.0791788856","0.65","3200",1623,NA,NA,NA,NA,NA,NA,"Menor porte",0,0
"2710","Martinho Campos","martinho campos","martinho campos","Minas Gerais","MG","627.315331399241","25807.9297775794","0.669","14003",10526,1,0,0.0000950028500855026,2,2,3,"Menor porte",1,0.950028500855026
"2711","Martins Soares","martins soares","martins soares","Minas Gerais","MG","462.782792169734","23326.2220138319","0.635","8396",4591,NA,NA,NA,1,2,3,"Menor porte",0,0
"2712","Mata Verde","mata verde","mata verde","Minas Gerais","MG","221.656640444239","8328.32022211939","0.581","9112",2161,NA,NA,NA,3,2,2,"Menor porte",0,0
"2713","Materlândia","materlândia","materlandia","Minas Gerais","MG","317.85392245266","10759.918845807","0.597","3963",1837,1,0,0.000544365813826892,NA,NA,NA,"Menor porte",1,5.44365813826892
"2714","Mateus Leme","mateus leme","mateus leme","Minas Gerais","MG","506.950644050504","22014.9215661268","0.704","37841",18815,2,0,0.00010629816635663,2,2,1,"Médio porte",2,1.0629816635663
"2715","Mathias Lobato","mathias lobato","mathias lobato","Minas Gerais","MG","259.515570934256","11788.2982069833","0.612","3038",1023,3,1,0.00391006842619746,2,2,2,"Menor porte",4,39.1006842619746
"2716","Matias Barbosa","matias barbosa","matias barbosa","Minas Gerais","MG","554.165521033819","38795.2983227935","0.72","14121",9181,NA,NA,NA,3,2,1,"Menor porte",0,0
"2717","Matias Cardoso","matias cardoso","matias cardoso","Minas Gerais","MG","131.349911190053","11025.7548845471","0.616","8895",1879,NA,NA,NA,3,2,2,"Menor porte",0,0
"2718","Matipó","matipó","matipo","Minas Gerais","MG","384.951328597737","19686.5035516969","0.631","18552",8950,NA,NA,NA,NA,NA,NA,"Menor porte",0,0
"2719","Mato Verde","mato verde","mato verde","Minas Gerais","MG","675.314212052852","11690.3802771511","0.662","12038",9320,1,0,0.000107296137339056,3,1,3,"Menor porte",1,1.07296137339056
"2720","Matozinhos","matozinhos","matozinhos","Minas Gerais","MG","486.19957537155","28619.8789022568","0.731","37618",22761,NA,NA,NA,1,2,1,"Médio porte",0,0
"2721","Matutina","matutina","matutina","Minas Gerais","MG","568.297246725474","19363.5391606522","0.707","3814",2462,NA,NA,NA,NA,NA,NA,"Menor porte",0,0
"2722","Medeiros","medeiros","medeiros","Minas Gerais","MG","544.363256784969","32554.2797494781","0.711","3900",2524,NA,NA,NA,NA,NA,NA,"Menor porte",0,0
"2723","Medina","medina","medina","Minas Gerais","MG","262.006840406571","10799.7976781155","0.624","20156",6186,6,0,0.000969932104752667,2,2,3,"Médio porte",6,9.69932104752667
"2724","Mendes Pimentel","mendes pimentel","mendes pimentel","Minas Gerais","MG","371.237977040025","9463.23301272107","0.626","5606",2931,NA,NA,NA,1,2,3,"Menor porte",0,0
"2725","Mercês","mercês","merces","Minas Gerais","MG","519.892173266406","11850.7157464213","0.664","10373",6755,5,0,0.00074019245003701,2,2,3,"Menor porte",5,7.4019245003701
"2726","Mesquita","mesquita","mesquita","Minas Gerais","MG","323.65668950595","8995.67255679769","0.656","5040",2082,NA,NA,NA,3,2,3,"Menor porte",0,0
"2727","Minas Novas","minas novas","minas novas","Minas Gerais","MG","249.357081626822","9881.76651744611","0.633","24405",9537,NA,NA,NA,3,2,3,"Médio porte",0,0
"2728","Minduri","minduri","minduri","Minas Gerais","MG","436.167480092474","25048.8055484202","0.658","3741",2040,NA,NA,NA,3,3,3,"Menor porte",0,0
"2729","Mirabela","mirabela","mirabela","Minas Gerais","MG","348.972099853157","9779.80910425844","0.665","13651",7020,3,0,0.000427350427350427,3,3,3,"Menor porte",3,4.27350427350427
"2730","Miradouro","miradouro","miradouro","Minas Gerais","MG","418.466672846945","13179.3825901548","0.663","8968",5281,3,0,0.00056807422836584,1,2,3,"Menor porte",3,5.6807422836584
"2731","Miraí","miraí","mirai","Minas Gerais","MG","452.716564092383","16384.9513599365","0.68","13633",7677,NA,NA,NA,3,3,3,"Menor porte",0,0
"2732","Miravânia","miravânia","miravania","Minas Gerais","MG","169.92266992267","8036.83353683354","0.593","3985",1035,NA,NA,NA,NA,NA,NA,"Menor porte",0,0
"2733","Moeda","moeda","moeda","Minas Gerais","MG","645.926226185651","13288.2042967167","0.638","5125",3609,1,0,0.00027708506511499,3,2,3,"Menor porte",1,2.7708506511499
"2734","Moema","moema","moema","Minas Gerais","MG","759.068043420704","15050.4368546465","0.721","7548",6282,2,0,0.000318369945877109,3,2,1,"Menor porte",2,3.18369945877109
"2735","Monjolos","monjolos","monjolos","Minas Gerais","MG","118.528610354223","15351.9527702089","0.65","2169",280,NA,NA,NA,NA,NA,NA,"Menor porte",0,0
"2736","Monsenhor Paulo","monsenhor paulo","monsenhor paulo","Minas Gerais","MG","459.951873496047","19826.6299988541","0.721","8340",4630,NA,NA,NA,2,3,3,"Menor porte",0,0
"2737","Montalvânia","montalvânia","montalvania","Minas Gerais","MG","322.980945277006","9433.71533193192","0.613","14060",5702,NA,NA,NA,NA,NA,NA,"Menor porte",0,0
"2738","Monte Alegre de Minas","monte alegre de minas","monte alegre de minas","Minas Gerais","MG","567.385571670748","24615.9822942174","0.674","20170",13837,8,3,0.0007949700079497,2,2,3,"Médio porte",11,7.949700079497
"2739","Monte Azul","monte azul","monte azul","Minas Gerais","MG","521.115191341322","10590.6455353692","0.659","20328",12196,NA,NA,NA,2,1,3,"Médio porte",0,0
"2740","Monte Belo","monte belo","monte belo","Minas Gerais","MG","635.264598540146","21506.2347931873","0.688","13046",9931,NA,NA,NA,2,2,3,"Menor porte",0,0
"2741","Monte Carmelo","monte carmelo","monte carmelo","Minas Gerais","MG","736.830026496422","24864.4509816194","0.728","47692",40564,NA,NA,NA,2,2,1,"Médio porte",0,0
"2742","Monte Formoso","monte formoso","monte formoso","Minas Gerais","MG","281.535648994516","7630.71297989031","0.541","4381",1428,NA,NA,NA,3,2,2,"Menor porte",0,0
"2743","Monte Santo de Minas","monte santo de minas","monte santo de minas","Minas Gerais","MG","675.777436898619","17967.2291172779","0.71","20890",16352,2,1,0.000183463796477495,3,2,1,"Médio porte",3,1.83463796477495
"2744","Monte Sião","monte sião","monte siao","Minas Gerais","MG","706.271588497233","18434.932789546","0.724","24089",19873,3,0,0.000150958587027625,3,2,1,"Médio porte",3,1.50958587027625
"2745","Montes Claros","montes claros","montes claros","Minas Gerais","MG","537.400208470883","23493.4544495958","0.77","414240",244121,24,1,0.00010240823198332,2,1,1,"Maior porte",25,1.0240823198332
"2746","Montezuma","montezuma","montezuma","Minas Gerais","MG","275.04509921828","8237.04149128082","0.587","6888",2898,1,0,0.000345065562456867,3,1,2,"Menor porte",1,3.45065562456867
"2747","Morada Nova de Minas","morada nova de minas","morada nova de minas","Minas Gerais","MG","410.213243546577","38108.6419753086","0.696","9067",4780,NA,NA,NA,3,3,3,"Menor porte",0,0
"2748","Morro da Garça","morro da garça","morro da garca","Minas Gerais","MG","307.755437012721","20009.027492819","0.648","2411",873,NA,NA,NA,NA,NA,NA,"Menor porte",0,0
"2749","Morro do Pilar","morro do pilar","morro do pilar","Minas Gerais","MG","338.407865524897","10960.0380589914","0.597","3133",1295,NA,NA,NA,NA,NA,NA,"Menor porte",0,0
"2750","Munhoz","munhoz","munhoz","Minas Gerais","MG","745.412078745412","16411.0777444111","0.647","7547",5793,NA,NA,NA,1,2,3,"Menor porte",0,0
"2751","Muriaé","muriaé","muriae","Minas Gerais","MG","516.701404124616","22007.8707766564","0.734","104108",61904,17,0,0.00027461876453864,2,1,1,"Maior porte",17,2.7461876453864
"2752","Mutum","mutum","mutum","Minas Gerais","MG","428.544935276881","14372.5752012166","0.644","27635",13677,NA,NA,NA,3,2,3,"Médio porte",0,0
"2753","Muzambinho","muzambinho","muzambinho","Minas Gerais","MG","763.008031151132","20795.61937211","0.74","21891",18155,NA,NA,NA,2,2,1,"Médio porte",0,0
"2754","Nacip Raydan","nacip raydan","nacip raydan","Minas Gerais","MG","191.304347826087","9207.45341614907","0.585","2459",700,NA,NA,NA,NA,NA,NA,"Menor porte",0,0
"2755","Nanuque","nanuque","nanuque","Minas Gerais","MG","527.947866715849","19712.1603344399","0.701","35038",22376,1,0,0.0000446907400786557,2,2,3,"Médio porte",1,0.446907400786557
"2756","Naque","naque","naque","Minas Gerais","MG","273.15274429159","11756.9139129202","0.675","6303",2932,1,0,0.00034106412005457,2,2,3,"Menor porte",1,3.4106412005457
"2757","Natalândia","natalândia","natalandia","Minas Gerais","MG","346.130592503023","15623.9419588875","0.671","3520",1394,1,0,0.000717360114777618,1,2,3,"Menor porte",1,7.17360114777618
"2758","Natércia","natércia","natercia","Minas Gerais","MG","562.605752961083","16112.9441624365","0.693","4691",3004,NA,NA,NA,2,2,3,"Menor porte",0,0
"2759","Nazareno","nazareno","nazareno","Minas Gerais","MG","513.163972286374","35968.5912240185","0.69","8179",5708,NA,NA,NA,3,3,3,"Menor porte",0,0
"2760","Nepomuceno","nepomuceno","nepomuceno","Minas Gerais","MG","528.666219339447","17266.681577574","0.667","25018",17212,NA,NA,NA,2,2,3,"Médio porte",0,0
"2761","Ninheira","ninheira","ninheira","Minas Gerais","MG","251.016850668216","8740.65465814449","0.556","10588",3232,1,0,0.000309405940594059,3,1,2,"Menor porte",1,3.09405940594059
"2762","Nova Belém","nova belém","nova belem","Minas Gerais","MG","367.3273657289","14165.9207161125","0.592","3151",1561,NA,NA,NA,NA,NA,NA,"Menor porte",0,0
"2763","Nova Era","nova era","nova era","Minas Gerais","MG","483.733120619908","20906.6150076919","0.709","17438",9692,5,0,0.000515889393314073,2,3,3,"Menor porte",5,5.15889393314073
"2764","Nova Lima","nova lima","nova lima","Minas Gerais","MG","531.817756377591","123339.049679171","0.813","111697",53773,21,1,0.000409127257173675,NA,NA,NA,"Médio porte",22,4.09127257173675
"2765","Nova Módica","nova módica","nova modica","Minas Gerais","MG","275.678701371397","12803.5264483627","0.63","3663",987,NA,NA,NA,NA,NA,NA,"Menor porte",0,0
"2766","Nova Ponte","nova ponte","nova ponte","Minas Gerais","MG","451.582278481013","79340.5063291139","0.701","14598",9996,1,0,0.000100040016006403,2,2,1,"Menor porte",1,1.00040016006403
"2767","Nova Porteirinha","nova porteirinha","nova porteirinha","Minas Gerais","MG","315.192743764172","14647.8591436575","0.641","6706",2819,NA,NA,NA,3,1,3,"Menor porte",0,0
"2768","Nova Resende","nova resende","nova resende","Minas Gerais","MG","825.035646387833","16350.1663498099","0.671","16387",16680,NA,NA,NA,3,2,1,"Menor porte",0,0
"2769","Nova Serrana","nova serrana","nova serrana","Minas Gerais","MG","477.132297194845","24342.4943138741","0.715","105552",58962,2,0,0.0000339201519622808,2,3,1,"Maior porte",2,0.339201519622808
"2770","Nova União","nova união","nova uniao","Minas Gerais","MG","543.614794138172","16687.3691556176","0.662","5909",3758,NA,NA,NA,3,2,3,"Menor porte",0,0
"2771","Novo Cruzeiro","novo cruzeiro","novo cruzeiro","Minas Gerais","MG","302.122227541088","8821.89245252912","0.571","26975",11786,NA,NA,NA,3,2,2,"Médio porte",0,0
"2772","Novo Oriente de Minas","novo oriente de minas","novo oriente de minas","Minas Gerais","MG","209.222490257933","9102.70922249026","0.555","10275",2859,NA,NA,NA,3,1,2,"Menor porte",0,0
"2773","Novorizonte","novorizonte","novorizonte","Minas Gerais","MG","329.639368895567","10198.7227648385","0.616","4571",2193,NA,NA,NA,3,1,2,"Menor porte",0,0
"2774","Olaria","olaria","olaria","Minas Gerais","MG","477.906976744186","14227.9069767442","0.636","1945",954,2,0,0.00209643605870021,NA,NA,NA,"Menor porte",2,20.9643605870021
"2775","Olhos-d'Água","olhos-d'água","olhos-dagua","Minas Gerais","MG","328.958029492789","24458.5966618052","0.626","5385",2915,NA,NA,NA,1,2,3,"Menor porte",0,0
"2776","Olímpio Noronha","olímpio noronha","olimpio noronha","Minas Gerais","MG","307.226771092916","12955.8561765753","0.674","2555",1033,NA,NA,NA,NA,NA,NA,"Menor porte",0,0
"2777","Oliveira","oliveira","oliveira","Minas Gerais","MG","550.095602294455","21558.7954110899","0.699","39262",26455,3,0,0.000113400113400113,1,1,1,"Médio porte",3,1.13400113400113
"2778","Oliveira Fortes","oliveira fortes","oliveira fortes","Minas Gerais","MG","310.328638497653","15258.2159624413","0.635","2027",769,NA,NA,NA,2,2,3,"Menor porte",0,0
"2779","Onça de Pitangui","onça de pitangui","onca de pitangui","Minas Gerais","MG","301.395939086294","18203.0456852792","0.663","2969",1056,NA,NA,NA,3,1,3,"Menor porte",0,0
"2780","Oratórios","oratórios","oratorios","Minas Gerais","MG","395.453570662664","12068.4108942741","0.637","4917",2093,1,0,0.000477783086478739,3,2,3,"Menor porte",1,4.77783086478739
"2781","Orizânia","orizânia","orizania","Minas Gerais","MG","416.88327763337","8992.0782275034","0.562","8437",4315,NA,NA,NA,3,2,2,"Menor porte",0,0
"2782","Ouro Branco","ouro branco","ouro branco","Minas Gerais","MG","560.915042516367","104914.866932551","0.764","38724",25323,3,0,0.00011846937566639,NA,NA,NA,"Médio porte",3,1.1846937566639
"2783","Ouro Fino","ouro fino","ouro fino","Minas Gerais","MG","630.197389837531","19770.2642715516","0.722","32094",23630,3,0,0.000126957257723233,2,2,1,"Médio porte",3,1.26957257723233
"2784","Ouro Preto","ouro preto","ouro preto","Minas Gerais","MG","495.412967086027","42137.3159151265","0.741","74821",42648,6,1,0.000164134308760083,1,1,1,"Médio porte",7,1.64134308760083
"2785","Ouro Verde de Minas","ouro verde de minas","ouro verde de minas","Minas Gerais","MG","346.127832262428","9037.87622590463","0.595","5757",2504,NA,NA,NA,1,1,2,"Menor porte",0,0
"2786","Padre Carvalho","padre carvalho","padre carvalho","Minas Gerais","MG","157.870154133582","9081.42612486377","0.599","5058",1304,NA,NA,NA,NA,NA,NA,"Menor porte",0,0
"2787","Padre Paraíso","padre paraíso","padre paraiso","Minas Gerais","MG","339.719533873198","9323.37546908947","0.596","17334",8401,4,0,0.000476133793596,3,2,3,"Médio porte",4,4.76133793596
"2788","Pai Pedro","pai pedro","pai pedro","Minas Gerais","MG","212.340006563833","8161.30620282245","0.59","5551",1569,NA,NA,NA,3,2,2,"Menor porte",0,0
"2789","Paineiras","paineiras","paineiras","Minas Gerais","MG","571.716718960108","14081.5777678171","0.669","4224",2875,1,0,0.000347826086956522,3,2,3,"Menor porte",1,3.47826086956522
"2790","Pains","pains","pains","Minas Gerais","MG","550.26518804243","38238.4281581485","0.728","8142",5410,3,0,0.00055452865064695,3,2,1,"Menor porte",3,5.5452865064695
"2791","Paiva","paiva","paiva","Minas Gerais","MG","330.925804333552","16089.9540380827","0.72","1474",545,NA,NA,NA,1,2,3,"Menor porte",0,0
"2792","Palma","palma","palma","Minas Gerais","MG","434.729995462109","12027.0760853124","0.703","5707",2959,NA,NA,NA,NA,NA,NA,"Menor porte",0,0
"2793","Palmópolis","palmópolis","palmopolis","Minas Gerais","MG","289.399887829501","10226.7713591325","0.565","6301",1978,NA,NA,NA,3,1,2,"Menor porte",0,0
"2794","Papagaios","papagaios","papagaios","Minas Gerais","MG","516.898734177215","16895.1898734177","0.666","13920",11031,NA,NA,NA,NA,NA,NA,"Menor porte",0,0
"2795","Pará de Minas","pará de minas","para de minas","Minas Gerais","MG","691.239135937896","32926.0189013585","0.725","97139",73403,5,0,0.0000681171069302345,1,2,1,"Médio porte",5,0.681171069302345
"2796","Paracatu","paracatu","paracatu","Minas Gerais","MG","517.930578935032","52354.5098122776","0.744","94023",57309,17,0,0.000296637526392015,2,2,1,"Médio porte",17,2.96637526392015
"2797","Paraguaçu","paraguaçu","paraguacu","Minas Gerais","MG","565.146956722981","23597.778292062","0.715","21723",13883,1,0,0.0000720305409493625,2,2,1,"Médio porte",1,0.720305409493625
"2798","Paraisópolis","paraisópolis","paraisopolis","Minas Gerais","MG","522.831157815372","22189.3878705056","0.729","20445",12278,2,0,0.000162892979312592,2,2,1,"Médio porte",2,1.62892979312592
"2799","Paraopeba","paraopeba","paraopeba","Minas Gerais","MG","532.914979757085","33610.9311740891","0.694","24107",15961,NA,NA,NA,2,2,1,"Médio porte",0,0
"2800","Passa Quatro","passa quatro","passa quatro","Minas Gerais","MG","518.941011407308","30489.660220826","0.715","15515",9033,5,0,0.000553525960367541,1,3,3,"Menor porte",5,5.53525960367541
"2801","Passa Tempo","passa tempo","passa tempo","Minas Gerais","MG","573.0420752141","33401.7624425965","0.687","8473",5633,2,0,0.000355050594709746,1,3,1,"Menor porte",2,3.55050594709746
"2802","Passa Vinte","passa vinte","passa vinte","Minas Gerais","MG","1394.87936976859","15659.7735105859","0.648","2233",3033,NA,NA,NA,NA,NA,NA,"Menor porte",0,0
"2803","Passabém","passabém","passabem","Minas Gerais","MG","372.933251684017","12459.2774035517","0.642","1600",660,NA,NA,NA,NA,NA,NA,"Menor porte",0,0
"2804","Passos","passos","passos","Minas Gerais","MG","652.765374511215","23273.7543026089","0.756","111939",82521,7,0,0.0000848268925485634,1,1,1,"Maior porte",7,0.848268925485634
"2805","Patis","patis","patis","Minas Gerais","MG","189.103632122626","7954.01532822393","0.614","4837",1345,NA,NA,NA,3,1,2,"Menor porte",0,0
"2806","Patos de Minas","patos de minas","patos de minas","Minas Gerais","MG","746.322883094052","32268.9129797832","0.765","159235",126421,26,0,0.000205662033997516,2,1,2,"Maior porte",26,2.05662033997516
"2807","Patrocínio","patrocínio","patrocinio","Minas Gerais","MG","674.244660958567","30768.1877330534","0.729","89826",71264,7,0,0.0000982263134261338,2,1,1,"Médio porte",7,0.982263134261338
"2808","Patrocínio do Muriaé","patrocínio do muriaé","patrocinio do muriae","Minas Gerais","MG","505.686789151356","17514.4356955381","0.682","5576",3112,NA,NA,NA,3,2,3,"Menor porte",0,0
"2809","Paula Cândido","paula cândido","paula candido","Minas Gerais","MG","421.327212020033","10492.0701168614","0.637","8659",4558,NA,NA,NA,2,2,3,"Menor porte",0,0
"2810","Paulistas","paulistas","paulistas","Minas Gerais","MG","329.177057356608","10836.242726517","0.625","4389",1962,NA,NA,NA,3,2,2,"Menor porte",0,0
"2811","Pavão","pavão","pavao","Minas Gerais","MG","220.691293502791","8862.57275210833","0.627","8047",2053,NA,NA,NA,3,2,2,"Menor porte",0,0
"2812","Peçanha","peçanha","pecanha","Minas Gerais","MG","380.509779323716","12027.4847465359","0.627","17446",8058,NA,NA,NA,1,2,3,"Menor porte",0,0
"2813","Pedra Azul","pedra azul","pedra azul","Minas Gerais","MG","261.416416622138","12805.7051255703","0.627","24410",7507,1,0,0.000133209004928733,2,1,3,"Médio porte",1,1.33209004928733
"2814","Pedra Bonita","pedra bonita","pedra bonita","Minas Gerais","MG","467.592592592593","8570.84736251403","0.573","7320",4761,NA,NA,NA,NA,NA,NA,"Menor porte",0,0
"2815","Pedra do Anta","pedra do anta","pedra do anta","Minas Gerais","MG","536.439267886855","13479.534109817","0.624","3311",1806,NA,NA,NA,NA,NA,NA,"Menor porte",0,0
"2816","Pedra do Indaiá","pedra do indaiá","pedra do indaia","Minas Gerais","MG","509.310518369401","24713.638651233","0.708","4112",2418,3,0,0.00124069478908189,2,2,3,"Menor porte",3,12.4069478908189
"2817","Pedra Dourada","pedra dourada","pedra dourada","Minas Gerais","MG","358.214849921011","12563.1911532385","0.655","2757",1106,NA,NA,NA,NA,NA,NA,"Menor porte",0,0
"2818","Pedralva","pedralva","pedralva","Minas Gerais","MG","506.818589628566","11669.7469944375","0.675","10760",6514,1,0,0.000153515505066012,2,2,3,"Menor porte",1,1.53515505066012
"2819","Pedras de Maria da Cruz","pedras de maria da cruz","pedras de maria da cruz","Minas Gerais","MG","166.148051097281","7534.71994759253","0.614","10433",2429,NA,NA,NA,3,2,2,"Menor porte",0,0
"2820","Pedrinópolis","pedrinópolis","pedrinopolis","Minas Gerais","MG","454.570409003568","34281.636014274","0.729","3344",1936,NA,NA,NA,3,3,3,"Menor porte",0,0
"2821","Pedro Leopoldo","pedro leopoldo","pedro leopoldo","Minas Gerais","MG","530.813450364693","23677.0459883793","0.757","62580",38830,4,0,0.000103013134174607,1,2,1,"Médio porte",4,1.03013134174607
"2822","Pedro Teixeira","pedro teixeira","pedro teixeira","Minas Gerais","MG","429.125138427464","12676.6334440753","0.637","1810",972,NA,NA,NA,3,3,3,"Menor porte",0,0
"2823","Pequeri","pequeri","pequeri","Minas Gerais","MG","490.990990990991","14442.042042042","0.694","3351",1767,NA,NA,NA,3,2,3,"Menor porte",0,0
"2824","Pequi","pequi","pequi","Minas Gerais","MG","445.62274368231","14550.9927797834","0.674","4155",2966,NA,NA,NA,2,2,3,"Menor porte",0,0
"2825","Perdigão","perdigão","perdigao","Minas Gerais","MG","532.284134410889","20198.1284559762","0.703","12268",7307,NA,NA,NA,3,2,3,"Menor porte",0,0
"2826","Perdizes","perdizes","perdizes","Minas Gerais","MG","494.638808896514","52534.7098829729","0.723","17151",10191,1,0,0.0000981257972721028,2,3,1,"Menor porte",1,0.981257972721028
"2827","Perdões","perdões","perdoes","Minas Gerais","MG","619.501978124273","23642.7274842914","0.744","21384",15172,NA,NA,NA,2,2,1,"Médio porte",0,0
"2828","Periquito","periquito","periquito","Minas Gerais","MG","233.131551749594","14701.9046212904","0.651","6553",2081,NA,NA,NA,2,1,2,"Menor porte",0,0
"2829","Pescador","pescador","pescador","Minas Gerais","MG","205.357142857143","9421.99248120301","0.656","3570",964,NA,NA,NA,3,1,2,"Menor porte",0,0
"2830","Piau","piau","piau","Minas Gerais","MG","505.67142334431","25075.009147457","0.629","2796",1598,2,0,0.00125156445556946,NA,NA,NA,"Menor porte",2,12.5156445556946
"2831","Piedade de Caratinga","piedade de caratinga","piedade de caratinga","Minas Gerais","MG","491.611123879568","11697.310962997","0.612","8529",5475,NA,NA,NA,3,2,3,"Menor porte",0,0
"2832","Piedade de Ponte Nova","piedade de ponte nova","piedade de ponte nova","Minas Gerais","MG","326.086956521739","12728.5024154589","0.639","3976",1716,NA,NA,NA,3,2,3,"Menor porte",0,0
"2833","Piedade do Rio Grande","piedade do rio grande","piedade do rio grande","Minas Gerais","MG","403.493058665472","17637.2592924317","0.678","4604",2213,NA,NA,NA,3,3,3,"Menor porte",0,0
"2834","Piedade dos Gerais","piedade dos gerais","piedade dos gerais","Minas Gerais","MG","571.371531243761","12836.0950289479","0.626","5019",3471,NA,NA,NA,3,2,3,"Menor porte",0,0
"2835","Pimenta","pimenta","pimenta","Minas Gerais","MG","634.783609576427","22951.0819521179","0.686","8563",6307,1,0,0.000158553987632789,3,2,3,"Menor porte",1,1.58553987632789
"2836","Pingo d'Água","pingo d'água","pingo dagua","Minas Gerais","MG","202.767749699158","9622.74368231047","0.619",NA,1411,NA,NA,NA,NA,NA,NA,"Menor porte",0,0
"2837","Pintópolis","pintópolis","pintopolis","Minas Gerais","MG","203.482190324296","8107.12387028177","0.594","7084",1957,NA,NA,NA,NA,NA,NA,"Menor porte",0,0
"2838","Piracema","piracema","piracema","Minas Gerais","MG","606.439512347609","30990.3094717099","0.646","6700",4606,NA,NA,NA,3,2,3,"Menor porte",0,0
"2839","Pirajuba","pirajuba","pirajuba","Minas Gerais","MG","431.474480151229","50679.4265910523","0.723","5537",3147,NA,NA,NA,2,2,1,"Menor porte",0,0
"2840","Piranga","piranga","piranga","Minas Gerais","MG","357.604627424294","10078.3713281161","0.6","17018",7862,1,0,0.000127194098193844,1,2,2,"Menor porte",1,1.27194098193844
"2841","Piranguçu","piranguçu","pirangucu","Minas Gerais","MG","403.607871720117","12862.7915451895","0.685","6041",2679,2,0,0.000746547219111609,3,2,3,"Menor porte",2,7.46547219111609
"2842","Piranguinho","piranguinho","piranguinho","Minas Gerais","MG","509.375","13630.4398148148","0.717","9120",5282,2,0,0.000378644452858766,NA,NA,NA,"Menor porte",2,3.78644452858766
"2843","Pirapetinga","pirapetinga","pirapetinga","Minas Gerais","MG","834.199777200148","47850.6312662458","0.709","11077",10298,1,0,0.0000971062342202369,3,3,1,"Menor porte",1,0.971062342202369
"2844","Pirapora","pirapora","pirapora","Minas Gerais","MG","487.959039548023","41865.0953389831","0.731","55606",30954,NA,NA,NA,2,1,1,"Médio porte",0,0
"2845","Piraúba","piraúba","pirauba","Minas Gerais","MG","410.725903894414","16041.3607212566","0.684","11610",5372,1,0,0.000186150409530901,3,2,3,"Menor porte",1,1.86150409530901
"2846","Pitangui","pitangui","pitangui","Minas Gerais","MG","635.867446393762","19586.4611022506","0.725","26685",20084,1,0,0.0000497908783110934,2,2,1,"Médio porte",1,0.497908783110934
"2847","Piumhi","piumhi","piumhi","Minas Gerais","MG","686.608625923592","27162.8672890773","0.737","36062",27616,1,0,0.0000362108922363847,2,1,1,"Médio porte",1,0.362108922363847
"2848","Planura","planura","planura","Minas Gerais","MG","427.432476407419","41285.4702245363","0.712","11145",6154,NA,NA,NA,3,2,3,"Menor porte",0,0
"2849","Poço Fundo","poço fundo","poco fundo","Minas Gerais","MG","689.125014840318","17404.606434762","0.691","16390",13601,1,0,0.0000735240055878244,3,3,1,"Menor porte",1,0.735240055878244
"2850","Poços de Caldas","poços de caldas","pocos de caldas","Minas Gerais","MG","671.408494968602","45461.0741160216","0.779","163742",123425,56,0,0.000453716832084262,1,1,2,"Maior porte",56,4.53716832084262
"2851","Pocrane","pocrane","pocrane","Minas Gerais","MG","432.826893169039","11161.7418351477","0.626","8350",4205,NA,NA,NA,3,1,3,"Menor porte",0,0
"2852","Pompéu","pompéu","pompeu","Minas Gerais","MG","455.127204619947","26190.666458561","0.689","31047",16406,2,0,0.00012190661952944,2,2,3,"Médio porte",2,1.2190661952944
"2853","Ponte Nova","ponte nova","ponte nova","Minas Gerais","MG","533.995824634656","31545.2693110647","0.717","57776",35121,4,0,0.00011389197346317,2,1,1,"Médio porte",4,1.1389197346317
"2854","Ponto Chique","ponto chique","ponto chique","Minas Gerais","MG","161.80247490077","9832.82745738968","0.606","3747",1032,NA,NA,NA,1,2,2,"Menor porte",0,0
"2855","Ponto dos Volantes","ponto dos volantes","ponto dos volantes","Minas Gerais","MG","167.99408818458","7960.4236801051","0.595","10883",2752,5,0,0.00181686046511628,2,2,2,"Menor porte",5,18.1686046511628
"2856","Porteirinha","porteirinha","porteirinha","Minas Gerais","MG","529.553137544897","10416.5962391718","0.651","37438",23621,2,0,0.0000846704203886372,2,3,3,"Médio porte",2,0.846704203886372
"2857","Porto Firme","porto firme","porto firme","Minas Gerais","MG","298.378568910821","8734.84314416637","0.634","10569",4802,NA,NA,NA,3,2,2,"Menor porte",0,0
"2858","Poté","poté","pote","Minas Gerais","MG","281.716417910448","8831.12662493982","0.624","13666",5489,1,0,0.000182182546912006,2,2,2,"Menor porte",1,1.82182546912006
"2859","Pouso Alegre","pouso alegre","pouso alegre","Minas Gerais","MG","596.411644782988","57620.1941671201","0.774","152217",102242,29,9,0.000371667220907259,2,1,2,"Maior porte",38,3.71667220907259
"2860","Pouso Alto","pouso alto","pouso alto","Minas Gerais","MG","495.254237288136","44521.8644067797","0.71","6566",3328,2,0,0.000600961538461538,2,3,1,"Menor porte",2,6.00961538461539
"2861","Prados","prados","prados","Minas Gerais","MG","528.52422907489","20163.1057268722","0.689","9048",5960,1,0,0.000167785234899329,3,3,3,"Menor porte",1,1.67785234899329
"2862","Prata","prata","prata","Minas Gerais","MG","542.028054395546","35770.8534104294","0.695","28342",17297,2,0,0.000115626987338845,2,2,1,"Médio porte",2,1.15626987338845
"2863","Pratápolis","pratápolis","pratapolis","Minas Gerais","MG","637.637170207798","17338.1975250992","0.729","8406",6892,2,0,0.000290191526407429,3,2,1,"Menor porte",2,2.90191526407429
"2864","Pratinha","pratinha","pratinha","Minas Gerais","MG","604.241255852382","23871.3852933076","0.721","3559",2595,NA,NA,NA,NA,NA,NA,"Menor porte",0,0
"2865","Presidente Bernardes","presidente bernardes","presidente bernardes","Minas Gerais","MG","392.810335143232","9958.24751919116","0.632","4850",2602,NA,NA,NA,3,3,3,"Menor porte",0,0
"2866","Presidente Juscelino","presidente juscelino","presidente juscelino","Minas Gerais","MG","328.618968386023","14407.3765945646","0.614","3465",1302,1,0,0.000768049155145929,3,2,2,"Menor porte",1,7.68049155145929
"2867","Presidente Kubitschek","presidente kubitschek","presidente kubitschek","Minas Gerais","MG","353.215594801733","9967.3442185938","0.595","3071",1245,1,0,0.000803212851405623,NA,NA,NA,"Menor porte",1,8.03212851405623
"2868","Presidente Olegário","presidente olegário","presidente olegario","Minas Gerais","MG","443.215977989504","22679.5740561471","0.701","18765",11120,8,0,0.000719424460431655,1,2,3,"Menor porte",8,7.19424460431655
"2869","Prudente de Morais","prudente de morais","prudente de morais","Minas Gerais","MG","372.438619161898","15663.7437696142","0.69","11466",5807,1,0,0.000172205958326158,3,2,3,"Menor porte",1,1.72205958326158
"2870","Quartel Geral","quartel geral","quartel geral","Minas Gerais","MG","345.145089285714","15552.734375","0.683","3179",1437,NA,NA,NA,3,2,3,"Menor porte",0,0
"2871","Queluzito","queluzito","queluzito","Minas Gerais","MG","428.203808543489","16539.8867730314","0.682","1770",963,NA,NA,NA,3,2,3,"Menor porte",0,0
"2872","Raposos","raposos","raposos","Minas Gerais","MG","435.997321808996","9493.88276827561","0.73","16279",8598,2,0,0.000232612235403582,NA,NA,NA,"Menor porte",2,2.32612235403582
"2873","Raul Soares","raul soares","raul soares","Minas Gerais","MG","486.946986630678","14390.6625616802","0.655","23423",13245,NA,NA,NA,3,1,3,"Médio porte",0,0
"2874","Recreio","recreio","recreio","Minas Gerais","MG","360.171102661597","10226.3307984791","0.692","11007",4126,NA,NA,NA,3,3,3,"Menor porte",0,0
"2875","Reduto","reduto","reduto","Minas Gerais","MG","356.33939730593","12248.4377169838","0.629","7848",3825,2,0,0.000522875816993464,2,2,3,"Menor porte",2,5.22875816993464
"2876","Resende Costa","resende costa","resende costa","Minas Gerais","MG","603.726169844021","15636.6551126516","0.685","11230",7956,NA,NA,NA,NA,NA,NA,"Menor porte",0,0
"2877","Resplendor","resplendor","resplendor","Minas Gerais","MG","445.792136123247","13774.6033570936","0.67","17226",9534,2,0,0.000209775540172016,NA,NA,NA,"Menor porte",2,2.09775540172016
"2878","Ressaquinha","ressaquinha","ressaquinha","Minas Gerais","MG","528.544737388416","45920.0747353124","0.683","4548",2924,NA,NA,NA,2,2,1,"Menor porte",0,0
"2879","Riachinho","riachinho","riachinho","Minas Gerais","MG","302.065404475043","13527.784607819","0.632","6863",2798,NA,NA,NA,3,1,2,"Menor porte",0,0
"2880","Riacho dos Machados","riacho dos machados","riacho dos machados","Minas Gerais","MG","311.945968763191","34475.0949767835","0.627","8756",3626,NA,NA,NA,3,1,3,"Menor porte",0,0
"2881","Ribeirão das Neves","ribeirão das neves","ribeirao das neves","Minas Gerais","MG","333.73448019941","12848.4019669009","0.684","329794",126673,52,1,0.000418400132624948,1,3,3,"Maior porte",53,4.18400132624948
"2882","Ribeirão Vermelho","ribeirão vermelho","ribeirao vermelho","Minas Gerais","MG","338.275265628861","29811.2181863108","0.737","4080",1479,NA,NA,NA,NA,NA,NA,"Menor porte",0,0
"2883","Rio Acima","rio acima","rio acima","Minas Gerais","MG","466.410748560461","20155.9500959693","0.673","10261",5324,NA,NA,NA,3,2,3,"Menor porte",0,0
"2884","Rio Casca","rio casca","rio casca","Minas Gerais","MG","379.870852816745","15740.221183107","0.65","12789",5712,2,0,0.000350140056022409,3,3,3,"Menor porte",2,3.50140056022409
"2885","Rio do Prado","rio do prado","rio do prado","Minas Gerais","MG","188.973309955192","8883.30411065654","0.605","4639",1250,NA,NA,NA,NA,NA,NA,"Menor porte",0,0
"2886","Rio Doce","rio doce","rio doce","Minas Gerais","MG","399.618320610687","19171.7557251908","0.664","2484",1385,1,0,0.000722021660649819,NA,NA,NA,"Menor porte",1,7.22021660649819
"2887","Rio Espera","rio espera","rio espera","Minas Gerais","MG","471.306923361718","9215.84598296927","0.602","5429",2892,NA,NA,NA,NA,NA,NA,"Menor porte",0,0
"2888","Rio Manso","rio manso","rio manso","Minas Gerais","MG","495.492430685491","17505.1879571356","0.648","5568",3460,NA,NA,NA,2,2,3,"Menor porte",0,0
"2889","Rio Novo","rio novo","rio novo","Minas Gerais","MG","452.271966060065","12387.5181422351","0.707","8518",4447,NA,NA,NA,3,3,3,"Menor porte",0,0
"2890","Rio Paranaíba","rio paranaíba","rio paranaiba","Minas Gerais","MG","669.477097689501","46436.7247669234","0.709","14532",9862,4,0,0.000405597241938755,2,2,1,"Menor porte",4,4.05597241938755
"2891","Rio Pardo de Minas","rio pardo de minas","rio pardo de minas","Minas Gerais","MG","369.528104364632","8728.36205508133","0.624","28271",13653,NA,NA,NA,2,2,3,"Médio porte",0,0
"2892","Rio Piracicaba","rio piracicaba","rio piracicaba","Minas Gerais","MG","413.8989673458","54013.8850125593","0.685","14631",6875,1,0,0.000145454545454545,2,2,3,"Menor porte",1,1.45454545454545
"2893","Rio Pomba","rio pomba","rio pomba","Minas Gerais","MG","553.761345286486","19851.7178016593","0.714","17443",10827,3,0,0.00027708506511499,2,3,3,"Menor porte",3,2.7708506511499
"2894","Rio Preto","rio preto","rio preto","Minas Gerais","MG","1277.66636280766","11207.4749316317","0.679","5141",7124,NA,NA,NA,NA,NA,NA,"Menor porte",0,0
"2895","Rio Vermelho","rio vermelho","rio vermelho","Minas Gerais","MG","324.750765366198","9094.43441400424","0.558","12641",4841,NA,NA,NA,3,2,2,"Menor porte",0,0
"2896","Ritápolis","ritápolis","ritapolis","Minas Gerais","MG","415.826391933363","14716.1332748794","0.653","4994",2189,NA,NA,NA,3,2,3,"Menor porte",0,0
"2897","Rochedo de Minas","rochedo de minas","rochedo de minas","Minas Gerais","MG","374.137931034483","27434.9137931034","0.684","2291",1074,2,0,0.00186219739292365,2,2,3,"Menor porte",2,18.6219739292365
"2898","Rodeiro","rodeiro","rodeiro","Minas Gerais","MG","511.065175097276","48904.6692607004","0.668","8664",4901,NA,NA,NA,2,2,3,"Menor porte",0,0
"2899","Romaria","romaria","romaria","Minas Gerais","MG","446.022727272727","34458.8068181818","0.708","3386",1862,NA,NA,NA,NA,NA,NA,"Menor porte",0,0
"2900","Rosário da Limeira","rosário da limeira","rosario da limeira","Minas Gerais","MG","554.305495456512","9988.53310255301","0.662","4734",2858,NA,NA,NA,1,2,3,"Menor porte",0,0
"2901","Rubelita","rubelita","rubelita","Minas Gerais","MG","177.64746464298","10311.3142462918","0.582","5679",1237,5,0,0.00404203718674212,3,2,2,"Menor porte",5,40.4203718674212
"2902","Rubim","rubim","rubim","Minas Gerais","MG","207.293291731669","8966.55616224649","0.609","10298",2579,NA,NA,NA,NA,NA,NA,"Menor porte",0,0
"2903","Sabará","sabará","sabara","Minas Gerais","MG","372.28805834093","22300.2953509572","0.731","129380",58367,10,1,0.000188462658694125,2,3,1,"Maior porte",11,1.88462658694125
"2904","Sabinópolis","sabinópolis","sabinopolis","Minas Gerais","MG","399.584846912299","12102.2314478464","0.638","14240",7203,NA,NA,NA,1,2,3,"Menor porte",0,0
"2905","Sacramento","sacramento","sacramento","Minas Gerais","MG","615.909607947221","50001.2891484037","0.732","26670",19377,NA,NA,NA,2,1,1,"Médio porte",0,0
"2906","Salinas","salinas","salinas","Minas Gerais","MG","450.922084462457","13684.8365668241","0.679","40178",22586,9,0,0.000398476932613123,2,1,3,"Médio porte",9,3.98476932613123
"2907","Salto da Divisa","salto da divisa","salto da divisa","Minas Gerais","MG","88.8476896748431","14307.9007415859","0.608","6110",802,NA,NA,NA,3,3,2,"Menor porte",0,0
"2908","Santa Bárbara","santa bárbara","santa barbara","Minas Gerais","MG","453.233767877484","27467.029489938","0.707","30466",16579,4,0,0.000241269075336269,2,2,3,"Médio porte",4,2.41269075336269
"2909","Santa Bárbara do Leste","santa bárbara do leste","santa barbara do leste","Minas Gerais","MG","530.497494193864","11690.013445789","0.613","8458",5390,4,0,0.000742115027829314,1,2,3,"Menor porte",4,7.42115027829314
"2910","Santa Bárbara do Monte Verde","santa bárbara do monte verde","santa barbara do monte verde","Minas Gerais","MG","1280.01257071025","16226.5870521684","0.606","3095",4134,NA,NA,NA,NA,NA,NA,"Menor porte",0,0
"2911","Santa Bárbara do Tugúrio","santa bárbara do tugúrio","santa barbara do tugurio","Minas Gerais","MG","460.176991150442","13705.0147492625","0.637","4208",2356,NA,NA,NA,3,2,3,"Menor porte",0,0
"2912","Santa Cruz de Minas","santa cruz de minas","santa cruz de minas","Minas Gerais","MG","442.86703601108","11015.6971375808","0.706","8109",4418,NA,NA,NA,NA,NA,NA,"Menor porte",0,0
"2913","Santa Cruz de Salinas","santa cruz de salinas","santa cruz de salinas","Minas Gerais","MG","272.948624299976","9910.39688336986","0.577","3910",1323,NA,NA,NA,2,2,2,"Menor porte",0,0
"2914","Santa Cruz do Escalvado","santa cruz do escalvado","santa cruz do escalvado","Minas Gerais","MG","405.079365079365","11662.0105820106","0.625","4673",2417,NA,NA,NA,NA,NA,NA,"Menor porte",0,0
"2915","Santa Efigênia de Minas","santa efigênia de minas","santa efigenia de minas","Minas Gerais","MG","404.702122803013","10429.1257703721","0.607","4039",2256,NA,NA,NA,1,1,3,"Menor porte",0,0
"2916","Santa Fé de Minas","santa fé de minas","santa fe de minas","Minas Gerais","MG","121.014113957135","11098.2749607946","0.615","3522",582,NA,NA,NA,3,2,2,"Menor porte",0,0
"2917","Santa Helena de Minas","santa helena de minas","santa helena de minas","Minas Gerais","MG","181.02098340119","7683.6830566865","0.567","5938",1440,NA,NA,NA,NA,NA,NA,"Menor porte",0,0
"2918","Santa Juliana","santa juliana","santa juliana","Minas Gerais","MG","545.983865310417","52284.4615924237","0.706","15734",10349,NA,NA,NA,3,3,1,"Menor porte",0,0
"2919","Santa Luzia","santa luzia","santa luzia","Minas Gerais","MG","408.008383081417","18742.8870824336","0.715","219132",94468,36,0,0.00038108142439768,1,3,3,"Maior porte",36,3.8108142439768
"2920","Santa Margarida","santa margarida","santa margarida","Minas Gerais","MG","530.855109802478","13248.2517482517","0.61","16395",10806,NA,NA,NA,2,2,3,"Menor porte",0,0
"2921","Santa Maria de Itabira","santa maria de itabira","santa maria de itabira","Minas Gerais","MG","404.900064474533","16652.6664824537","0.648","10485",5335,5,0,0.000937207122774133,3,2,3,"Menor porte",5,9.37207122774133
"2922","Santa Maria do Salto","santa maria do salto","santa maria do salto","Minas Gerais","MG","176.538240368028","8258.57772666283","0.613","4755",1137,NA,NA,NA,3,2,2,"Menor porte",0,0
"2923","Santa Maria do Suaçuí","santa maria do suaçuí","santa maria do suacui","Minas Gerais","MG","305.591677503251","9805.35213195538","0.64","12788",5364,NA,NA,NA,1,2,2,"Menor porte",0,0
"2924","Santa Rita de Caldas","santa rita de caldas","santa rita de caldas","Minas Gerais","MG","702.263558942178","18849.8431196773","0.69","8460",7169,NA,NA,NA,2,3,1,"Menor porte",0,0
"2925","Santa Rita de Ibitipoca","santa rita de ibitipoca","santa rita de ibitipoca","Minas Gerais","MG","343.915343915344","19800.4115226337","0.63","3301",1383,NA,NA,NA,3,2,3,"Menor porte",0,0
"2926","Santa Rita de Jacutinga","santa rita de jacutinga","santa rita de jacutinga","Minas Gerais","MG","563.026938104051","12877.4419082871","0.682","4755",2886,NA,NA,NA,3,3,3,"Menor porte",0,0
"2927","Santa Rita de Minas","santa rita de minas","santa rita de minas","Minas Gerais","MG","363.236103467254","12259.6312603192","0.613","6773",3302,2,0,0.000605693519079346,1,2,2,"Menor porte",2,6.05693519079346
"2928","Santa Rita do Itueto","santa rita do itueto","santa rita do itueto","Minas Gerais","MG","576.507238409382","15188.381894814","0.607","5826",6543,NA,NA,NA,3,2,3,"Menor porte",0,0
"2929","Santa Rita do Sapucaí","santa rita do sapucaí","santa rita do sapucai","Minas Gerais","MG","492.674788014536","37711.5169245537","0.721","40635",23952,NA,NA,NA,NA,NA,NA,"Médio porte",0,0
"2930","Santa Rosa da Serra","santa rosa da serra","santa rosa da serra","Minas Gerais","MG","554.364015490021","14846.8871015788","0.705","3382",2272,NA,NA,NA,2,2,3,"Menor porte",0,0
"2931","Santa Vitória","santa vitória","santa vitoria","Minas Gerais","MG","580.364331723027","33616.9484702093","0.71","20973",13509,2,0,0.000148049448515804,3,2,1,"Menor porte",2,1.48049448515804
"2932","Santana da Vargem","santana da vargem","santana da vargem","Minas Gerais","MG","486.356567227485","17926.7637494698","0.698","6691",4068,1,0,0.000245821042281219,2,2,3,"Menor porte",1,2.45821042281219
"2933","Santana de Cataguases","santana de cataguases","santana de cataguases","Minas Gerais","MG","388.846054998715","10891.2875867386","0.694","3489",1684,NA,NA,NA,NA,NA,NA,"Menor porte",0,0
"2934","Santana de Pirapama","santana de pirapama","santana de pirapama","Minas Gerais","MG","322.967452892344","12612.8607194624","0.628","7030",2765,NA,NA,NA,3,2,2,"Menor porte",0,0
"2935","Santana do Deserto","santana do deserto","santana do deserto","Minas Gerais","MG","437.578497864858","10415.4734991208","0.651","3747",1843,NA,NA,NA,NA,NA,NA,"Menor porte",0,0
"2936","Santana do Garambéu","santana do garambéu","santana do garambeu","Minas Gerais","MG","319.063004846527","12448.3037156704","0.667","2137",965,NA,NA,NA,NA,NA,NA,"Menor porte",0,0
"2937","Santana do Jacaré","santana do jacaré","santana do jacare","Minas Gerais","MG","359.950351675631","17529.7889946214","0.647","4214",2038,NA,NA,NA,NA,NA,NA,"Menor porte",0,0
"2938","Santana do Manhuaçu","santana do manhuaçu","santana do manhuacu","Minas Gerais","MG","493.481019960771","11657.2054920965","0.621","8987",5245,1,0,0.000190657769304099,2,2,3,"Menor porte",1,1.90657769304099
"2939","Santana do Paraíso","santana do paraíso","santana do paraiso","Minas Gerais","MG","270.293194605445","21065.5093443411","0.685","44800",13408,4,0,0.000298329355608592,1,2,3,"Médio porte",4,2.98329355608592
"2940","Santana do Riacho","santana do riacho","santana do riacho","Minas Gerais","MG","377.983777520278","18696.1761297798","0.665","5313",1962,1,0,0.000509683995922528,NA,NA,NA,"Menor porte",1,5.09683995922528
"2941","Santana dos Montes","santana dos montes","santana dos montes","Minas Gerais","MG","346.347941567065","10775.5644090305","0.647","3469",1500,NA,NA,NA,3,2,3,"Menor porte",0,0
"2942","Santo Antônio do Amparo","santo antônio do amparo","santo antonio do amparo","Minas Gerais","MG","378.713802181271","14677.5372051792","0.672","17285",8331,2,2,0.00048013443764254,NA,NA,NA,"Menor porte",4,4.8013443764254
"2943","Santo Antônio do Aventureiro","santo antônio do aventureiro","santo antonio do aventureiro","Minas Gerais","MG","510.82731815658","13796.5019433648","0.671","3769",2015,NA,NA,NA,3,2,3,"Menor porte",0,0
"2944","Santo Antônio do Grama","santo antônio do grama","santo antonio do grama","Minas Gerais","MG","378.538342768914","18469.6345856922","0.633","4229",1620,NA,NA,NA,3,2,3,"Menor porte",0,0
"2945","Santo Antônio do Itambé","santo antônio do itambé","santo antonio do itambe","Minas Gerais","MG","319.82100552777","10302.4480126349","0.558","3915",1418,NA,NA,NA,3,2,2,"Menor porte",0,0
"2946","Santo Antônio do Jacinto","santo antônio do jacinto","santo antonio do jacinto","Minas Gerais","MG","276.801103067908","8332.29920716994","0.574","10327",4070,NA,NA,NA,3,1,2,"Menor porte",0,0
"2947","Santo Antônio do Monte","santo antônio do monte","santo antonio do monte","Minas Gerais","MG","641.045484926302","21512.2594716291","0.724","27295",20696,2,0,0.0000966370313103981,1,1,1,"Médio porte",2,0.966370313103981
"2948","Santo Antônio do Retiro","santo antônio do retiro","santo antonio do retiro","Minas Gerais","MG","277.374263395916","7646.0189118816","0.57","6629",2980,1,0,0.000335570469798658,3,2,2,"Menor porte",1,3.35570469798658
"2949","Santo Antônio do Rio Abaixo","santo antônio do rio abaixo","santo antonio do rio abaixo","Minas Gerais","MG","345.454545454545","13607.3863636364","0.669","1808",683,NA,NA,NA,3,2,3,"Menor porte",0,0
"2950","Santo Hipólito","santo hipólito","santo hipolito","Minas Gerais","MG","265.252854812398","11819.5758564437","0.657","2717",957,NA,NA,NA,NA,NA,NA,"Menor porte",0,0
"2951","Santos Dumont","santos dumont","santos dumont","Minas Gerais","MG","417.569634432692","21723.3579629909","0.741","42406",21151,7,0,0.000330953619214222,1,2,1,"Médio porte",7,3.30953619214222
"2952","São Bento Abade","são bento abade","sao bento abade","Minas Gerais","MG","309.029725182277","12540.2879042812","0.672","4713",2003,NA,NA,NA,NA,NA,NA,"Menor porte",0,0
"2953","São Brás do Suaçuí","são brás do suaçuí","sao bras do suacui","Minas Gerais","MG","533.830580713905","16827.3841236015","0.664","3989",2379,1,0,0.000420344682639765,3,2,3,"Menor porte",1,4.20344682639765
"2954","São Domingos das Dores","são domingos das dores","sao domingos das dores","Minas Gerais","MG","567.338282078473","11889.3601979498","0.638","5626",3917,1,0,0.000255297421496043,NA,NA,NA,"Menor porte",1,2.55297421496043
"2955","São Domingos do Prata","são domingos do prata","sao domingos do prata","Minas Gerais","MG","439.718358631038","15088.8209153344","0.69","17392",9207,1,0,0.000108613011838818,3,3,3,"Menor porte",1,1.08613011838818
"2956","São Félix de Minas","são félix de minas","sao felix de minas","Minas Gerais","MG","371.80249851279","11490.7792980369","0.62","3200",1618,NA,NA,NA,1,2,3,"Menor porte",0,0
"2957","São Francisco","são francisco","sao francisco","Minas Gerais","MG","297.466225189015","9419.78150397507","0.638","52762",19981,1,0,0.0000500475451679095,1,3,3,"Médio porte",1,0.500475451679095
"2958","São Francisco de Paula","são francisco de paula","sao francisco de paula","Minas Gerais","MG","493.558282208589","14003.9877300613","0.66","6187",3840,NA,NA,NA,3,2,3,"Menor porte",0,0
"2959","São Francisco de Sales","são francisco de sales","sao francisco de sales","Minas Gerais","MG","464.934650940389","22254.701944533","0.688","5732",3240,NA,NA,NA,3,2,3,"Menor porte",0,0
"2960","São Francisco do Glória","são francisco do glória","sao francisco do gloria","Minas Gerais","MG","408.541666666667","10939.1666666667","0.663","4800",2347,NA,NA,NA,1,2,3,"Menor porte",0,0
"2961","São Geraldo","são geraldo","sao geraldo","Minas Gerais","MG","305.843018627607","17584.0630472855","0.651","10282",4602,NA,NA,NA,1,2,3,"Menor porte",0,0
"2962","São Geraldo da Piedade","são geraldo da piedade","sao geraldo da piedade","Minas Gerais","MG","374.168797953964","9293.09462915601","0.6","3305",1918,NA,NA,NA,NA,NA,NA,"Menor porte",0,0
"2963","São Geraldo do Baixio","são geraldo do baixio","sao geraldo do baixio","Minas Gerais","MG","205.715693520572","10333.5796994334","0.63","3143",1015,NA,NA,NA,3,2,2,"Menor porte",0,0
"2964","São Gonçalo do Abaeté","são gonçalo do abaeté","sao goncalo do abaete","Minas Gerais","MG","287.386215864759","27358.4348031682","0.67","7375",3122,NA,NA,NA,1,2,3,"Menor porte",0,0
"2965","São Gonçalo do Pará","são gonçalo do pará","sao goncalo do para","Minas Gerais","MG","555.052790346908","19036.3578629832","0.689","11770",8773,2,0,0.000227972187393138,3,2,3,"Menor porte",2,2.27972187393138
"2966","São Gonçalo do Rio Abaixo","são gonçalo do rio abaixo","sao goncalo do rio abaixo","Minas Gerais","MG","437.789273073782","310222.524730012","0.667","11850",6475,4,0,0.000617760617760618,NA,NA,NA,"Menor porte",4,6.17760617760618
"2967","São Gonçalo do Rio Preto","são gonçalo do rio preto","sao goncalo do rio preto","Minas Gerais","MG","359.596596281122","11589.3476205484","0.64","3032",1369,NA,NA,NA,3,3,3,"Menor porte",0,0
"2968","São Gonçalo do Sapucaí","são gonçalo do sapucaí","sao goncalo do sapucai","Minas Gerais","MG","469.073979891241","25445.6007198466","0.715","23959",14317,NA,NA,NA,1,2,1,"Médio porte",0,0
"2969","São Gotardo","são gotardo","sao gotardo","Minas Gerais","MG","671.007769269465","26415.2367111956","0.736","40910",28977,4,0,0.000138040514891121,2,1,1,"Médio porte",4,1.38040514891121
"2970","São João Batista do Glória","são joão batista do glória","sao joao batista do gloria","Minas Gerais","MG","581.221659109096","21421.9791944519","0.724","7652",5202,NA,NA,NA,3,3,1,"Menor porte",0,0
"2971","São João da Lagoa","são joão da lagoa","sao joao da lagoa","Minas Gerais","MG","224.858069748581","9821.97891321979","0.634","4822",1433,2,0,0.00139567341242149,NA,NA,NA,"Menor porte",2,13.9567341242149
"2972","São João da Mata","são joão da mata","sao joao da mata","Minas Gerais","MG","656.955571740714","15443.5542607429","0.653","2914",2080,1,0,0.000480769230769231,3,2,3,"Menor porte",1,4.80769230769231
"2973","São João da Ponte","são joão da ponte","sao joao da ponte","Minas Gerais","MG","251.454299147342","8570.44386006853","0.569","23930",7943,NA,NA,NA,1,2,2,"Médio porte",0,0
"2974","São João das Missões","são joão das missões","sao joao das missoes","Minas Gerais","MG","155.27619047619","6374.17142857143","0.529","13024",2398,NA,NA,NA,3,1,2,"Menor porte",0,0
"2975","São João del Rei","são joão del rei","sao joao del rei","Minas Gerais","MG","602.36250925445","26963.6673038885","0.758","90225",59303,10,0,0.000168625533278249,2,1,1,"Médio porte",10,1.68625533278249
"2976","São João do Manhuaçu","são joão do manhuaçu","sao joao do manhuacu","Minas Gerais","MG","465.393181428816","10911.3414425218","0.65","11246",6995,1,0,0.000142959256611866,2,2,3,"Menor porte",1,1.42959256611866
"2977","São João do Manteninha","são joão do manteninha","sao joao do manteninha","Minas Gerais","MG","405.37343697195","11308.5501858736","0.64","5331",3684,1,0,0.000271444082519001,3,1,3,"Menor porte",1,2.71444082519001
"2978","São João do Oriente","são joão do oriente","sao joao do oriente","Minas Gerais","MG","413.890381515314","12647.0983342289","0.648","7070",3583,NA,NA,NA,3,2,3,"Menor porte",0,0
"2979","São João do Pacuí","são joão do pacuí","sao joao do pacui","Minas Gerais","MG","190.872302158273","7979.76618705036","0.625","3972",1040,NA,NA,NA,3,2,2,"Menor porte",0,0
"2980","São João do Paraíso","são joão do paraíso","sao joao do paraiso","Minas Gerais","MG","392.846598338184","9914.50504028006","0.615","23910",11255,1,0,0.0000888494002665482,2,2,3,"Médio porte",1,0.888494002665482
"2981","São João Evangelista","são joão evangelista","sao joao evangelista","Minas Gerais","MG","456.269423479419","13063.4870298725","0.638","15315",8348,3,0,0.000359367513176809,3,3,3,"Menor porte",3,3.59367513176809
"2982","São João Nepomuceno","são joão nepomuceno","sao joao nepomuceno","Minas Gerais","MG","504.669716792075","16226.6041516996","0.708","25565",14794,1,0,0.0000675949709341625,2,1,3,"Médio porte",1,0.675949709341625
"2983","São Joaquim de Bicas","são joaquim de bicas","sao joaquim de bicas","Minas Gerais","MG","406.712703745179","18036.3941769317","0.662","34348",15929,NA,NA,NA,1,2,3,"Médio porte",0,0
"2984","São José da Barra","são josé da barra","sao jose da barra","Minas Gerais","MG","467.112299465241","105856.28342246","0.739","7793",4112,NA,NA,NA,NA,NA,NA,"Menor porte",0,0
"2985","São José da Lapa","são josé da lapa","sao jose da lapa","Minas Gerais","MG","691.236793039155","21449.8031903874","0.729","26315",20812,2,0,0.0000960984047664809,NA,NA,NA,"Médio porte",2,0.960984047664809
"2986","São José da Safira","são josé da safira","sao jose da safira","Minas Gerais","MG","207.242990654206","9864.01869158878","0.583","3806",1067,NA,NA,NA,3,1,2,"Menor porte",0,0
"2987","São José da Varginha","são josé da varginha","sao jose da varginha","Minas Gerais","MG","382.555621185273","18252.4118921047","0.704","4536",2282,NA,NA,NA,1,1,3,"Menor porte",0,0
"2988","São José do Alegre","são josé do alegre","sao jose do alegre","Minas Gerais","MG","404.038004750594","11794.0617577197","0.717","4133",1966,NA,NA,NA,2,2,3,"Menor porte",0,0
"2989","São José do Divino","são josé do divino","sao jose do divino","Minas Gerais","MG","311.721991701245","10192.9460580913","0.658","3464",920,NA,NA,NA,3,1,3,"Menor porte",0,0
"2990","São José do Goiabal","são josé do goiabal","sao jose do goiabal","Minas Gerais","MG","374.048635604232","10357.7130128086","0.666","5396",2562,NA,NA,NA,NA,NA,NA,"Menor porte",0,0
"2991","São José do Jacuri","são josé do jacuri","sao jose do jacuri","Minas Gerais","MG","342.870471155341","12080.2363551547","0.566","6197",2671,NA,NA,NA,3,2,2,"Menor porte",0,0
"2992","São José do Mantimento","são josé do mantimento","sao jose do mantimento","Minas Gerais","MG","447.255880256593","11350.3207412687","0.657","2753",1722,NA,NA,NA,NA,NA,NA,"Menor porte",0,0
"2993","São Lourenço","são lourenço","sao lourenco","Minas Gerais","MG","582.875200207783","24217.1334574261","0.759","44798",29258,NA,NA,NA,3,1,1,"Médio porte",0,0
"2994","São Miguel do Anta","são miguel do anta","sao miguel do anta","Minas Gerais","MG","453.052995391705","11550.9792626728","0.644","6334",3533,NA,NA,NA,3,2,3,"Menor porte",0,0
"2995","São Pedro da União","são pedro da união","sao pedro da uniao","Minas Gerais","MG","752.9284164859","17892.1908893709","0.674","4885",4017,NA,NA,NA,3,2,1,"Menor porte",0,0
"2996","São Pedro do Suaçuí","são pedro do suaçuí","sao pedro do suacui","Minas Gerais","MG","306.805074971165","12827.5663206459","0.622","5103",2006,3,0,0.00149551345962114,1,2,2,"Menor porte",3,14.9551345962114
"2997","São Pedro dos Ferros","são pedro dos ferros","sao pedro dos ferros","Minas Gerais","MG","336.10173890475","14774.3316895925","0.659","7166",2747,NA,NA,NA,1,2,3,"Menor porte",0,0
"2998","São Romão","são romão","sao romao","Minas Gerais","MG","187.884108867428","12125.3890972943","0.64","10315",2891,NA,NA,NA,NA,NA,NA,"Menor porte",0,0
"2999","São Roque de Minas","são roque de minas","sao roque de minas","Minas Gerais","MG","704.352741661956","33720.4635387224","0.672","7129",6064,NA,NA,NA,3,2,1,"Menor porte",0,0
"3000","São Sebastião da Bela Vista","são sebastião da bela vista","sao sebastiao da bela vista","Minas Gerais","MG","408.861671469741","80920.7492795389","0.692","6387",2685,NA,NA,NA,2,2,1,"Menor porte",0,0
"3001","São Sebastião da Vargem Alegre","são sebastião da vargem alegre","sao sebastiao da vargem alegre","Minas Gerais","MG","496.031746031746","17382.9365079365","0.66","3113",1824,NA,NA,NA,3,2,3,"Menor porte",0,0
"3002","São Sebastião do Anta","são sebastião do anta","sao sebastiao do anta","Minas Gerais","MG","426.588199788743","9970.27312509431","0.607","6194",3533,NA,NA,NA,3,2,3,"Menor porte",0,0
"3003","São Sebastião do Maranhão","são sebastião do maranhão","sao sebastiao do maranhao","Minas Gerais","MG","275.519421860885","8139.71695272508","0.581","10079",3424,NA,NA,NA,1,2,2,"Menor porte",0,0
"3004","São Sebastião do Oeste","são sebastião do oeste","sao sebastiao do oeste","Minas Gerais","MG","429.112632959347","53037.4471805333","0.626","8815",3794,4,0,0.00105429625724829,3,2,3,"Menor porte",4,10.5429625724829
"3005","São Sebastião do Paraíso","são sebastião do paraíso","sao sebastiao do paraiso","Minas Gerais","MG","678.577927076772","27415.5644201834","0.722","71796",54352,13,1,0.00025758021783927,1,1,1,"Médio porte",14,2.5758021783927
"3006","São Sebastião do Rio Preto","são sebastião do rio preto","sao sebastiao do rio preto","Minas Gerais","MG","323.72654155496","13918.2305630027","0.632","1259",521,NA,NA,NA,NA,NA,NA,"Menor porte",0,0
"3007","São Sebastião do Rio Verde","são sebastião do rio verde","sao sebastiao do rio verde","Minas Gerais","MG","402.666666666667","14185.7777777778","0.676","2300",1049,NA,NA,NA,NA,NA,NA,"Menor porte",0,0
"3008","São Thomé das Letras","são thomé das letras","sao thome das letras","Minas Gerais","MG","270.365168539326","14723.0337078652","0.667",NA,2442,1,0,NA,3,2,3,"Menor porte",1,4.0950040950041
"3009","São Tiago","são tiago","sao tiago","Minas Gerais","MG","526.551094890511","16123.996350365","0.662","11192",6705,NA,NA,NA,3,3,3,"Menor porte",0,0
"3010","São Tomás de Aquino","são tomás de aquino","sao tomas de aquino","Minas Gerais","MG","506.857142857143","16768.1428571429","0.7","6740",3944,NA,NA,NA,3,2,3,"Menor porte",0,0
"3011","São Vicente de Minas","são vicente de minas","sao vicente de minas","Minas Gerais","MG","371.08125399872","21209.3410108765","0.715","6804",3393,NA,NA,NA,NA,NA,NA,"Menor porte",0,0
"3012","Sapucaí-Mirim","sapucaí-mirim","sapucai-mirim","Minas Gerais","MG","558.592073257977","15933.6099585062","0.68","6311",4217,1,0,0.000237135404315864,1,2,3,"Menor porte",1,2.37135404315864
"3013","Sardoá","sardoá","sardoa","Minas Gerais","MG","494.261908504952","9622.22920924383","0.636","5104",3785,NA,NA,NA,1,1,3,"Menor porte",0,0
"3014","Sarzedo","sarzedo","sarzedo","Minas Gerais","MG","457.336964654476","32001.0474964834","0.734","36844",23644,1,0,0.0000422940280832346,2,1,1,"Médio porte",1,0.422940280832347
"3015","Sem-Peixe","sem-peixe","sem-peixe","Minas Gerais","MG","346.89178818112","12157.3292402149","0.654","2433",1167,NA,NA,NA,NA,NA,NA,"Menor porte",0,0
"3016","Senador Amaral","senador amaral","senador amaral","Minas Gerais","MG","628.240999813468","12674.1279612013","0.661","6206",4481,NA,NA,NA,3,2,3,"Menor porte",0,0
"3017","Senador Cortes","senador cortes","senador cortes","Minas Gerais","MG","415.876185721418","16480.7788317524","0.674","2240",992,NA,NA,NA,NA,NA,NA,"Menor porte",0,0
"3018","Senador Firmino","senador firmino","senador firmino","Minas Gerais","MG","714.303894120641","12183.6345125986","0.644","7716",6576,NA,NA,NA,3,3,3,"Menor porte",0,0
"3019","Senador José Bento","senador josé bento","senador jose bento","Minas Gerais","MG","407.939767282683","15451.06091718","0.684","2068",637,NA,NA,NA,NA,NA,NA,"Menor porte",0,0
"3020","Senador Modestino Gonçalves","senador modestino gonçalves","senador modestino goncalves","Minas Gerais","MG","301.096224116931","23210.9622411693","0.62","4008",1490,NA,NA,NA,NA,NA,NA,"Menor porte",0,0
"3021","Senhora de Oliveira","senhora de oliveira","senhora de oliveira","Minas Gerais","MG","413.411683373661","12188.0400967853","0.631","5483",3176,NA,NA,NA,NA,NA,NA,"Menor porte",0,0
"3022","Senhora do Porto","senhora do porto","senhora do porto","Minas Gerais","MG","339.869281045752","10330.207445297","0.565","3067",1323,3,0,0.00226757369614512,3,2,2,"Menor porte",3,22.6757369614512
"3023","Senhora dos Remédios","senhora dos remédios","senhora dos remedios","Minas Gerais","MG","478.169485048247","8509.69714340308","0.626","10384",5880,NA,NA,NA,3,2,3,"Menor porte",0,0
"3024","Sericita","sericita","sericita","Minas Gerais","MG","545.615709804991","8848.90222282831","0.56","7345",5247,NA,NA,NA,NA,NA,NA,"Menor porte",0,0
"3025","Seritinga","seritinga","seritinga","Minas Gerais","MG","433.656957928803","21604.6386192017","0.66","1819",952,NA,NA,NA,NA,NA,NA,"Menor porte",0,0
"3026","Serra Azul de Minas","serra azul de minas","serra azul de minas","Minas Gerais","MG","256.523765144455","8069.19850885368","0.557","3792",1267,NA,NA,NA,NA,NA,NA,"Menor porte",0,0
"3027","Serra da Saudade","serra da saudade","serra da saudade","Minas Gerais","MG","521.907216494845","24622.4226804124","0.677","833",438,NA,NA,NA,2,3,3,"Menor porte",0,0
"3028","Serra do Salitre","serra do salitre","serra do salitre","Minas Gerais","MG","504.885155982173","49118.6150154268","0.696","11801",7211,5,0,0.000693385106087921,NA,NA,NA,"Menor porte",5,6.93385106087921
"3029","Serra dos Aimorés","serra dos aimorés","serra dos aimores","Minas Gerais","MG","235.051073109147","8643.17686215999","0.651","6944",2283,NA,NA,NA,NA,NA,NA,"Menor porte",0,0
"3030","Serrania","serrania","serrania","Minas Gerais","MG","437.793427230047","16071.2050078247","0.677","7621",3681,NA,NA,NA,3,2,3,"Menor porte",0,0
"3031","Serranópolis de Minas","serranópolis de minas","serranopolis de minas","Minas Gerais","MG","284.466625077979","7739.65481389062","0.633","4399",1555,NA,NA,NA,3,1,2,"Menor porte",0,0
"3032","Serranos","serranos","serranos","Minas Gerais","MG","441.717791411043","14978.0163599182","0.643","1990",1063,NA,NA,NA,3,2,3,"Menor porte",0,0
"3033","Serro","serro","serro","Minas Gerais","MG","351.623686723973","12392.4068767908","0.656","21952",8850,1,0,0.000112994350282486,3,2,3,"Médio porte",1,1.12994350282486
"3034","Sete Lagoas","sete lagoas","sete lagoas","Minas Gerais","MG","552.666073976058","39500.758781814","0.76","227397",150274,49,0,0.00032607104356043,3,1,1,"Maior porte",49,3.2607104356043
"3035","Setubinha","setubinha","setubinha","Minas Gerais","MG","129.50395863629","7278.88188721926","0.542","9917",2176,NA,NA,NA,3,2,2,"Menor porte",0,0
"3036","Silveirânia","silveirânia","silveirania","Minas Gerais","MG","447.43816254417","12372.3498233216","0.652","2323",1123,NA,NA,NA,3,2,3,"Menor porte",0,0
"3037","Silvianópolis","silvianópolis","silvianopolis","Minas Gerais","MG","473.111395646607","19418.8540332907","0.699","6179",3266,3,0,0.000918554807103491,3,2,3,"Menor porte",3,9.1855480710349
"3038","Simão Pereira","simão pereira","simao pereira","Minas Gerais","MG","836.134453781513","27962.1848739496","0.638","2947",2033,2,2,0.00196753566158387,2,2,1,"Menor porte",4,19.6753566158387
"3039","Simonésia","simonésia","simonesia","Minas Gerais","MG","531.769355492501","9927.23956222132","0.632","19750",13059,NA,NA,NA,3,1,3,"Menor porte",0,0
"3040","Sobrália","sobrália","sobralia","Minas Gerais","MG","359.448676097207","10115.3427638738","0.631","5137",2430,NA,NA,NA,NA,NA,NA,"Menor porte",0,0
"3041","Soledade de Minas","soledade de minas","soledade de minas","Minas Gerais","MG","380.836968815641","10837.7767005978","0.697","5613",2632,1,0,0.000379939209726444,2,2,3,"Menor porte",1,3.79939209726444
"3042","Tabuleiro","tabuleiro","tabuleiro","Minas Gerais","MG","497.572815533981","15242.4487594391","0.681","4014",2058,3,0,0.00145772594752187,NA,NA,NA,"Menor porte",3,14.5772594752187
"3043","Taiobeiras","taiobeiras","taiobeiras","Minas Gerais","MG","652.90577666657","13736.8665872024","0.67","33050",27849,2,0,0.0000718158641243851,2,1,1,"Médio porte",2,0.718158641243851
"3044","Taparuba","taparuba","taparuba","Minas Gerais","MG","378.265075782006","12360.851338278","0.645","3387",1402,NA,NA,NA,NA,NA,NA,"Menor porte",0,0
"3045","Tapira","tapira","tapira","Minas Gerais","MG","460.67880794702","94269.8675496689","0.712","4118",2683,1,0,0.000372717107715244,2,2,1,"Menor porte",1,3.72717107715244
"3046","Tapiraí","tapiraí","tapirai","Minas Gerais","MG","350.42735042735","19439.1025641026","0.667","1690",744,NA,NA,NA,2,2,3,"Menor porte",0,0
"3047","Taquaraçu de Minas","taquaraçu de minas","taquaracu de minas","Minas Gerais","MG","361.307636008783","12143.449621859","0.651","4224",2434,NA,NA,NA,NA,NA,NA,"Menor porte",0,0
"3048","Tarumirim","tarumirim","tarumirim","Minas Gerais","MG","367.780729967837","10588.4491679485","0.633","14709",6333,NA,NA,NA,2,3,3,"Menor porte",0,0
"3049","Teixeiras","teixeiras","teixeiras","Minas Gerais","MG","596.829477292202","12741.9023136247","0.675","12255",7950,NA,NA,NA,1,1,3,"Menor porte",0,0
"3050","Teófilo Otoni","teófilo otoni","teofilo otoni","Minas Gerais","MG","442.105337845988","19144.170799719","0.701","137418",67213,37,4,0.000610001041465193,2,1,3,"Maior porte",41,6.10001041465193
"3051","Timóteo","timóteo","timoteo","Minas Gerais","MG","490.106881017578","34956.0330359509","0.77","81579",50371,0,0,0,NA,NA,NA,"Médio porte",0,0
"3052","Tiradentes","tiradentes","tiradentes","Minas Gerais","MG","624.504459861249","22843.0376610505","0.74","7744",5761,2,0,0.000347161951050165,1,2,1,"Menor porte",2,3.47161951050165
"3053","Tiros","tiros","tiros","Minas Gerais","MG","705.479452054795","34891.3449564134","0.683","7883",5424,NA,NA,NA,2,3,1,"Menor porte",0,0
"3054","Tocantins","tocantins","tocantins","Minas Gerais","MG","565.420281184565","17684.7143284475","0.688","16185",10391,1,0,0.000096237128284092,3,2,3,"Menor porte",1,0.96237128284092
"3055","Tocos do Moji","tocos do moji","tocos do moji","Minas Gerais","MG","554.636164516914","12896.8118763689","0.696","3826",2770,NA,NA,NA,NA,NA,NA,"Menor porte",0,0
"3056","Toledo","toledo","toledo","Minas Gerais","MG","522.629823725584","12953.9463236462","0.661","7214",3682,2,0,0.000543183052688756,1,2,3,"Menor porte",2,5.43183052688756
"3057","Tombos","tombos","tombos","Minas Gerais","MG","600","12396.050955414","0.718","8609",4976,NA,NA,NA,NA,NA,NA,"Menor porte",0,0
"3058","Três Corações","três corações","tres coracoes","Minas Gerais","MG","428.466113554578","30676.6293482607","0.744","75485",37983,0,1,0.0000263275675960298,2,1,1,"Médio porte",1,0.263275675960298
"3059","Três Marias","três marias","tres marias","Minas Gerais","MG","488.5377185475","75533.1642010026","0.752","28895",18322,NA,NA,NA,2,2,1,"Médio porte",0,0
"3060","Três Pontas","três pontas","tres pontas","Minas Gerais","MG","515.630488233228","22160.0280997541","0.731","55255",34212,1,0,0.0000292295101134105,1,1,1,"Médio porte",1,0.292295101134105
"3061","Tumiritinga","tumiritinga","tumiritinga","Minas Gerais","MG","183.739837398374","9429.56393200296","0.626","5886",1637,NA,NA,NA,2,2,2,"Menor porte",0,0
"3062","Tupaciguara","tupaciguara","tupaciguara","Minas Gerais","MG","671.548940861485","27263.6034333412","0.719","25470",20199,7,0,0.00034655180949552,2,2,1,"Médio porte",7,3.4655180949552
"3063","Turmalina","turmalina","turmalina","Minas Gerais","MG","562.981366459627","18532.8695652174","0.682","20000",14495,3,1,0.000275957226629872,2,1,3,"Médio porte",4,2.75957226629872
"3064","Turvolândia","turvolândia","turvolandia","Minas Gerais","MG","526.429980276134","19703.3530571992","0.696","4935",3317,NA,NA,NA,NA,NA,NA,"Menor porte",0,0
"3065","Ubá","ubá","uba","Minas Gerais","MG","586.307867496597","26138.9419248782","0.724","103365",75643,3,0,0.0000396599817564084,2,3,1,"Maior porte",3,0.396599817564084
"3066","Ubaí","ubaí","ubai","Minas Gerais","MG","200.492102547821","8042.62243035162","0.609","11708",3233,NA,NA,NA,1,1,2,"Menor porte",0,0
"3067","Ubaporanga","ubaporanga","ubaporanga","Minas Gerais","MG","413.671656127431","10867.0455455055","0.614","13017",6602,2,0,0.000302938503483793,2,2,3,"Menor porte",2,3.02938503483793
"3068","Uberaba","uberaba","uberaba","Minas Gerais","MG","683.243743547756","46104.5975579367","0.772","337836",251684,8,0,0.000031785890243321,3,1,2,"Maior porte",8,0.31785890243321
"3069","Uberlândia","uberlândia","uberlandia","Minas Gerais","MG","680.695239716377","53824.0058246567","0.789","713224",520833,114,5,0.000228480146227294,2,1,2,"Maior porte",119,2.28480146227294
"3070","Umburatiba","umburatiba","umburatiba","Minas Gerais","MG","200.308166409861","12719.9537750385","0.638","2684",631,NA,NA,NA,1,2,2,"Menor porte",0,0
"3071","Unaí","unaí","unai","Minas Gerais","MG","649.052160602849","34559.2370187213","0.736","86619",61909,9,0,0.000145374662811546,2,1,1,"Médio porte",9,1.45374662811546
"3072","União de Minas","união de minas","uniao de minas","Minas Gerais","MG","416.433239962652","24706.5826330532","0.672","3828",1939,NA,NA,NA,NA,NA,NA,"Menor porte",0,0
"3073","Uruana de Minas","uruana de minas","uruana de minas","Minas Gerais","MG","258.588957055215","15947.8527607362","0.664","3282",1050,NA,NA,NA,3,2,3,"Menor porte",0,0
"3074","Urucânia","urucânia","urucania","Minas Gerais","MG","375.253745770904","19916.3847269212","0.633","10600",4470,1,0,0.000223713646532438,NA,NA,NA,"Menor porte",1,2.23713646532438
"3075","Urucuia","urucuia","urucuia","Minas Gerais","MG","145.577359809003","7806.61503522972","0.619","17479",2981,NA,NA,NA,1,1,2,"Menor porte",0,0
"3076","Vargem Alegre","vargem alegre","vargem alegre","Minas Gerais","MG","353.941267387944","10887.171561051","0.631","5780",2820,NA,NA,NA,3,2,3,"Menor porte",0,0
"3077","Vargem Bonita","vargem bonita","vargem bonita","Minas Gerais","MG","425.977653631285","23001.8621973929","0.696","2158",1088,NA,NA,NA,3,2,3,"Menor porte",0,0
"3078","Vargem Grande do Rio Pardo","vargem grande do rio pardo","vargem grande do rio pardo","Minas Gerais","MG","356.545961002786","10116.792678074","0.634","4633",2181,NA,NA,NA,3,1,3,"Menor porte",0,0
"3079","Varginha","varginha","varginha","Minas Gerais","MG","619.456523330552","46102.3411077437","0.778","136467",90771,5,0,0.0000550836720979167,1,1,2,"Maior porte",5,0.550836720979167
"3080","Varjão de Minas","varjão de minas","varjao de minas","Minas Gerais","MG","430.933034463435","21009.1061922107","0.711","6969",4183,NA,NA,NA,2,2,3,"Menor porte",0,0
"3081","Várzea da Palma","várzea da palma","varzea da palma","Minas Gerais","MG","363.716302791247","20402.3063588172","0.666","33744",17869,3,0,0.000167888522021378,2,2,3,"Médio porte",3,1.67888522021378
"3082","Varzelândia","varzelândia","varzelandia","Minas Gerais","MG","347.733747733748","8661.07226107226","0.594","18840",7950,NA,NA,NA,3,1,2,"Menor porte",0,0
"3083","Vazante","vazante","vazante","Minas Gerais","MG","620.094952039531","38705.2611181087","0.742","19975",15137,2,0,0.000132126577261016,2,2,1,"Médio porte",2,1.32126577261016
"3084","Verdelândia","verdelândia","verdelandia","Minas Gerais","MG","169.755374351371","9093.82611458223","0.584","7672",1985,1,0,0.000503778337531486,3,2,2,"Menor porte",1,5.03778337531486
"3085","Veredinha","veredinha","veredinha","Minas Gerais","MG","426.052034223852","17132.3555089925","0.632","5181",3208,NA,NA,NA,NA,NA,NA,"Menor porte",0,0
"3086","Veríssimo","veríssimo","verissimo","Minas Gerais","MG","214.585908529048","27794.3139678616","0.667","3411",971,NA,NA,NA,3,2,3,"Menor porte",0,0
"3087","Vermelho Novo","vermelho novo","vermelho novo","Minas Gerais","MG","577.383408997111","8541.8902187371","0.612","4899",3399,NA,NA,NA,3,2,3,"Menor porte",0,0
"3088","Vespasiano","vespasiano","vespasiano","Minas Gerais","MG","358.27842638616","19314.923130274","0.688","129021",52908,24,1,0.000472518333711348,NA,NA,NA,"Maior porte",25,4.72518333711348
"3089","Viçosa","viçosa","vicosa","Minas Gerais","MG","599.259333904368","22031.6798508591","0.775","76430",51035,5,0,0.0000979719800137161,1,1,1,"Médio porte",5,0.979719800137161
"3090","Vieiras","vieiras","vieiras","Minas Gerais","MG","547.227640011145","10431.0392867094","0.668","3700",2337,NA,NA,NA,3,2,3,"Menor porte",0,0
"3091","Virgem da Lapa","virgem da lapa","virgem da lapa","Minas Gerais","MG","278.02037845706","8675.76419213974","0.61","11804",4314,1,0,0.000231803430690774,3,3,2,"Menor porte",1,2.31803430690774
"3092","Virgínia","virgínia","virginia","Minas Gerais","MG","449.382431028512","15006.9260071569","0.651","8908",5042,NA,NA,NA,3,3,3,"Menor porte",0,0
"3093","Virginópolis","virginópolis","virginopolis","Minas Gerais","MG","488.649370469287","15336.6081648226","0.675","10314",6085,2,0,0.000328677074774034,3,3,3,"Menor porte",2,3.28677074774034
"3094","Virgolândia","virgolândia","virgolandia","Minas Gerais","MG","278.089887640449","9565.16853932584","0.62","4552",1829,NA,NA,NA,2,2,2,"Menor porte",0,0
"3095","Visconde do Rio Branco","visconde do rio branco","visconde do rio branco","Minas Gerais","MG","593.78563947399","29877.9937158152","0.709","39160",29345,NA,NA,NA,2,2,1,"Médio porte",0,0
"3096","Volta Grande","volta grande","volta grande","Minas Gerais","MG","322.562250522714","12849.4582778939","0.669","4443",1858,1,0,0.000538213132400431,3,2,3,"Menor porte",1,5.38213132400431
"3097","Wenceslau Braz","wenceslau braz","wenceslau braz","Minas Gerais","MG","375.196232339089","11036.8916797488","0.678","2356",1075,NA,NA,NA,2,2,3,"Menor porte",0,0
"3098","Afonso Cláudio","afonso cláudio","afonso claudio","Espírito Santo","ES","657.363322935479","14549.4992612051","0.667","30684",23854,3,0,0.000125765070847657,3,1,1,"Médio porte",3,1.25765070847657
"3099","Água Doce do Norte","água doce do norte","agua doce do norte","Espírito Santo","ES","503.712530937758","12679.8056650472","0.652","12042",6855,NA,NA,NA,1,1,3,"Menor porte",0,0
"3100","Águia Branca","águia branca","aguia branca","Espírito Santo","ES","574.083688090541","17182.3278994912","0.678","9711",6906,5,0,0.00072400810889082,1,1,3,"Menor porte",5,7.2400810889082
"3101","Alegre","alegre","alegre","Espírito Santo","ES","469.090909090909","15911.9933277731","0.721","29177",16085,4,0,0.000248678893378924,2,1,3,"Médio porte",4,2.48678893378924
"3102","Alfredo Chaves","alfredo chaves","alfredo chaves","Espírito Santo","ES","703.197594971304","24566.9581852965","0.71","13836",11689,NA,NA,NA,1,2,1,"Menor porte",0,0
"3103","Alto Rio Novo","alto rio novo","alto rio novo","Espírito Santo","ES","439.801879603759","11114.1732283465","0.664","7434",4313,NA,NA,NA,3,2,3,"Menor porte",0,0
"3104","Anchieta","anchieta","anchieta","Espírito Santo","ES","421.102118942879","33763.7596964304","0.73","29984",15723,8,1,0.000572409845449342,NA,NA,NA,"Médio porte",9,5.72409845449342
"3105","Apiacá","apiacá","apiaca","Espírito Santo","ES","632.644956314535","13139.1315859147","0.673","7223",5364,NA,NA,NA,3,3,3,"Menor porte",0,0
"3106","Aracruz","aracruz","aracruz","Espírito Santo","ES","433.623340219784","52537.405068816","0.752","94765",54857,11,1,0.000218750569662942,2,2,1,"Maior porte",12,2.18750569662942
"3107","Atílio Vivacqua","atílio vivacqua","atilio vivacqua","Espírito Santo","ES","448.657579512598","22128.3767038414","0.708",NA,6602,NA,NA,NA,1,2,3,"Menor porte",0,0
"3108","Baixo Guandu","baixo guandu","baixo guandu","Espírito Santo","ES","579.371707567776","21248.7793909803","0.702","30674",25012,2,0,0.0000799616184231569,1,1,1,"Médio porte",2,0.799616184231569
"3109","Barra de São Francisco","barra de são francisco","barra de sao francisco","Espírito Santo","ES","527.045954778897","18162.8982414015","0.683","42498",28779,4,0,0.000138990235935925,2,1,3,"Médio porte",4,1.38990235935925
"3110","Boa Esperança","boa esperança","boa esperanca","Espírito Santo","ES","421.282798833819","15245.4280413464","0.679","13608",7969,NA,NA,NA,1,1,3,"Menor porte",0,0
"3111","Bom Jesus do Norte","bom jesus do norte","bom jesus do norte","Espírito Santo","ES","1324.33246336077","17753.3627785585","0.734","10254",14977,NA,NA,NA,NA,NA,NA,"Menor porte",0,0
"3112","Brejetuba","brejetuba","brejetuba","Espírito Santo","ES","535.929830208417","14791.3414339744","0.656","12985",9043,1,0,0.000110582771204246,3,2,3,"Menor porte",1,1.10582771204246
"3113","Cachoeiro de Itapemirim","cachoeiro de itapemirim","cachoeiro de itapemirim","Espírito Santo","ES","556.653006567295","23336.2996167891","0.746","185786",130667,13,0,0.000099489542118515,2,1,1,"Maior porte",13,0.99489542118515
"3114","Cariacica","cariacica","cariacica","Espírito Santo","ES","433.817726227283","26521.8706126585","0.718","353491",196274,35,1,0.000183417059824531,1,3,1,"Maior porte",36,1.83417059824531
"3115","Castelo","castelo","castelo","Espírito Santo","ES","711.632712533446","23665.1389514399","0.726","36930",30594,3,0,0.0000980584428319278,2,1,1,"Médio porte",3,0.980584428319278
"3116","Colatina","colatina","colatina","Espírito Santo","ES","530.672609400324","29533.6709886548","0.746","120033",77576,17,0,0.000219139940187687,2,1,1,"Maior porte",17,2.19139940187687
"3117","Conceição da Barra","conceição da barra","conceicao da barra","Espírito Santo","ES","238.928148882423","15128.0657436127","0.681","27458",10722,7,0,0.000652863271777653,2,2,3,"Médio porte",7,6.52863271777653
"3118","Conceição do Castelo","conceição do castelo","conceicao do castelo","Espírito Santo","ES","606.746837419959","15913.868499141","0.67","11937",9842,NA,NA,NA,1,2,3,"Menor porte",0,0
"3119","Divino de São Lourenço","divino de são lourenço","divino de sao lourenco","Espírito Santo","ES","552.459016393443","14960.4215456674","0.632","5083",3015,NA,NA,NA,NA,NA,NA,"Menor porte",0,0
"3120","Domingos Martins","domingos martins","domingos martins","Espírito Santo","ES","755.66409698111","22330.2242099688","0.669","35416",30399,11,0,0.000361854008355538,2,1,1,"Médio porte",11,3.61854008355538
"3121","Dores do Rio Preto","dores do rio preto","dores do rio preto","Espírito Santo","ES","574.804312509231","18195.8351794417","0.654","6596",6021,NA,NA,NA,3,2,3,"Menor porte",0,0
"3122","Ecoporanga","ecoporanga","ecoporanga","Espírito Santo","ES","405.649222684476","12825.968907379","0.662","21992",11223,2,0,0.000178205470907957,3,3,3,"Médio porte",2,1.78205470907957
"3123","Fundão","fundão","fundao","Espírito Santo","ES","358.620375432841","17906.3696008748","0.718","18014",9439,3,0,0.000317830278631211,2,2,3,"Médio porte",3,3.17830278631211
"3124","Governador Lindenberg","governador lindenberg","governador lindenberg","Espírito Santo","ES","510.248447204969","21312.7329192547","0.694","11009",8274,NA,NA,NA,1,1,3,"Menor porte",0,0
"3125","Guaçuí","guaçuí","guacui","Espírito Santo","ES","601.343101343101","17203.6822826297","0.703","29358",22749,1,0,0.0000439579761747769,2,1,1,"Médio porte",1,0.439579761747769
"3126","Guarapari","guarapari","guarapari","Espírito Santo","ES","581.479230629593","18330.3604549293","0.731","124656",86615,15,0,0.000173180165098424,1,2,1,"Maior porte",15,1.73180165098424
"3127","Ibatiba","ibatiba","ibatiba","Espírito Santo","ES","605.804889124347","11695.0730341331","0.647","25380",21148,8,0,0.000378286362776622,2,2,3,"Médio porte",8,3.78286362776622
"3128","Ibiraçu","ibiraçu","ibiracu","Espírito Santo","ES","473.909935668335","22345.2466047177","0.726","11723",6953,NA,NA,NA,2,2,3,"Menor porte",0,0
"3129","Ibitirama","ibitirama","ibitirama","Espírito Santo","ES","535.387741280054","12168.7549384806","0.622","9520",6119,NA,NA,NA,1,2,3,"Menor porte",0,0
"3130","Iconha","iconha","iconha","Espírito Santo","ES","907.750661990983","22929.0059400272","0.729","12326",13572,NA,NA,NA,3,3,1,"Menor porte",0,0
"3131","Irupi","irupi","irupi","Espírito Santo","ES","549.460298684016","12444.6251663463","0.637","13710",10290,NA,NA,NA,3,2,3,"Menor porte",0,0
"3132","Itaguaçu","itaguaçu","itaguacu","Espírito Santo","ES","552.306924338587","18489.053697497","0.702","13589",8994,NA,NA,NA,1,3,3,"Menor porte",0,0
"3133","Itapemirim","itapemirim","itapemirim","Espírito Santo","ES","467.797783933518","139041.118421053","0.654","39832",19728,5,0,0.000253446877534469,NA,NA,NA,"Médio porte",5,2.53446877534469
"3134","Itarana","itarana","itarana","Espírito Santo","ES","703.068420049552","20007.0516485611","0.684","10597",8811,NA,NA,NA,1,3,1,"Menor porte",0,0
"3135","Iúna","iúna","iuna","Espírito Santo","ES","532.878115397747","14658.5524069648","0.666","28590",19172,NA,NA,NA,3,2,3,"Médio porte",0,0
"3136","Jaguaré","jaguaré","jaguare","Espírito Santo","ES","464.286864911885","20356.1326073649","0.678","28931",18307,3,1,0.000218495657398809,2,3,3,"Médio porte",4,2.18495657398809
"3137","Jerônimo Monteiro","jerônimo monteiro","jeronimo monteiro","Espírito Santo","ES","472.89033836119","11291.2352221769","0.698","11575",6734,NA,NA,NA,3,3,3,"Menor porte",0,0
"3138","João Neiva","joão neiva","joao neiva","Espírito Santo","ES","476.856835306781","24931.7665351035","0.753","14079",9159,6,0,0.000655093350802489,2,3,1,"Menor porte",6,6.55093350802489
"3139","Laranja da Terra","laranja da terra","laranja da terra","Espírito Santo","ES","713.710783865362","12725.4184578798","0.656","11094",9134,NA,NA,NA,1,3,3,"Menor porte",0,0
"3140","Linhares","linhares","linhares","Espírito Santo","ES","443.210631169066","35928.518065743","0.724","166786",96606,21,1,0.000227729126555286,2,1,1,"Maior porte",22,2.27729126555286
"3141","Mantenópolis","mantenópolis","mantenopolis","Espírito Santo","ES","379.92646584532","9693.34967425659","0.657","12770",7687,NA,NA,NA,1,1,3,"Menor porte",0,0
"3142","Marataízes","marataízes","marataizes","Espírito Santo","ES","566.442918499087","135647.712367873","0.696","41929",25426,1,0,0.000039329819869425,NA,NA,NA,"Médio porte",1,0.39329819869425
"3143","Marechal Floriano","marechal floriano","marechal floriano","Espírito Santo","ES","734.101654846336","23593.7352245863","0.71","17641",14438,8,0,0.000554093364731957,2,2,1,"Menor porte",8,5.54093364731957
"3144","Marilândia","marilândia","marilandia","Espírito Santo","ES","613.129676772352","21673.9180745198","0.696","12387",9669,NA,NA,NA,1,1,3,"Menor porte",0,0
"3145","Mimoso do Sul","mimoso do sul","mimoso do sul","Espírito Santo","ES","512.578977599081","17244.8018380241","0.67","24475",15106,7,1,0.000529590891036674,2,1,3,"Médio porte",8,5.29590891036674
"3146","Montanha","montanha","montanha","Espírito Santo","ES","379.697258388907","18066.7407642638","0.667","18900",9187,NA,NA,NA,3,1,3,"Menor porte",0,0
"3147","Mucurici","mucurici","mucurici","Espírito Santo","ES","368.449781659389","14036.7540029112","0.666","5466",2555,1,0,0.000391389432485323,2,3,3,"Menor porte",1,3.91389432485323
"3148","Muniz Freire","muniz freire","muniz freire","Espírito Santo","ES","555.22836191466","15674.0573936139","0.645","18153",11571,1,0,0.0000864229539365656,3,2,3,"Menor porte",1,0.864229539365656
"3149","Muqui","muqui","muqui","Espírito Santo","ES","471.080767744429","13064.9233543733","0.694","13745",8380,NA,NA,NA,3,3,3,"Menor porte",0,0
"3150","Nova Venécia","nova venécia","nova venecia","Espírito Santo","ES","519.530475472895","19961.1175000991","0.712","49065",30972,11,0,0.000355159498902234,2,1,1,"Médio porte",11,3.55159498902234
"3151","Pancas","pancas","pancas","Espírito Santo","ES","365.184930919077","10661.3747532824","0.667","18893",10150,NA,NA,NA,2,2,3,"Médio porte",0,0
"3152","Pedro Canário","pedro canário","pedro canario","Espírito Santo","ES","387.968613775065","11916.3034001744","0.654","21522",12321,5,1,0.000486973459946433,2,2,3,"Médio porte",6,4.86973459946433
"3153","Pinheiros","pinheiros","pinheiros","Espírito Santo","ES","319.281296885864","22054.4882350789","0.673","23915",10627,1,0,0.0000940999341300461,2,1,3,"Médio porte",1,0.940999341300461
"3154","Piúma","piúma","piuma","Espírito Santo","ES","502.108556658958","30165.4196707931","0.727","22300",14395,3,0,0.000208405696422369,1,1,1,"Médio porte",3,2.08405696422369
"3155","Ponto Belo","ponto belo","ponto belo","Espírito Santo","ES","299.496221662469","10527.4559193955","0.669","6497",3189,NA,NA,NA,NA,NA,NA,"Menor porte",0,0
"3156","Presidente Kennedy","presidente kennedy","presidente kennedy","Espírito Santo","ES","682.878709898782","461533.796534569","0.657","13696",10209,NA,NA,NA,NA,NA,NA,"Menor porte",0,0
"3157","Rio Bananal","rio bananal","rio bananal","Espírito Santo","ES","723.678065487001","19954.5949872866","0.681","19274",17117,NA,NA,NA,3,1,1,"Menor porte",0,0
"3158","Rio Novo do Sul","rio novo do sul","rio novo do sul","Espírito Santo","ES","606.829520041287","16843.5403406159","0.711","11069",8134,4,0,0.00049176297024834,3,2,3,"Menor porte",4,4.9176297024834
"3159","Santa Leopoldina","santa leopoldina","santa leopoldina","Espírito Santo","ES","586.701647946216","16562.5973600066","0.626","13106",8127,NA,NA,NA,3,2,3,"Menor porte",0,0
"3160","Santa Maria de Jetibá","santa maria de jetibá","santa maria de jetiba","Espírito Santo","ES","859.124710471779","36040.668048275","0.671","41636",42480,3,0,0.0000706214689265537,2,2,1,"Médio porte",3,0.706214689265537
"3161","Santa Teresa","santa teresa","santa teresa","Espírito Santo","ES","682.515596020907","19850.4889563311","0.714","22808",18510,5,0,0.000270124257158293,3,1,1,"Médio porte",5,2.70124257158293
"3162","São Domingos do Norte","são domingos do norte","sao domingos do norte","Espírito Santo","ES","603.660642339127","52566.8239898699","0.682","8589",6278,2,0,0.000318572793883402,2,2,1,"Menor porte",2,3.18572793883402
"3163","São Gabriel da Palha","são gabriel da palha","sao gabriel da palha","Espírito Santo","ES","561.523285395358","16432.9214474846","0.709","32252",25958,1,0,0.0000385237691655752,2,3,1,"Médio porte",1,0.385237691655752
"3164","São José do Calçado","são josé do calçado","sao jose do calcado","Espírito Santo","ES","514.507870282572","16344.6804475631","0.688","10878",6024,NA,NA,NA,NA,NA,NA,"Menor porte",0,0
"3165","São Mateus","são mateus","sao mateus","Espírito Santo","ES","396.035946381991","17839.8395681609","0.735","123752",65469,16,3,0.000290213688921474,2,2,1,"Maior porte",19,2.90213688921474
"3166","São Roque do Canaã","são roque do canaã","sao roque do canaa","Espírito Santo","ES","545.64348521183","14237.2501998401","0.7","10886",8064,1,0,0.000124007936507937,1,1,3,"Menor porte",1,1.24007936507937
"3167","Serra","serra","serra","Espírito Santo","ES","403.531598513011","49057.799104772","0.739","520653",252661,47,9,0.000221640854742125,3,1,1,"Maior porte",56,2.21640854742125
"3168","Sooretama","sooretama","sooretama","Espírito Santo","ES","308.833116036506","17005.704041721","0.662","26502",11978,9,0,0.000751377525463349,2,2,3,"Médio porte",9,7.51377525463349
"3169","Vargem Alta","vargem alta","vargem alta","Espírito Santo","ES","549.627159464592","14284.9335371219","0.663","19563",13888,2,0,0.000144009216589862,3,2,3,"Médio porte",2,1.44009216589862
"3170","Venda Nova do Imigrante","venda nova do imigrante","venda nova do imigrante","Espírito Santo","ES","712.837444163915","23635.5408817246","0.728","23831",20920,2,0,0.0000956022944550669,2,1,1,"Médio porte",2,0.956022944550669
"3171","Viana","viana","viana","Espírito Santo","ES","414.641509433962","33827.4088050314","0.686","73423",38462,4,2,0.000155998128022464,1,2,3,"Médio porte",6,1.55998128022464
"3172","Vila Pavão","vila pavão","vila pavao","Espírito Santo","ES","596.386845521419","12556.1445261791","0.681","8911",6714,NA,NA,NA,3,1,3,"Menor porte",0,0
"3173","Vila Valério","vila valério","vila valerio","Espírito Santo","ES","695.374120656576","20659.2055709515","0.675","13728",12355,1,0,0.0000809388911371914,3,1,1,"Menor porte",1,0.809388911371914
"3174","Vila Velha","vila velha","vila velha","Espírito Santo","ES","463.102777639256","25651.3000548546","0.8","467722",260654,50,0,0.000191825178205591,1,1,1,"Maior porte",50,1.91825178205591
"3175","Vitória","vitória","vitoria","Espírito Santo","ES","553.325771138839","59080.4909048667","0.845","322869",211221,2,0,0.00000946875547412426,NA,NA,NA,"Maior porte",2,0.0946875547412426
"3176","Angra dos Reis","angra dos reis","angra dos reis","Rio de Janeiro","RJ","295.367168331369","47453.9807963525","0.724","167434",70865,32,0,0.000451562830734495,2,1,1,"Maior porte",32,4.51562830734495
"3177","Aperibé","aperibé","aperibe","Rio de Janeiro","RJ","550.205865053357","16405.1760356273","0.692","11034",7240,7,0,0.000966850828729282,1,3,3,"Menor porte",7,9.66850828729282
"3178","Araruama","araruama","araruama","Rio de Janeiro","RJ","495.498648477583","27393.6690668911","0.718","129671",75443,38,0,0.00050369152870379,1,3,1,"Maior porte",38,5.0369152870379
"3179","Areal","areal","areal","Rio de Janeiro","RJ","491.277922487963","27959.1127950114","0.684","11828",7500,NA,NA,NA,2,3,3,"Menor porte",0,0
"3180","Armação dos Búzios","armação dos búzios","armacao dos buzios","Rio de Janeiro","RJ","633.262754880065","76211.300287148","0.728","40006",25490,16,1,0.000666928207140055,2,1,1,"Médio porte",17,6.66928207140055
"3181","Arraial do Cabo","arraial do cabo","arraial do cabo","Rio de Janeiro","RJ","399.078220507959","83569.7054881836","0.733","30986",14062,NA,NA,NA,1,1,1,"Médio porte",0,0
"3182","Barra do Piraí","barra do piraí","barra do pirai","Rio de Janeiro","RJ","367.43281330634","20967.4189194554","0.733","92883",40800,3,0,0.0000735294117647059,1,3,3,"Maior porte",3,0.735294117647059
"3183","Barra Mansa","barra mansa","barra mansa","Rio de Janeiro","RJ","412.356018676319","29686.7929428187","0.729","169894",84418,2,0,0.0000236916297472103,1,1,1,"Maior porte",2,0.236916297472103
"3184","Belford Roxo","belford roxo","belford roxo","Rio de Janeiro","RJ","229.190946332033","15717.9089410233","0.684","483087",134913,NA,NA,NA,1,3,3,"Maior porte",0,0
"3185","Bom Jardim","bom jardim","bom jardim","Rio de Janeiro","RJ","521.473059096176","25249.6378910776","0.66","28102",16956,6,0,0.000353857041755131,2,2,3,"Médio porte",6,3.53857041755131
"3186","Bom Jesus do Itabapoana","bom jesus do itabapoana","bom jesus do itabapoana","Rio de Janeiro","RJ","378.732897884579","19587.9364567374","0.732","35173",16524,3,0,0.000181554103122731,2,1,3,"Médio porte",3,1.81554103122731
"3187","Cabo Frio","cabo frio","cabo frio","Rio de Janeiro","RJ","481.291616386981","50020.3665280539","0.735","222161",123475,34,1,0.000283458189916987,1,3,1,"Maior porte",35,2.83458189916987
"3188","Cachoeiras de Macacu","cachoeiras de macacu","cachoeiras de macacu","Rio de Janeiro","RJ","432.97978179856","19202.6204407871","0.7","56943",29280,14,1,0.000512295081967213,2,2,3,"Médio porte",15,5.12295081967213
"3189","Cambuci","cambuci","cambuci","Rio de Janeiro","RJ","362.188990589145","22789.1581797087","0.691","14616",6333,NA,NA,NA,1,1,3,"Menor porte",0,0
"3190","Campos dos Goytacazes","campos dos goytacazes","campos dos goytacazes","Rio de Janeiro","RJ","441.168069988732","56923.8117409541","0.716","483540",248200,32,0,0.000128928283642224,3,1,1,"Maior porte",32,1.28928283642224
"3191","Cantagalo","cantagalo","cantagalo","Rio de Janeiro","RJ","400.833002776676","36192.0864736216","0.709","19390",9100,NA,NA,NA,2,1,3,"Médio porte",0,0
"3192","Carapebus","carapebus","carapebus","Rio de Janeiro","RJ","309.779331966719","27320.3303991318","0.713","13847",5765,NA,NA,NA,3,3,3,"Menor porte",0,0
"3193","Cardoso Moreira","cardoso moreira","cardoso moreira","Rio de Janeiro","RJ","377.037672568442","22927.5407534514","0.648","12958",5518,NA,NA,NA,1,2,3,"Menor porte",0,0
"3194","Carmo","carmo","carmo","Rio de Janeiro","RJ","301.050972149238","24751.4450867052","0.696","17198",6680,NA,NA,NA,3,3,3,"Menor porte",0,0
"3195","Casimiro de Abreu","casimiro de abreu","casimiro de abreu","Rio de Janeiro","RJ","376.035167958083","45774.6053595613","0.726","46110",19784,16,1,0.000859280226445613,2,1,1,"Médio porte",17,8.59280226445613
"3196","Comendador Levy Gasparian","comendador levy gasparian","comendador levy gasparian","Rio de Janeiro","RJ","370.80223880597","49428.5214552239","0.685","8741",4854,NA,NA,NA,NA,NA,NA,"Menor porte",0,0
"3197","Conceição de Macabu","conceição de macabu","conceicao de macabu","Rio de Janeiro","RJ","418.711000940251","16068.2964355928","0.712","21104",10666,2,0,0.000187511719482468,2,2,3,"Médio porte",2,1.87511719482468
"3198","Cordeiro","cordeiro","cordeiro","Rio de Janeiro","RJ","484.959847556826","18064.9244589628","0.729","20783",11839,NA,NA,NA,1,2,1,"Médio porte",0,0
"3199","Duas Barras","duas barras","duas barras","Rio de Janeiro","RJ","394.517696044414","18613.1158917418","0.659","10980",5177,1,0,0.000193162062970833,3,3,3,"Menor porte",1,1.93162062970833
"3200","Duque de Caxias","duque de caxias","duque de caxias","Rio de Janeiro","RJ","311.72022357196","49027.8924189725","0.711","808161",330367,9,0,0.000027242430388023,NA,NA,NA,"Maior porte",9,0.27242430388023
"3201","Engenheiro Paulo de Frontin","engenheiro paulo de frontin","engenheiro paulo de frontin","Rio de Janeiro","RJ","385.260464785729","17880.6765688295","0.722","12242",6018,NA,NA,NA,NA,NA,NA,"Menor porte",0,0
"3202","Guapimirim","guapimirim","guapimirim","Rio de Janeiro","RJ","286.147129732195","17289.6657327165","0.698","51696",20991,15,0,0.00071459196798628,2,2,3,"Médio porte",15,7.1459196798628
"3203","Iguaba Grande","iguaba grande","iguaba grande","Rio de Janeiro","RJ","430.34989770087","18593.3696292957","0.761","27920",14429,15,0,0.00103957308198766,1,1,1,"Médio porte",15,10.3957308198766
"3204","Itaboraí","itaboraí","itaborai","Rio de Janeiro","RJ","364.520930309265","20319.4608791019","0.693","224267",101212,19,2,0.000207485278425483,2,3,3,"Maior porte",21,2.07485278425483
"3205","Itaguaí","itaguaí","itaguai","Rio de Janeiro","RJ","382.082644137696","58959.6644389886","0.715","116841",58533,12,0,0.000205012557019117,1,3,1,"Maior porte",12,2.05012557019117
"3206","Italva","italva","italva","Rio de Janeiro","RJ","413.621805346755","21660.0431400745","0.688","14073",7011,NA,NA,NA,3,3,3,"Menor porte",0,0
"3207","Itaocara","itaocara","itaocara","Rio de Janeiro","RJ","636.034794591336","23830.2471793988","0.713","22919",16343,8,0,0.000489506210610047,1,1,1,"Médio porte",8,4.89506210610047
"3208","Itaperuna","itaperuna","itaperuna","Rio de Janeiro","RJ","450.125240847784","29833.7668593449","0.73","101041",51440,5,0,0.0000972006220839813,NA,NA,NA,"Maior porte",5,0.972006220839813
"3209","Itatiaia","itatiaia","itatiaia","Rio de Janeiro","RJ","253.399451097804","139559.755489022","0.737","30908",8602,2,0,0.000232504068821204,NA,NA,NA,"Médio porte",2,2.32504068821204
"3210","Japeri","japeri","japeri","Rio de Janeiro","RJ","179.757077348694","13610.6226550953","0.659","96289",22743,NA,NA,NA,NA,NA,NA,"Maior porte",0,0
"3211","Laje do Muriaé","laje do muriaé","laje do muriae","Rio de Janeiro","RJ","303.849303849304","19888.6158886159","0.668","7336",2460,NA,NA,NA,NA,NA,NA,"Menor porte",0,0
"3212","Macaé","macaé","macae","Rio de Janeiro","RJ","437.114963231498","57717.5727817484","0.764","246391",127990,55,2,0.000445347292757247,2,1,1,"Maior porte",57,4.45347292757247
"3213","Macuco","macuco","macuco","Rio de Janeiro","RJ","654.988440334341","30179.4415792282","0.703","5415",4285,5,0,0.00116686114352392,3,2,1,"Menor porte",5,11.6686114352392
"3214","Magé","magé","mage","Rio de Janeiro","RJ","309.329513498598","17260.0179359096","0.709","228127",88563,3,0,0.0000338741912536838,1,3,3,"Maior porte",3,0.338741912536838
"3215","Mangaratiba","mangaratiba","mangaratiba","Rio de Janeiro","RJ","326.40424590889","54614.7279964617","0.753","41220",17485,4,0,0.000228767515012868,2,1,1,"Médio porte",4,2.28767515012868
"3216","Maricá","maricá","marica","Rio de Janeiro","RJ","416.573457180373","228096.13747994","0.765","197277",86436,24,7,0.000358646860104586,NA,NA,NA,"Maior porte",31,3.58646860104586
"3217","Mendes","mendes","mendes","Rio de Janeiro","RJ","397.039897039897","18779.2256542257","0.736","17502",8401,NA,NA,NA,3,3,3,"Menor porte",0,0
"3218","Mesquita","mesquita","mesquita","Rio de Janeiro","RJ","282.410842220322","13131.7332034502","0.737","167127",57555,12,0,0.000208496221005994,NA,NA,NA,"Maior porte",12,2.08496221005994
"3219","Miguel Pereira","miguel pereira","miguel pereira","Rio de Janeiro","RJ","652.9846370353","24027.1295101833","0.745","26582",18756,14,0,0.000746427809767541,2,1,1,"Médio porte",14,7.46427809767541
"3220","Miracema","miracema","miracema","Rio de Janeiro","RJ","429.660455181557","20989.0992119025","0.713","26881",12686,2,0,0.000157654106889484,2,1,3,"Médio porte",2,1.57654106889484
"3221","Natividade","natividade","natividade","Rio de Janeiro","RJ","383.319182287244","19424.7926327477","0.73","15074",6550,NA,NA,NA,NA,NA,NA,"Menor porte",0,0
"3222","Nilópolis","nilópolis","nilopolis","Rio de Janeiro","RJ","347.697811214988","17852.1878630304","0.753","146774",61948,4,0,0.0000645702847549558,1,3,1,"Maior porte",4,0.645702847549558
"3223","Niterói","niterói","niteroi","Rio de Janeiro","RJ","528.957903581679","90338.9622310151","0.837","481749",290045,13,1,0.0000482683721491493,1,1,2,"Maior porte",14,0.482683721491493
"3224","Nova Friburgo","nova friburgo","nova friburgo","Rio de Janeiro","RJ","656.22678621873","28030.0745979765","0.745","189939",135825,13,0,0.0000957113933370145,1,1,1,"Maior porte",13,0.957113933370145
"3225","Nova Iguaçu","nova iguaçu","nova iguacu","Rio de Janeiro","RJ","324.969452278751","21164.3868228184","0.713","785867",307092,10,0,0.0000325635314498587,1,3,3,"Maior porte",10,0.325635314498587
"3226","Paracambi","paracambi","paracambi","Rio de Janeiro","RJ","378.129567412638","18646.4324355105","0.72","41375",22343,2,0,0.0000895134941592445,1,1,3,"Médio porte",2,0.895134941592445
"3227","Paraíba do Sul","paraíba do sul","paraiba do sul","Rio de Janeiro","RJ","370.007637360169","22559.4590951974","0.702","42063",19012,NA,NA,NA,1,1,3,"Médio porte",0,0
"3228","Paraty","paraty","paraty","Rio de Janeiro","RJ","258.653846153846","63166.5064102564","0.693","45243",14356,NA,NA,NA,NA,NA,NA,"Médio porte",0,0
"3229","Paty do Alferes","paty do alferes","paty do alferes","Rio de Janeiro","RJ","533.383588197286","20001.8307129011","0.671","29619",17385,3,0,0.000172562553925798,2,2,3,"Médio porte",3,1.72562553925798
"3230","Petrópolis","petrópolis","petropolis","Rio de Janeiro","RJ","545.128766980351","44488.28412863","0.745","278881",186058,9,0,0.0000483720130281955,1,1,1,"Maior porte",9,0.483720130281955
"3231","Pinheiral","pinheiral","pinheiral","Rio de Janeiro","RJ","309.848604321085","28238.1722125848","0.715","24298",9416,NA,NA,NA,3,1,3,"Médio porte",0,0
"3232","Piraí","piraí","pirai","Rio de Janeiro","RJ","337.146725334236","75449.4499915383","0.708","27474",11470,13,0,0.0011333914559721,1,1,1,"Médio porte",13,11.333914559721
"3233","Porciúncula","porciúncula","porciuncula","Rio de Janeiro","RJ","203.322784810127","18374.3143459916","0.697","17288",4464,NA,NA,NA,NA,NA,NA,"Menor porte",0,0
"3234","Porto Real","porto real","porto real","Rio de Janeiro","RJ","463.352358065485","121399.86983078","0.713","20373",7390,NA,NA,NA,NA,NA,NA,"Menor porte",0,0
"3235","Quatis","quatis","quatis","Rio de Janeiro","RJ","315.067544163492","19251.4721163838","0.69","13682",5024,NA,NA,NA,3,2,3,"Menor porte",0,0
"3236","Queimados","queimados","queimados","Rio de Janeiro","RJ","261.770244821092","25609.0131165956","0.68","140523",45786,1,0,0.0000218407373432927,NA,NA,NA,"Maior porte",1,0.218407373432927
"3237","Quissamã","quissamã","quissama","Rio de Janeiro","RJ","335.907028575977","152103.677465574","0.704","22393",9696,NA,NA,NA,NA,NA,NA,"Médio porte",0,0
"3238","Resende","resende","resende","Rio de Janeiro","RJ","563.637462966322","64729.767519197","0.768","129612",85048,3,0,0.0000352741980998965,NA,NA,NA,"Maior porte",3,0.352741980998965
"3239","Rio Bonito","rio bonito","rio bonito","Rio de Janeiro","RJ","834.117511102306","25664.2233338286","0.71","56276",53613,1,0,0.000018652192565236,1,1,1,"Médio porte",1,0.18652192565236
"3240","Rio Claro","rio claro","rio claro","Rio de Janeiro","RJ","304.273044880409","20979.5216339694","0.683","17401",6634,4,0,0.000602954476936991,3,2,3,"Menor porte",4,6.02954476936991
"3241","Rio das Flores","rio das flores","rio das flores","Rio de Janeiro","RJ","292.380136986301","23344.1780821918","0.68","8954",3200,NA,NA,NA,3,3,3,"Menor porte",0,0
"3242","Rio das Ostras","rio das ostras","rio das ostras","Rio de Janeiro","RJ","376.930660532369","49883.1132847487","0.773","156491",69854,0,1,0.0000143155724797435,2,3,1,"Maior porte",1,0.143155724797435
"3243","Rio de Janeiro","rio de janeiro","rio de janeiro","Rio de Janeiro","RJ","429.579797312167","52606.8785228996","0.799","6211223",3134989,816,81,0.000286125405862668,1,1,1,"Maior porte",897,2.86125405862668
"3244","Santa Maria Madalena","santa maria madalena","santa maria madalena","Rio de Janeiro","RJ","345.650500384911","18184.4688221709","0.668","10232",4093,1,0,0.000244319569997557,3,2,3,"Menor porte",1,2.44319569997557
"3245","Santo Antônio de Pádua","santo antônio de pádua","santo antonio de padua","Rio de Janeiro","RJ","500.164342395643","27183.3591585669","0.718","41325",23132,15,0,0.000648452360366592,3,1,1,"Médio porte",15,6.48452360366592
"3246","São Fidélis","são fidélis","sao fidelis","Rio de Janeiro","RJ","453.267889434255","18982.2268147765","0.691","38961",19387,3,0,0.00015474286893279,3,1,3,"Médio porte",3,1.5474286893279
"3247","São Francisco de Itabapoana","são francisco de itabapoana","sao francisco de itabapoana","Rio de Janeiro","RJ","342.146410803127","24262.7102582326","0.639","45059",17452,2,0,0.000114600045840018,2,2,3,"Médio porte",2,1.14600045840018
"3248","São Gonçalo","são gonçalo","sao goncalo","Rio de Janeiro","RJ","296.632797093073","16809.4513605383","0.739","896744",363605,52,0,0.000143012334813878,1,3,3,"Maior porte",52,1.43012334813878
"3249","São João da Barra","são joão da barra","sao joao da barra","Rio de Janeiro","RJ","380.089503884908","218762.238146226","0.671","36573",16683,3,0,0.000179823772702751,NA,NA,NA,"Médio porte",3,1.79823772702751
"3250","São João de Meriti","são joão de meriti","sao joao de meriti","Rio de Janeiro","RJ","324.745298219942","20714.2920580411","0.719","440962",172866,7,0,0.0000404937928800342,1,3,3,"Maior porte",7,0.404937928800342
"3251","São José de Ubá","são josé de ubá","sao jose de uba","Rio de Janeiro","RJ","433.250069386622","24874.5489869553","0.652","7070",3561,3,0,0.0008424599831508,3,1,3,"Menor porte",3,8.424599831508
"3252","São José do Vale do Rio Preto","são josé do vale do rio preto","sao jose do vale do rio preto","Rio de Janeiro","RJ","519.985398795401","24660.9782807082","0.66","22080",13379,3,0,0.000224232005381568,1,2,3,"Médio porte",3,2.24232005381568
"3253","São Pedro da Aldeia","são pedro da aldeia","sao pedro da aldeia","Rio de Janeiro","RJ","359.201878376977","22980.6504540354","0.712","104029",43822,27,0,0.000616128885034914,1,3,3,"Maior porte",27,6.16128885034914
"3254","São Sebastião do Alto","são sebastião do alto","sao sebastiao do alto","Rio de Janeiro","RJ","427.080004261212","21619.580270587","0.646","7750",4404,2,0,0.000454132606721163,3,3,3,"Menor porte",2,4.54132606721163
"3255","Sapucaia","sapucaia","sapucaia","Rio de Janeiro","RJ","220.012055455093","41313.2774398597","0.675","17729",5284,6,0,0.00113550340651022,2,2,3,"Menor porte",6,11.3550340651022
"3256","Saquarema","saquarema","saquarema","Rio de Janeiro","RJ","419.328130002318","118301.303776647","0.709","89559",44759,31,0,0.000692598136687594,NA,NA,NA,"Médio porte",31,6.92598136687594
"3257","Seropédica","seropédica","seropedica","Rio de Janeiro","RJ","328.298753189236","50046.9720310018","0.713","80596",32645,20,0,0.000612651248276918,1,2,3,"Médio porte",20,6.12651248276918
"3258","Silva Jardim","silva jardim","silva jardim","Rio de Janeiro","RJ","356.250574079177","22724.2123633692","0.654","21352",9065,3,0,0.000330943188086045,2,1,3,"Médio porte",3,3.30943188086045
"3259","Sumidouro","sumidouro","sumidouro","Rio de Janeiro","RJ","531.499329801494","27952.5116486883","0.611","15206",9908,NA,NA,NA,1,2,3,"Menor porte",0,0
"3260","Tanguá","tanguá","tangua","Rio de Janeiro","RJ","288.038139266108","16731.3204276221","0.654","31086",11815,NA,NA,NA,1,1,3,"Médio porte",0,0
"3261","Teresópolis","teresópolis","teresopolis","Rio de Janeiro","RJ","534.498480243161","28913.4335649153","0.73","165123",109846,17,0,0.000154762121515576,1,1,1,"Maior porte",17,1.54762121515576
"3262","Trajano de Moraes","trajano de moraes","trajano de moraes","Rio de Janeiro","RJ","349.06015037594","19433.6466165414","0.667","10302",4173,NA,NA,NA,3,3,3,"Menor porte",0,0
"3263","Três Rios","três rios","tres rios","Rio de Janeiro","RJ","430.34014267975","53118.7577609505","0.725","78346",39752,3,0,0.0000754679009861139,1,1,1,"Médio porte",3,0.754679009861139
"3264","Valença","valença","valenca","Rio de Janeiro","RJ","336.676683708647","26682.7459704172","0.738","68088",29295,2,0,0.0000682710360129715,1,1,3,"Médio porte",2,0.682710360129715
"3265","Varre-Sai","varre-sai","varre-sai","Rio de Janeiro","RJ","282.459931568521","17702.0529443544","0.659","10207",3631,NA,NA,NA,2,2,3,"Menor porte",0,0
"3266","Vassouras","vassouras","vassouras","Rio de Janeiro","RJ","439.257880969717","29435.8331310843","0.714","33976",18311,8,0,0.000436895854950576,NA,NA,NA,"Médio porte",8,4.36895854950576
"3267","Volta Redonda","volta redonda","volta redonda","Rio de Janeiro","RJ","517.205133071521","40212.2246229762","0.771","261563",153758,NA,NA,NA,1,1,1,"Maior porte",0,0
"3268","Adamantina","adamantina","adamantina","São Paulo","SP","794.651248896357","32360.827091225","0.79","34687",29786,3,0,0.000100718458336131,2,1,1,"Médio porte",3,1.00718458336131
"3269","Adolfo","adolfo","adolfo","São Paulo","SP","696.679797411367","31335.9594822735","0.73","4351",2886,NA,NA,NA,NA,NA,NA,"Menor porte",0,0
"3270","Aguaí","aguaí","aguai","São Paulo","SP","602.24296005239","27985.0742196027","0.715","32072",24566,6,0,0.000244240006513067,2,2,1,"Médio porte",6,2.44240006513067
"3271","Águas da Prata","águas da prata","aguas da prata","São Paulo","SP","587.154847342173","20732.0277338523","0.781","7369",5351,NA,NA,NA,3,2,1,"Menor porte",0,0
"3272","Águas de Lindóia","águas de lindóia","aguas de lindoia","São Paulo","SP","723.256061250532","28230.4338579328","0.745","17930",15599,14,6,0.00128213347009424,1,2,1,"Menor porte",20,12.8213347009424
"3273","Águas de Santa Bárbara","águas de santa bárbara","aguas de santa barbara","São Paulo","SP","699.45981339008","28599.2797511868","0.757","7177",4990,NA,NA,NA,NA,NA,NA,"Menor porte",0,0
"3274","Águas de São Pedro","águas de são pedro","aguas de sao pedro","São Paulo","SP","767.679636466913","41439.0798068731","0.854","2780",3058,1,0,0.000327011118378025,NA,NA,NA,"Menor porte",1,3.27011118378025
"3275","Agudos","agudos","agudos","São Paulo","SP","596.294216732173","61341.9694660571","0.745","37680",25556,4,1,0.000195648771325716,2,2,1,"Médio porte",5,1.95648771325716
"3276","Alambari","alambari","alambari","São Paulo","SP","418.665361396639","16854.6255506608","0.712","6141",3192,3,0,0.00093984962406015,1,2,3,"Menor porte",3,9.3984962406015
"3277","Alfredo Marcondes","alfredo marcondes","alfredo marcondes","São Paulo","SP","591.300191204589","20771.5105162524","0.741","4445",2810,1,0,0.000355871886120996,NA,NA,NA,"Menor porte",1,3.55871886120996
"3278","Altair","altair","altair","São Paulo","SP","392.498805542284","21661.4906832298","0.687","3451",1892,NA,NA,NA,1,2,3,"Menor porte",0,0
"3279","Altinópolis","altinópolis","altinopolis","São Paulo","SP","628.587298648398","33034.9318027526","0.73","16818",11315,2,0,0.000176756517896597,3,3,1,"Menor porte",2,1.76756517896597
"3280","Alto Alegre","alto alegre","alto alegre","São Paulo","SP","615.949119373777","29502.446183953","0.7","3841",2871,NA,NA,NA,NA,NA,NA,"Menor porte",0,0
"3281","Alumínio","alumínio","aluminio","São Paulo","SP","473.597271806895","114404.539883839","0.766","17301",10215,NA,NA,NA,NA,NA,NA,"Menor porte",0,0
"3282","Álvares Florence","álvares florence","alvares florence","São Paulo","SP","551.13792157938","27766.6575267343","0.728","3915",2332,NA,NA,NA,3,2,1,"Menor porte",0,0
"3283","Álvares Machado","álvares machado","alvares machado","São Paulo","SP","630.650452036163","20453.0362428994","0.758","27255",18376,NA,NA,NA,2,2,1,"Médio porte",0,0
"3284","Álvaro de Carvalho","álvaro de carvalho","alvaro de carvalho","São Paulo","SP","270.383010997345","9612.24876753887","0.688","4808",1615,NA,NA,NA,NA,NA,NA,"Menor porte",0,0
"3285","Alvinlândia","alvinlândia","alvinlandia","São Paulo","SP","466.172381835032","15650.2934816188","0.722","2885",1769,NA,NA,NA,3,2,3,"Menor porte",0,0
"3286","Americana","americana","americana","São Paulo","SP","761.28221867795","49377.8685882868","0.811","237240",199036,36,8,0.000221065535882956,3,1,2,"Maior porte",44,2.21065535882956
"3287","Américo Brasiliense","américo brasiliense","americo brasiliense","São Paulo","SP","618.249171378436","20678.3729771885","0.751","33019",27881,3,0,0.000107600157813565,1,1,1,"Médio porte",3,1.07600157813565
"3288","Américo de Campos","américo de campos","americo de campos","São Paulo","SP","634.509279384718","17055.1747199465","0.745","5870",4298,NA,NA,NA,3,2,1,"Menor porte",0,0
"3289","Amparo","amparo","amparo","São Paulo","SP","764.2995720792","58401.1172723145","0.785","68008",60295,26,1,0.000447798324902562,3,1,1,"Médio porte",27,4.47798324902562
"3290","Analândia","analândia","analandia","São Paulo","SP","519.778481012658","35076.3449367089","0.754","4589",3089,1,0,0.000323729362253156,3,2,1,"Menor porte",1,3.23729362253156
"3291","Andradina","andradina","andradina","São Paulo","SP","811.177930841579","35961.347505332","0.779","59783",50631,2,0,0.0000395014911812921,1,1,1,"Médio porte",2,0.395014911812921
"3292","Angatuba","angatuba","angatuba","São Paulo","SP","533.655167000275","39512.2650025511","0.719","24022",15620,1,0,0.0000640204865556978,2,2,1,"Médio porte",1,0.640204865556978
"3293","Anhembi","anhembi","anhembi","São Paulo","SP","354.450799237425","21695.2632350785","0.721","5674",2876,NA,NA,NA,3,2,3,"Menor porte",0,0
"3294","Anhumas","anhumas","anhumas","São Paulo","SP","494.69111969112","18005.0675675676","0.741","4023",2356,NA,NA,NA,NA,NA,NA,"Menor porte",0,0
"3295","Aparecida","aparecida","aparecida","São Paulo","SP","629.459720878817","31616.8578140113","0.755","32569",23236,17,0,0.000731623343088311,1,1,1,"Médio porte",17,7.31623343088311
"3296","Aparecida d'Oeste","aparecida d'oeste","aparecida doeste","São Paulo","SP","786.435786435786","24365.5603655604","0.721","4086",3572,NA,NA,NA,3,3,1,"Menor porte",0,0
"3297","Apiaí","apiaí","apiai","São Paulo","SP","481.713861140923","24810.9881945018","0.71","24585",14019,NA,NA,NA,2,1,1,"Médio porte",0,0
"3298","Araçariguama","araçariguama","aracariguama","São Paulo","SP","470.909886264217","150564.916885389","0.704","21522",13619,5,0,0.000367134150818709,NA,NA,NA,"Médio porte",5,3.67134150818709
"3299","Araçatuba","araçatuba","aracatuba","São Paulo","SP","884.686239773077","39408.2441237779","0.788","200124",187243,11,0,0.0000587471894810487,3,1,2,"Maior porte",11,0.587471894810487
"3300","Araçoiaba da Serra","araçoiaba da serra","aracoiaba da serra","São Paulo","SP","624.798711755234","23859.500805153","0.776","32443",25985,1,0,0.0000384837406195882,NA,NA,NA,"Médio porte",1,0.384837406195882
"3301","Aramina","aramina","aramina","São Paulo","SP","555.968169761273","26190.450928382","0.74","5420",3479,NA,NA,NA,3,2,1,"Menor porte",0,0
"3302","Arandu","arandu","arandu","São Paulo","SP","429.379418695994","21894.5797329144","0.685","6885",3371,NA,NA,NA,3,2,3,"Menor porte",0,0
"3303","Arapeí","arapeí","arapei","São Paulo","SP","462.60162601626","13821.5447154472","0.68","2330",1256,NA,NA,NA,3,2,3,"Menor porte",0,0
"3304","Araraquara","araraquara","araraquara","São Paulo","SP","777.338161190573","42070.248679402","0.815","242228",199882,29,1,0.000150088552245825,NA,NA,NA,"Maior porte",30,1.50088552245825
"3305","Araras","araras","araras","São Paulo","SP","763.597183888536","43790.5480200139","0.781","130866",112982,9,8,0.000150466445982546,3,1,2,"Maior porte",17,1.50466445982546
"3306","Arco-Íris","arco-íris","arco-iris","São Paulo","SP","550.479413423576","23869.7123519459","0.722","2044",1130,NA,NA,NA,NA,NA,NA,"Menor porte",0,0
"3307","Arealva","arealva","arealva","São Paulo","SP","524.439800301869","24951.5848136538","0.744","8130",5308,NA,NA,NA,3,3,1,"Menor porte",0,0
"3308","Areias","areias","areias","São Paulo","SP","414.014373716632","11886.8069815195","0.697","3577",1854,NA,NA,NA,2,2,3,"Menor porte",0,0
"3309","Areiópolis","areiópolis","areiopolis","São Paulo","SP","480.910557447571","12715.0026886539","0.695","10130",6100,NA,NA,NA,2,2,3,"Menor porte",0,0
"3310","Ariranha","ariranha","ariranha","São Paulo","SP","610.593176928593","76218.2153467882","0.733","7602",6392,NA,NA,NA,3,2,1,"Menor porte",0,0
"3311","Artur Nogueira","artur nogueira","artur nogueira","São Paulo","SP","693.332128659198","22961.4925912541","0.749","51456",43925,1,0,0.000022766078542971,1,2,1,"Médio porte",1,0.22766078542971
"3312","Arujá","arujá","aruja","São Paulo","SP","628.147043013702","71117.2592340687","0.784","86678",63831,35,2,0.000579655653209256,1,2,1,"Médio porte",37,5.79655653209256
"3313","Aspásia","aspásia","aspasia","São Paulo","SP","618.811881188119","18319.5819581958","0.735","1842",1298,NA,NA,NA,NA,NA,NA,"Menor porte",0,0
"3314","Assis","assis","assis","São Paulo","SP","769.286400791725","33703.0365316357","0.805","101409",88800,9,0,0.000101351351351351,2,1,2,"Maior porte",9,1.01351351351351
"3315","Atibaia","atibaia","atibaia","São Paulo","SP","807.437121758925","48149.1102659486","0.765","158647",134857,29,0,0.000215042600680721,1,1,2,"Maior porte",29,2.15042600680721
"3316","Auriflama","auriflama","auriflama","São Paulo","SP","719.268340654298","20360.7814856094","0.773","13692",12307,NA,NA,NA,3,3,1,"Menor porte",0,0
"3317","Avaí","avaí","avai","São Paulo","SP","384.473877851361","54142.200147167","0.714","4483",2469,NA,NA,NA,2,2,1,"Menor porte",0,0
"3318","Avanhandava","avanhandava","avanhandava","São Paulo","SP","435.745724799769","23124.5400101017","0.705","11263",6735,NA,NA,NA,1,2,3,"Menor porte",0,0
"3319","Avaré","avaré","avare","São Paulo","SP","720.306471413539","30099.5703262013","0.767","92805",72779,29,1,0.000412206817900768,1,2,1,"Médio porte",30,4.12206817900768
"3320","Bady Bassitt","bady bassitt","bady bassitt","São Paulo","SP","750.408197736614","21892.5173132143","0.746","27260",17668,NA,NA,NA,3,2,1,"Menor porte",0,0
"3321","Balbinos","balbinos","balbinos","São Paulo","SP","129.086619480957","8895.18031681833","0.669","3887",875,NA,NA,NA,NA,NA,NA,"Menor porte",0,0
"3322","Bálsamo","bálsamo","balsamo","São Paulo","SP","699.529489003173","23662.5451362293","0.756","9596",7489,NA,NA,NA,3,2,1,"Menor porte",0,0
"3323","Bananal","bananal","bananal","São Paulo","SP","435.640862366961","16541.2535249704","0.733","9969",5148,NA,NA,NA,3,2,3,"Menor porte",0,0
"3324","Barão de Antonina","barão de antonina","barao de antonina","São Paulo","SP","378.787878787879","17685.534591195","0.711","3531",1674,NA,NA,NA,3,2,3,"Menor porte",0,0
"3325","Barbosa","barbosa","barbosa","São Paulo","SP","439.475093733262","15247.3219068024","0.699","5640",3685,NA,NA,NA,3,2,3,"Menor porte",0,0
"3326","Bariri","bariri","bariri","São Paulo","SP","709.348107317622","32734.0120366725","0.75","31595",27435,4,0,0.00014579916165482,3,2,1,"Médio porte",4,1.4579916165482
"3327","Barra Bonita","barra bonita","barra bonita","São Paulo","SP","806.731993578033","31534.0475004152","0.788","34346",30937,4,2,0.000193942528364095,2,1,1,"Médio porte",6,1.93942528364095
"3328","Barra do Chapéu","barra do chapéu","barra do chapeu","São Paulo","SP","389.930555555556","18874.6527777778","0.66","5179",2942,NA,NA,NA,NA,NA,NA,"Menor porte",0,0
"3329","Barra do Turvo","barra do turvo","barra do turvo","São Paulo","SP","243.579664570231","12726.8081761006","0.641","6876",2241,5,0,0.00223114680946006,NA,NA,NA,"Menor porte",5,22.3114680946006
"3330","Barretos","barretos","barretos","São Paulo","SP","787.036057085637","39340.657640862","0.789","122485",107434,14,0,0.000130312563992777,NA,NA,NA,"Maior porte",14,1.30312563992777
"3331","Barrinha","barrinha","barrinha","São Paulo","SP","470.253164556962","15089.1199517782","0.725","32092",18382,NA,NA,NA,1,2,1,"Médio porte",0,0
"3332","Barueri","barueri","barueri","São Paulo","SP","663.111682347589","190700.146579922","0.786","316473",221033,20,0,0.0000904842263372438,NA,NA,NA,"Maior porte",20,0.904842263372438
"3333","Bastos","bastos","bastos","São Paulo","SP","813.487328783468","51230.4681907125","0.751","21503",18612,NA,NA,NA,1,1,1,"Médio porte",0,0
"3334","Batatais","batatais","batatais","São Paulo","SP","682.089552238806","26848.2851698952","0.761","58402",47236,2,1,0.0000635108815310356,1,1,1,"Médio porte",3,0.635108815310356
"3335","Bauru","bauru","bauru","São Paulo","SP","761.780346272182","40402.6158920318","0.801","379146",303695,35,4,0.000128418314427304,1,1,2,"Maior porte",39,1.28418314427304
"3336","Bebedouro","bebedouro","bebedouro","São Paulo","SP","844.961640126362","42716.0724647025","0.78","76373",72012,3,1,0.000055546297839249,1,1,1,"Médio porte",4,0.55546297839249
"3337","Bento de Abreu","bento de abreu","bento de abreu","São Paulo","SP","488.851913477537","40232.612312812","0.744","2606",1605,NA,NA,NA,3,2,1,"Menor porte",0,0
"3338","Bernardino de Campos","bernardino de campos","bernardino de campos","São Paulo","SP","646.442014697975","24122.0648861803","0.734","11607",8180,NA,NA,NA,3,3,1,"Menor porte",0,0
"3339","Bertioga","bertioga","bertioga","São Paulo","SP","402.762541909368","28264.9599060612","0.73","64188",33079,20,1,0.000634843858641434,1,2,1,"Médio porte",21,6.34843858641434
"3340","Bilac","bilac","bilac","São Paulo","SP","678.206233830233","25821.239374153","0.768","7319",6246,NA,NA,NA,1,3,1,"Menor porte",0,0
"3341","Birigui","birigui","birigui","São Paulo","SP","820.007527045314","27652.210468999","0.78","118979",110314,NA,NA,NA,3,3,2,"Maior porte",0,0
"3342","Biritiba Mirim","biritiba mirim","biritiba mirim","São Paulo","SP","404.147437454457","23034.278600923","0.712","29683",15850,NA,NA,NA,3,2,3,"Médio porte",0,0
"3343","Boa Esperança do Sul","boa esperança do sul","boa esperanca do sul","São Paulo","SP","513.250765747769","21387.0688507125","0.681","12978",8695,3,3,0.000690051753881541,2,2,3,"Menor porte",6,6.90051753881541
"3344","Bocaina","bocaina","bocaina","São Paulo","SP","596.289752650177","18347.8959203341","0.742","11259",8246,NA,NA,NA,3,2,1,"Menor porte",0,0
"3345","Bofete","bofete","bofete","São Paulo","SP","476.050666890362","15239.9966445768","0.705","10460",6711,2,0,0.000298018179108926,3,2,3,"Menor porte",2,2.98018179108926
"3346","Boituva","boituva","boituva","São Paulo","SP","737.719157149751","47335.2581631012","0.78","61081",54847,6,0,0.000109395226721607,1,2,1,"Médio porte",6,1.09395226721607
"3347","Bom Jesus dos Perdões","bom jesus dos perdões","bom jesus dos perdoes","São Paulo","SP","602.77082932461","34904.3294208197","0.713","22006",18381,NA,NA,NA,1,2,1,"Médio porte",0,0
"3348","Bom Sucesso de Itararé","bom sucesso de itararé","bom sucesso de itarare","São Paulo","SP","404.367469879518","14818.2730923695","0.66","3555",2096,NA,NA,NA,2,2,3,"Menor porte",0,0
"3349","Borá","borá","bora","São Paulo","SP","631.26491646778","50427.2076372315","0.746","907",595,NA,NA,NA,NA,NA,NA,"Menor porte",0,0
"3350","Boracéia","boracéia","boraceia","São Paulo","SP","567.173377156943","79318.8167625308","0.754","4715",3190,3,0,0.000940438871473354,NA,NA,NA,"Menor porte",3,9.40438871473354
"3351","Borborema","borborema","borborema","São Paulo","SP","662.336055431824","25313.1031922791","0.73","14226",12336,NA,NA,NA,2,2,1,"Menor porte",0,0
"3352","Borebi","borebi","borebi","São Paulo","SP","473.723443906075","21670.8907938874","0.705","2713",1497,NA,NA,NA,3,2,3,"Menor porte",0,0
"3353","Botucatu","botucatu","botucatu","São Paulo","SP","703.139134543982","34663.4442719233","0.8","145155",114371,10,1,0.0000961782269981027,NA,NA,NA,"Maior porte",11,0.961782269981027
"3354","Bragança Paulista","bragança paulista","braganca paulista","São Paulo","SP","771.721602270528","37986.5363302117","0.776","176811",148775,25,23,0.000322634851285498,3,1,2,"Maior porte",48,3.22634851285498
"3355","Braúna","braúna","brauna","São Paulo","SP","522.905417174708","17049.9912907159","0.737","5356",3446,NA,NA,NA,3,2,3,"Menor porte",0,0
"3356","Brejo Alegre","brejo alegre","brejo alegre","São Paulo","SP","523.018345448252","18798.2000692281","0.71","2565",1741,NA,NA,NA,3,2,3,"Menor porte",0,0
"3357","Brodowski","brodowski","brodowski","São Paulo","SP","637.338291727658","26408.3949835819","0.755","25201",18479,3,0,0.000162346447318578,2,1,1,"Médio porte",3,1.62346447318578
"3358","Brotas","brotas","brotas","São Paulo","SP","695.567462250365","37866.5367754506","0.74","23898",19028,3,0,0.000157662392264032,2,2,1,"Médio porte",3,1.57662392264032
"3359","Buri","buri","buri","São Paulo","SP","498.121712997746","23139.8447282745","0.667","20250",12075,NA,NA,NA,3,2,3,"Menor porte",0,0
"3360","Buritama","buritama","buritama","São Paulo","SP","676.176147213703","34651.351194954","0.763","17210",13337,NA,NA,NA,1,2,1,"Menor porte",0,0
"3361","Buritizal","buritizal","buritizal","São Paulo","SP","647.540983606557","37824.7673903412","0.735","4356",3508,NA,NA,NA,3,2,1,"Menor porte",0,0
"3362","Cabrália Paulista","cabrália paulista","cabralia paulista","São Paulo","SP","599.340089559274","17470.893235918","0.694","4299",3022,6,0,0.00198544010589014,NA,NA,NA,"Menor porte",6,19.8544010589014
"3363","Cabreúva","cabreúva","cabreuva","São Paulo","SP","589.64088123897","105513.553709175","0.738","47011",34033,3,3,0.000176299474039902,NA,NA,NA,"Médio porte",6,1.76299474039902
"3364","Caçapava","caçapava","cacapava","São Paulo","SP","610.379086067903","42535.003893999","0.788","96202",64183,3,1,0.0000623217986071078,1,1,1,"Médio porte",4,0.623217986071078
"3365","Cachoeira Paulista","cachoeira paulista","cachoeira paulista","São Paulo","SP","492.451088413091","18405.1100324588","0.764","31564",18009,1,0,0.0000555277916597257,2,2,1,"Médio porte",1,0.555277916597257
"3366","Caconde","caconde","caconde","São Paulo","SP","546.16234415277","21159.8190330896","0.72","17101",12006,NA,NA,NA,1,2,3,"Menor porte",0,0
"3367","Cafelândia","cafelândia","cafelandia","São Paulo","SP","592.389172224402","28456.4815333744","0.742","16654",11705,NA,NA,NA,1,3,1,"Menor porte",0,0
"3368","Caiabu","caiabu","caiabu","São Paulo","SP","478.177915573575","13968.0419747198","0.729","3712",2326,NA,NA,NA,NA,NA,NA,"Menor porte",0,0
"3369","Caieiras","caieiras","caieiras","São Paulo","SP","453.63171977621","38065.34663099","0.781","95032",54673,5,0,0.0000914528194904249,2,3,1,"Maior porte",5,0.914528194904249
"3370","Caiuá","caiuá","caiua","São Paulo","SP","310.79717457114","13263.2021527077","0.697","5466",2149,NA,NA,NA,NA,NA,NA,"Menor porte",0,0
"3371","Cajamar","cajamar","cajamar","São Paulo","SP","569.533194754536","249282.341468422","0.728","92689",53863,27,8,0.000649796706458979,NA,NA,NA,"Médio porte",35,6.49796706458979
"3372","Cajati","cajati","cajati","São Paulo","SP","524.426194988419","48938.5835614515","0.694","28515",17977,3,0,0.000166879902097124,2,2,1,"Médio porte",3,1.66879902097124
"3373","Cajobi","cajobi","cajobi","São Paulo","SP","535.57946394866","14653.5485088713","0.734","9133",6273,NA,NA,NA,NA,NA,NA,"Menor porte",0,0
"3374","Cajuru","cajuru","cajuru","São Paulo","SP","594.475807979388","22647.3686204675","0.713","23830",17987,NA,NA,NA,2,1,1,"Médio porte",0,0
"3375","Campina do Monte Alegre","campina do monte alegre","campina do monte alegre","São Paulo","SP","465.246821859006","19240.8783226019","0.717","5954",3432,NA,NA,NA,3,2,3,"Menor porte",0,0
"3376","Campinas","campinas","campinas","São Paulo","SP","755.582505075005","54271.9947074952","0.805","1139047",967266,426,14,0.000454890381756414,1,1,2,"Maior porte",440,4.54890381756414
"3377","Campo Limpo Paulista","campo limpo paulista","campo limpo paulista","São Paulo","SP","553.664324709788","25098.9467039198","0.769","77632",52655,11,0,0.000208907036368816,1,2,1,"Médio porte",11,2.08907036368816
"3378","Campos do Jordão","campos do jordão","campos do jordao","São Paulo","SP","685.678847438222","25159.1832840378","0.749","46974",41280,17,1,0.000436046511627907,NA,NA,NA,"Médio porte",18,4.36046511627907
"3379","Campos Novos Paulista","campos novos paulista","campos novos paulista","São Paulo","SP","476.886131679007","30973.5841504903","0.706","4888",2900,NA,NA,NA,3,2,3,"Menor porte",0,0
"3380","Cananéia","cananéia","cananeia","São Paulo","SP","310.661031815645","24495.8934694203","0.72","12289",4538,NA,NA,NA,3,2,3,"Menor porte",0,0
"3381","Canas","canas","canas","São Paulo","SP","372.982321291314","20689.8539584935","0.704","4931",2365,1,0,0.000422832980972516,NA,NA,NA,"Menor porte",1,4.22832980972516
"3382","Cândido Mota","cândido mota","candido mota","São Paulo","SP","660.498947234097","40520.9596120717","0.747","29449",23559,NA,NA,NA,2,2,1,"Médio porte",0,0
"3383","Cândido Rodrigues","cândido rodrigues","candido rodrigues","São Paulo","SP","673.097534833869","37859.5927116827","0.789","2889",2114,NA,NA,NA,3,2,1,"Menor porte",0,0
"3384","Canitar","canitar","canitar","São Paulo","SP","377.551020408163","26828.6092214664","0.68","6283",2589,NA,NA,NA,NA,NA,NA,"Menor porte",0,0
"3385","Capão Bonito","capão bonito","capao bonito","São Paulo","SP","557.345388174371","20052.2517933698","0.721","46337",30249,2,0,0.0000661178881946511,1,2,1,"Médio porte",2,0.661178881946511
"3386","Capela do Alto","capela do alto","capela do alto","São Paulo","SP","582.892542292113","14814.8201096021","0.699","22866",14814,2,0,0.000135007425408397,1,2,1,"Médio porte",2,1.35007425408397
"3387","Capivari","capivari","capivari","São Paulo","SP","657.407900104649","38108.8880611575","0.75","50068",40680,11,3,0.000344149459193707,2,1,1,"Médio porte",14,3.44149459193707
"3388","Caraguatatuba","caraguatatuba","caraguatatuba","São Paulo","SP","568.632536125587","32693.6923064455","0.759","134873",82011,39,5,0.000536513394544634,3,1,1,"Maior porte",44,5.36513394544634
"3389","Carapicuíba","carapicuíba","carapicuiba","São Paulo","SP","501.095036249048","15270.1651607335","0.749","386984",219463,18,16,0.000154923608991037,1,3,1,"Maior porte",34,1.54923608991037
"3390","Cardoso","cardoso","cardoso","São Paulo","SP","600.858369098713","20800.8745647421","0.722","11345",8556,NA,NA,NA,3,3,1,"Menor porte",0,0
"3391","Casa Branca","casa branca","casa branca","São Paulo","SP","637.942332896461","29804.4233289646","0.73","28083",21411,NA,NA,NA,NA,NA,NA,"Médio porte",0,0
"3392","Cássia dos Coqueiros","cássia dos coqueiros","cassia dos coqueiros","São Paulo","SP","613.173652694611","71029.9401197605","0.734","2799",1775,NA,NA,NA,2,2,1,"Menor porte",0,0
"3393","Castilho","castilho","castilho","São Paulo","SP","459.820378990925","32875.7229510509","0.731","19977",11749,NA,NA,NA,2,2,1,"Médio porte",0,0
"3394","Catanduva","catanduva","catanduva","São Paulo","SP","894.63415430582","35425.5859327167","0.785","115791",116767,2,0,0.000017128126953677,NA,NA,NA,"Maior porte",2,0.17128126953677
"3395","Catiguá","catiguá","catigua","São Paulo","SP","506.301718650541","16816.0407383832","0.751","7003",4476,2,2,0.000893655049151028,3,2,1,"Menor porte",4,8.93655049151028
"3396","Cedral","cedral","cedral","São Paulo","SP","671.945217205222","39677.5090947999","0.766","12618",8012,NA,NA,NA,2,3,1,"Menor porte",0,0
"3397","Cerqueira César","cerqueira césar","cerqueira cesar","São Paulo","SP","613.590213461443","36745.034916547","0.729","21469",14247,NA,NA,NA,2,2,1,"Médio porte",0,0
"3398","Cerquilho","cerquilho","cerquilho","São Paulo","SP","634.572908718525","38799.9277137464","0.782","44695",34967,2,0,0.0000571967855406526,1,2,1,"Médio porte",2,0.571967855406526
"3399","Cesário Lange","cesário lange","cesario lange","São Paulo","SP","668.952380952381","25213.387755102","0.706","19048",14383,NA,NA,NA,2,2,1,"Menor porte",0,0
"3400","Charqueada","charqueada","charqueada","São Paulo","SP","554.960557378937","18986.8140726666","0.736","15535",11141,NA,NA,NA,1,2,1,"Menor porte",0,0
"3401","Chavantes","chavantes","chavantes","São Paulo","SP","474.714124657755","17161.0565308423","0.729","12211",6627,1,0,0.000150897842160857,1,3,3,"Menor porte",1,1.50897842160857
"3402","Clementina","clementina","clementina","São Paulo","SP","605.915267785771","18073.8837501427","0.725","6982",5862,NA,NA,NA,3,2,1,"Menor porte",0,0
"3403","Colina","colina","colina","São Paulo","SP","668.465066091179","52028.2708389533","0.757","18486",13965,2,0,0.000143215180809166,3,3,1,"Menor porte",2,1.43215180809166
"3404","Colômbia","colômbia","colombia","São Paulo","SP","540.862290862291","44393.1788931789","0.71","6629",4244,2,0,0.000471253534401508,3,3,1,"Menor porte",2,4.71253534401508
"3405","Conchal","conchal","conchal","São Paulo","SP","674.848795670781","25236.5154033884","0.708","28101",21441,NA,NA,NA,1,2,1,"Médio porte",0,0
"3406","Conchas","conchas","conchas","São Paulo","SP","598.645873799878","21135.0241411843","0.736","15232",12004,2,0,0.000166611129623459,3,2,1,"Menor porte",2,1.66611129623459
"3407","Cordeirópolis","cordeirópolis","cordeiropolis","São Paulo","SP","709.860629984693","125510.553452026","0.758","24514",20382,8,1,0.000441566087724463,NA,NA,NA,"Médio porte",9,4.41566087724463
"3408","Coroados","coroados","coroados","São Paulo","SP","515.907978463045","26922.4995921031","0.719","5400",3588,NA,NA,NA,2,2,3,"Menor porte",0,0
"3409","Coronel Macedo","coronel macedo","coronel macedo","São Paulo","SP","396.97950377562","18748.0043149946","0.69","4280",2264,2,0,0.00088339222614841,3,2,3,"Menor porte",2,8.8339222614841
"3410","Corumbataí","corumbataí","corumbatai","São Paulo","SP","702.755905511811","57568.1594488189","0.754","4195",3196,4,5,0.00281602002503129,3,2,1,"Menor porte",9,28.1602002503129
"3411","Cosmópolis","cosmópolis","cosmopolis","São Paulo","SP","547.282031739119","23582.3284427144","0.769","59773",44336,NA,NA,NA,1,2,1,"Médio porte",0,0
"3412","Cosmorama","cosmorama","cosmorama","São Paulo","SP","770.896135927651","47178.6790901617","0.722","8719",6559,2,0,0.000304924531178533,NA,NA,NA,"Menor porte",2,3.04924531178533
"3413","Cotia","cotia","cotia","São Paulo","SP","585.774108072301","52702.3358884578","0.78","274413",171807,29,8,0.00021535793070131,3,3,2,"Maior porte",37,2.1535793070131
"3414","Cravinhos","cravinhos","cravinhos","São Paulo","SP","656.257904943928","34561.3985778128","0.756","33281",26571,NA,NA,NA,NA,NA,NA,"Médio porte",0,0
"3415","Cristais Paulista","cristais paulista","cristais paulista","São Paulo","SP","486.579490708878","22994.4941500344","0.734","9272",5164,NA,NA,NA,2,2,3,"Menor porte",0,0
"3416","Cruzália","cruzália","cruzalia","São Paulo","SP","693.0596285435","50735.5816226784","0.774","2108",1656,NA,NA,NA,NA,NA,NA,"Menor porte",0,0
"3417","Cruzeiro","cruzeiro","cruzeiro","São Paulo","SP","523.803756766904","28828.5112206465","0.788","74961",47230,4,0,0.0000846919330933729,1,2,1,"Médio porte",4,0.846919330933729
"3418","Cubatão","cubatão","cubatao","São Paulo","SP","439.730752282984","114311.359457858","0.737","112476",63287,22,1,0.000363423767914422,NA,NA,NA,"Maior porte",23,3.63423767914422
"3419","Cunha","cunha","cunha","São Paulo","SP","609.814064029079","12344.3776504031","0.684","22110",15429,1,0,0.0000648130144533022,2,2,1,"Médio porte",1,0.648130144533022
"3420","Descalvado","descalvado","descalvado","São Paulo","SP","741.964022412268","46032.9991153052","0.76","31756",28156,NA,NA,NA,2,2,1,"Médio porte",0,0
"3421","Diadema","diadema","diadema","São Paulo","SP","510.288056200601","35854.8822866409","0.757","393237",239167,39,1,0.000167247153662504,NA,NA,NA,"Maior porte",40,1.67247153662504
"3422","Dirce Reis","dirce reis","dirce reis","São Paulo","SP","535.297387437465","25130.072262368","0.741","1620",1086,NA,NA,NA,3,2,1,"Menor porte",0,0
"3423","Divinolândia","divinolândia","divinolandia","São Paulo","SP","764.567923507126","27989.6265560166","0.734","11158",9836,1,0,0.000101667344448963,NA,NA,NA,"Menor porte",1,1.01667344448963
"3424","Dobrada","dobrada","dobrada","São Paulo","SP","436.182019977802","12402.9966703663","0.718","8759",4830,NA,NA,NA,3,2,3,"Menor porte",0,0
"3425","Dois Córregos","dois córregos","dois corregos","São Paulo","SP","631.433556266356","24550.3053213143","0.725","24510",19725,3,0,0.000152091254752852,2,2,1,"Médio porte",3,1.52091254752852
"3426","Dolcinópolis","dolcinópolis","dolcinopolis","São Paulo","SP","768.939393939394","22417.6136363636","0.742","2207",1888,NA,NA,NA,3,3,1,"Menor porte",0,0
"3427","Dourado","dourado","dourado","São Paulo","SP","665.352556882181","56914.2824960577","0.738","8096",6574,1,0,0.000152114390021296,3,2,1,"Menor porte",1,1.52114390021296
"3428","Dracena","dracena","dracena","São Paulo","SP","787.789894351976","27426.7584975448","0.776","45474",39840,5,4,0.000225903614457831,2,1,1,"Médio porte",9,2.25903614457831
"3429","Duartina","duartina","duartina","São Paulo","SP","628.890854982707","19110.1906217325","0.748","12328",8665,2,0,0.000230813618003462,3,3,1,"Menor porte",2,2.30813618003462
"3430","Dumont","dumont","dumont","São Paulo","SP","521.201237154545","19435.0992716751","0.744","9471",6187,1,0,0.000161629222563439,3,2,1,"Menor porte",1,1.61629222563439
"3431","Echaporã","echaporã","echapora","São Paulo","SP","539.412928759894","20390.3364116095","0.745","6205",3826,5,3,0.00209095661265029,3,2,1,"Menor porte",8,20.9095661265029
"3432","Eldorado","eldorado","eldorado","São Paulo","SP","332.797220792589","19703.4225424601","0.691","13069",6174,1,0,0.000161969549724652,3,2,3,"Menor porte",1,1.61969549724652
"3433","Elias Fausto","elias fausto","elias fausto","São Paulo","SP","487.343889384478","40132.8055307761","0.695","17699",10563,NA,NA,NA,1,2,3,"Menor porte",0,0
"3434","Elisiário","elisiário","elisiario","São Paulo","SP","460.102786042737","17608.8720584257","0.747","3138",1910,NA,NA,NA,2,2,3,"Menor porte",0,0
"3435","Embaúba","embaúba","embauba","São Paulo","SP","522.253981216823","21939.5671702736","0.73","2323",1429,NA,NA,NA,NA,NA,NA,"Menor porte",0,0
"3436","Embu das Artes","embu das artes","embu das artes","São Paulo","SP","431.247400871499","53252.5032997631","0.735","250691",134787,58,4,0.000459985013391499,1,3,1,"Maior porte",62,4.59985013391499
"3437","Embu-Guaçu","embu-guaçu","embu-guacu","São Paulo","SP","574.584054591494","17323.3573196378","0.749","66970",44509,NA,NA,NA,2,2,1,"Médio porte",0,0
"3438","Emilianópolis","emilianópolis","emilianopolis","São Paulo","SP","538.890610474125","18962.5038735668","0.727","3014",1970,NA,NA,NA,NA,NA,NA,"Menor porte",0,0
"3439","Engenheiro Coelho","engenheiro coelho","engenheiro coelho","São Paulo","SP","499.082309755753","24994.7291637254","0.732","19566",12518,NA,NA,NA,2,2,1,"Médio porte",0,0
"3440","Espírito Santo do Pinhal","espírito santo do pinhal","espirito santo do pinhal","São Paulo","SP","685.23307323874","34450.2035034067","0.787","39816",32880,1,0,0.0000304136253041363,NA,NA,NA,"Médio porte",1,0.304136253041363
"3441","Espírito Santo do Turvo","espírito santo do turvo","espirito santo do turvo","São Paulo","SP","494.054940549406","15143.0914309143","0.696","4157",2692,NA,NA,NA,2,2,3,"Menor porte",0,0
"3442","Estiva Gerbi","estiva gerbi","estiva gerbi","São Paulo","SP","639.168931357938","27941.7024633997","0.74","11295",8603,NA,NA,NA,3,2,1,"Menor porte",0,0
"3443","Estrela do Norte","estrela do norte","estrela do norte","São Paulo","SP","443.321299638989","18280.8664259928","0.74","2703",1400,NA,NA,NA,NA,NA,NA,"Menor porte",0,0
"3444","Estrela d'Oeste","estrela d'oeste","estrela doeste","São Paulo","SP","780.852832878014","48610.5238151799","0.76","9417",7548,NA,NA,NA,3,3,1,"Menor porte",0,0
"3445","Euclides da Cunha Paulista","euclides da cunha paulista","euclides da cunha paulista","São Paulo","SP","488.57908847185","14573.1903485255","0.704","7924",5101,NA,NA,NA,NA,NA,NA,"Menor porte",0,0
"3446","Fartura","fartura","fartura","São Paulo","SP","591.848164281269","23404.7293092719","0.732","16641",11013,1,0,0.0000908017797148824,3,2,1,"Menor porte",1,0.908017797148824
"3447","Fernando Prestes","fernando prestes","fernando prestes","São Paulo","SP","699.344149119779","33767.6907145323","0.758","5942",4683,4,0,0.000854153320521034,3,2,1,"Menor porte",4,8.54153320521034
"3448","Fernandópolis","fernandópolis","fernandopolis","São Paulo","SP","881.934238206392","31710.4694389211","0.797","71186",67036,2,0,0.0000298347156751596,1,1,1,"Médio porte",2,0.298347156751596
"3449","Fernão","fernão","fernao","São Paulo","SP","508.975101331789","37788.0718008107","0.703","1656",991,NA,NA,NA,NA,NA,NA,"Menor porte",0,0
"3450","Ferraz de Vasconcelos","ferraz de vasconcelos","ferraz de vasconcelos","São Paulo","SP","368.814249363868","16525.7201017812","0.738","179198",81179,8,0,0.0000985476539499132,1,3,3,"Maior porte",8,0.985476539499132
"3451","Flora Rica","flora rica","flora rica","São Paulo","SP","606.293706293706","24748.9510489511","0.727","1487",970,NA,NA,NA,NA,NA,NA,"Menor porte",0,0
"3452","Floreal","floreal","floreal","São Paulo","SP","685.862068965517","22345.1724137931","0.747","2733",2145,NA,NA,NA,2,2,1,"Menor porte",0,0
"3453","Flórida Paulista","flórida paulista","florida paulista","São Paulo","SP","449.087221095335","13867.7484787018","0.715","12958",7544,1,0,0.000132555673382821,3,3,3,"Menor porte",1,1.32555673382821
"3454","Florínea","florínea","florinea","São Paulo","SP","547.681869581606","53124.7644176404","0.713","3851",1700,5,0,0.00294117647058824,2,2,1,"Menor porte",5,29.4117647058824
"3455","Franca","franca","franca","São Paulo","SP","760.801458832653","28567.9697443952","0.78","352536",294854,2,0,0.00000678301803604496,1,3,2,"Maior porte",2,0.0678301803604496
"3456","Francisco Morato","francisco morato","francisco morato","São Paulo","SP","290.970709271363","8943.56904404024","0.703","165139",60551,4,0,0.0000660600155241037,1,3,3,"Maior porte",4,0.660600155241037
"3457","Franco da Rocha","franco da rocha","franco da rocha","São Paulo","SP","376.409017713366","21168.411164788","0.731","144849",69948,6,1,0.000100074340938983,3,1,1,"Maior porte",7,1.00074340938983
"3458","Gabriel Monteiro","gabriel monteiro","gabriel monteiro","São Paulo","SP","657.060518731988","27461.0951008646","0.763","2763",2051,NA,NA,NA,NA,NA,NA,"Menor porte",0,0
"3459","Gália","gália","galia","São Paulo","SP","575.748225856217","23238.8151804998","0.709","6380",4241,1,0,0.000235793444942231,NA,NA,NA,"Menor porte",1,2.35793444942231
"3460","Garça","garça","garca","São Paulo","SP","664.459906775654","26448.715350492","0.769","42110",32255,4,0,0.000124011781119206,2,1,1,"Médio porte",4,1.24011781119206
"3461","Gastão Vidigal","gastão vidigal","gastao vidigal","São Paulo","SP","477.16049382716","15110.0823045267","0.723","3252",2602,NA,NA,NA,NA,NA,NA,"Menor porte",0,0
"3462","Gavião Peixoto","gavião peixoto","gaviao peixoto","São Paulo","SP","453.167185877466","224129.595015576","0.719","4702",2465,NA,NA,NA,NA,NA,NA,"Menor porte",0,0
"3463","General Salgado","general salgado","general salgado","São Paulo","SP","696.832995765052","21600.9942920273","0.747","10312",8313,NA,NA,NA,2,2,1,"Menor porte",0,0
"3464","Getulina","getulina","getulina","São Paulo","SP","431.20468244955","16055.6477679741","0.717","10232",5384,NA,NA,NA,2,2,3,"Menor porte",0,0
"3465","Glicério","glicério","glicerio","São Paulo","SP","483.122799751501","22362.1867881549","0.735","4138",2689,NA,NA,NA,3,2,3,"Menor porte",0,0
"3466","Guaiçara","guaiçara","guaicara","São Paulo","SP","489.507076622743","13506.9139417602","0.739","11239",6823,1,0,0.000146563095412575,3,2,3,"Menor porte",1,1.46563095412575
"3467","Guaimbê","guaimbê","guaimbe","São Paulo","SP","431.633535004322","27670.1815038894","0.728","5512",2892,NA,NA,NA,1,2,3,"Menor porte",0,0
"3468","Guaíra","guaíra","guaira","São Paulo","SP","727.923976608187","83102.7046783626","0.753","39279",33849,NA,NA,NA,2,2,1,"Médio porte",0,0
"3469","Guapiaçu","guapiaçu","guapiacu","São Paulo","SP","579.334098737084","28578.1859931114","0.725","21711",14760,1,0,0.0000677506775067751,1,2,1,"Médio porte",1,0.677506775067751
"3470","Guapiara","guapiara","guapiara","São Paulo","SP","417.26872246696","19526.402349486","0.675","17071",8705,NA,NA,NA,3,2,3,"Menor porte",0,0
"3471","Guará","guará","guara","São Paulo","SP","473.061760840999","22956.589074526","0.718","18606",11568,NA,NA,NA,NA,NA,NA,"Médio porte",0,0
"3472","Guaraçaí","guaraçaí","guaracai","São Paulo","SP","694.089264173703","31962.2436670688","0.719","7441",6127,NA,NA,NA,NA,NA,NA,"Menor porte",0,0
"3473","Guaraci","guaraci","guaraci","São Paulo","SP","505.271551342252","28619.2079383361","0.737","10350",6736,NA,NA,NA,3,2,1,"Menor porte",0,0
"3474","Guarani d'Oeste","guarani d'oeste","guarani doeste","São Paulo","SP","572.572572572573","17074.0740740741","0.732","1968",1351,NA,NA,NA,NA,NA,NA,"Menor porte",0,0
"3475","Guarantã","guarantã","guaranta","São Paulo","SP","495.730337078652","22586.2172284644","0.713","6427",3861,NA,NA,NA,3,2,3,"Menor porte",0,0
"3476","Guararapes","guararapes","guararapes","São Paulo","SP","691.78247734139","29527.2205438066","0.763","31043",25182,NA,NA,NA,3,2,1,"Médio porte",0,0
"3477","Guararema","guararema","guararema","São Paulo","SP","626.327316166711","47771.170692859","0.731","31236",21763,15,0,0.000689243210954372,1,2,1,"Médio porte",15,6.89243210954372
"3478","Guaratinguetá","guaratinguetá","guaratingueta","São Paulo","SP","618.938002530509","52966.1238316803","0.798","118044",81412,9,0,0.000110548813442736,1,1,2,"Maior porte",9,1.10548813442736
"3479","Guareí","guareí","guarei","São Paulo","SP","344.893312860698","11976.0681950548","0.687","15013",7826,1,0,0.000127779197546639,2,2,3,"Menor porte",1,1.27779197546639
"3480","Guariba","guariba","guariba","São Paulo","SP","537.802257514758","21708.7954158125","0.719","37498",24717,1,0,0.000040457984383218,1,2,1,"Médio porte",1,0.40457984383218
"3481","Guarujá","guarujá","guaruja","São Paulo","SP","447.773818745159","28215.6436870643","0.751","287634",160531,32,0,0.000199338445533884,3,3,1,"Maior porte",32,1.99338445533884
"3482","Guarulhos","guarulhos","guarulhos","São Paulo","SP","506.887691515321","46810.0560224291","0.763","1291771",788038,310,2,0.000395919993705887,1,3,1,"Maior porte",312,3.95919993705887
"3483","Guatapará","guatapará","guatapara","São Paulo","SP","468.413542612531","30389.4149695162","0.743","7320",4041,1,1,0.000494926998267755,3,2,1,"Menor porte",2,4.94926998267755
"3484","Guzolândia","guzolândia","guzolandia","São Paulo","SP","467.307329941587","13201.2436404748","0.697","4246",2840,NA,NA,NA,2,2,3,"Menor porte",0,0
"3485","Herculândia","herculândia","herculandia","São Paulo","SP","547.037964121819","29030.0375469337","0.727","9125",6462,NA,NA,NA,1,3,1,"Menor porte",0,0
"3486","Holambra","holambra","holambra","São Paulo","SP","676.270298585647","65906.2336301729","0.793","15094",12364,NA,NA,NA,3,2,1,"Menor porte",0,0
"3487","Hortolândia","hortolândia","hortolandia","São Paulo","SP","527.518686581946","62881.8615293329","0.756","236641",143763,122,0,0.000848618907507495,1,3,2,"Maior porte",122,8.48618907507495
"3488","Iacanga","iacanga","iacanga","São Paulo","SP","594.113678529263","38874.4307640412","0.745","10437",7877,2,0,0.000253903770470992,3,3,1,"Menor porte",2,2.53903770470992
"3489","Iacri","iacri","iacri","São Paulo","SP","545.830023828435","26631.6123907863","0.733","6131",3971,2,1,0.000755477209770839,1,2,1,"Menor porte",3,7.55477209770839
"3490","Iaras","iaras","iaras","São Paulo","SP","229.79930650415","15177.7871177892","0.674","8010",2863,NA,NA,NA,3,2,3,"Menor porte",0,0
"3491","Ibaté","ibaté","ibate","São Paulo","SP","542.878890392422","21511.3046910239","0.703","32178",21891,NA,NA,NA,NA,NA,NA,"Médio porte",0,0
"3492","Ibirá","ibirá","ibira","São Paulo","SP","554.721201469883","19567.902220802","0.74","11690",7907,NA,NA,NA,3,2,1,"Menor porte",0,0
"3493","Ibirarema","ibirarema","ibirarema","São Paulo","SP","481.443693406453","21724.6524677975","0.708","6385",4476,NA,NA,NA,2,2,3,"Menor porte",0,0
"3494","Ibitinga","ibitinga","ibitinga","São Paulo","SP","704.53795379538","24706.1881188119","0.747","60033",48788,1,0,0.0000204968434861031,3,2,1,"Médio porte",1,0.204968434861031
"3495","Ibiúna","ibiúna","ibiuna","São Paulo","SP","628.342077781552","23216.0822355591","0.71","75605",59087,16,0,0.000270787144380321,3,2,1,"Médio porte",16,2.70787144380321
"3496","Icém","icém","icem","São Paulo","SP","553.588631984586","20925.5780346821","0.72","7819",5287,NA,NA,NA,NA,NA,NA,"Menor porte",0,0
"3497","Iepê","iepê","iepe","São Paulo","SP","570.905540639492","30611.0568708811","0.736","7619",5334,NA,NA,NA,3,3,1,"Menor porte",0,0
"3498","Igaraçu do Tietê","igaraçu do tietê","igaracu do tiete","São Paulo","SP","537.718695704877","13202.5536385308","0.727","23106",14878,2,0,0.000134426670251378,2,2,1,"Médio porte",2,1.34426670251378
"3499","Igarapava","igarapava","igarapava","São Paulo","SP","509.995426928856","39530.7702358398","0.768","26212",17244,1,0,0.0000579911853398283,1,2,1,"Médio porte",1,0.579911853398283
"3500","Igaratá","igaratá","igarata","São Paulo","SP","645.205050610456","21841.0727329646","0.711","10605",7418,NA,NA,NA,2,2,1,"Menor porte",0,0
"3501","Iguape","iguape","iguape","São Paulo","SP","350.317854722644","40534.9317499758","0.726","29115",12670,4,0,0.000315706393054459,2,2,1,"Médio porte",4,3.15706393054459
"3502","Ilha Comprida","ilha comprida","ilha comprida","São Paulo","SP","524.467523323359","92015.0501672241","0.725","13419",7295,NA,NA,NA,3,2,1,"Menor porte",0,0
"3503","Ilha Solteira","ilha solteira","ilha solteira","São Paulo","SP","721.069135433776","24246.4163058086","0.812","25549",21437,NA,NA,NA,2,1,1,"Médio porte",0,0
"3504","Ilhabela","ilhabela","ilhabela","São Paulo","SP","610.294737433621","420552.021578489","0.756","34934",26076,1,0,0.0000383494400981746,NA,NA,NA,"Médio porte",1,0.383494400981746
"3505","Indaiatuba","indaiatuba","indaiatuba","São Paulo","SP","764.275650507566","65296.5853963149","0.788","255748",225424,5,1,0.0000266165093335226,1,3,2,"Maior porte",6,0.266165093335226
"3506","Indiana","indiana","indiana","São Paulo","SP","648.08362369338","13319.9426111908","0.761","5090",3486,5,0,0.00143430866322433,3,2,1,"Menor porte",5,14.3430866322433
"3507","Indiaporã","indiaporã","indiapora","São Paulo","SP","712.815234173958","23493.8239835306","0.751","4035",3066,NA,NA,NA,NA,NA,NA,"Menor porte",0,0
"3508","Inúbia Paulista","inúbia paulista","inubia paulista","São Paulo","SP","540.18412540433","33468.7733266982","0.759","3615",2419,2,1,0.00124018189334436,3,2,1,"Menor porte",3,12.4018189334436
"3509","Ipaussu","ipaussu","ipaussu","São Paulo","SP","461.410843453447","22464.463468047","0.727","13712",7926,1,0,0.000126167045167802,3,2,3,"Menor porte",1,1.26167045167802
"3510","Iperó","iperó","ipero","São Paulo","SP","291.908123485407","18020.9935728585","0.719","36459",13654,NA,NA,NA,2,2,3,"Médio porte",0,0
"3511","Ipeúna","ipeúna","ipeuna","São Paulo","SP","566.150643944322","61764.0171718486","0.753","6831",5097,2,0,0.000392387679026879,3,2,1,"Menor porte",2,3.92387679026879
"3512","Ipiguá","ipiguá","ipigua","São Paulo","SP","371.621621621622","19281.7750182615","0.73","6761",2940,NA,NA,NA,3,2,3,"Menor porte",0,0
"3513","Iporanga","iporanga","iporanga","São Paulo","SP","271.96951655156","13814.0033341272","0.703","4046",1390,NA,NA,NA,NA,NA,NA,"Menor porte",0,0
"3514","Ipuã","ipuã","ipua","São Paulo","SP","480.607082630691","22159.1182847507","0.749","14454",8975,NA,NA,NA,3,3,1,"Menor porte",0,0
"3515","Iracemápolis","iracemápolis","iracemapolis","São Paulo","SP","663.727959697733","281974.607946697","0.776","21967",18345,1,0,0.0000545107658762606,NA,NA,NA,"Médio porte",1,0.545107658762606
"3516","Irapuã","irapuã","irapua","São Paulo","SP","499.751491053678","19961.2326043738","0.713","6867",4606,NA,NA,NA,2,2,3,"Menor porte",0,0
"3517","Irapuru","irapuru","irapuru","São Paulo","SP","404.684684684685","11526.7267267267","0.712","7085",3724,1,0,0.000268528464017186,3,2,3,"Menor porte",1,2.68528464017186
"3518","Itaberá","itaberá","itabera","São Paulo","SP","487.986270022883","33887.0709382151","0.693","17983",10988,NA,NA,NA,3,2,3,"Menor porte",0,0
"3519","Itaí","itaí","itai","São Paulo","SP","505.660652983712","25577.5692060478","0.713","25180",16305,4,0,0.000245323520392518,1,2,1,"Médio porte",4,2.45323520392518
"3520","Itajobi","itajobi","itajobi","São Paulo","SP","787.474668235602","40013.3359482251","0.73","16989",13629,NA,NA,NA,2,3,1,"Menor porte",0,0
"3521","Itaju","itaju","itaju","São Paulo","SP","405.196809879084","25099.5626447131","0.705","3618",1835,NA,NA,NA,NA,NA,NA,"Menor porte",0,0
"3522","Itanhaém","itanhaém","itanhaem","São Paulo","SP","451.223060658377","19761.8086943027","0.745","112476",57001,1,0,0.0000175435518675111,NA,NA,NA,"Maior porte",1,0.175435518675111
"3523","Itaoca","itaoca","itaoca","São Paulo","SP","309.309309309309","12711.7117117117","0.68","3422",1300,NA,NA,NA,2,2,3,"Menor porte",0,0
"3524","Itapecerica da Serra","itapecerica da serra","itapecerica da serra","São Paulo","SP","447.619637288784","21839.6618297666","0.742","158522",90294,30,3,0.000365472788889627,1,3,1,"Maior porte",33,3.65472788889627
"3525","Itapetininga","itapetininga","itapetininga","São Paulo","SP","622.464144605681","29589.8287882266","0.763","157790",114682,2,0,0.0000174395284351511,1,3,1,"Maior porte",2,0.174395284351511
"3526","Itapeva","itapeva","itapeva","São Paulo","SP","660.837095481203","30676.5748280663","0.732","89728",70868,4,0,0.0000564429643844895,1,1,1,"Médio porte",4,0.564429643844895
"3527","Itapevi","itapevi","itapevi","São Paulo","SP","420.549383510195","49987.4046007445","0.735","232297",117604,14,1,0.000127546682085643,NA,NA,NA,"Maior porte",15,1.27546682085643
"3528","Itapira","itapira","itapira","São Paulo","SP","775.846027062232","50794.6540128134","0.762","72022",63660,3,0,0.0000471253534401508,NA,NA,NA,"Médio porte",3,0.471253534401508
"3529","Itapirapuã Paulista","itapirapuã paulista","itapirapua paulista","São Paulo","SP","333.645735707591","10733.1302717901","0.661","4306",1882,NA,NA,NA,NA,NA,NA,"Menor porte",0,0
"3530","Itápolis","itápolis","itapolis","São Paulo","SP","762.38720546491","30349.0341787635","0.744","39493",35972,3,0,0.0000833981985989103,2,2,1,"Médio porte",3,0.833981985989103
"3531","Itaporanga","itaporanga","itaporanga","São Paulo","SP","511.171159296118","19594.2793119357","0.719","14085",8947,2,0,0.000223538616295965,1,3,3,"Menor porte",2,2.23538616295965
"3532","Itapuí","itapuí","itapui","São Paulo","SP","506.891920548526","43302.8910723122","0.725","13659",8248,1,1,0.000242483026188167,NA,NA,NA,"Menor porte",2,2.42483026188167
"3533","Itapura","itapura","itapura","São Paulo","SP","333.669965663502","19273.0761462331","0.72","3979",1949,NA,NA,NA,NA,NA,NA,"Menor porte",0,0
"3534","Itaquaquecetuba","itaquaquecetuba","itaquaquecetuba","São Paulo","SP","345.632528112509","20422.808930938","0.714","369275",154783,37,8,0.000290729602088085,1,3,3,"Maior porte",45,2.90729602088085
"3535","Itararé","itararé","itarare","São Paulo","SP","500.987322775562","18658.129615734","0.703","44438",28883,NA,NA,NA,1,2,3,"Médio porte",0,0
"3536","Itariri","itariri","itariri","São Paulo","SP","265.996135924537","18575.747244005","0.677","15528",5713,4,0,0.000700157535445475,2,2,3,"Menor porte",4,7.00157535445475
"3537","Itatiba","itatiba","itatiba","São Paulo","SP","687.235379055482","51981.0982126104","0.778","121590",95193,8,6,0.000147069637473344,3,3,2,"Maior porte",14,1.47069637473344
"3538","Itatinga","itatinga","itatinga","São Paulo","SP","452.320634768892","19182.3048611443","0.706","19070",11344,NA,NA,NA,2,2,3,"Médio porte",0,0
"3539","Itirapina","itirapina","itirapina","São Paulo","SP","485.397291564692","38990.1560885408","0.724","16148",10338,5,1,0.000580383052814858,2,2,1,"Menor porte",6,5.80383052814858
"3540","Itirapuã","itirapuã","itirapua","São Paulo","SP","456.212746446584","15778.3891181415","0.707","5779",3470,NA,NA,NA,1,2,3,"Menor porte",0,0
"3541","Itobi","itobi","itobi","São Paulo","SP","563.16861946001","17637.2898624554","0.717","8046",5263,NA,NA,NA,3,2,3,"Menor porte",0,0
"3542","Itu","itu","itu","São Paulo","SP","728.12243689055","46944.9899753941","0.773","168240",141207,13,0,0.0000920634246177597,1,3,2,"Maior porte",13,0.920634246177597
"3543","Itupeva","itupeva","itupeva","São Paulo","SP","632.71934153758","117527.979876777","0.762","70616",48902,1,0,0.0000204490613880823,NA,NA,NA,"Médio porte",1,0.204490613880823
"3544","Ituverava","ituverava","ituverava","São Paulo","SP","658.889285289571","37894.0896658342","0.765","37571",30340,3,2,0.00016479894528675,2,1,1,"Médio porte",5,1.6479894528675
"3545","Jaborandi","jaborandi","jaborandi","São Paulo","SP","562.482004031097","19796.2856320184","0.711","6221",4593,NA,NA,NA,3,3,3,"Menor porte",0,0
"3546","Jaboticabal","jaboticabal","jaboticabal","São Paulo","SP","757.713903054654","37891.9538453614","0.778","71821",63577,4,0,0.0000629158343426082,1,1,1,"Médio porte",4,0.629158343426082
"3547","Jacareí","jacareí","jacarei","São Paulo","SP","601.539402589459","56757.6035613552","0.777","240275",158097,62,10,0.000455416611320898,1,3,2,"Maior porte",72,4.55416611320898
"3548","Jaci","jaci","jaci","São Paulo","SP","620.622568093385","62151.3340744858","0.723","7613",5389,1,0,0.000185563184264242,NA,NA,NA,"Menor porte",1,1.85563184264242
"3549","Jacupiranga","jacupiranga","jacupiranga","São Paulo","SP","495.947230141428","28481.7485605679","0.717","16097",10221,NA,NA,NA,2,2,3,"Menor porte",0,0
"3550","Jaguariúna","jaguariúna","jaguariuna","São Paulo","SP","714.757671741426","210292.496849562","0.784","59347",47179,1,0,0.0000211958710443206,NA,NA,NA,"Médio porte",1,0.211958710443206
"3551","Jales","jales","jales","São Paulo","SP","942.135322452796","32914.5952318042","0.776","48776",50857,NA,NA,NA,NA,NA,NA,"Médio porte",0,0
"3552","Jambeiro","jambeiro","jambeiro","São Paulo","SP","442.161679321125","37907.9946404645","0.756","6397",3484,4,0,0.00114810562571757,3,2,1,"Menor porte",4,11.4810562571757
"3553","Jandira","jandira","jandira","São Paulo","SP","465.209408338346","32920.4628193358","0.76","118045",65562,NA,NA,NA,2,3,1,"Maior porte",0,0
"3554","Jardinópolis","jardinópolis","jardinopolis","São Paulo","SP","565.79942183678","26856.4153880365","0.735","45282",29445,2,0,0.0000679232467311938,1,2,1,"Médio porte",2,0.679232467311938
"3555","Jarinu","jarinu","jarinu","São Paulo","SP","666.75376424862","82488.3561420126","0.733","37535",24575,1,0,0.0000406917599186165,3,2,1,"Médio porte",1,0.406917599186165
"3556","Jaú","jaú","jau","São Paulo","SP","700.726226453605","32286.3557653689","0.778","133497",113609,14,2,0.000140833912806204,3,1,2,"Maior porte",16,1.40833912806204
"3557","Jeriquara","jeriquara","jeriquara","São Paulo","SP","562.995874325611","32901.3011742304","0.703","3863",2212,NA,NA,NA,3,2,1,"Menor porte",0,0
"3558","Joanópolis","joanópolis","joanopolis","São Paulo","SP","753.486279802069","15994.5269155795","0.699","12815",11723,NA,NA,NA,3,2,1,"Menor porte",0,0
"3559","João Ramalho","joão ramalho","joao ramalho","São Paulo","SP","431.333772797187","27926.1700725115","0.741","4371",2184,1,0,0.000457875457875458,3,2,3,"Menor porte",1,4.57875457875458
"3560","José Bonifácio","josé bonifácio","jose bonifacio","São Paulo","SP","794.38527003158","33798.0249424611","0.777","36633",33543,3,0,0.000089437438511761,2,2,1,"Médio porte",3,0.89437438511761
"3561","Júlio Mesquita","júlio mesquita","julio mesquita","São Paulo","SP","369.583333333333","11178.9583333333","0.716","4254",2001,2,0,0.000999500249875062,NA,NA,NA,"Menor porte",2,9.99500249875062
"3562","Jumirim","jumirim","jumirim","São Paulo","SP","509.947337624342","36032.7677004096","0.741","3056",1962,1,0,0.000509683995922528,3,2,1,"Menor porte",1,5.09683995922528
"3563","Jundiaí","jundiaí","jundiai","São Paulo","SP","787.724051195491","110996.825104136","0.822","443221",360971,52,10,0.000171758950164972,NA,NA,NA,"Maior porte",62,1.71758950164972
"3564","Junqueirópolis","junqueirópolis","junqueiropolis","São Paulo","SP","629.974557150401","28457.587249772","0.745","20448",14601,2,0,0.000136976919389083,2,2,1,"Médio porte",2,1.36976919389083
"3565","Juquiá","juquiá","juquia","São Paulo","SP","416.123517469815","18529.1697830965","0.7","17154",9206,7,0,0.000760373669346079,2,2,3,"Menor porte",7,7.60373669346079
"3566","Juquitiba","juquitiba","juquitiba","São Paulo","SP","527.523225684131","17201.2576628958","0.709","27404",18977,NA,NA,NA,1,2,1,"Médio porte",0,0
"3567","Lagoinha","lagoinha","lagoinha","São Paulo","SP","784.823072202904","12661.6895070567","0.693","5083",4281,NA,NA,NA,NA,NA,NA,"Menor porte",0,0
"3568","Laranjal Paulista","laranjal paulista","laranjal paulista","São Paulo","SP","642.001042209484","39936.1820392566","0.729","26261",21157,2,0,0.0000945313607789384,3,2,1,"Médio porte",2,0.945313607789384
"3569","Lavínia","lavínia","lavinia","São Paulo","SP","225.315425315425","12656.0032560033","0.721","9689",3128,NA,NA,NA,3,2,3,"Menor porte",0,0
"3570","Lavrinhas","lavrinhas","lavrinhas","São Paulo","SP","450.143619203939","14142.251401997","0.729","7171",3908,3,0,0.000767656090071648,2,2,3,"Menor porte",3,7.67656090071648
"3571","Leme","leme","leme","São Paulo","SP","702.623962586012","32475.7633258582","0.744","98161",81834,NA,NA,NA,3,3,2,"Maior porte",0,0
"3572","Lençóis Paulista","lençóis paulista","lencois paulista","São Paulo","SP","702.725032613422","44557.58805624","0.764","66505",56429,7,0,0.000124049690761842,NA,NA,NA,"Médio porte",7,1.24049690761842
"3573","Limeira","limeira","limeira","São Paulo","SP","727.374692850799","44689.4697259484","0.775","291869",246648,83,3,0.000348675034867503,3,3,2,"Maior porte",86,3.48675034867503
"3574","Lindóia","lindóia","lindoia","São Paulo","SP","657.192288680178","22940.8057340583","0.742","7014",6015,2,2,0.000665004156275977,3,2,1,"Menor porte",4,6.65004156275977
"3575","Lins","lins","lins","São Paulo","SP","777.562640918182","68565.5580041527","0.786","74779",64931,1,0,0.0000154009641003527,1,1,1,"Médio porte",1,0.154009641003527
"3576","Lorena","lorena","lorena","São Paulo","SP","536.100981767181","31854.3618513324","0.766","84855",52291,8,0,0.000152989998278863,1,1,1,"Médio porte",8,1.52989998278863
"3577","Lourdes","lourdes","lourdes","São Paulo","SP","486.086956521739","15261.3043478261","0.742","1950",1327,NA,NA,NA,NA,NA,NA,"Menor porte",0,0
"3578","Louveira","louveira","louveira","São Paulo","SP","650.93113035825","321329.406116856","0.777","51847",38108,6,0,0.000157447255169518,NA,NA,NA,"Médio porte",6,1.57447255169518
"3579","Lucélia","lucélia","lucelia","São Paulo","SP","596.317280453258","18381.2025952664","0.752","20061",14145,1,0,0.0000706963591375044,3,2,1,"Médio porte",1,0.706963591375044
"3580","Lucianópolis","lucianópolis","lucianopolis","São Paulo","SP","540.990428630878","22443.6121514773","0.733","2372",1490,NA,NA,NA,3,2,1,"Menor porte",0,0
"3581","Luís Antônio","luís antônio","luis antonio","São Paulo","SP","467.564739733194","90667.9963379545","0.731","12265",8189,2,0,0.000244230064720967,NA,NA,NA,"Menor porte",2,2.44230064720967
"3582","Luiziânia","luiziânia","luiziania","São Paulo","SP","381.554227156277","12964.8163962425","0.702","4701",2610,NA,NA,NA,3,2,3,"Menor porte",0,0
"3583","Lupércio","lupércio","lupercio","São Paulo","SP","415.578764142733","15964.5343777198","0.724","3981",2121,NA,NA,NA,NA,NA,NA,"Menor porte",0,0
"3584","Lutécia","lutécia","lutecia","São Paulo","SP","551.972685887709","27805.0075872534","0.72","2661",1661,NA,NA,NA,NA,NA,NA,"Menor porte",0,0
"3585","Macatuba","macatuba","macatuba","São Paulo","SP","617.985360752876","37388.23051005","0.77","16829",12107,2,0,0.000165193689601057,3,2,1,"Menor porte",2,1.65193689601057
"3586","Macaubal","macaubal","macaubal","São Paulo","SP","670.185344298515","20912.2376334847","0.743","7481",6029,NA,NA,NA,3,2,1,"Menor porte",0,0
"3587","Macedônia","macedônia","macedonia","São Paulo","SP","580.715059588299","20393.2827735645","0.74","3963",2430,NA,NA,NA,3,2,1,"Menor porte",0,0
"3588","Magda","magda","magda","São Paulo","SP","734.364925854288","30764.9903288201","0.753","3165",2509,NA,NA,NA,3,2,1,"Menor porte",0,0
"3589","Mairinque","mairinque","mairinque","São Paulo","SP","635.547311397315","36088.088362387","0.743","50027",35472,NA,NA,NA,1,2,1,"Médio porte",0,0
"3590","Mairiporã","mairiporã","mairipora","São Paulo","SP","525.167505420014","18138.5267371023","0.788","93853",61240,2,1,0.0000489875898105813,1,3,1,"Maior porte",3,0.489875898105813
"3591","Manduri","manduri","manduri","São Paulo","SP","664.984863773966","22567.3057517659","0.739","9871",7465,NA,NA,NA,2,2,1,"Menor porte",0,0
"3592","Marabá Paulista","marabá paulista","maraba paulista","São Paulo","SP","287.323470073974","17670.8137188971","0.677","4573",2054,NA,NA,NA,3,2,3,"Menor porte",0,0
"3593","Maracaí","maracaí","maracai","São Paulo","SP","625.178113422628","28201.6956397834","0.771","12673",9944,NA,NA,NA,3,2,1,"Menor porte",0,0
"3594","Marapoama","marapoama","marapoama","São Paulo","SP","813.642297650131","57265.0130548303","0.752","3292",2899,NA,NA,NA,3,2,1,"Menor porte",0,0
"3595","Mariápolis","mariápolis","mariapolis","São Paulo","SP","429.968222928379","14081.1537521388","0.718","3513",1982,NA,NA,NA,NA,NA,NA,"Menor porte",0,0
"3596","Marília","marília","marilia","São Paulo","SP","718.06392618147","34849.4825221331","0.798","237627",187752,87,3,0.000479355745877541,1,1,2,"Maior porte",90,4.79355745877541
"3597","Marinópolis","marinópolis","marinopolis","São Paulo","SP","613.960113960114","17930.1994301994","0.731","1860",1457,NA,NA,NA,3,2,1,"Menor porte",0,0
"3598","Martinópolis","martinópolis","martinopolis","São Paulo","SP","545.703770467177","18179.3976265585","0.721","24881",16636,4,0,0.000240442414041837,2,2,1,"Médio porte",4,2.40442414041837
"3599","Matão","matão","matao","São Paulo","SP","814.065003706981","47356.2887140363","0.773","79033",74047,1,1,0.0000270098721082556,2,2,1,"Médio porte",2,0.270098721082556
"3600","Mauá","mauá","maua","São Paulo","SP","489.643012698094","34095.9832646497","0.766","418261",256619,53,5,0.000226016000374095,1,3,1,"Maior porte",58,2.26016000374095
"3601","Mendonça","mendonça","mendonca","São Paulo","SP","636.298292902066","32000.8984725966","0.744","6159",4286,1,0,0.000233317778814746,2,2,1,"Menor porte",1,2.33317778814746
"3602","Meridiano","meridiano","meridiano","São Paulo","SP","877.092050209205","60882.5836820084","0.731","4572",3659,NA,NA,NA,3,2,1,"Menor porte",0,0
"3603","Mesópolis","mesópolis","mesopolis","São Paulo","SP","566.404199475066","31572.7034120735","0.724","1952",1236,NA,NA,NA,NA,NA,NA,"Menor porte",0,0
"3604","Miguelópolis","miguelópolis","miguelopolis","São Paulo","SP","522.567658242004","46470.6329680161","0.741","19441",13189,1,0,0.0000758207597240124,2,2,1,"Médio porte",1,0.758207597240124
"3605","Mineiros do Tietê","mineiros do tietê","mineiros do tiete","São Paulo","SP","539.410766620392","13566.4815671757","0.73","11230",7860,2,1,0.000381679389312977,3,2,3,"Menor porte",3,3.81679389312977
"3606","Mira Estrela","mira estrela","mira estrela","São Paulo","SP","594.011590470058","21707.9845460399","0.743","3126",2122,NA,NA,NA,3,2,1,"Menor porte",0,0
"3607","Miracatu","miracatu","miracatu","São Paulo","SP","477.676525988902","21097.7447436746","0.697","18553",10821,3,2,0.000462064504204787,NA,NA,NA,"Menor porte",5,4.62064504204787
"3608","Mirandópolis","mirandópolis","mirandopolis","São Paulo","SP","628.458897192486","20647.0410018178","0.751","27983",20155,NA,NA,NA,2,1,1,"Médio porte",0,0
"3609","Mirante do Paranapanema","mirante do paranapanema","mirante do paranapanema","São Paulo","SP","475.242665503326","20027.8656342022","0.724","15917",9912,1,0,0.00010088781275222,3,2,3,"Menor porte",1,1.0088781275222
"3610","Mirassol","mirassol","mirassol","São Paulo","SP","754.257665456113","31886.4898927085","0.762","63337",51026,0,1,0.0000195978520754125,1,2,1,"Médio porte",1,0.195978520754125
"3611","Mirassolândia","mirassolândia","mirassolandia","São Paulo","SP","506.200447245375","35110.5915836552","0.738","4669",3050,NA,NA,NA,2,2,1,"Menor porte",0,0
"3612","Mococa","mococa","mococa","São Paulo","SP","658.69817338359","31282.3427080313","0.762","67681",50875,NA,NA,NA,1,1,1,"Médio porte",0,0
"3613","Mogi das Cruzes","mogi das cruzes","mogi das cruzes","São Paulo","SP","556.116552236654","35982.5859334272","0.783","451505",285644,106,23,0.000451611096329697,3,1,1,"Maior porte",129,4.51611096329697
"3614","Mogi Guaçu","mogi guaçu","mogi guacu","São Paulo","SP","775.590885625976","37519.5219331778","0.774","153658",131296,34,1,NA,3,3,2,"Maior porte",35,2.66573239093346
"3615","Mogi Mirim","mogi mirim","mogi mirim","São Paulo","SP","787.047517351842","50234.2124933262","0.784","92558",80924,22,2,NA,2,1,1,"Médio porte",24,2.96574563788246
"3616","Mombuca","mombuca","mombuca","São Paulo","SP","591.505131128848","28343.2155074116","0.719","3722",2532,NA,NA,NA,3,2,1,"Menor porte",0,0
"3617","Monções","monções","moncoes","São Paulo","SP","794.000882223202","24098.8089986767","0.772","1937",1965,NA,NA,NA,NA,NA,NA,"Menor porte",0,0
"3618","Mongaguá","mongaguá","mongagua","São Paulo","SP","409.068831529281","19353.6809603109","0.754","61951",28524,5,0,0.000175290983031833,1,2,1,"Médio porte",5,1.75290983031833
"3619","Monte Alegre do Sul","monte alegre do sul","monte alegre do sul","São Paulo","SP","771.174947602022","23723.8318333128","0.759","8627",7057,NA,NA,NA,2,2,1,"Menor porte",0,0
"3620","Monte Alto","monte alto","monte alto","São Paulo","SP","816.237296147483","38095.0720869771","0.768","47574",45369,2,0,0.0000440829641385087,1,2,1,"Médio porte",2,0.440829641385087
"3621","Monte Aprazível","monte aprazível","monte aprazivel","São Paulo","SP","674.535924013715","24065.8574074804","0.785","22280",18631,3,0,0.000161021952659546,1,2,1,"Médio porte",3,1.61021952659546
"3622","Monte Azul Paulista","monte azul paulista","monte azul paulista","São Paulo","SP","741.986503584985","29810.1539434838","0.753","18151",15658,1,0,0.0000638651168731639,3,3,1,"Menor porte",1,0.638651168731639
"3623","Monte Castelo","monte castelo","monte castelo","São Paulo","SP","582.093134901584","23387.6620259241","0.741","4222",2812,NA,NA,NA,3,2,1,"Menor porte",0,0
"3624","Monte Mor","monte mor","monte mor","São Paulo","SP","533.841393159298","57172.5318497547","0.733","64662",40097,2,0,0.0000498790433199491,1,2,1,"Médio porte",2,0.498790433199491
"3625","Monteiro Lobato","monteiro lobato","monteiro lobato","São Paulo","SP","651.831345826235","13867.1209540034","0.71","4138",3437,NA,NA,NA,3,2,3,"Menor porte",0,0
"3626","Morro Agudo","morro agudo","morro agudo","São Paulo","SP","559.120403749099","28481.9754866619","0.712","27933",20854,NA,NA,NA,2,2,1,"Médio porte",0,0
"3627","Morungaba","morungaba","morungaba","São Paulo","SP","736.303606414629","36800.7401494812","0.715","13720",11751,NA,NA,NA,1,2,1,"Menor porte",0,0
"3628","Motuca","motuca","motuca","São Paulo","SP","517.413972888425","18337.4348279458","0.741","4034",2704,NA,NA,NA,3,2,3,"Menor porte",0,0
"3629","Murutinga do Sul","murutinga do sul","murutinga do sul","São Paulo","SP","548.601864181092","16051.7088326676","0.726","3737",2722,NA,NA,NA,NA,NA,NA,"Menor porte",0,0
"3630","Nantes","nantes","nantes","São Paulo","SP","360.490720352312","34225.2280591381","0.714","2660",1347,1,0,0.000742390497401633,2,2,3,"Menor porte",1,7.42390497401633
"3631","Narandiba","narandiba","narandiba","São Paulo","SP","484.910277324633","30908.6460032626","0.718","5713",2951,NA,NA,NA,NA,NA,NA,"Menor porte",0,0
"3632","Natividade da Serra","natividade da serra","natividade da serra","São Paulo","SP","429.68985245408","11079.7952423969","0.655","6999",3367,NA,NA,NA,NA,NA,NA,"Menor porte",0,0
"3633","Nazaré Paulista","nazaré paulista","nazare paulista","São Paulo","SP","669.162477270296","19606.749384961","0.678","18217",14530,NA,NA,NA,2,2,3,"Menor porte",0,0
"3634","Neves Paulista","neves paulista","neves paulista","São Paulo","SP","656.169449736636","24469.3488736972","0.754","9699",6546,NA,NA,NA,3,2,1,"Menor porte",0,0
"3635","Nhandeara","nhandeara","nhandeara","São Paulo","SP","655.157456406697","26353.3443220265","0.751","9852",8274,NA,NA,NA,NA,NA,NA,"Menor porte",0,0
"3636","Nipoã","nipoã","nipoa","São Paulo","SP","572.668931672329","17009.6262740657","0.713","4750",3368,NA,NA,NA,3,2,3,"Menor porte",0,0
"3637","Nova Aliança","nova aliança","nova alianca","São Paulo","SP","544.850028296548","21166.2422184493","0.738","6693",4549,NA,NA,NA,NA,NA,NA,"Menor porte",0,0
"3638","Nova Campina","nova campina","nova campina","São Paulo","SP","265.922920892495","12723.2251521298","0.651","8497",3633,NA,NA,NA,3,2,2,"Menor porte",0,0
"3639","Nova Canaã Paulista","nova canaã paulista","nova canaa paulista","São Paulo","SP","618.250539956803","20741.3606911447","0.715","2032",1345,NA,NA,NA,2,3,1,"Menor porte",0,0
"3640","Nova Castilho","nova castilho","nova castilho","São Paulo","SP","552.425665101721","36033.6463223787","0.756","1062",836,NA,NA,NA,NA,NA,NA,"Menor porte",0,0
"3641","Nova Europa","nova europa","nova europa","São Paulo","SP","505.592250110084","18853.8969616909","0.765","9311",6449,1,0,0.000155062800434176,3,2,1,"Menor porte",1,1.55062800434176
"3642","Nova Granada","nova granada","nova granada","São Paulo","SP","627.322605929273","19996.2192816635","0.739","19419",15332,2,0,0.000130446125750065,2,2,1,"Médio porte",2,1.30446125750065
"3643","Nova Guataporanga","nova guataporanga","nova guataporanga","São Paulo","SP","575.913978494624","14310.9677419355","0.726","2156",1478,NA,NA,NA,NA,NA,NA,"Menor porte",0,0
"3644","Nova Independência","nova independência","nova independencia","São Paulo","SP","533.185294843326","34306.686405132","0.735","4609",2879,NA,NA,NA,2,2,1,"Menor porte",0,0
"3645","Nova Luzitânia","nova luzitânia","nova luzitania","São Paulo","SP","433.173076923077","11121.6346153846","0.743","2837",1993,NA,NA,NA,NA,NA,NA,"Menor porte",0,0
"3646","Nova Odessa","nova odessa","nova odessa","São Paulo","SP","738.303038257103","63612.2613032351","0.791","62019",49303,2,0,0.0000405654828306594,2,2,1,"Médio porte",2,0.405654828306594
"3647","Novais","novais","novais","São Paulo","SP","404.878048780488","10921.9512195122","0.719","4412",2862,NA,NA,NA,3,2,3,"Menor porte",0,0
"3648","Novo Horizonte","novo horizonte","novo horizonte","São Paulo","SP","730.670787656348","27947.2642101705","0.753","38324",33193,5,0,0.00015063416985509,1,2,1,"Médio porte",5,1.5063416985509
"3649","Nuporanga","nuporanga","nuporanga","São Paulo","SP","570.740839796737","54328.0288847285","0.746","7391",5097,NA,NA,NA,NA,NA,NA,"Menor porte",0,0
"3650","Ocauçu","ocauçu","ocaucu","São Paulo","SP","583.080866930785","24979.2589140061","0.717","4331",2888,NA,NA,NA,NA,NA,NA,"Menor porte",0,0
"3651","Óleo","óleo","oleo","São Paulo","SP","552.003237555645","37814.6499392958","0.73","2512",1539,NA,NA,NA,3,2,1,"Menor porte",0,0
"3652","Olímpia","olímpia","olimpia","São Paulo","SP","737.801559949211","38308.8880827136","0.773","55074",45925,3,0,0.000065323897659227,2,2,1,"Médio porte",3,0.65323897659227
"3653","Onda Verde","onda verde","onda verde","São Paulo","SP","508.593396653098","36763.0031659882","0.738","4771",2708,NA,NA,NA,2,2,1,"Menor porte",0,0
"3654","Oriente","oriente","oriente","São Paulo","SP","525.068786303883","15468.8168755732","0.77","6085",3873,3,0,0.000774593338497289,2,2,1,"Menor porte",3,7.74593338497289
"3655","Orindiúva","orindiúva","orindiuva","São Paulo","SP","537.670280789547","42434.6677787045","0.767","6024",4910,NA,NA,NA,2,2,1,"Menor porte",0,0
"3656","Orlândia","orlândia","orlandia","São Paulo","SP","776.983769161407","39188.3678990081","0.78","38319",37151,4,0,0.000107668703399639,3,2,1,"Médio porte",4,1.07668703399639
"3657","Osasco","osasco","osasco","São Paulo","SP","626.568696924325","117043.086304047","0.776","728615",469252,36,0,0.0000767178403075533,NA,NA,NA,"Maior porte",36,0.767178403075533
"3658","Oscar Bressane","oscar bressane","oscar bressane","São Paulo","SP","563.580484056857","34497.1187091817","0.749","2470",1626,NA,NA,NA,2,2,1,"Menor porte",0,0
"3659","Osvaldo Cruz","osvaldo cruz","osvaldo cruz","São Paulo","SP","726.545454545455","24639.5151515152","0.762","31272",26201,1,0,0.0000381664821953361,2,2,1,"Médio porte",1,0.381664821953361
"3660","Ourinhos","ourinhos","ourinhos","São Paulo","SP","692.86064082832","28944.565901777","0.778","103970",86464,24,0,0.000277572168763879,3,1,2,"Maior porte",24,2.77572168763879
"3661","Ouro Verde","ouro verde","ouro verde","São Paulo","SP","472.737819025522","13496.86774942","0.692","7779",4721,NA,NA,NA,3,2,3,"Menor porte",0,0
"3662","Ouroeste","ouroeste","ouroeste","São Paulo","SP","601.76487332764","36226.1125343961","0.77","10294",7839,NA,NA,NA,3,3,1,"Menor porte",0,0
"3663","Pacaembu","pacaembu","pacaembu","São Paulo","SP","509.500105167216","19794.7135946154","0.725","14877",7892,2,0,0.000253421186011151,3,2,3,"Menor porte",2,2.53421186011151
"3664","Palestina","palestina","palestina","São Paulo","SP","516.269145774594","24730.4732149661","0.732","11476",7585,1,0,0.0001318391562294,3,2,1,"Menor porte",1,1.318391562294
"3665","Palmares Paulista","palmares paulista","palmares paulista","São Paulo","SP","346.507489248109","9122.57155568738","0.722","9650",5423,NA,NA,NA,2,2,3,"Menor porte",0,0
"3666","Palmeira d'Oeste","palmeira d'oeste","palmeira doeste","São Paulo","SP","789.74748022109","20048.5531592067","0.753","8903",8099,NA,NA,NA,3,2,1,"Menor porte",0,0
"3667","Palmital","palmital","palmital","São Paulo","SP","681.977370689655","30384.1145833333","0.746","19594",17181,2,1,0.000174611489436005,1,1,1,"Médio porte",3,1.74611489436005
"3668","Panorama","panorama","panorama","São Paulo","SP","595.133022317488","17322.7840121044","0.722","14964",11124,NA,NA,NA,3,2,1,"Menor porte",0,0
"3669","Paraguaçu Paulista","paraguaçu paulista","paraguacu paulista","São Paulo","SP","662.117749483078","33776.4065730765","0.762","41120",33118,5,1,0.000181170360529017,1,2,1,"Médio porte",6,1.81170360529017
"3670","Paraibuna","paraibuna","paraibuna","São Paulo","SP","587.636204347588","16218.5840223403","0.719","17667",12110,12,0,0.000990916597853014,3,2,3,"Menor porte",12,9.90916597853014
"3671","Paraíso","paraíso","paraiso","São Paulo","SP","646.85960591133","28776.631773399","0.749","6099",4630,NA,NA,NA,3,2,1,"Menor porte",0,0
"3672","Paranapanema","paranapanema","paranapanema","São Paulo","SP","533.267957832802","37338.4162784996","0.717","19395",13008,2,0,0.000153751537515375,2,2,1,"Médio porte",2,1.53751537515375
"3673","Paranapuã","paranapuã","paranapua","São Paulo","SP","667.887667887668","31334.3101343101","0.732","4031",3190,NA,NA,NA,3,2,1,"Menor porte",0,0
"3674","Parapuã","parapuã","parapua","São Paulo","SP","588.455566718422","31317.197917618","0.737","10580",7545,2,0,0.000265076209410205,2,2,1,"Menor porte",2,2.65076209410205
"3675","Pardinho","pardinho","pardinho","São Paulo","SP","612.323294406884","41765.5193607867","0.727","7153",4986,4,0,0.000802246289610911,NA,NA,NA,"Menor porte",4,8.0224628961091
"3676","Pariquera-Açu","pariquera-açu","pariquera-acu","São Paulo","SP","495.411448562592","26877.1485068194","0.736","19233",11321,NA,NA,NA,NA,NA,NA,"Menor porte",0,0
"3677","Parisi","parisi","parisi","São Paulo","SP","690.640848317197","43559.2438911941","0.721","2892",1870,NA,NA,NA,1,2,1,"Menor porte",0,0
"3678","Patrocínio Paulista","patrocínio paulista","patrocinio paulista","São Paulo","SP","515.026676571892","47450.3275477815","0.73","14512",8821,NA,NA,NA,3,3,1,"Menor porte",0,0
"3679","Paulicéia","paulicéia","pauliceia","São Paulo","SP","695.331365709686","21561.0410517843","0.711","7955",6169,NA,NA,NA,3,2,1,"Menor porte",0,0
"3680","Paulínia","paulínia","paulinia","São Paulo","SP","712.793407319447","333688.1690669","0.795","110537",90116,23,0,0.000255226596830751,NA,NA,NA,"Maior porte",23,2.55226596830751
"3681","Paulistânia","paulistânia","paulistania","São Paulo","SP","528.35332606325","19683.2061068702","0.718","2090",1146,NA,NA,NA,3,2,3,"Menor porte",0,0
"3682","Paulo de Faria","paulo de faria","paulo de faria","São Paulo","SP","450.60832682219","24529.5233843063","0.725","7400",4648,NA,NA,NA,3,3,3,"Menor porte",0,0
"3683","Pederneiras","pederneiras","pederneiras","São Paulo","SP","689.180870709601","43542.4423170809","0.739","44827",36377,4,1,0.000137449487313412,1,2,1,"Médio porte",5,1.37449487313412
"3684","Pedra Bela","pedra bela","pedra bela","São Paulo","SP","694.271685761047","15150.0818330606","0.677","6557",5218,NA,NA,NA,NA,NA,NA,"Menor porte",0,0
"3685","Pedranópolis","pedranópolis","pedranopolis","São Paulo","SP","725.916968964127","25347.843611447","0.742","2787",2032,NA,NA,NA,3,2,1,"Menor porte",0,0
"3686","Pedregulho","pedregulho","pedregulho","São Paulo","SP","563.440604366189","62938.3141990363","0.715","15525",10643,1,0,0.0000939584703561026,2,3,1,"Menor porte",1,0.939584703561026
"3687","Pedreira","pedreira","pedreira","São Paulo","SP","743.556940346244","26086.1275612323","0.769","43112",39556,1,0,0.0000252806148245525,2,2,1,"Médio porte",1,0.252806148245525
"3688","Pedrinhas Paulista","pedrinhas paulista","pedrinhas paulista","São Paulo","SP","710.093518219929","42175.7497581425","0.774","2804",2575,NA,NA,NA,3,2,1,"Menor porte",0,0
"3689","Pedro de Toledo","pedro de toledo","pedro de toledo","São Paulo","SP","327.642062866649","13368.5316522196","0.696","11281",4500,4,0,0.000888888888888889,2,2,3,"Menor porte",4,8.88888888888889
"3690","Penápolis","penápolis","penapolis","São Paulo","SP","816.177047226187","25327.2895525197","0.759","61679",57294,NA,NA,NA,3,1,1,"Médio porte",0,0
"3691","Pereira Barreto","pereira barreto","pereira barreto","São Paulo","SP","667.056120263271","29871.9866027963","0.766","24095",18833,NA,NA,NA,2,2,1,"Médio porte",0,0
"3692","Pereiras","pereiras","pereiras","São Paulo","SP","471.218511341616","22534.936737718","0.736","8737",4746,NA,NA,NA,2,2,3,"Menor porte",0,0
"3693","Peruíbe","peruíbe","peruibe","São Paulo","SP","532.050260141157","24150.3166620774","0.749","68352",43278,NA,NA,NA,1,2,1,"Médio porte",0,0
"3694","Piacatu","piacatu","piacatu","São Paulo","SP","533.786021861544","15879.7615104339","0.732","5519",3744,NA,NA,NA,3,2,3,"Menor porte",0,0
"3695","Piedade","piedade","piedade","São Paulo","SP","660.815238918296","23283.677217241","0.716","52970",42396,20,0,0.00047174261722804,2,2,1,"Médio porte",20,4.7174261722804
"3696","Pilar do Sul","pilar do sul","pilar do sul","São Paulo","SP","763.043330385688","25302.1563158969","0.69","27619",26517,1,0,0.0000377116566730776,1,2,1,"Médio porte",1,0.377116566730776
"3697","Pindamonhangaba","pindamonhangaba","pindamonhangaba","São Paulo","SP","564.279500623046","49791.6911574542","0.773","165428",106469,17,3,0.000187848106021471,1,3,2,"Maior porte",20,1.87848106021471
"3698","Pindorama","pindorama","pindorama","São Paulo","SP","529.507434944238","21612.1050185874","0.737","14542",10064,NA,NA,NA,3,2,1,"Menor porte",0,0
"3699","Pinhalzinho","pinhalzinho","pinhalzinho","São Paulo","SP","652.261502469457","17981.8040031193","0.725","15224",11983,3,0,0.000250354669114579,3,2,1,"Menor porte",3,2.50354669114579
"3700","Piquerobi","piquerobi","piquerobi","São Paulo","SP","499.594484995945","15085.1581508516","0.711","3264",2084,NA,NA,NA,3,2,3,"Menor porte",0,0
"3701","Piquete","piquete","piquete","São Paulo","SP","480.515653775322","12198.7476979742","0.757","12490",7048,3,0,0.000425652667423383,3,2,3,"Menor porte",3,4.25652667423383
"3702","Piracaia","piracaia","piracaia","São Paulo","SP","692.702643653048","19682.7252203044","0.739","26029",22133,3,0,0.000135544210003163,3,2,1,"Médio porte",3,1.35544210003163
"3703","Piracicaba","piracicaba","piracicaba","São Paulo","SP","779.023798532604","68317.9702002691","0.785","423323",346248,57,10,0.000193502922760565,1,1,2,"Maior porte",67,1.93502922760565
"3704","Piraju","piraju","piraju","São Paulo","SP","687.435133415916","26077.9738190097","0.758","29436",22924,3,0,0.000130867213400803,2,2,1,"Médio porte",3,1.30867213400803
"3705","Pirajuí","pirajuí","pirajui","São Paulo","SP","498.34752517594","18622.0692872973","0.749","22431",14279,NA,NA,NA,NA,NA,NA,"Médio porte",0,0
"3706","Pirangi","pirangi","pirangi","São Paulo","SP","686.68817016825","23586.2610060152","0.756","10885",8688,2,0,0.000230202578268877,3,3,1,"Menor porte",2,2.30202578268877
"3707","Pirapora do Bom Jesus","pirapora do bom jesus","pirapora do bom jesus","São Paulo","SP","460.319115653353","25435.1340077172","0.727","18370",10135,NA,NA,NA,3,2,3,"Menor porte",0,0
"3708","Pirapozinho","pirapozinho","pirapozinho","São Paulo","SP","599.445125027023","26193.0532535851","0.776","25348",18507,NA,NA,NA,2,2,1,"Médio porte",0,0
"3709","Pirassununga","pirassununga","pirassununga","São Paulo","SP","767.784903156991","37342.5211701809","0.801","73545",63599,5,0,0.0000786175883268605,1,1,1,"Médio porte",5,0.786175883268605
"3710","Piratininga","piratininga","piratininga","São Paulo","SP","643.879404286233","17323.6469306211","0.779","15108",10191,1,0,0.0000981257972721028,1,2,1,"Menor porte",1,0.981257972721028
"3711","Pitangueiras","pitangueiras","pitangueiras","São Paulo","SP","524.575848303393","27833.0588822355","0.723","33674",23415,4,1,0.000213538330130258,2,2,1,"Médio porte",5,2.13538330130258
"3712","Planalto","planalto","planalto","São Paulo","SP","544.117647058824","25475.1131221719","0.719","4389",3533,NA,NA,NA,1,2,1,"Menor porte",0,0
"3713","Platina","platina","platina","São Paulo","SP","421.185019564002","25399.6646171045","0.719","3025",1738,NA,NA,NA,2,2,3,"Menor porte",0,0
"3714","Poá","poá","poa","São Paulo","SP","463.130233462049","37842.2884857498","0.771","103765",60145,8,0,0.000133011887937484,1,3,1,"Maior porte",8,1.33011887937484
"3715","Poloni","poloni","poloni","São Paulo","SP","594.961557336823","19577.7850482578","0.766","5592",4068,NA,NA,NA,2,2,1,"Menor porte",0,0
"3716","Pompéia","pompéia","pompeia","São Paulo","SP","644.416381021108","57747.4291899693","0.786","20196",15887,NA,NA,NA,1,1,1,"Médio porte",0,0
"3717","Pongaí","pongaí","pongai","São Paulo","SP","687.647058823529","21615.8823529412","0.755","3395",2636,6,2,0.00303490136570561,1,2,1,"Menor porte",8,30.3490136570561
"3718","Pontal","pontal","pontal","São Paulo","SP","411.134272005034","17894.7927318493","0.725","37607",23724,NA,NA,NA,1,2,3,"Médio porte",0,0
"3719","Pontalinda","pontalinda","pontalinda","São Paulo","SP","397.518185708173","16601.1981172443","0.702","4127",2134,NA,NA,NA,3,2,3,"Menor porte",0,0
"3720","Pontes Gestal","pontes gestal","pontes gestal","São Paulo","SP","648.816453240202","30831.9751649205","0.732","2387",1770,NA,NA,NA,3,2,1,"Menor porte",0,0
"3721","Populina","populina","populina","São Paulo","SP","623.314065510597","23485.3082851638","0.714","4127",2803,NA,NA,NA,3,3,1,"Menor porte",0,0
"3722","Porangaba","porangaba","porangaba","São Paulo","SP","514.850501639019","18786.3315784246","0.703","10451",6350,3,0,0.00047244094488189,2,2,3,"Menor porte",3,4.7244094488189
"3723","Porto Feliz","porto feliz","porto feliz","São Paulo","SP","653.552301411932","56110.1644133179","0.758","56497",40263,2,0,0.000049673397412016,1,2,1,"Médio porte",2,0.49673397412016
"3724","Porto Ferreira","porto ferreira","porto ferreira","São Paulo","SP","763.043324366417","38011.4859125018","0.751","52649",46943,3,0,0.0000639072918219969,2,2,1,"Médio porte",3,0.639072918219969
"3725","Potim","potim","potim","São Paulo","SP","283.485873458018","9362.75368085953","0.697","20392",8295,NA,NA,NA,1,2,3,"Médio porte",0,0
"3726","Potirendaba","potirendaba","potirendaba","São Paulo","SP","749.086549440512","26182.9755651975","0.747","18496",14716,NA,NA,NA,3,2,1,"Menor porte",0,0
"3727","Pracinha","pracinha","pracinha","São Paulo","SP","176.87559354226","7799.62013295347","0.696","2578",847,NA,NA,NA,NA,NA,NA,"Menor porte",0,0
"3728","Pradópolis","pradópolis","pradopolis","São Paulo","SP","470.900196589402","28924.0159100261","0.733","17078",11881,1,0,0.000084167999326656,2,2,1,"Médio porte",1,0.84167999326656
"3729","Praia Grande","praia grande","praia grande","São Paulo","SP","447.638622315586","23023.8691834545","0.754","349935",176885,11,0,0.0000621872968312746,3,3,1,"Maior porte",11,0.621872968312746
"3730","Pratânia","pratânia","pratania","São Paulo","SP","673.876246003385","21839.0069588114","0.701","5126",4550,NA,NA,NA,2,2,1,"Menor porte",0,0
"3731","Presidente Alves","presidente alves","presidente alves","São Paulo","SP","521.323529411765","18289.4607843137","0.735","3804",2495,NA,NA,NA,NA,NA,NA,"Menor porte",0,0
"3732","Presidente Bernardes","presidente bernardes","presidente bernardes","São Paulo","SP","671.657836136067","24138.2170006911","0.757","14490",9555,NA,NA,NA,2,3,1,"Menor porte",0,0
"3733","Presidente Epitácio","presidente epitácio","presidente epitacio","São Paulo","SP","653.405122890806","19166.6403838789","0.75","39505",32536,NA,NA,NA,1,2,1,"Médio porte",0,0
"3734","Presidente Prudente","presidente prudente","presidente prudente","São Paulo","SP","764.245499650564","36404.0569342495","0.806","225668",187184,19,15,0.000181639456363792,NA,NA,NA,"Maior porte",34,1.81639456363792
"3735","Presidente Venceslau","presidente venceslau","presidente venceslau","São Paulo","SP","716.84814187909","19338.9586438623","0.763","35201",30524,2,0,0.0000655222120298781,1,2,1,"Médio porte",2,0.655222120298781
"3736","Promissão","promissão","promissao","São Paulo","SP","624.767316547467","32782.5266973646","0.743","35131",27939,NA,NA,NA,2,2,1,"Médio porte",0,0
"3737","Quadra","quadra","quadra","São Paulo","SP","397.509081473793","29273.2226258433","0.678","3405",1900,NA,NA,NA,2,2,3,"Menor porte",0,0
"3738","Quatá","quatá","quata","São Paulo","SP","575.932441942294","34500","0.738","13163",9064,2,1,0.000330979699911739,3,2,1,"Menor porte",3,3.30979699911739
"3739","Queiroz","queiroz","queiroz","São Paulo","SP","386.994219653179","241867.919075145","0.715","3265",1663,NA,NA,NA,NA,NA,NA,"Menor porte",0,0
"3740","Queluz","queluz","queluz","São Paulo","SP","298.912244597971","24872.2622372483","0.722","9159",4682,NA,NA,NA,2,2,3,"Menor porte",0,0
"3741","Quintana","quintana","quintana","São Paulo","SP","523.325358851675","24001.1961722488","0.732","7038",4233,NA,NA,NA,3,2,1,"Menor porte",0,0
"3742","Rafard","rafard","rafard","São Paulo","SP","690.583452367872","35843.7534336886","0.745","8965",7042,NA,NA,NA,3,2,1,"Menor porte",0,0
"3743","Rancharia","rancharia","rancharia","São Paulo","SP","665.074345690641","31374.486981094","0.751","28588",21792,4,0,0.000183553597650514,2,1,1,"Médio porte",4,1.83553597650514
"3744","Redenção da Serra","redenção da serra","redencao da serra","São Paulo","SP","565.511852044803","14414.4308413649","0.657","4494",2562,NA,NA,NA,NA,NA,NA,"Menor porte",0,0
"3745","Regente Feijó","regente feijó","regente feijo","São Paulo","SP","629.351770128469","36171.3248994802","0.768","20145",14468,2,1,0.000207354160906829,3,2,1,"Médio porte",3,2.07354160906829
"3746","Reginópolis","reginópolis","reginopolis","São Paulo","SP","336.992985666362","14897.834705703","0.728","7662",3820,NA,NA,NA,3,2,3,"Menor porte",0,0
"3747","Registro","registro","registro","São Paulo","SP","637.916053410884","37113.4183320625","0.754","59947",40162,NA,NA,NA,1,1,1,"Médio porte",0,0
"3748","Restinga","restinga","restinga","São Paulo","SP","453.444458913921","23067.9776012502","0.705","6404",4237,2,0,0.000472032098182676,2,2,3,"Menor porte",2,4.72032098182676
"3749","Ribeira","ribeira","ribeira","São Paulo","SP","291.891891891892","14833.9339339339","0.698","3132",1191,NA,NA,NA,3,2,3,"Menor porte",0,0
"3750","Ribeirão Bonito","ribeirão bonito","ribeirao bonito","São Paulo","SP","543.725092112189","22523.6483946161","0.712","10989",7983,1,0,0.000125266190655142,2,2,3,"Menor porte",1,1.25266190655142
"3751","Ribeirão Branco","ribeirão branco","ribeirao branco","São Paulo","SP","354.142249090124","18256.8009376349","0.639","18627",7969,NA,NA,NA,1,2,3,"Menor porte",0,0
"3752","Ribeirão Corrente","ribeirão corrente","ribeirao corrente","São Paulo","SP","525.462962962963","30524.4107744108","0.711","4608",2913,NA,NA,NA,NA,NA,NA,"Menor porte",0,0
"3753","Ribeirão do Sul","ribeirão do sul","ribeirao do sul","São Paulo","SP","620.841595064992","34799.0746860542","0.747","4677",3321,NA,NA,NA,3,2,1,"Menor porte",0,0
"3754","Ribeirão dos Índios","ribeirão dos índios","ribeirao dos indios","São Paulo","SP","555.305755395683","17498.2014388489","0.721","2025",1395,NA,NA,NA,NA,NA,NA,"Menor porte",0,0
"3755","Ribeirão Grande","ribeirão grande","ribeirao grande","São Paulo","SP","463.471806224769","25285.9747362938","0.705","7450",4308,NA,NA,NA,3,2,3,"Menor porte",0,0
"3756","Ribeirão Pires","ribeirão pires","ribeirao pires","São Paulo","SP","569.986871672613","25339.7981620342","0.784","115559",76798,15,2,0.00022135993124821,1,3,1,"Maior porte",17,2.2135993124821
"3757","Ribeirão Preto","ribeirão preto","ribeirao preto","São Paulo","SP","764.557299898149","49668.4255259369","0.8","698642",584520,15,6,0.0000359269143912954,3,1,2,"Maior porte",21,0.359269143912954
"3758","Rifaina","rifaina","rifaina","São Paulo","SP","669.78021978022","33032.1428571429","0.74","4049",3033,1,0,0.000329706561160567,2,2,1,"Menor porte",1,3.29706561160567
"3759","Rincão","rincão","rincao","São Paulo","SP","526.359600443951","17814.0954495006","0.734","9098",6474,NA,NA,NA,3,2,3,"Menor porte",0,0
"3760","Rinópolis","rinópolis","rinopolis","São Paulo","SP","657.464110029113","30571.0270053207","0.723","9259",7443,1,0,0.000134354426978369,3,2,1,"Menor porte",1,1.34354426978369
"3761","Rio Claro","rio claro","rio claro","São Paulo","SP","840.746509749625","50535.6092073382","0.803","201418",187735,106,0,0.000564625669161318,3,1,2,"Maior porte",106,5.64625669161318
"3762","Rio das Pedras","rio das pedras","rio das pedras","São Paulo","SP","582.964911298898","36506.3797638368","0.759","31328",23548,NA,NA,NA,2,2,1,"Médio porte",0,0
"3763","Rio Grande da Serra","rio grande da serra","rio grande da serra","São Paulo","SP","385.527646006688","14016.9725484097","0.749","44170",22015,1,0,0.0000454235748353395,2,2,3,"Médio porte",1,0.454235748353395
"3764","Riolândia","riolândia","riolandia","São Paulo","SP","330.680116636457","17341.6344865632","0.703","10309",5002,NA,NA,NA,NA,NA,NA,"Menor porte",0,0
"3765","Riversul","riversul","riversul","São Paulo","SP","448.833363953702","12380.856145508","0.664","5599",2894,NA,NA,NA,3,2,3,"Menor porte",0,0
"3766","Rosana","rosana","rosana","São Paulo","SP","598.243351145507","92593.5753332105","0.764","17440",10929,NA,NA,NA,NA,NA,NA,"Menor porte",0,0
"3767","Roseira","roseira","roseira","São Paulo","SP","531.52485880937","27743.9126006851","0.737","10832",6335,NA,NA,NA,2,3,1,"Menor porte",0,0
"3768","Rubiácea","rubiácea","rubiacea","São Paulo","SP","424.098671726755","20717.5838077166","0.721","2700",1517,NA,NA,NA,3,2,3,"Menor porte",0,0
"3769","Rubinéia","rubinéia","rubineia","São Paulo","SP","700.630914826498","26607.570977918","0.759","3833",2749,NA,NA,NA,NA,NA,NA,"Menor porte",0,0
"3770","Sabino","sabino","sabino","São Paulo","SP","545.244032775205","18908.2650516566","0.728","5112",3312,NA,NA,NA,NA,NA,NA,"Menor porte",0,0
"3771","Sagres","sagres","sagres","São Paulo","SP","446.090534979424","15991.7695473251","0.73","2474",1243,NA,NA,NA,1,2,3,"Menor porte",0,0
"3772","Sales","sales","sales","São Paulo","SP","539.410020290307","22267.0516622444","0.751","6437",4146,NA,NA,NA,3,2,1,"Menor porte",0,0
"3773","Sales Oliveira","sales oliveira","sales oliveira","São Paulo","SP","608.268044674112","305789.798299717","0.772","11411",8305,2,3,0.000602046959662854,NA,NA,NA,"Menor porte",5,6.02046959662854
"3774","Salesópolis","salesópolis","salesopolis","São Paulo","SP","660.67702295386","12244.0296777185","0.732","15202",12541,1,0,0.000079738457858225,1,2,1,"Menor porte",1,0.79738457858225
"3775","Salmourão","salmourão","salmourao","São Paulo","SP","359.94004122166","15042.7206295672","0.719","4808",2243,NA,NA,NA,3,2,3,"Menor porte",0,0
"3776","Saltinho","saltinho","saltinho","São Paulo","SP","692.481830096509","29083.6411295127","0.791","8161",6715,NA,NA,NA,3,2,1,"Menor porte",0,0
"3777","Salto","salto","salto","São Paulo","SP","655.609006480925","64623.7054854012","0.78","134319",89645,NA,NA,NA,3,3,2,"Maior porte",0,0
"3778","Salto de Pirapora","salto de pirapora","salto de pirapora","São Paulo","SP","541.430440470999","41182.1194941125","0.729","43748",29226,NA,NA,NA,2,2,1,"Médio porte",0,0
"3779","Salto Grande","salto grande","salto grande","São Paulo","SP","462.836394703118","23820.909867578","0.704","9050",5161,NA,NA,NA,3,3,3,"Menor porte",0,0
"3780","Sandovalina","sandovalina","sandovalina","São Paulo","SP","475.424896646762","83134.3592099219","0.709","3645",2429,NA,NA,NA,3,2,1,"Menor porte",0,0
"3781","Santa Adélia","santa adélia","santa adelia","São Paulo","SP","714.41424073003","21086.1769809138","0.76","14018",12186,NA,NA,NA,2,2,1,"Menor porte",0,0
"3782","Santa Albertina","santa albertina","santa albertina","São Paulo","SP","707.572235137828","24757.3895715709","0.728","6393",4739,NA,NA,NA,3,2,1,"Menor porte",0,0
"3783","Santa Bárbara d'Oeste","santa bárbara d'oeste","santa barbara doeste","São Paulo","SP","745.995164360307","31790.6733885488","0.781","183347",155878,35,7,0.000269441486290561,3,3,2,"Maior porte",42,2.69441486290561
"3784","Santa Branca","santa branca","santa branca","São Paulo","SP","477.956518812681","17666.2179444033","0.735","13975",8094,NA,NA,NA,NA,NA,NA,"Menor porte",0,0
"3785","Santa Clara d'Oeste","santa clara d'oeste","santa clara doeste","São Paulo","SP","646.474207288216","35879.7917652627","0.733","2598",1708,NA,NA,NA,NA,NA,NA,"Menor porte",0,0
"3786","Santa Cruz da Conceição","santa cruz da conceição","santa cruz da conceicao","São Paulo","SP","635.56338028169","28685.2992957746","0.79","4277",3304,3,0,0.000907990314769976,NA,NA,NA,"Menor porte",3,9.07990314769976
"3787","Santa Cruz da Esperança","santa cruz da esperança","santa cruz da esperanca","São Paulo","SP","436.135624709707","24940.0836042731","0.743","2116",1153,NA,NA,NA,3,3,3,"Menor porte",0,0
"3788","Santa Cruz das Palmeiras","santa cruz das palmeiras","santa cruz das palmeiras","São Paulo","SP","541.986930362438","15479.5750928405","0.728","28864",20852,NA,NA,NA,1,2,1,"Médio porte",0,0
"3789","Santa Cruz do Rio Pardo","santa cruz do rio pardo","santa cruz do rio pardo","São Paulo","SP","721.189746156895","41752.6020482656","0.762","46442",38968,5,1,0.000153972490248409,1,1,1,"Médio porte",6,1.53972490248409
"3790","Santa Ernestina","santa ernestina","santa ernestina","São Paulo","SP","581.961345740873","16934.3235504653","0.738","6118",3710,NA,NA,NA,2,2,1,"Menor porte",0,0
"3791","Santa Fé do Sul","santa fé do sul","santa fe do sul","São Paulo","SP","839.695359764149","36829.3769001628","0.784","34794",31071,NA,NA,NA,2,1,1,"Médio porte",0,0
"3792","Santa Gertrudes","santa gertrudes","santa gertrudes","São Paulo","SP","617.691099667653","73615.6093641576","0.737","23611",19167,2,2,0.00020869202274743,1,2,1,"Médio porte",4,2.0869202274743
"3793","Santa Isabel","santa isabel","santa isabel","São Paulo","SP","521.667874271124","26103.3364386019","0.738","53174",35175,8,0,0.000227434257285004,1,2,1,"Médio porte",8,2.27434257285004
"3794","Santa Lúcia","santa lúcia","santa lucia","São Paulo","SP","486.107973797154","13166.9302010391","0.737","7149",4727,NA,NA,NA,NA,NA,NA,"Menor porte",0,0
"3795","Santa Maria da Serra","santa maria da serra","santa maria da serra","São Paulo","SP","607.761385503528","20423.9897370109","0.686","5243",4222,3,0,0.000710563713879678,3,2,3,"Menor porte",3,7.10563713879678
"3796","Santa Mercedes","santa mercedes","santa mercedes","São Paulo","SP","529.051987767584","18884.4716275909","0.739","2956",1970,2,0,0.00101522842639594,3,2,1,"Menor porte",2,10.1522842639594
"3797","Santa Rita do Passa Quatro","santa rita do passa quatro","santa rita do passa quatro","São Paulo","SP","704.021739130435","24772.6086956522","0.775","24833",20878,2,0,0.0000957946163425616,NA,NA,NA,"Médio porte",2,0.957946163425616
"3798","Santa Rita d'Oeste","santa rita d'oeste","santa rita doeste","São Paulo","SP","690.390028146361","25081.6244471251","0.761","2733",1945,NA,NA,NA,3,2,1,"Menor porte",0,0
"3799","Santa Rosa de Viterbo","santa rosa de viterbo","santa rosa de viterbo","São Paulo","SP","623.967405524614","25755.8030875042","0.77","23411",18221,NA,NA,NA,2,2,1,"Médio porte",0,0
"3800","Santa Salete","santa salete","santa salete","São Paulo","SP","771.907216494845","21892.3969072165","0.772","1645",1387,NA,NA,NA,3,2,1,"Menor porte",0,0
"3801","Santana da Ponte Pensa","santana da ponte pensa","santana da ponte pensa","São Paulo","SP","727.33469665985","23521.472392638","0.773","1670",1200,NA,NA,NA,NA,NA,NA,"Menor porte",0,0
"3802","Santana de Parnaíba","santana de parnaíba","santana de parnaiba","São Paulo","SP","606.432843058025","66177.4267222296","0.814","154105",98527,44,11,0.000558222619180529,1,3,2,"Maior porte",55,5.58222619180529
"3803","Santo Anastácio","santo anastácio","santo anastacio","São Paulo","SP","679.286878175022","19550.512795936","0.753","17963",15545,NA,NA,NA,2,2,1,"Médio porte",0,0
"3804","Santo André","santo andré","santo andre","São Paulo","SP","749.677002583979","42057.6959332823","0.815","748919",580671,51,0,0.0000878294249239242,1,1,2,"Maior porte",51,0.878294249239242
"3805","Santo Antônio da Alegria","santo antônio da alegria","santo antonio da alegria","São Paulo","SP","487.602121255554","22003.0098896374","0.702","6775",4101,NA,NA,NA,3,3,3,"Menor porte",0,0
"3806","Santo Antônio de Posse","santo antônio de posse","santo antonio de posse","São Paulo","SP","675.846827319478","50058.2685196991","0.702","23244",18178,NA,NA,NA,1,2,1,"Médio porte",0,0
"3807","Santo Antônio do Aracanguá","santo antônio do aracanguá","santo antonio do aracangua","São Paulo","SP","488.267892937154","24649.3338049758","0.757","8379",4904,NA,NA,NA,2,2,1,"Menor porte",0,0
"3808","Santo Antônio do Jardim","santo antônio do jardim","santo antonio do jardim","São Paulo","SP","614.141414141414","28801.0101010101","0.714","6126",4220,NA,NA,NA,1,2,1,"Menor porte",0,0
"3809","Santo Antônio do Pinhal","santo antônio do pinhal","santo antonio do pinhal","São Paulo","SP","707.484986084664","17510.912553098","0.706","7133",5890,7,0,0.00118845500848896,3,2,1,"Menor porte",7,11.8845500848896
"3810","Santo Expedito","santo expedito","santo expedito","São Paulo","SP","464.433811802233","12453.5885167464","0.732","3000",1654,NA,NA,NA,3,2,3,"Menor porte",0,0
"3811","Santópolis do Aguapeí","santópolis do aguapeí","santopolis do aguapei","São Paulo","SP","410.213826032801","14105.2522316795","0.74","3899",2232,NA,NA,NA,3,2,3,"Menor porte",0,0
"3812","Santos","santos","santos","São Paulo","SP","639.871234342428","52468.1337281163","0.84","418608",284562,41,35,0.00026707712203316,NA,NA,NA,"Maior porte",76,2.6707712203316
"3813","São Bento do Sapucaí","são bento do sapucaí","sao bento do sapucai","São Paulo","SP","591.572569540072","19615.2575048196","0.72","11674",7882,1,0,0.000126871352448617,1,3,1,"Menor porte",1,1.26871352448617
"3814","São Bernardo do Campo","são bernardo do campo","sao bernardo do campo","São Paulo","SP","718.360227500139","60471.2326950335","0.805","810729",644797,94,4,0.000151985818792581,1,1,2,"Maior porte",98,1.51985818792581
"3815","São Caetano do Sul","são caetano do sul","sao caetano do sul","São Paulo","SP","915.773939996419","84627.0368060658","0.862","165655",147809,15,7,0.000148840733649507,NA,NA,NA,"Maior porte",22,1.48840733649507
"3816","São Carlos","são carlos","sao carlos","São Paulo","SP","745.386743370899","46372.6324641235","0.805","254857",202676,55,7,0.000305906964810831,1,3,2,"Maior porte",62,3.05906964810831
"3817","São Francisco","são francisco","sao francisco","São Paulo","SP","619.808306709265","16202.3429179979","0.723","2602",1972,NA,NA,NA,NA,NA,NA,"Menor porte",0,0
"3818","São João da Boa Vista","são joão da boa vista","sao joao da boa vista","São Paulo","SP","795.490950300204","35647.3613668806","0.797","92547",80194,NA,NA,NA,NA,NA,NA,"Médio porte",0,0
"3819","São João das Duas Pontes","são joão das duas pontes","sao joao das duas pontes","São Paulo","SP","524.404529480672","17744.2405310426","0.72","2580",1553,NA,NA,NA,NA,NA,NA,"Menor porte",0,0
"3820","São João de Iracema","são joão de iracema","sao joao de iracema","São Paulo","SP","533.126293995859","19635.6107660455","0.748","1846",1120,NA,NA,NA,1,2,1,"Menor porte",0,0
"3821","São João do Pau d'Alho","são joão do pau d'alho","sao joao do pau dalho","São Paulo","SP","682.380952380952","21981.4285714286","0.75","2242",1630,NA,NA,NA,NA,NA,NA,"Menor porte",0,0
"3822","São Joaquim da Barra","são joaquim da barra","sao joaquim da barra","São Paulo","SP","691.718113878323","27816.3382327644","0.762","48558",39303,4,1,0.00012721675190189,2,1,1,"Médio porte",5,1.2721675190189
"3823","São José da Bela Vista","são josé da bela vista","sao jose da bela vista","São Paulo","SP","336.941964285714","19157.1428571429","0.693","7626",3543,NA,NA,NA,3,2,3,"Menor porte",0,0
"3824","São José do Barreiro","são josé do barreiro","sao jose do barreiro","São Paulo","SP","388.513513513513","12224.6621621622","0.684","3853",1897,NA,NA,NA,NA,NA,NA,"Menor porte",0,0
"3825","São José do Rio Pardo","são josé do rio pardo","sao jose do rio pardo","São Paulo","SP","706.498077062622","35373.6303606415","0.774","52205",42345,NA,NA,NA,1,1,1,"Médio porte",0,0
"3826","São José do Rio Preto","são josé do rio preto","sao jose do rio preto","São Paulo","SP","864.810111337404","40381.3064133527","0.797","480393",431209,75,2,0.000178567701509013,NA,NA,NA,"Maior porte",77,1.78567701509013
"3827","São José dos Campos","são josé dos campos","sao jose dos campos","São Paulo","SP","614.920169869419","59552.0989068664","0.807","697054",483879,99,1,0.000206663236056948,1,1,2,"Maior porte",100,2.06663236056948
"3828","São Lourenço da Serra","são lourenço da serra","sao lourenco da serra","São Paulo","SP","553.886594066842","16003.8803354613","0.728","16067",10005,2,0,0.000199900049975012,2,2,3,"Menor porte",2,1.99900049975012
"3829","São Luiz do Paraitinga","são luiz do paraitinga","sao luiz do paraitinga","São Paulo","SP","599.812909260992","15906.5481758653","0.697","10337",7428,NA,NA,NA,3,2,3,"Menor porte",0,0
"3830","São Manuel","são manuel","sao manuel","São Paulo","SP","675.510055200253","25999.5622887435","0.744","37289",30021,NA,NA,NA,1,2,1,"Médio porte",0,0
"3831","São Miguel Arcanjo","são miguel arcanjo","sao miguel arcanjo","São Paulo","SP","531.058723713714","23742.712562875","0.71","32039",20518,NA,NA,NA,3,2,1,"Médio porte",0,0
"3832","São Paulo","são paulo","sao paulo","São Paulo","SP","695.0202641216","61970.9215209904","0.805","11451999",9460584,1494,61,0.000164366174434897,1,1,2,"Maior porte",1555,1.64366174434897
"3833","São Pedro","são pedro","sao pedro","São Paulo","SP","727.821011673152","22212.5069483046","0.755","38256",30056,8,0,0.000266169816342827,3,1,1,"Médio porte",8,2.66169816342827
"3834","São Pedro do Turvo","são pedro do turvo","sao pedro do turvo","São Paulo","SP","503.248440748441","22146.8295218295","0.703","7217",4661,NA,NA,NA,2,2,3,"Menor porte",0,0
"3835","São Roque","são roque","sao roque","São Paulo","SP","549.728437975234","34305.5941777102","0.768","79484",57870,6,0,0.000103680663556247,1,1,1,"Médio porte",6,1.03680663556247
"3836","São Sebastião","são sebastião","sao sebastiao","São Paulo","SP","423.489947745992","39581.74652378","0.772","81595",45428,58,1,0.00129875847494937,2,1,1,"Médio porte",59,12.9875847494937
"3837","São Sebastião da Grama","são sebastião da grama","sao sebastiao da grama","São Paulo","SP","517.39452257587","24131.672012501","0.701","10441",7035,NA,NA,NA,3,2,3,"Menor porte",0,0
"3838","São Simão","são simão","sao simao","São Paulo","SP","585.310367240819","30181.0204744881","0.766","13442",9798,4,0,0.000408246580934885,2,3,1,"Menor porte",4,4.08246580934885
"3839","São Vicente","são vicente","sao vicente","São Paulo","SP","393.327089356735","15059.4209390398","0.768","329911",160808,17,4,0.000130590517884682,3,2,1,"Maior porte",21,1.30590517884682
"3840","Sarapuí","sarapuí","sarapui","São Paulo","SP","576.900866217517","15316.6506256015","0.707","10369",7138,NA,NA,NA,3,1,3,"Menor porte",0,0
"3841","Sarutaiá","sarutaiá","sarutaia","São Paulo","SP","508.815426997245","18280.1652892562","0.688","3704",2189,NA,NA,NA,3,2,3,"Menor porte",0,0
"3842","Sebastianópolis do Sul","sebastianópolis do sul","sebastianopolis do sul","São Paulo","SP","892.51547552054","67678.3905458638","0.773","3130",3466,NA,NA,NA,3,2,1,"Menor porte",0,0
"3843","Serra Azul","serra azul","serra azul","São Paulo","SP","291.235565049062","11577.8652960417","0.686","12746",5263,NA,NA,NA,NA,NA,NA,"Menor porte",0,0
"3844","Serra Negra","serra negra","serra negra","São Paulo","SP","729.831590384354","25223.0748336276","0.767","29894",24129,3,0,0.000124331717021012,3,2,1,"Médio porte",3,1.24331717021012
"3845","Serrana","serrana","serrana","São Paulo","SP","520.725615634037","22091.2715800543","0.729","43909",27399,2,0,0.0000729953647943356,2,1,1,"Médio porte",2,0.729953647943356
"3846","Sertãozinho","sertãozinho","sertaozinho","São Paulo","SP","738.056661056142","42695.8754778122","0.761","126887",105747,9,1,0.0000945653304585473,1,2,2,"Maior porte",10,0.945653304585473
"3847","Sete Barras","sete barras","sete barras","São Paulo","SP","443.896713615023","25400.3129890454","0.673","12730",6833,NA,NA,NA,2,1,3,"Menor porte",0,0
"3848","Severínia","severínia","severinia","São Paulo","SP","500.481286450371","13618.7645093709","0.715","14576",9911,1,1,0.000201795984259913,NA,NA,NA,"Menor porte",2,2.01795984259913
"3849","Silveiras","silveiras","silveiras","São Paulo","SP","493.453226060893","12007.8876794447","0.678","6186",3621,2,0,0.000552333609500138,2,2,3,"Menor porte",2,5.52333609500138
"3850","Socorro","socorro","socorro","São Paulo","SP","771.063068291739","21665.7719094602","0.729","40122",36154,2,0,0.0000553189135365381,1,2,1,"Médio porte",2,0.553189135365382
"3851","Sorocaba","sorocaba","sorocaba","São Paulo","SP","706.362196064054","54241.7084571773","0.798","723682",536548,103,9,0.000208741808747773,3,1,2,"Maior porte",112,2.08741808747773
"3852","Sud Mennucci","sud mennucci","sud mennucci","São Paulo","SP","567.805383022774","23071.6873706004","0.747","7355",4818,NA,NA,NA,2,3,1,"Menor porte",0,0
"3853","Sumaré","sumaré","sumare","São Paulo","SP","605.099035327084","51865.5502409062","0.762","279545",200597,17,0,0.0000847470301151064,3,3,2,"Maior porte",17,0.847470301151064
"3854","Suzanápolis","suzanápolis","suzanapolis","São Paulo","SP","544.095665171898","40230.6925759841","0.699","3408",2574,NA,NA,NA,NA,NA,NA,"Menor porte",0,0
"3855","Suzano","suzano","suzano","São Paulo","SP","481.063618124894","40059.8118838564","0.765","307429",165178,20,3,0.000139243724951265,1,3,1,"Maior porte",23,1.39243724951265
"3856","Tabapuã","tabapuã","tabapua","São Paulo","SP","666.720064076892","19950.0200240288","0.735","11323",9163,NA,NA,NA,2,3,1,"Menor porte",0,0
"3857","Tabatinga","tabatinga","tabatinga","São Paulo","SP","616.017784186494","15086.7579908676","0.704","14769",11665,NA,NA,NA,3,3,3,"Menor porte",0,0
"3858","Taboão da Serra","taboão da serra","taboao da serra","São Paulo","SP","462.087777369131","30010.1650933758","0.769","273542",151614,47,2,0.000323189151397628,1,2,1,"Maior porte",49,3.23189151397628
"3859","Taciba","taciba","taciba","São Paulo","SP","506.399115184073","25287.7231790172","0.723","6260",3634,1,0,0.000275178866263071,2,2,3,"Menor porte",1,2.75178866263071
"3860","Taguaí","taguaí","taguai","São Paulo","SP","380.949013506824","18612.8986634609","0.709","12669",6403,1,0,0.00015617679212869,NA,NA,NA,"Menor porte",1,1.5617679212869
"3861","Taiaçu","taiaçu","taiacu","São Paulo","SP","522.46835443038","14816.9303797468","0.71","5677",3680,NA,NA,NA,3,2,3,"Menor porte",0,0
"3862","Taiúva","taiúva","taiuva","São Paulo","SP","633.896477354421","19966.5708123652","0.76","6548",3949,2,0,0.000506457330969866,3,2,1,"Menor porte",2,5.06457330969866
"3863","Tambaú","tambaú","tambau","São Paulo","SP","660.123966942149","24595.6008953168","0.731","21435",17498,1,0,0.000057149388501543,2,1,1,"Médio porte",1,0.57149388501543
"3864","Tanabi","tanabi","tanabi","São Paulo","SP","693.843147772116","36565.1507605073","0.748","25265",20178,3,0,0.000148676776687481,2,1,1,"Médio porte",3,1.48676776687481
"3865","Tapiraí","tapiraí","tapirai","São Paulo","SP","478.367241823332","19065.5421066186","0.681","7996",4400,NA,NA,NA,2,2,3,"Menor porte",0,0
"3866","Tapiratiba","tapiratiba","tapiratiba","São Paulo","SP","529.49806949807","20078.3011583012","0.751","11816",7743,NA,NA,NA,3,2,1,"Menor porte",0,0
"3867","Taquaral","taquaral","taquaral","São Paulo","SP","488.446498400284","13710.9847138287","0.759","2619",1528,NA,NA,NA,NA,NA,NA,"Menor porte",0,0
"3868","Taquaritinga","taquaritinga","taquaritinga","São Paulo","SP","705.285544941078","26588.243497664","0.748","52260",44085,NA,NA,NA,1,2,1,"Médio porte",0,0
"3869","Taquarituba","taquarituba","taquarituba","São Paulo","SP","661.162710698314","35004.6009631923","0.701","24350",18033,NA,NA,NA,2,2,1,"Médio porte",0,0
"3870","Taquarivaí","taquarivaí","taquarivai","São Paulo","SP","361.698528167823","38612.4175266452","0.679","6876",2898,NA,NA,NA,2,2,3,"Menor porte",0,0
"3871","Tarabai","tarabai","tarabai","São Paulo","SP","464.986737400531","15515.7824933687","0.726","6536",4116,NA,NA,NA,3,2,3,"Menor porte",0,0
"3872","Tarumã","tarumã","taruma","São Paulo","SP","536.982151090035","39009.6160179148","0.753","14882",9468,3,0,0.000316856780735108,2,2,1,"Menor porte",3,3.16856780735108
"3873","Tatuí","tatuí","tatui","São Paulo","SP","709.092683402864","33830.474842844","0.752","123942",98516,5,0,0.0000507531771488895,1,2,2,"Maior porte",5,0.507531771488895
"3874","Taubaté","taubaté","taubate","São Paulo","SP","698.246386612774","57742.3902615479","0.8","310739",234077,123,0,0.000525468115192864,3,1,2,"Maior porte",123,5.25468115192864
"3875","Tejupá","tejupá","tejupa","São Paulo","SP","321.086617679804","20175.0167000668","0.668","4127",1710,NA,NA,NA,3,2,3,"Menor porte",0,0
"3876","Teodoro Sampaio","teodoro sampaio","teodoro sampaio","São Paulo","SP","557.942680359215","21573.7549950587","0.741","22173",15035,7,0,0.000465580312603924,3,1,1,"Médio porte",7,4.65580312603924
"3877","Terra Roxa","terra roxa","terra roxa","São Paulo","SP","507.470594468581","14697.9972448871","0.749","7904",5424,NA,NA,NA,3,3,3,"Menor porte",0,0
"3878","Tietê","tietê","tiete","São Paulo","SP","671.848907495825","43532.0460051274","0.778","37663",30947,NA,NA,NA,2,2,1,"Médio porte",0,0
"3879","Timburi","timburi","timburi","São Paulo","SP","475.490196078431","18720.5882352941","0.71","2464",1489,NA,NA,NA,NA,NA,NA,"Menor porte",0,0
"3880","Torre de Pedra","torre de pedra","torre de pedra","São Paulo","SP","569.777043765483","12838.5631709331","0.714","2046",1587,NA,NA,NA,NA,NA,NA,"Menor porte",0,0
"3881","Torrinha","torrinha","torrinha","São Paulo","SP","766.2092283214","20699.5823389021","0.744","9335",8524,2,0,0.000234631628343501,3,3,1,"Menor porte",2,2.34631628343501
"3882","Trabiju","trabiju","trabiju","São Paulo","SP","500.575373993095","20920.5983889528","0.722","1682",997,NA,NA,NA,NA,NA,NA,"Menor porte",0,0
"3883","Tremembé","tremembé","tremembe","São Paulo","SP","460.766232133127","15402.4604937754","0.785","51173",25091,3,0,0.000119564784185565,2,2,1,"Médio porte",3,1.19564784185565
"3884","Três Fronteiras","três fronteiras","tres fronteiras","São Paulo","SP","687.928669410151","17978.0521262003","0.753","6804",4727,NA,NA,NA,3,2,1,"Menor porte",0,0
"3885","Tuiuti","tuiuti","tuiuti","São Paulo","SP","504.801490612011","20428.2642969758","0.728","6778",4325,NA,NA,NA,1,1,3,"Menor porte",0,0
"3886","Tupã","tupã","tupa","São Paulo","SP","853.637334146713","29429.0529205429","0.771","63928",60382,4,0,0.0000662449074227419,2,1,1,"Médio porte",4,0.662449074227419
"3887","Tupi Paulista","tupi paulista","tupi paulista","São Paulo","SP","668.164024898928","20050.0545466213","0.769","15854",11410,1,2,0.000262927256792287,NA,NA,NA,"Menor porte",3,2.62927256792287
"3888","Turiúba","turiúba","turiuba","São Paulo","SP","582.178217821782","19456.4356435644","0.751","1818",1329,NA,NA,NA,3,2,1,"Menor porte",0,0
"3889","Turmalina","turmalina","turmalina","São Paulo","SP","714.033018867925","34854.9528301887","0.736","1669",1338,NA,NA,NA,NA,NA,NA,"Menor porte",0,0
"3890","Ubarana","ubarana","ubarana","São Paulo","SP","479.84375","46798.28125","0.7","5365",3498,NA,NA,NA,3,2,1,"Menor porte",0,0
"3891","Ubatuba","ubatuba","ubatuba","São Paulo","SP","547.939536504618","25948.4339606203","0.751","92981",62453,12,1,0.000208156533713352,3,1,1,"Médio porte",13,2.08156533713352
"3892","Ubirajara","ubirajara","ubirajara","São Paulo","SP","580.766028309742","19129.6835970025","0.727","5132",3211,NA,NA,NA,NA,NA,NA,"Menor porte",0,0
"3893","Uchoa","uchoa","uchoa","São Paulo","SP","634.223229238499","23809.279873904","0.721","10394",7267,NA,NA,NA,3,2,1,"Menor porte",0,0
"3894","União Paulista","união paulista","uniao paulista","São Paulo","SP","604.289544235925","24037.5335120643","0.749","1603",1222,NA,NA,NA,NA,NA,NA,"Menor porte",0,0
"3895","Urânia","urânia","urania","São Paulo","SP","759.868421052632","25423.9035087719","0.746","8833",7817,NA,NA,NA,2,3,1,"Menor porte",0,0
"3896","Uru","uru","uru","São Paulo","SP","693.842150910668","31792.7146574154","0.712","1387",878,NA,NA,NA,NA,NA,NA,"Menor porte",0,0
"3897","Urupês","urupês","urupes","São Paulo","SP","744.383640552995","29399.8415898617","0.745","13744",11806,NA,NA,NA,3,3,1,"Menor porte",0,0
"3898","Valentim Gentil","valentim gentil","valentim gentil","São Paulo","SP","676.470588235294","24495.0487732782","0.735","14098",10908,NA,NA,NA,1,2,1,"Menor porte",0,0
"3899","Valinhos","valinhos","valinhos","São Paulo","SP","780.97705967533","50004.6642786373","0.819","126373",112578,42,3,0.000399722858817886,1,3,2,"Maior porte",45,3.99722858817886
"3900","Valparaíso","valparaíso","valparaiso","São Paulo","SP","472.410707628067","31020.1700096935","0.725","24241",14179,NA,NA,NA,2,1,1,"Médio porte",0,0
"3901","Vargem","vargem","vargem","São Paulo","SP","635.42835765058","12370.3703703704","0.699","10512",9004,NA,NA,NA,2,1,3,"Menor porte",0,0
"3902","Vargem Grande do Sul","vargem grande do sul","vargem grande do sul","São Paulo","SP","660.403618649965","22991.9276270007","0.737","40133",31768,NA,NA,NA,3,2,1,"Médio porte",0,0
"3903","Vargem Grande Paulista","vargem grande paulista","vargem grande paulista","São Paulo","SP","594.05625794868","40672.0842373008","0.77","50415",37104,NA,NA,NA,NA,NA,NA,"Médio porte",0,0
"3904","Várzea Paulista","várzea paulista","varzea paulista","São Paulo","SP","570.174939668972","23621.3486524039","0.759","115771",79233,11,0,0.00013883104262113,NA,NA,NA,"Maior porte",11,1.3883104262113
"3905","Vera Cruz","vera cruz","vera cruz","São Paulo","SP","594.567125565924","16292.4327820383","0.754","10176",7196,2,0,0.000277932184546971,NA,NA,NA,"Menor porte",2,2.77932184546971
"3906","Vinhedo","vinhedo","vinhedo","São Paulo","SP","793.161987742008","120628.240815868","0.817","76540",69113,47,2,0.000708983838062304,NA,NA,NA,"Médio porte",49,7.08983838062304
"3907","Viradouro","viradouro","viradouro","São Paulo","SP","636.062470421202","18054.3724036388","0.739","17414",13349,NA,NA,NA,1,3,1,"Menor porte",0,0
"3908","Vista Alegre do Alto","vista alegre do alto","vista alegre do alto","São Paulo","SP","586.383357436867","29821.6709311381","0.744","8109",6040,NA,NA,NA,1,2,1,"Menor porte",0,0
"3909","Vitória Brasil","vitória brasil","vitoria brasil","São Paulo","SP","592.091007583965","19592.6327193933","0.725","1794",1267,NA,NA,NA,3,2,1,"Menor porte",0,0
"3910","Votorantim","votorantim","votorantim","São Paulo","SP","583.499866503774","27564.5434024547","0.767","127923",83375,NA,NA,NA,1,2,1,"Maior porte",0,0
"3911","Votuporanga","votuporanga","votuporanga","São Paulo","SP","914.15804820743","30977.3437663891","0.79","96634",95102,31,1,0.000336480831107653,1,1,1,"Médio porte",32,3.36480831107653
"3912","Zacarias","zacarias","zacarias","São Paulo","SP","601.017441860465","32892.4418604651","0.729","2692",1863,NA,NA,NA,3,2,1,"Menor porte",0,0
"3913","Abatiá","abatiá","abatia","Paraná","PR","537.526997840173","25483.8012958963","0.687","7241",4865,NA,NA,NA,NA,NA,NA,"Menor porte",0,0
"3914","Adrianópolis","adrianópolis","adrianopolis","Paraná","PR","531.500768311422","36729.2129076319","0.667","6256",3528,NA,NA,NA,1,2,3,"Menor porte",0,0
"3915","Agudos do Sul","agudos do sul","agudos do sul","Paraná","PR","664.730728616684","23045.5121436114","0.66","10233",8079,NA,NA,NA,2,2,3,"Menor porte",0,0
"3916","Almirante Tamandaré","almirante tamandaré","almirante tamandare","Paraná","PR","505.643904999125","13585.5166151565","0.699","119825",69912,NA,NA,NA,2,3,3,"Maior porte",0,0
"3917","Altamira do Paraná","altamira do paraná","altamira do parana","Paraná","PR","1177.17003567182","44656.9560047562","0.667","3590",2362,NA,NA,NA,NA,NA,NA,"Menor porte",0,0
"3918","Alto Paraíso","alto paraíso","alto paraiso","Paraná","PR","691.992551210428","33930.3538175047","0.678","3055",2139,NA,NA,NA,NA,NA,NA,"Menor porte",0,0
"3919","Alto Paraná","alto paraná","alto parana","Paraná","PR","566.054243219598","21579.3795006393","0.696","13909",9351,NA,NA,NA,3,2,3,"Menor porte",0,0
"3920","Alto Piquiri","alto piquiri","alto piquiri","Paraná","PR","582.941296788709","27656.1669052976","0.676","9727",6415,NA,NA,NA,3,2,3,"Menor porte",0,0
"3921","Altônia","altônia","altonia","Paraná","PR","628.111471861472","16783.5497835498","0.721","18742",15582,NA,NA,NA,1,2,1,"Médio porte",0,0
"3922","Alvorada do Sul","alvorada do sul","alvorada do sul","Paraná","PR","500.825871511779","21672.5202121186","0.708","10326",6713,NA,NA,NA,1,3,3,"Menor porte",0,0
"3923","Amaporã","amaporã","amapora","Paraná","PR","400.663297536323","26357.3910296905","0.669","4762",2898,NA,NA,NA,1,2,3,"Menor porte",0,0
"3924","Ampére","ampére","ampere","Paraná","PR","706.022474237481","30862.9278649474","0.709","19620",15904,NA,NA,NA,1,1,1,"Menor porte",0,0
"3925","Anahy","anahy","anahy","Paraná","PR","680.057388809182","30936.8723098996","0.695","2918",2213,NA,NA,NA,3,2,1,"Menor porte",0,0
"3926","Andirá","andirá","andira","Paraná","PR","708.370972598615","37935.1600923417","0.725","19878",15960,NA,NA,NA,NA,NA,NA,"Menor porte",0,0
"3927","Ângulo","ângulo","angulo","Paraná","PR","634.129692832765","38229.6928327645","0.721","3235",2107,NA,NA,NA,NA,NA,NA,"Menor porte",0,0
"3928","Antonina","antonina","antonina","Paraná","PR","288.352947385086","29844.6356008233","0.687","18091",6328,NA,NA,NA,2,2,3,"Menor porte",0,0
"3929","Antônio Olinto","antônio olinto","antonio olinto","Paraná","PR","568.870337956106","26133.4320721691","0.656","7018",4811,1,2,0.000623570983163583,2,2,3,"Menor porte",3,6.23570983163583
"3930","Apucarana","apucarana","apucarana","Paraná","PR","644.626157934143","25369.9957426193","0.748","130134",98038,NA,NA,NA,3,1,1,"Maior porte",0,0
"3931","Arapongas","arapongas","arapongas","Paraná","PR","714.750420639372","39844.8201265924","0.748","119138",100050,NA,NA,NA,3,2,2,"Maior porte",0,0
"3932","Arapoti","arapoti","arapoti","Paraná","PR","534.593639575972","43466.7137809187","0.723","25777",17913,NA,NA,NA,2,2,1,"Médio porte",0,0
"3933","Arapuã","arapuã","arapua","Paraná","PR","733.133931538717","31703.5559986707","0.676","3527",2536,NA,NA,NA,2,1,1,"Menor porte",0,0
"3934","Araruna","araruna","araruna","Paraná","PR","658.214285714286","33663.5714285714","0.704","14485",10364,NA,NA,NA,2,3,1,"Menor porte",0,0
"3935","Araucária","araucária","araucaria","Paraná","PR","618.552259017604","127925.239717127","0.74","151666",102257,11,3,0.000136909942595617,NA,NA,NA,"Maior porte",14,1.36909942595617
"3936","Ariranha do Ivaí","ariranha do ivaí","ariranha do ivai","Paraná","PR","659.244917715392","37645.2081316554","0.67","2329",1589,NA,NA,NA,3,2,1,"Menor porte",0,0
"3937","Assaí","assaí","assai","Paraná","PR","739.066470509563","29409.3219205564","0.728","13797",12208,NA,NA,NA,3,3,1,"Menor porte",0,0
"3938","Assis Chateaubriand","assis chateaubriand","assis chateaubriand","Paraná","PR","811.397720455909","35166.7366526695","0.729","36808",30999,NA,NA,NA,1,1,1,"Médio porte",0,0
"3939","Astorga","astorga","astorga","Paraná","PR","715.40310580335","28194.1699416231","0.747","25475",20420,NA,NA,NA,1,1,1,"Médio porte",0,0
"3940","Atalaia","atalaia","atalaia","Paraná","PR","698.531306364339","37375.4187065189","0.736","3980",3140,NA,NA,NA,2,3,1,"Menor porte",0,0
"3941","Balsa Nova","balsa nova","balsa nova","Paraná","PR","671.631530705774","57366.7888787046","0.696","13395",9660,NA,NA,NA,2,2,1,"Menor porte",0,0
"3942","Bandeirantes","bandeirantes","bandeirantes","Paraná","PR","682.740059594374","25936.4006279837","0.727","31273",23810,NA,NA,NA,1,1,1,"Médio porte",0,0
"3943","Barbosa Ferraz","barbosa ferraz","barbosa ferraz","Paraná","PR","562.839138806231","18556.800280063","0.696","10795",7544,NA,NA,NA,3,3,3,"Menor porte",0,0
"3944","Barra do Jacaré","barra do jacaré","barra do jacare","Paraná","PR","605.897159295218","29236.2459546926","0.744","2814",1885,NA,NA,NA,3,2,1,"Menor porte",0,0
"3945","Barracão","barracão","barracao","Paraná","PR","848.235065942591","25559.9301784329","0.706","9759",10583,1,3,0.000377964660304262,3,2,1,"Menor porte",4,3.77964660304262
"3946","Bela Vista da Caroba","bela vista da caroba","bela vista da caroba","Paraná","PR","698.293317905699","20018.5131617009","0.681","4031",2784,NA,NA,NA,NA,NA,NA,"Menor porte",0,0
"3947","Bela Vista do Paraíso","bela vista do paraíso","bela vista do paraiso","Paraná","PR","744.983440483148","30190.4019741542","0.716","14833",13023,NA,NA,NA,3,3,1,"Menor porte",0,0
"3948","Bituruna","bituruna","bituruna","Paraná","PR","610.975609756098","21996.9512195122","0.667","15533",11872,NA,NA,NA,2,3,3,"Menor porte",0,0
"3949","Boa Esperança","boa esperança","boa esperanca","Paraná","PR","847.541388682975","49751.9149987645","0.72","4558",3891,NA,NA,NA,2,3,1,"Menor porte",0,0
"3950","Boa Esperança do Iguaçu","boa esperança do iguaçu","boa esperanca do iguacu","Paraná","PR","703.643724696356","35725.1012145749","0.7","2455",2015,NA,NA,NA,1,2,1,"Menor porte",0,0
"3951","Boa Ventura de São Roque","boa ventura de são roque","boa ventura de sao roque","Paraná","PR","556.794972505892","34216.3393558523","0.655","6170",4117,NA,NA,NA,2,2,3,"Menor porte",0,0
"3952","Boa Vista da Aparecida","boa vista da aparecida","boa vista da aparecida","Paraná","PR","643.236074270557","18684.8806366048","0.67","7924",5557,NA,NA,NA,1,3,3,"Menor porte",0,0
"3953","Bocaiúva do Sul","bocaiúva do sul","bocaiuva do sul","Paraná","PR","550.841648259578","15295.4528143804","0.64","13299",8756,0,1,0.000114207400639561,2,2,3,"Menor porte",1,1.14207400639561
"3954","Bom Jesus do Sul","bom jesus do sul","bom jesus do sul","Paraná","PR","598.687963491158","20024.8146035368","0.697","3980",2339,NA,NA,NA,NA,NA,NA,"Menor porte",0,0
"3955","Bom Sucesso","bom sucesso","bom sucesso","Paraná","PR","487.266553480475","16844.3689869836","0.686","6581",3740,NA,NA,NA,2,3,3,"Menor porte",0,0
"3956","Bom Sucesso do Sul","bom sucesso do sul","bom sucesso do sul","Paraná","PR","684.081130915796","54636.4474492932","0.742","3202",2417,NA,NA,NA,3,2,1,"Menor porte",0,0
"3957","Borrazópolis","borrazópolis","borrazopolis","Paraná","PR","846.715328467153","30744.991458301","0.717","7735",6503,NA,NA,NA,NA,NA,NA,"Menor porte",0,0
"3958","Braganey","braganey","braganey","Paraná","PR","659.606094388703","32863.6194723151","0.701","4854",3862,NA,NA,NA,1,2,1,"Menor porte",0,0
"3959","Brasilândia do Sul","brasilândia do sul","brasilandia do sul","Paraná","PR","807.350096711799","64450.6769825919","0.681","3708",2444,NA,NA,NA,NA,NA,NA,"Menor porte",0,0
"3960","Cafeara","cafeara","cafeara","Paraná","PR","523.696682464455","22030.8056872038","0.693","2627",1737,NA,NA,NA,2,2,3,"Menor porte",0,0
"3961","Cafelândia","cafelândia","cafelandia","Paraná","PR","711.963589076723","73905.3966189857","0.748","18997",15698,NA,NA,NA,3,2,1,"Menor porte",0,0
"3962","Cafezal do Sul","cafezal do sul","cafezal do sul","Paraná","PR","645.796956847094","21892.741332003","0.692","4473",2939,NA,NA,NA,NA,NA,NA,"Menor porte",0,0
"3963","Califórnia","califórnia","california","Paraná","PR","726.818498721822","18147.4552637695","0.722","8710",7321,NA,NA,NA,1,2,1,"Menor porte",0,0
"3964","Cambará","cambará","cambara","Paraná","PR","685.502238278489","29944.4749862562","0.721","23212",19109,NA,NA,NA,NA,NA,NA,"Médio porte",0,0
"3965","Cambé","cambé","cambe","Paraná","PR","647.329538573332","38353.5927557969","0.734","107208",77643,NA,NA,NA,3,3,1,"Maior porte",0,0
"3966","Cambira","cambira","cambira","Paraná","PR","728.937728937729","25889.3520272831","0.725","9460",6770,NA,NA,NA,2,2,1,"Menor porte",0,0
"3967","Campina da Lagoa","campina da lagoa","campina da lagoa","Paraná","PR","696.076336965036","29430.1075268817","0.704","15723",11435,NA,NA,NA,2,3,1,"Menor porte",0,0
"3968","Campina do Simão","campina do simão","campina do simao","Paraná","PR","485.099766778958","26275.719098212","0.63","3936",2287,NA,NA,NA,1,2,3,"Menor porte",0,0
"3969","Campina Grande do Sul","campina grande do sul","campina grande do sul","Paraná","PR","590.065239784823","36126.244706421","0.718","47825",32028,2,2,0.000124890720619458,NA,NA,NA,"Médio porte",4,1.24890720619458
"3970","Campo Bonito","campo bonito","campo bonito","Paraná","PR","632.739835237842","35591.0178049429","0.681","4027",2753,NA,NA,NA,3,2,1,"Menor porte",0,0
"3971","Campo do Tenente","campo do tenente","campo do tenente","Paraná","PR","488.502175264139","25077.3151025482","0.686","7508",4605,NA,NA,NA,2,2,3,"Menor porte",0,0
"3972","Campo Largo","campo largo","campo largo","Paraná","PR","623.082956710118","35272.954095544","0.745","136327",94806,NA,NA,NA,NA,NA,NA,"Maior porte",0,0
"3973","Campo Magro","campo magro","campo magro","Paraná","PR","517.451244115669","14622.6294552791","0.701","30160",17664,NA,NA,NA,1,2,3,"Médio porte",0,0
"3974","Campo Mourão","campo mourão","campo mourao","Paraná","PR","762.724111930295","40536.1406668901","0.757","99432",82816,6,0,0.0000724497681607419,1,1,1,"Médio porte",6,0.724497681607419
"3975","Cândido de Abreu","cândido de abreu","candido de abreu","Paraná","PR","526.976838409076","21951.7860760348","0.629","15244",9246,NA,NA,NA,2,2,3,"Menor porte",0,0
"3976","Candói","candói","candoi","Paraná","PR","524.076496604996","30674.7648414627","0.635","14973",10146,1,2,0.000295683027794205,NA,NA,NA,"Menor porte",3,2.95683027794205
"3977","Cantagalo","cantagalo","cantagalo","Paraná","PR","440.618200915297","19085.1526746193","0.635","10922",6823,NA,NA,NA,2,2,3,"Menor porte",0,0
"3978","Capanema","capanema","capanema","Paraná","PR","709.630248589931","30744.5163985795","0.706","20481",15265,NA,NA,NA,2,2,1,"Menor porte",0,0
"3979","Capitão Leônidas Marques","capitão leônidas marques","capitao leonidas marques","Paraná","PR","743.273967411898","81183.2133383858","0.716","14648",13056,NA,NA,NA,1,3,1,"Menor porte",0,0
"3980","Carambeí","carambeí","carambei","Paraná","PR","607.722980062959","62529.611752361","0.728","23283",16990,2,0,0.000117716303708064,1,2,1,"Médio porte",2,1.17716303708064
"3981","Carlópolis","carlópolis","carlopolis","Paraná","PR","649.832822513235","24407.7040958484","0.713","16905",11159,NA,NA,NA,2,2,1,"Menor porte",0,0
"3982","Cascavel","cascavel","cascavel","Paraná","PR","748.869356940177","37920.8745445081","0.782","348051",282277,68,2,0.000247983363858905,3,1,2,"Maior porte",70,2.47983363858905
"3983","Castro","castro","castro","Paraná","PR","625.367293793257","38486.8192009358","0.703","73075",52831,NA,NA,NA,1,1,1,"Médio porte",0,0
"3984","Catanduvas","catanduvas","catanduvas","Paraná","PR","524.540179010524","23894.1674043474","0.678","10446",6221,NA,NA,NA,NA,NA,NA,"Menor porte",0,0
"3985","Centenário do Sul","centenário do sul","centenario do sul","Paraná","PR","614.269788182832","19946.5811965812","0.668","10832",7481,NA,NA,NA,3,3,3,"Menor porte",0,0
"3986","Cerro Azul","cerro azul","cerro azul","Paraná","PR","478.887455840296","18031.6828351932","0.573","16134",9715,NA,NA,NA,3,1,3,"Menor porte",0,0
"3987","Céu Azul","céu azul","ceu azul","Paraná","PR","716.219646332177","51247.3982570437","0.732","11087",9467,NA,NA,NA,2,3,1,"Menor porte",0,0
"3988","Chopinzinho","chopinzinho","chopinzinho","Paraná","PR","739.761047633954","34615.9023321334","0.74","21085",16410,NA,NA,NA,2,3,1,"Menor porte",0,0
"3989","Cianorte","cianorte","cianorte","Paraná","PR","747.041137730266","33835.3894244536","0.755","79527",70122,4,0,0.0000570434385784775,2,1,1,"Médio porte",4,0.570434385784775
"3990","Cidade Gaúcha","cidade gaúcha","cidade gaucha","Paraná","PR","583.027272016879","32343.5961553489","0.718","11467",8261,NA,NA,NA,NA,NA,NA,"Menor porte",0,0
"3991","Clevelândia","clevelândia","clevelandia","Paraná","PR","645.653495440729","31248.0243161094","0.694","15070",12401,NA,NA,NA,2,3,1,"Menor porte",0,0
"3992","Colombo","colombo","colombo","Paraná","PR","579.593575079095","21912.6145858684","0.733","232212",160550,21,7,0.000174400498287138,1,3,1,"Maior porte",28,1.74400498287138
"3993","Colorado","colorado","colorado","Paraná","PR","728.473804100228","28905.4876786084","0.73","22896",19437,NA,NA,NA,1,1,1,"Médio porte",0,0
"3994","Congonhinhas","congonhinhas","congonhinhas","Paraná","PR","478.152873433442","22536.5247826578","0.668","8320",5039,NA,NA,NA,2,3,3,"Menor porte",0,0
"3995","Conselheiro Mairinck","conselheiro mairinck","conselheiro mairinck","Paraná","PR","482.714138286894","26954.5923632611","0.707","3461",2122,NA,NA,NA,3,3,3,"Menor porte",0,0
"3996","Contenda","contenda","contenda","Paraná","PR","606.412910760737","21406.9650156607","0.681","19128",13436,NA,NA,NA,2,2,3,"Menor porte",0,0
"3997","Corbélia","corbélia","corbelia","Paraná","PR","765.729976047204","39444.8209382485","0.738","17470",14799,NA,NA,NA,3,3,1,"Menor porte",0,0
"3998","Cornélio Procópio","cornélio procópio","cornelio procopio","Paraná","PR","737.782701392082","35293.4659922244","0.759","45206",38352,NA,NA,NA,2,1,1,"Médio porte",0,0
"3999","Coronel Domingos Soares","coronel domingos soares","coronel domingos soares","Paraná","PR","340.117052407555","25682.2293163075","0.6","5649",2982,NA,NA,NA,NA,NA,NA,"Menor porte",0,0
"4000","Coronel Vivida","coronel vivida","coronel vivida","Paraná","PR","765.646258503401","32757.0942662779","0.723","23331",18221,1,3,0.000219526919488502,2,1,1,"Médio porte",4,2.19526919488502
"4001","Corumbataí do Sul","corumbataí do sul","corumbatai do sul","Paraná","PR","698.752798209146","19973.137192197","0.638","3760",2614,NA,NA,NA,NA,NA,NA,"Menor porte",0,0
"4002","Cruz Machado","cruz machado","cruz machado","Paraná","PR","597.460114188144","19986.9270583213","0.664","15978",13051,NA,NA,NA,1,2,3,"Menor porte",0,0
"4003","Cruzeiro do Iguaçu","cruzeiro do iguaçu","cruzeiro do iguacu","Paraná","PR","633.254716981132","27077.1226415094","0.709","4133",3012,NA,NA,NA,3,2,1,"Menor porte",0,0
"4004","Cruzeiro do Oeste","cruzeiro do oeste","cruzeiro do oeste","Paraná","PR","709.648159640999","40103.9289635747","0.717","23831",16787,NA,NA,NA,2,1,1,"Médio porte",0,0
"4005","Cruzeiro do Sul","cruzeiro do sul","cruzeiro do sul","Paraná","PR","710.047201618341","38847.156664419","0.713","4494",3456,NA,NA,NA,1,3,1,"Menor porte",0,0
"4006","Cruzmaltina","cruzmaltina","cruzmaltina","Paraná","PR","580.280725778843","38614.857925368","0.666","2892",1872,NA,NA,NA,NA,NA,NA,"Menor porte",0,0
"4007","Curitiba","curitiba","curitiba","Paraná","PR","818.823109206179","49310.7189373435","0.823","1773718",1737730,586,29,0.00035390998601624,1,1,2,"Maior porte",615,3.5390998601624
"4008","Curiúva","curiúva","curiuva","Paraná","PR","501.645169781521","14675.3750987102","0.656","13647",9342,NA,NA,NA,1,2,3,"Menor porte",0,0
"4009","Diamante do Norte","diamante do norte","diamante do norte","Paraná","PR","746.719681908549","63018.8866799205","0.723","5142",4160,NA,NA,NA,3,3,1,"Menor porte",0,0
"4010","Diamante do Sul","diamante do sul","diamante do sul","Paraná","PR","462.908878504673","16343.1658878505","0.608","3171",1805,NA,NA,NA,2,2,3,"Menor porte",0,0
"4011","Diamante D'Oeste","diamante d'oeste","diamante doeste","Paraná","PR","472.844663881504","19378.8454234713","0.644","4557",2746,NA,NA,NA,NA,NA,NA,"Menor porte",0,0
"4012","Dois Vizinhos","dois vizinhos","dois vizinhos","Paraná","PR","790.267556898484","40841.2203323749","0.767","44869",37910,9,0,0.000237404378791876,1,1,1,"Médio porte",9,2.37404378791876
"4013","Douradina","douradina","douradina","Paraná","PR","694.779569286278","71694.7795692863","0.724","9161",6974,NA,NA,NA,3,1,1,"Menor porte",0,0
"4014","Doutor Camargo","doutor camargo","doutor camargo","Paraná","PR","718.034430887515","27673.407989303","0.746","6327",4897,NA,NA,NA,2,2,1,"Menor porte",0,0
"4015","Doutor Ulysses","doutor ulysses","doutor ulysses","Paraná","PR","290.706051873199","12447.946685879","0.546","5697",2033,NA,NA,NA,3,2,2,"Menor porte",0,0
"4016","Enéas Marques","enéas marques","eneas marques","Paraná","PR","732.344513736727","36244.5643013652","0.752","5999",4798,NA,NA,NA,3,2,1,"Menor porte",0,0
"4017","Engenheiro Beltrão","engenheiro beltrão","engenheiro beltrao","Paraná","PR","645.018239038695","33315.2850296831","0.73","12454",9999,NA,NA,NA,1,3,1,"Menor porte",0,0
"4018","Entre Rios do Oeste","entre rios do oeste","entre rios do oeste","Paraná","PR","727.806788511749","51822.2367275892","0.761","4575",3872,NA,NA,NA,1,3,1,"Menor porte",0,0
"4019","Esperança Nova","esperança nova","esperanca nova","Paraná","PR","804.204204204204","31866.0660660661","0.689","1849",1480,NA,NA,NA,NA,NA,NA,"Menor porte",0,0
"4020","Espigão Alto do Iguaçu","espigão alto do iguaçu","espigao alto do iguacu","Paraná","PR","498.02371541502","29589.6739130435","0.636","4797",2024,NA,NA,NA,1,2,3,"Menor porte",0,0
"4021","Farol","farol","farol","Paraná","PR","595.5277869122","42758.3031897402","0.715","3039",2128,1,1,0.00093984962406015,3,2,1,"Menor porte",2,9.3984962406015
"4022","Faxinal","faxinal","faxinal","Paraná","PR","632.825132825133","26058.5585585586","0.687","16389",12856,NA,NA,NA,2,2,1,"Menor porte",0,0
"4023","Fazenda Rio Grande","fazenda rio grande","fazenda rio grande","Paraná","PR","561.301517587546","24584.0849378456","0.72","148873",71884,100,1,0.00140504145567859,3,3,1,"Maior porte",101,14.0504145567859
"4024","Fênix","fênix","fenix","Paraná","PR","573.715248525695","30473.6731255265","0.716","4492",3059,NA,NA,NA,1,2,1,"Menor porte",0,0
"4025","Fernandes Pinheiro","fernandes pinheiro","fernandes pinheiro","Paraná","PR","511.067475901464","33319.35023206","0.645","6255",3251,NA,NA,NA,3,2,3,"Menor porte",0,0
"4026","Figueira","figueira","figueira","Paraná","PR","555.093555093555","17523.9085239085","0.677","8062",4952,NA,NA,NA,3,3,3,"Menor porte",0,0
"4027","Flor da Serra do Sul","flor da serra do sul","flor da serra do sul","Paraná","PR","552.465783184879","25908.5379100587","0.682","4364",2909,1,0,0.000343760742523204,2,2,3,"Menor porte",1,3.43760742523204
"4028","Floraí","floraí","florai","Paraná","PR","740.114145943742","37285.3648593559","0.745","4792",3968,NA,NA,NA,3,2,1,"Menor porte",0,0
"4029","Floresta","floresta","floresta","Paraná","PR","866.296890964823","27970.6612173405","0.736","10458",7284,1,0,0.00013728720483251,1,3,1,"Menor porte",1,1.3728720483251
"4030","Florestópolis","florestópolis","florestopolis","Paraná","PR","600.210465894958","24374.7249593418","0.701","11446",7082,NA,NA,NA,2,3,1,"Menor porte",0,0
"4031","Flórida","flórida","florida","Paraná","PR","669.50722489811","21777.6954427566","0.732","2652",1881,NA,NA,NA,3,3,1,"Menor porte",0,0
"4032","Formosa do Oeste","formosa do oeste","formosa do oeste","Paraná","PR","957.120743034056","43289.0092879257","0.723","7635",6780,NA,NA,NA,1,3,1,"Menor porte",0,0
"4033","Foz do Iguaçu","foz do iguaçu","foz do iguacu","Paraná","PR","759.510238220625","61090.7228710387","0.751","285415",218094,42,3,0.000206333049052244,3,1,2,"Maior porte",45,2.06333049052244
"4034","Foz do Jordão","foz do jordão","foz do jordao","Paraná","PR","584.284460052678","27155.3994732221","0.645","4926",3031,NA,NA,NA,NA,NA,NA,"Menor porte",0,0
"4035","Francisco Alves","francisco alves","francisco alves","Paraná","PR","749.207408643417","27880.694143167","0.669","8116",5190,1,1,0.000385356454720617,2,1,1,"Menor porte",2,3.85356454720617
"4036","Francisco Beltrão","francisco beltrão","francisco beltrao","Paraná","PR","730.252884531968","35676.4010583847","0.774","96666",77444,29,0,0.000374464128918961,NA,NA,NA,"Médio porte",29,3.74464128918961
"4037","General Carneiro","general carneiro","general carneiro","Paraná","PR","496.602119108513","22217.5374497625","0.652","11062",7887,1,1,0.000253581843540003,2,2,3,"Menor porte",2,2.53581843540003
"4038","Godoy Moreira","godoy moreira","godoy moreira","Paraná","PR","628.019323671498","17891.3043478261","0.675","2977",2087,NA,NA,NA,3,3,3,"Menor porte",0,0
"4039","Goioerê","goioerê","goioere","Paraná","PR","687.690919189114","30767.7381282977","0.731","28437",21915,0,2,0.0000912616929044034,3,1,1,"Médio porte",2,0.912616929044034
"4040","Goioxim","goioxim","goioxim","Paraná","PR","404.650503331916","25086.4880192826","0.641","6566",3456,NA,NA,NA,2,2,3,"Menor porte",0,0
"4041","Grandes Rios","grandes rios","grandes rios","Paraná","PR","583.772967072949","21369.4742586866","0.658","5641",3564,NA,NA,NA,3,3,3,"Menor porte",0,0
"4042","Guaíra","guaíra","guaira","Paraná","PR","865.595917141999","29002.2515761033","0.724","32097",31760,NA,NA,NA,2,2,1,"Médio porte",0,0
"4043","Guairaçá","guairaçá","guairaca","Paraná","PR","521.107580571947","36989.4083825087","0.693","6587",4002,NA,NA,NA,2,3,3,"Menor porte",0,0
"4044","Guamiranga","guamiranga","guamiranga","Paraná","PR","519.46430598116","26604.0177051413","0.669","7856",5124,NA,NA,NA,3,2,3,"Menor porte",0,0
"4045","Guapirama","guapirama","guapirama","Paraná","PR","598.837209302326","27483.3509513742","0.702","4626",2720,NA,NA,NA,1,3,1,"Menor porte",0,0
"4046","Guaporema","guaporema","guaporema","Paraná","PR","573.850959393128","29402.4988844266","0.719","2191",1534,NA,NA,NA,NA,NA,NA,"Menor porte",0,0
"4047","Guaraci","guaraci","guaraci","Paraná","PR","570.524412296564","22979.9276672694","0.698","4748",3555,NA,NA,NA,2,2,3,"Menor porte",0,0
"4048","Guaraniaçu","guaraniaçu","guaraniacu","Paraná","PR","729.393468118196","30216.4197429811","0.677","13735",10024,NA,NA,NA,3,3,1,"Menor porte",0,0
"4049","Guarapuava","guarapuava","guarapuava","Paraná","PR","637.458662753772","33429.9237861633","0.731","182093",135014,24,0,0.000177759343475491,2,1,1,"Maior porte",24,1.77759343475491
"4050","Guaraqueçaba","guaraqueçaba","guaraquecaba","Paraná","PR","119.304714248091","13927.9694495654","0.587","7430",1054,NA,NA,NA,NA,NA,NA,"Menor porte",0,0
"4051","Guaratuba","guaratuba","guaratuba","Paraná","PR","480.0277133797","23335.6250166547","0.717","42062",21132,16,1,0.000804467158811282,2,2,1,"Médio porte",17,8.04467158811281
"4052","Honório Serpa","honório serpa","honorio serpa","Paraná","PR","609.103340496191","38065.2471185778","0.683","4941",3607,NA,NA,NA,1,2,1,"Menor porte",0,0
"4053","Ibaiti","ibaiti","ibaiti","Paraná","PR","523.227152066743","22032.5812160283","0.71","28830",19589,1,3,0.000204196232579509,1,2,1,"Médio porte",4,2.04196232579509
"4054","Ibema","ibema","ibema","Paraná","PR","552.904238618524","23166.2480376766","0.685","6218",4042,NA,NA,NA,3,3,3,"Menor porte",0,0
"4055","Ibiporã","ibiporã","ibipora","Paraná","PR","635.95799096697","50218.5340371116","0.726","51603",40078,NA,NA,NA,2,1,1,"Médio porte",0,0
"4056","Icaraíma","icaraíma","icaraima","Paraná","PR","767.916773696378","28607.5006421783","0.666","8991",6748,NA,NA,NA,3,1,1,"Menor porte",0,0
"4057","Iguaraçu","iguaraçu","iguaracu","Paraná","PR","671.396396396396","36680.1801801802","0.758","5338",3499,NA,NA,NA,3,2,1,"Menor porte",0,0
"4058","Iguatu","iguatu","iguatu","Paraná","PR","557.035064358633","27890.368397692","0.703","2144",1426,NA,NA,NA,NA,NA,NA,"Menor porte",0,0
"4059","Imbaú","imbaú","imbau","Paraná","PR","461.22571901822","16360.7890377955","0.622","14249",7507,NA,NA,NA,2,2,3,"Menor porte",0,0
"4060","Imbituva","imbituva","imbituva","Paraná","PR","553.612629022465","26364.7540983607","0.66","29924",22065,0,1,0.0000453206435531385,2,2,3,"Médio porte",1,0.453206435531385
"4061","Inácio Martins","inácio martins","inacio martins","Paraná","PR","382.789317507418","15553.9070227498","0.6","9670",4915,NA,NA,NA,2,2,2,"Menor porte",0,0
"4062","Inajá","inajá","inaja","Paraná","PR","525.032092426187","18352.3748395379","0.705","2536",1745,NA,NA,NA,3,3,3,"Menor porte",0,0
"4063","Indianópolis","indianópolis","indianopolis","Paraná","PR","750.5039193729","118676.595744681","0.724","4448",3230,NA,NA,NA,NA,NA,NA,"Menor porte",0,0
"4064","Ipiranga","ipiranga","ipiranga","Paraná","PR","537.604091534981","30690.249819684","0.652","14142",9711,NA,NA,NA,3,2,3,"Menor porte",0,0
"4065","Iporã","iporã","ipora","Paraná","PR","788.637353069221","25618.6329995646","0.706","15746",12534,NA,NA,NA,3,2,1,"Menor porte",0,0
"4066","Iracema do Oeste","iracema do oeste","iracema do oeste","Paraná","PR","710.795202132386","34265.659706797","0.707","2343",1787,NA,NA,NA,NA,NA,NA,"Menor porte",0,0
"4067","Irati","irati","irati","Paraná","PR","645.822420115244","31103.8665531692","0.726","59250",45675,0,4,0.0000875752599890531,2,1,1,"Médio porte",4,0.875752599890531
"4068","Iretama","iretama","iretama","Paraná","PR","573.677956030897","27054.5652604476","0.665","10684",6733,NA,NA,NA,1,3,3,"Menor porte",0,0
"4069","Itaguajé","itaguajé","itaguaje","Paraná","PR","696.131354026091","21439.7210976158","0.707","4481",3252,NA,NA,NA,2,1,1,"Menor porte",0,0
"4070","Itaipulândia","itaipulândia","itaipulandia","Paraná","PR","623.012736056214","32567.1497584541","0.738","11485",8236,NA,NA,NA,1,3,1,"Menor porte",0,0
"4071","Itambaracá","itambaracá","itambaraca","Paraná","PR","574.591540693236","24104.7488166132","0.694","5908",4206,NA,NA,NA,NA,NA,NA,"Menor porte",0,0
"4072","Itambé","itambé","itambe","Paraná","PR","694.385333115076","28596.0058929448","0.746","6111",4837,NA,NA,NA,NA,NA,NA,"Menor porte",0,0
"4073","Itapejara d'Oeste","itapejara d'oeste","itapejara doeste","Paraná","PR","641.061683479411","44167.6037704647","0.731","12344",9069,NA,NA,NA,2,2,1,"Menor porte",0,0
"4074","Itaperuçu","itaperuçu","itaperucu","Paraná","PR","502.235982112143","17860.0963192294","0.637","31217",17593,NA,NA,NA,2,2,3,"Médio porte",0,0
"4075","Itaúna do Sul","itaúna do sul","itauna do sul","Paraná","PR","762.675296655879","27462.0640057533","0.656","3572",2287,NA,NA,NA,1,3,1,"Menor porte",0,0
"4076","Ivaí","ivaí","ivai","Paraná","PR","596.777658431794","26537.6297887576","0.651","13229",9984,NA,NA,NA,3,2,3,"Menor porte",0,0
"4077","Ivaiporã","ivaiporã","ivaipora","Paraná","PR","751.401283857836","26056.239235948","0.73","32720",27538,NA,NA,NA,NA,NA,NA,"Médio porte",0,0
"4078","Ivaté","ivaté","ivate","Paraná","PR","583.616504854369","24489.4417475728","0.706","6831",5228,NA,NA,NA,2,2,1,"Menor porte",0,0
"4079","Ivatuba","ivatuba","ivatuba","Paraná","PR","480.634339737725","34463.8609332113","0.766","2708",1733,NA,NA,NA,3,3,1,"Menor porte",0,0
"4080","Jaboti","jaboti","jaboti","Paraná","PR","499.717141240807","20580.4261738639","0.718","5427",2963,NA,NA,NA,3,3,3,"Menor porte",0,0
"4081","Jacarezinho","jacarezinho","jacarezinho","Paraná","PR","632.139769086008","32371.2679924724","0.743","40375",27496,NA,NA,NA,2,1,1,"Médio porte",0,0
"4082","Jaguapitã","jaguapitã","jaguapita","Paraná","PR","608.57226022413","58859.5546499782","0.715","15122",9902,NA,NA,NA,1,3,1,"Menor porte",0,0
"4083","Jaguariaíva","jaguariaíva","jaguariaiva","Paraná","PR","531.39007051703","42479.3730550718","0.743","35141",21292,2,0,0.0000939319932368965,2,2,1,"Médio porte",2,0.939319932368965
"4084","Jandaia do Sul","jandaia do sul","jandaia do sul","Paraná","PR","732.642487046632","36255.4875176637","0.747","21408",17569,NA,NA,NA,NA,NA,NA,"Médio porte",0,0
"4085","Janiópolis","janiópolis","janiopolis","Paraná","PR","725.809617271835","30538.959764475","0.696","5870",4016,2,0,0.00049800796812749,3,2,1,"Menor porte",2,4.9800796812749
"4086","Japira","japira","japira","Paraná","PR","452.738336713996","21364.9087221095","0.696","4972",2577,NA,NA,NA,1,2,3,"Menor porte",0,0
"4087","Japurá","japurá","japura","Paraná","PR","688.631578947368","24795.4736842105","0.712","9144",7383,NA,NA,NA,3,2,1,"Menor porte",0,0
"4088","Jardim Alegre","jardim alegre","jardim alegre","Paraná","PR","699.714183637013","24205.4305108967","0.689","12004",9373,NA,NA,NA,1,2,1,"Menor porte",0,0
"4089","Jardim Olinda","jardim olinda","jardim olinda","Paraná","PR","828.030303030303","30221.9696969697","0.682","1343",1195,NA,NA,NA,2,3,1,"Menor porte",0,0
"4090","Jataizinho","jataizinho","jataizinho","Paraná","PR","635.227092894445","17885.8205412249","0.687","11813",8794,NA,NA,NA,2,1,3,"Menor porte",0,0
"4091","Jesuítas","jesuítas","jesuitas","Paraná","PR","820.528211284514","38334.2136854742","0.705","10506",7675,NA,NA,NA,2,3,1,"Menor porte",0,0
"4092","Joaquim Távora","joaquim távora","joaquim tavora","Paraná","PR","565.076192855358","48333.9162294945","0.7","11945",7766,NA,NA,NA,1,3,1,"Menor porte",0,0
"4093","Jundiaí do Sul","jundiaí do sul","jundiai do sul","Paraná","PR","398.898745793821","24642.3982869379","0.688","3333",1296,NA,NA,NA,2,3,3,"Menor porte",0,0
"4094","Juranda","juranda","juranda","Paraná","PR","792.649478880965","43034.2841470104","0.708","7771",6658,NA,NA,NA,NA,NA,NA,"Menor porte",0,0
"4095","Jussara","jussara","jussara","Paraná","PR","662.405908251669","31863.3716801591","0.718","6690",5134,NA,NA,NA,1,3,1,"Menor porte",0,0
"4096","Kaloré","kaloré","kalore","Paraná","PR","765.011119347665","27892.2658759575","0.721","4582",3402,NA,NA,NA,3,3,1,"Menor porte",0,0
"4097","Lapa","lapa","lapa","Paraná","PR","592.58417682297","37292.8940301591","0.706","45003",32339,3,1,0.000123689662636445,2,1,1,"Médio porte",4,1.23689662636445
"4098","Laranjal","laranjal","laranjal","Paraná","PR","418.914246196404","14615.1452282158","0.585","5600",2816,NA,NA,NA,3,1,2,"Menor porte",0,0
"4099","Laranjeiras do Sul","laranjeiras do sul","laranjeiras do sul","Paraná","PR","614.76710538598","24576.2158125642","0.706","32227",23252,1,0,0.0000430070531567177,1,1,1,"Médio porte",1,0.430070531567177
"4100","Leópolis","leópolis","leopolis","Paraná","PR","541.656050955414","35178.5987261147","0.707","3752",2478,NA,NA,NA,NA,NA,NA,"Menor porte",0,0
"4101","Lidianópolis","lidianópolis","lidianopolis","Paraná","PR","789.229340761374","26042.7112349118","0.68","3938",2977,NA,NA,NA,2,1,1,"Menor porte",0,0
"4102","Lindoeste","lindoeste","lindoeste","Paraná","PR","698.824041811847","36408.7543554007","0.666","5175",3712,NA,NA,NA,2,3,1,"Menor porte",0,0
"4103","Loanda","loanda","loanda","Paraná","PR","699.079253076327","25534.8507013166","0.725","23225",18759,NA,NA,NA,1,1,1,"Médio porte",0,0
"4104","Lobato","lobato","lobato","Paraná","PR","631.873832745383","38253.5795808259","0.744","4601",3377,NA,NA,NA,3,2,1,"Menor porte",0,0
"4105","Londrina","londrina","londrina","Paraná","PR","707.875010645194","37540.2318827482","0.778","555965",440048,73,18,0.00020679562229575,3,1,2,"Maior porte",91,2.0679562229575
"4106","Luiziana","luiziana","luiziana","Paraná","PR","485.220994475138","43400.6906077348","0.668","6690",4055,NA,NA,NA,1,2,3,"Menor porte",0,0
"4107","Lunardelli","lunardelli","lunardelli","Paraná","PR","642.284991568297","18997.2596964587","0.69","4872",3446,NA,NA,NA,NA,NA,NA,"Menor porte",0,0
"4108","Lupionópolis","lupionópolis","lupionopolis","Paraná","PR","560.56622851365","19943.7815975733","0.71","4813",3100,NA,NA,NA,3,3,3,"Menor porte",0,0
"4109","Mallet","mallet","mallet","Paraná","PR","624.313840298617","50551.8553758325","0.708","13428",10201,1,0,0.0000980296049406921,3,3,1,"Menor porte",1,0.980296049406921
"4110","Mamborê","mamborê","mambore","Paraná","PR","817.350545566313","43207.084678039","0.719","13452",12142,NA,NA,NA,2,2,1,"Menor porte",0,0
"4111","Mandaguaçu","mandaguaçu","mandaguacu","Paraná","PR","650.822510822511","26965.8874458874","0.718","31457",17333,NA,NA,NA,3,2,1,"Médio porte",0,0
"4112","Mandaguari","mandaguari","mandaguari","Paraná","PR","761.20527306968","43343.792553962","0.751","36716",30276,NA,NA,NA,1,1,1,"Médio porte",0,0
"4113","Mandirituba","mandirituba","mandirituba","Paraná","PR","582.976386600769","22327.84184514","0.655","27439",18489,NA,NA,NA,1,2,3,"Médio porte",0,0
"4114","Manfrinópolis","manfrinópolis","manfrinopolis","Paraná","PR","588.587390263368","21699.9201915403","0.645","2770",1724,NA,NA,NA,NA,NA,NA,"Menor porte",0,0
"4115","Mangueirinha","mangueirinha","mangueirinha","Paraná","PR","630.933781997356","87776.7095301045","0.688","16603",12513,NA,NA,NA,2,3,1,"Menor porte",0,0
"4116","Manoel Ribas","manoel ribas","manoel ribas","Paraná","PR","615.321983715766","27511.1028867506","0.716","14240",9763,NA,NA,NA,3,1,1,"Menor porte",0,0
"4117","Marechal Cândido Rondon","marechal cândido rondon","marechal candido rondon","Paraná","PR","859.986914664922","43844.7144592953","0.774","55836",51984,0,1,0.0000192366882117575,2,1,1,"Médio porte",1,0.192366882117575
"4118","Maria Helena","maria helena","maria helena","Paraná","PR","600.283990060348","17771.5654952077","0.703","5865",3846,NA,NA,NA,3,1,3,"Menor porte",0,0
"4119","Marialva","marialva","marialva","Paraná","PR","770.081555133505","41789.7720925036","0.735","41851",32139,4,0,0.000124459379569993,1,3,1,"Médio porte",4,1.24459379569993
"4120","Marilândia do Sul","marilândia do sul","marilandia do sul","Paraná","PR","665.191740412979","36578.5114590424","0.691","8677",6512,NA,NA,NA,1,2,1,"Menor porte",0,0
"4121","Marilena","marilena","marilena","Paraná","PR","671.230942970073","21307.5945793337","0.681","7253",5424,NA,NA,NA,3,1,1,"Menor porte",0,0
"4122","Mariluz","mariluz","mariluz","Paraná","PR","547.50386996904","20293.1501547988","0.639","9847",6641,NA,NA,NA,3,1,3,"Menor porte",0,0
"4123","Maringá","maringá","maringa","Paraná","PR","770.458228042319","44894.945333913","0.808","409657",357039,117,33,0.00042012217152748,3,1,2,"Maior porte",150,4.2012217152748
"4124","Mariópolis","mariópolis","mariopolis","Paraná","PR","627.563329312425","43896.4113389626","0.698","6371",4625,NA,NA,NA,2,1,1,"Menor porte",0,0
"4125","Maripá","maripá","maripa","Paraná","PR","855.607309208169","61300.6091006808","0.758","6555",5245,NA,NA,NA,2,2,1,"Menor porte",0,0
"4126","Marmeleiro","marmeleiro","marmeleiro","Paraná","PR","751.78981024536","29544.3803433655","0.722","15901",13118,4,1,0.000381155663973167,2,2,1,"Menor porte",5,3.81155663973167
"4127","Marquinho","marquinho","marquinho","Paraná","PR","503.225806451613","19105.5299539171","0.614","4515",2665,NA,NA,NA,1,1,3,"Menor porte",0,0
"4128","Marumbi","marumbi","marumbi","Paraná","PR","615.137908915972","17308.10348514","0.721","4699",3057,NA,NA,NA,3,3,1,"Menor porte",0,0
"4129","Matelândia","matelândia","matelandia","Paraná","PR","730.049152261556","46667.7528027835","0.725","18450",15465,NA,NA,NA,1,3,1,"Menor porte",0,0
"4130","Matinhos","matinhos","matinhos","Paraná","PR","495.868707231892","22564.8087679945","0.743","39259",20773,NA,NA,NA,NA,NA,NA,"Médio porte",0,0
"4131","Mato Rico","mato rico","mato rico","Paraná","PR","511.540860885839","22405.4897067998","0.632","3267",1953,NA,NA,NA,3,2,3,"Menor porte",0,0
"4132","Mauá da Serra","mauá da serra","maua da serra","Paraná","PR","524.814814814815","28619.9074074074","0.652","9383",6895,NA,NA,NA,NA,NA,NA,"Menor porte",0,0
"4133","Medianeira","medianeira","medianeira","Paraná","PR","814.682011422682","41954.4380985099","0.763","54369",43555,NA,NA,NA,1,1,1,"Médio porte",0,0
"4134","Mercedes","mercedes","mercedes","Paraná","PR","945.311099157253","35313.6094674556","0.74","5931",6150,2,0,0.00032520325203252,3,1,1,"Menor porte",2,3.2520325203252
"4135","Mirador","mirador","mirador","Paraná","PR","442.167577413479","46199.4535519126","0.68","2238",1039,NA,NA,NA,NA,NA,NA,"Menor porte",0,0
"4136","Miraselva","miraselva","miraselva","Paraná","PR","690.423162583519","22648.1069042316","0.748","1966",1364,NA,NA,NA,2,3,1,"Menor porte",0,0
"4137","Missal","missal","missal","Paraná","PR","802.877428998505","34095.9454409567","0.711","11064",9560,NA,NA,NA,1,3,1,"Menor porte",0,0
"4138","Moreira Sales","moreira sales","moreira sales","Paraná","PR","560.039860488291","24839.9767480485","0.675","11175",7357,2,0,0.000271849938833764,NA,NA,NA,"Menor porte",2,2.71849938833764
"4139","Morretes","morretes","morretes","Paraná","PR","505.290040131339","21381.3693299282","0.686","18309",9871,2,1,0.000303920575422956,NA,NA,NA,"Menor porte",3,3.03920575422956
"4140","Munhoz de Melo","munhoz de melo","munhoz de melo","Paraná","PR","578.697929658269","24282.3646794712","0.726","3951",2567,NA,NA,NA,2,1,1,"Menor porte",0,0
"4141","Nossa Senhora das Graças","nossa senhora das graças","nossa senhora das gracas","Paraná","PR","510.978043912176","18574.6007984032","0.709","3669",2108,NA,NA,NA,NA,NA,NA,"Menor porte",0,0
"4142","Nova Aliança do Ivaí","nova aliança do ivaí","nova alianca do ivai","Paraná","PR","523.533204384268","26559.6389426177","0.717","1323",892,NA,NA,NA,NA,NA,NA,"Menor porte",0,0
"4143","Nova América da Colina","nova américa da colina","nova america da colina","Paraná","PR","576.587070471753","22088.5264997088","0.698","3280",2302,NA,NA,NA,3,1,3,"Menor porte",0,0
"4144","Nova Aurora","nova aurora","nova aurora","Paraná","PR","895.232546849209","53905.0393242062","0.733","13765",10435,NA,NA,NA,2,3,1,"Menor porte",0,0
"4145","Nova Cantu","nova cantu","nova cantu","Paraná","PR","737.996443390634","39251.3337285122","0.658","6790",4160,NA,NA,NA,1,3,1,"Menor porte",0,0
"4146","Nova Esperança","nova esperança","nova esperanca","Paraná","PR","732.275586049171","26249.3210405946","0.722","26585",22400,NA,NA,NA,1,2,1,"Médio porte",0,0
"4147","Nova Esperança do Sudoeste","nova esperança do sudoeste","nova esperanca do sudoeste","Paraná","PR","677.335984095427","22458.0516898608","0.714","5597",3699,NA,NA,NA,3,3,1,"Menor porte",0,0
"4148","Nova Fátima","nova fátima","nova fatima","Paraná","PR","536.627335299902","26531.9567354966","0.688","7225",5009,NA,NA,NA,3,1,3,"Menor porte",0,0
"4149","Nova Laranjeiras","nova laranjeiras","nova laranjeiras","Paraná","PR","401.06022421135","19196.7498044668","0.642","12074",5415,NA,NA,NA,NA,NA,NA,"Menor porte",0,0
"4150","Nova Londrina","nova londrina","nova londrina","Paraná","PR","840.833333333333","26156.2878787879","0.758","12923",12585,NA,NA,NA,2,3,1,"Menor porte",0,0
"4151","Nova Olímpia","nova olímpia","nova olimpia","Paraná","PR","667.35324407827","15760.2128389976","0.71","5833",4445,NA,NA,NA,2,3,1,"Menor porte",0,0
"4152","Nova Prata do Iguaçu","nova prata do iguaçu","nova prata do iguacu","Paraná","PR","668.057663125948","30324.4499241275","0.716","12699",8556,NA,NA,NA,3,2,1,"Menor porte",0,0
"4153","Nova Santa Bárbara","nova santa bárbara","nova santa barbara","Paraná","PR","600.187046995558","19022.9132569558","0.68","4184",3075,NA,NA,NA,3,2,3,"Menor porte",0,0
"4154","Nova Santa Rosa","nova santa rosa","nova santa rosa","Paraná","PR","866.924751996129","40875.6351318655","0.731","8322",8308,NA,NA,NA,3,2,1,"Menor porte",0,0
"4155","Nova Tebas","nova tebas","nova tebas","Paraná","PR","685.57268722467","24092.6945668135","0.651","6848",4482,NA,NA,NA,NA,NA,NA,"Menor porte",0,0
"4156","Novo Itacolomi","novo itacolomi","novo itacolomi","Paraná","PR","710.56338028169","24039.4366197183","0.71","3125",2285,NA,NA,NA,1,1,1,"Menor porte",0,0
"4157","Ortigueira","ortigueira","ortigueira","Paraná","PR","504.781420765027","132103.233151184","0.609","24192",13706,NA,NA,NA,NA,NA,NA,"Médio porte",0,0
"4158","Ourizona","ourizona","ourizona","Paraná","PR","625.985401459854","28922.0437956204","0.72","3187",2465,NA,NA,NA,3,1,1,"Menor porte",0,0
"4159","Ouro Verde do Oeste","ouro verde do oeste","ouro verde do oeste","Paraná","PR","564.827127659574","29661.5691489362","0.709","6785",3736,NA,NA,NA,NA,NA,NA,"Menor porte",0,0
"4160","Paiçandu","paiçandu","paicandu","Paraná","PR","629.401766691404","19826.0120173318","0.716","45962",30099,NA,NA,NA,NA,NA,NA,"Médio porte",0,0
"4161","Palmas","palmas","palmas","Paraná","PR","471.645251666506","22458.6996425466","0.66","48247",29110,NA,NA,NA,2,2,3,"Médio porte",0,0
"4162","Palmeira","palmeira","palmeira","Paraná","PR","642.76048714479","39575.3368241454","0.718","33855",25405,NA,NA,NA,2,2,1,"Médio porte",0,0
"4163","Palmital","palmital","palmital","Paraná","PR","573.611111111111","19548.9197530864","0.639","13033",8804,NA,NA,NA,3,1,3,"Menor porte",0,0
"4164","Palotina","palotina","palotina","Paraná","PR","823.417701815012","66708.2282618848","0.768","35011",30856,NA,NA,NA,2,2,1,"Médio porte",0,0
"4165","Paraíso do Norte","paraíso do norte","paraiso do norte","Paraná","PR","608.785566569208","23043.0007844256","0.746","13245",9727,NA,NA,NA,3,1,1,"Menor porte",0,0
"4166","Paranacity","paranacity","paranacity","Paraná","PR","539.982728842832","28761.7443868739","0.717","9557",7004,NA,NA,NA,3,2,1,"Menor porte",0,0
"4167","Paranaguá","paranaguá","paranagua","Paraná","PR","490.408134516629","62347.9644499084","0.75","145829",85057,3,1,0.0000470272875836204,3,2,1,"Maior porte",4,0.470272875836204
"4168","Paranapoema","paranapoema","paranapoema","Paraná","PR","484.418389385992","18887.6889848812","0.709","2398",1779,NA,NA,NA,3,3,3,"Menor porte",0,0
"4169","Paranavaí","paranavaí","paranavai","Paraná","PR","776.489507658397","30209.3857538067","0.763","92001",77529,NA,NA,NA,3,1,1,"Médio porte",0,0
"4170","Pato Bragado","pato bragado","pato bragado","Paraná","PR","703.905700211119","30020.5840957072","0.747","5733",4614,NA,NA,NA,NA,NA,NA,"Menor porte",0,0
"4171","Pato Branco","pato branco","pato branco","Paraná","PR","750.354829860573","47756.58075212","0.782","91836",71626,16,4,0.000279228213218664,2,1,1,"Médio porte",20,2.79228213218664
"4172","Paula Freitas","paula freitas","paula freitas","Paraná","PR","590.385917400135","47412.8300609343","0.717","5666",4019,0,1,0.000248818113958696,3,1,1,"Menor porte",1,2.48818113958696
"4173","Paulo Frontin","paulo frontin","paulo frontin","Paraná","PR","636.794368485177","43395.965886016","0.708","6343",5495,2,0,0.000363967242948135,2,2,1,"Menor porte",2,3.63967242948135
"4174","Peabiru","peabiru","peabiru","Paraná","PR","576.211894052973","22612.8364389234","0.723","13346",8969,NA,NA,NA,3,1,1,"Menor porte",0,0
"4175","Perobal","perobal","perobal","Paraná","PR","659.74025974026","29713.6363636364","0.713","7189",4653,NA,NA,NA,3,2,1,"Menor porte",0,0
"4176","Pérola","pérola","perola","Paraná","PR","784.118010776433","40536.4367105379","0.7","11878",9884,NA,NA,NA,2,1,1,"Menor porte",0,0
"4177","Pérola d'Oeste","pérola d'oeste","perola doeste","Paraná","PR","730.27989821883","24827.2900763359","0.726","6221",5407,NA,NA,NA,3,1,1,"Menor porte",0,0
"4178","Piên","piên","pien","Paraná","PR","698.57165036485","65152.8489365005","0.694","13655",9942,NA,NA,NA,3,3,1,"Menor porte",0,0
"4179","Pinhais","pinhais","pinhais","Paraná","PR","671.773166529328","48396.5240842011","0.751","127019",98236,1,0,0.0000101795675719695,2,2,2,"Maior porte",1,0.101795675719695
"4180","Pinhal de São Bento","pinhal de são bento","pinhal de sao bento","Paraná","PR","511.874314943369","20044.208987943","0.695","2761",1693,NA,NA,NA,1,1,3,"Menor porte",0,0
"4181","Pinhalão","pinhalão","pinhalao","Paraná","PR","531.941808981657","24315.4648956357","0.697","6566",4031,NA,NA,NA,3,3,3,"Menor porte",0,0
"4182","Pinhão","pinhão","pinhao","Paraná","PR","439.233391688934","48327.7741945391","0.654","29886",17055,NA,NA,NA,1,2,3,"Médio porte",0,0
"4183","Piraí do Sul","piraí do sul","pirai do sul","Paraná","PR","548.463910684311","31692.6259905531","0.708","23651",16446,NA,NA,NA,2,2,1,"Médio porte",0,0
"4184","Piraquara","piraquara","piraquara","Paraná","PR","417.465425763243","12180.2731147256","0.7","118730",57939,NA,NA,NA,3,2,3,"Maior porte",0,0
"4185","Pitanga","pitanga","pitanga","Paraná","PR","738.047609521904","28913.7160765486","0.702","33678",26034,NA,NA,NA,2,1,1,"Médio porte",0,0
"4186","Pitangueiras","pitangueiras","pitangueiras","Paraná","PR","549.96934396076","27471.7964438994","0.71","3046",1965,NA,NA,NA,NA,NA,NA,"Menor porte",0,0
"4187","Planaltina do Paraná","planaltina do paraná","planaltina do parana","Paraná","PR","623.361423220974","24145.8333333333","0.705","4070",2987,NA,NA,NA,2,3,1,"Menor porte",0,0
"4188","Planalto","planalto","planalto","Paraná","PR","659.965750874842","23723.9222693768","0.706","14374",10157,0,3,0.000295362803977552,3,3,1,"Menor porte",3,2.95362803977552
"4189","Ponta Grossa","ponta grossa","ponta grossa","Paraná","PR","620.232681180629","43911.6610757143","0.763","358371",247451,121,2,0.000497068106412987,3,2,2,"Maior porte",123,4.97068106412987
"4190","Pontal do Paraná","pontal do paraná","pontal do parana","Paraná","PR","428.049435787211","32028.8733655741","0.738","30425",14827,NA,NA,NA,1,2,1,"Médio porte",0,0
"4191","Porecatu","porecatu","porecatu","Paraná","PR","675.086288045184","47471.2896140571","0.738","11624",9221,NA,NA,NA,3,3,1,"Menor porte",0,0
"4192","Porto Amazonas","porto amazonas","porto amazonas","Paraná","PR","455.683217070168","23342.8395568322","0.7","4098",2571,NA,NA,NA,3,2,3,"Menor porte",0,0
"4193","Porto Barreiro","porto barreiro","porto barreiro","Paraná","PR","575.062814070352","34032.0351758794","0.688","3110",2153,NA,NA,NA,NA,NA,NA,"Menor porte",0,0
"4194","Porto Rico","porto rico","porto rico","Paraná","PR","679.186228482003","29511.7370892019","0.735","3182",2423,NA,NA,NA,1,3,1,"Menor porte",0,0
"4195","Porto Vitória","porto vitória","porto vitoria","Paraná","PR","573.750307805959","16846.8357547402","0.685","3562",2561,NA,NA,NA,NA,NA,NA,"Menor porte",0,0
"4196","Prado Ferreira","prado ferreira","prado ferreira","Paraná","PR","551.322751322751","31472.7513227513","0.71","3709",2340,NA,NA,NA,1,3,1,"Menor porte",0,0
"4197","Pranchita","pranchita","pranchita","Paraná","PR","955.839057899902","39458.8812561335","0.752","5737",5661,NA,NA,NA,NA,NA,NA,"Menor porte",0,0
"4198","Presidente Castelo Branco","presidente castelo branco","presidente castelo branco","Paraná","PR","603.438609605681","28290.5998878714","0.713","4336",3512,NA,NA,NA,2,2,1,"Menor porte",0,0
"4199","Primeiro de Maio","primeiro de maio","primeiro de maio","Paraná","PR","675.920934411501","26548.697214735","0.701","10082",8663,NA,NA,NA,3,1,1,"Menor porte",0,0
"4200","Prudentópolis","prudentópolis","prudentopolis","Paraná","PR","590.272884809476","24088.892274294","0.676","49393",36576,NA,NA,NA,1,2,1,"Médio porte",0,0
"4201","Quarto Centenário","quarto centenário","quarto centenario","Paraná","PR","604.927211646137","48949.1601343785","0.71","4201",3138,NA,NA,NA,2,2,1,"Menor porte",0,0
"4202","Quatiguá","quatiguá","quatigua","Paraná","PR","733.582987829343","26021.3989568009","0.714","8099",6173,NA,NA,NA,1,3,1,"Menor porte",0,0
"4203","Quatro Barras","quatro barras","quatro barras","Paraná","PR","705.407553009075","65980.2183095646","0.742","24191",18720,NA,NA,NA,1,2,1,"Médio porte",0,0
"4204","Quatro Pontes","quatro pontes","quatro pontes","Paraná","PR","969.719533382974","42637.8754033259","0.791","4480",4571,NA,NA,NA,2,2,1,"Menor porte",0,0
"4205","Quedas do Iguaçu","quedas do iguaçu","quedas do iguacu","Paraná","PR","548.955215205324","37677.7006015868","0.681","30738",22620,NA,NA,NA,2,3,1,"Médio porte",0,0
"4206","Querência do Norte","querência do norte","querencia do norte","Paraná","PR","513.570961412688","17995.9123610203","0.688","10685",7304,NA,NA,NA,3,1,3,"Menor porte",0,0
"4207","Quinta do Sol","quinta do sol","quinta do sol","Paraná","PR","617.790594498669","36238.0212954747","0.715","5001",3229,NA,NA,NA,2,2,1,"Menor porte",0,0
"4208","Quitandinha","quitandinha","quitandinha","Paraná","PR","563.186098538057","21180.7398158264","0.68","18398",12783,NA,NA,NA,3,1,3,"Menor porte",0,0
"4209","Ramilândia","ramilândia","ramilandia","Paraná","PR","433.199285075961","18334.6738159071","0.63","4221",2305,NA,NA,NA,3,1,3,"Menor porte",0,0
"4210","Rancho Alegre","rancho alegre","rancho alegre","Paraná","PR","620.771670190275","31846.4587737844","0.707","3512",2504,NA,NA,NA,3,3,1,"Menor porte",0,0
"4211","Rancho Alegre D'Oeste","rancho alegre d'oeste","rancho alegre doeste","Paraná","PR","755.327245053272","50647.6407914764","0.704","2618",2208,NA,NA,NA,2,1,1,"Menor porte",0,0
"4212","Realeza","realeza","realeza","Paraná","PR","855.280235988201","36442.6548672566","0.722","19247",16513,NA,NA,NA,1,2,1,"Menor porte",0,0
"4213","Rebouças","rebouças","reboucas","Paraná","PR","530.442927873679","25642.847584638","0.672","14514",8751,NA,NA,NA,2,3,3,"Menor porte",0,0
"4214","Renascença","renascença","renascenca","Paraná","PR","707.529099749521","38046.8542802416","0.733","6845",5565,NA,NA,NA,1,1,1,"Menor porte",0,0
"4215","Reserva","reserva","reserva","Paraná","PR","536.104380242311","22493.1593662628","0.618","24573",16952,NA,NA,NA,2,3,3,"Médio porte",0,0
"4216","Reserva do Iguaçu","reserva do iguaçu","reserva do iguacu","Paraná","PR","343.165200148717","20690.1722642211","0.648","6553",3216,NA,NA,NA,3,2,3,"Menor porte",0,0
"4217","Ribeirão Claro","ribeirão claro","ribeirao claro","Paraná","PR","722.592766557069","39316.2047909817","0.716","12364",8929,NA,NA,NA,1,3,1,"Menor porte",0,0
"4218","Ribeirão do Pinhal","ribeirão do pinhal","ribeirao do pinhal","Paraná","PR","552.517763361137","18213.546493667","0.701","13060",8569,NA,NA,NA,2,3,3,"Menor porte",0,0
"4219","Rio Azul","rio azul","rio azul","Paraná","PR","607.524778299426","40953.7689097548","0.687","14025",11058,NA,NA,NA,3,3,1,"Menor porte",0,0
"4220","Rio Bom","rio bom","rio bom","Paraná","PR","688.560653676933","21413.2620993086","0.729","3197",2569,NA,NA,NA,NA,NA,NA,"Menor porte",0,0
"4221","Rio Bonito do Iguaçu","rio bonito do iguaçu","rio bonito do iguacu","Paraná","PR","587.929083364768","23307.3557148246","0.629","13929",9388,NA,NA,NA,2,2,3,"Menor porte",0,0
"4222","Rio Branco do Ivaí","rio branco do ivaí","rio branco do ivai","Paraná","PR","500.608420540277","19371.3798977853","0.64","3808",2469,NA,NA,NA,3,1,3,"Menor porte",0,0
"4223","Rio Branco do Sul","rio branco do sul","rio branco do sul","Paraná","PR","574.807024018206","37825.5681643448","0.679","37558",21690,NA,NA,NA,1,2,1,"Médio porte",0,0
"4224","Rio Negro","rio negro","rio negro","Paraná","PR","704.33872889483","36022.2603237337","0.76","31324",25775,4,0,0.000155189136760427,1,1,1,"Médio porte",4,1.55189136760427
"4225","Rolândia","rolândia","rolandia","Paraná","PR","664.292180520309","41351.6465577371","0.739","71670",50940,NA,NA,NA,1,1,1,"Médio porte",0,0
"4226","Roncador","roncador","roncador","Paraná","PR","685.018144116122","40109.9015033696","0.681","11251",7900,NA,NA,NA,2,3,1,"Menor porte",0,0
"4227","Rondon","rondon","rondon","Paraná","PR","670.858449386822","34077.3228019123","0.713","9097",7244,NA,NA,NA,3,3,1,"Menor porte",0,0
"4228","Rosário do Ivaí","rosário do ivaí","rosario do ivai","Paraná","PR","652.804435913841","19416.7199829388","0.662","5435",3635,NA,NA,NA,1,3,3,"Menor porte",0,0
"4229","Sabáudia","sabáudia","sabaudia","Paraná","PR","740.386010738645","74059.207662168","0.74","8822",6173,NA,NA,NA,2,1,1,"Menor porte",0,0
"4230","Salgado Filho","salgado filho","salgado filho","Paraná","PR","905.541200114843","26905.2540913006","0.7","4075",3671,NA,NA,NA,3,1,1,"Menor porte",0,0
"4231","Salto do Itararé","salto do itararé","salto do itarare","Paraná","PR","653.532053899551","15716.4148632095","0.704","5192",3776,NA,NA,NA,3,3,1,"Menor porte",0,0
"4232","Salto do Lontra","salto do lontra","salto do lontra","Paraná","PR","615.048413125336","25022.5255513717","0.718","15223",10620,NA,NA,NA,2,2,1,"Menor porte",0,0
"4233","Santa Amélia","santa amélia","santa amelia","Paraná","PR","589.099816289039","23267.9118187385","0.653","3394",1947,NA,NA,NA,NA,NA,NA,"Menor porte",0,0
"4234","Santa Cecília do Pavão","santa cecília do pavão","santa cecilia do pavao","Paraná","PR","689.0373519587","34324.3243243243","0.723","3365",2582,NA,NA,NA,3,2,1,"Menor porte",0,0
"4235","Santa Cruz de Monte Castelo","santa cruz de monte castelo","santa cruz de monte castelo","Paraná","PR","753.580183202168","35485.485743775","0.71","8613",6785,NA,NA,NA,3,1,1,"Menor porte",0,0
"4236","Santa Fé","santa fé","santa fe","Paraná","PR","611.357295256852","22559.8227474151","0.705","11378",8260,NA,NA,NA,3,1,1,"Menor porte",0,0
"4237","Santa Helena","santa helena","santa helena","Paraná","PR","692.046176261815","36558.3367579482","0.744","25492",21134,NA,NA,NA,3,1,1,"Médio porte",0,0
"4238","Santa Inês","santa inês","santa ines","Paraná","PR","550.815558343789","27520.0752823087","0.717","1748",1006,NA,NA,NA,NA,NA,NA,"Menor porte",0,0
"4239","Santa Isabel do Ivaí","santa isabel do ivaí","santa isabel do ivai","Paraná","PR","721.224920802534","22212.0145488678","0.72","8912",6700,NA,NA,NA,2,1,1,"Menor porte",0,0
"4240","Santa Izabel do Oeste","santa izabel do oeste","santa izabel do oeste","Paraná","PR","480.735433283764","22941.3951602001","0.696","14070",8383,NA,NA,NA,3,1,3,"Menor porte",0,0
"4241","Santa Lúcia","santa lúcia","santa lucia","Paraná","PR","670.709201160032","30615.8713419457","0.687","3644",2843,NA,NA,NA,NA,NA,NA,"Menor porte",0,0
"4242","Santa Maria do Oeste","santa maria do oeste","santa maria do oeste","Paraná","PR","579.914984059511","17387.6726886291","0.609","10031",6190,NA,NA,NA,3,3,3,"Menor porte",0,0
"4243","Santa Mariana","santa mariana","santa mariana","Paraná","PR","621.40767509895","31435.4672173464","0.7","11066",7987,NA,NA,NA,NA,NA,NA,"Menor porte",0,0
"4244","Santa Mônica","santa mônica","santa monica","Paraná","PR","434.154841921832","21047.0500373413","0.704","3356",1917,NA,NA,NA,3,1,3,"Menor porte",0,0
"4245","Santa Tereza do Oeste","santa tereza do oeste","santa tereza do oeste","Paraná","PR","702.258320126783","37514.3621236133","0.705","13174",8684,NA,NA,NA,2,2,1,"Menor porte",0,0
"4246","Santa Terezinha de Itaipu","santa terezinha de itaipu","santa terezinha de itaipu","Paraná","PR","596.734039410946","24610.4898940884","0.738","24262",16229,NA,NA,NA,NA,NA,NA,"Médio porte",0,0
"4247","Santana do Itararé","santana do itararé","santana do itarare","Paraná","PR","564.997981429148","19950.54501413","0.687","5514",3638,NA,NA,NA,3,3,3,"Menor porte",0,0
"4248","Santo Antônio da Platina","santo antônio da platina","santo antonio da platina","Paraná","PR","634.97005470152","27030.6155542583","0.718","44369",32381,NA,NA,NA,2,1,1,"Médio porte",0,0
"4249","Santo Antônio do Caiuá","santo antônio do caiuá","santo antonio do caiua","Paraná","PR","573.115003808073","19444.4021325209","0.696","2493",1626,NA,NA,NA,3,3,3,"Menor porte",0,0
"4250","Santo Antônio do Paraíso","santo antônio do paraíso","santo antonio do paraiso","Paraná","PR","668.278529980658","33552.2243713733","0.716","2125",1586,NA,NA,NA,2,3,1,"Menor porte",0,0
"4251","Santo Antônio do Sudoeste","santo antônio do sudoeste","santo antonio do sudoeste","Paraná","PR","619.515325008637","24774.2460885445","0.671","23673",14671,2,0,0.000136323359007566,2,1,1,"Médio porte",2,1.36323359007566
"4252","Santo Inácio","santo inácio","santo inacio","Paraná","PR","735.598227474151","62486.3367799114","0.739","6181",4612,NA,NA,NA,3,1,1,"Menor porte",0,0
"4253","São Carlos do Ivaí","são carlos do ivaí","sao carlos do ivai","Paraná","PR","627.023121387283","45886.2716763006","0.682","6587",4925,NA,NA,NA,1,1,1,"Menor porte",0,0
"4254","São Jerônimo da Serra","são jerônimo da serra","sao jeronimo da serra","Paraná","PR","469.985621854781","19120.6865564342","0.637","10830",6244,NA,NA,NA,1,1,3,"Menor porte",0,0
"4255","São João","são joão","sao joao","Paraná","PR","773.008545329535","68900.9920440035","0.727","11886",9308,NA,NA,NA,2,2,1,"Menor porte",0,0
"4256","São João do Caiuá","são joão do caiuá","sao joao do caiua","Paraná","PR","565.87287990406","22834.6753469248","0.664","5586",3639,NA,NA,NA,3,1,3,"Menor porte",0,0
"4257","São João do Ivaí","são joão do ivaí","sao joao do ivai","Paraná","PR","777.545743834527","26074.6817820207","0.693","10667",8779,NA,NA,NA,1,3,1,"Menor porte",0,0
"4258","São João do Triunfo","são joão do triunfo","sao joao do triunfo","Paraná","PR","466.964109966538","33564.5298864904","0.629","13726",8179,NA,NA,NA,1,1,3,"Menor porte",0,0
"4259","São Jorge do Ivaí","são jorge do ivaí","sao jorge do ivai","Paraná","PR","736.063503517951","47104.4560707198","0.743","5168",4611,NA,NA,NA,3,1,1,"Menor porte",0,0
"4260","São Jorge do Patrocínio","são jorge do patrocínio","sao jorge do patrocinio","Paraná","PR","772.108843537415","22326.3515932689","0.676","6504",4800,NA,NA,NA,1,3,1,"Menor porte",0,0
"4261","São Jorge d'Oeste","são jorge d'oeste","sao jorge doeste","Paraná","PR","732.388125830749","31788.4359769606","0.722","9378",7705,NA,NA,NA,2,3,1,"Menor porte",0,0
"4262","São José da Boa Vista","são josé da boa vista","sao jose da boa vista","Paraná","PR","542.857142857143","23751.7857142857","0.671","6040",3960,NA,NA,NA,1,3,3,"Menor porte",0,0
"4263","São José das Palmeiras","são josé das palmeiras","sao jose das palmeiras","Paraná","PR","668.045216432313","21108.0783016267","0.713","3957",2716,NA,NA,NA,3,3,1,"Menor porte",0,0
"4264","São José dos Pinhais","são josé dos pinhais","sao jose dos pinhais","Paraná","PR","641.075433510202","91055.9567006424","0.758","329628",244710,44,6,0.000204323484941359,1,2,2,"Maior porte",50,2.04323484941359
"4265","São Manoel do Paraná","são manoel do paraná","sao manoel do parana","Paraná","PR","586.222838650023","25286.176606565","0.725","2138",1447,NA,NA,NA,NA,NA,NA,"Menor porte",0,0
"4266","São Mateus do Sul","são mateus do sul","sao mateus do sul","Paraná","PR","594.968418798844","27479.798736752","0.719","42366",33431,4,4,0.000239298854356735,1,2,1,"Médio porte",8,2.39298854356735
"4267","São Miguel do Iguaçu","são miguel do iguaçu","sao miguel do iguacu","Paraná","PR","701.987235277052","39696.6565129098","0.704","29122",21930,NA,NA,NA,1,1,1,"Médio porte",0,0
"4268","São Pedro do Iguaçu","são pedro do iguaçu","sao pedro do iguacu","Paraná","PR","629.209621993127","31631.4432989691","0.683","5784",3995,NA,NA,NA,2,2,1,"Menor porte",0,0
"4269","São Pedro do Ivaí","são pedro do ivaí","sao pedro do ivai","Paraná","PR","573.782364656889","27725.3304363571","0.717","8690",7200,NA,NA,NA,3,1,1,"Menor porte",0,0
"4270","São Pedro do Paraná","são pedro do paraná","sao pedro do parana","Paraná","PR","685.015290519878","28961.9921363041","0.704","2661",1810,NA,NA,NA,NA,NA,NA,"Menor porte",0,0
"4271","São Sebastião da Amoreira","são sebastião da amoreira","sao sebastiao da amoreira","Paraná","PR","527.486172254205","24973.8119426572","0.715","8063",5433,NA,NA,NA,3,3,3,"Menor porte",0,0
"4272","São Tomé","são tomé","sao tome","Paraná","PR","645.391304347826","29180.347826087","0.725","5232",4008,NA,NA,NA,3,1,1,"Menor porte",0,0
"4273","Sapopema","sapopema","sapopema","Paraná","PR","529.604284439155","16036.7450163642","0.655","6695",4329,NA,NA,NA,3,3,3,"Menor porte",0,0
"4274","Sarandi","sarandi","sarandi","Paraná","PR","659.529871271842","17691.3284868562","0.695","118455",73951,1,1,0.000027044935159768,1,3,1,"Médio porte",2,0.27044935159768
"4275","Saudade do Iguaçu","saudade do iguaçu","saudade do iguacu","Paraná","PR","600.2888608052","160445.206716014","0.699","6108",3866,NA,NA,NA,NA,NA,NA,"Menor porte",0,0
"4276","Sengés","sengés","senges","Paraná","PR","486.613360846015","23076.8635542946","0.663","17270",10709,NA,NA,NA,3,1,3,"Menor porte",0,0
"4277","Serranópolis do Iguaçu","serranópolis do iguaçu","serranopolis do iguacu","Paraná","PR","781.773509046236","46666.9644851463","0.762","5007",3848,NA,NA,NA,2,2,1,"Menor porte",0,0
"4278","Sertaneja","sertaneja","sertaneja","Paraná","PR","760.927914110429","54880.3680981595","0.725","5616",4576,2,0,0.000437062937062937,2,3,1,"Menor porte",2,4.37062937062937
"4279","Sertanópolis","sertanópolis","sertanopolis","Paraná","PR","792.908060683604","42700.1157618961","0.723","15930",14666,NA,NA,NA,3,1,1,"Menor porte",0,0
"4280","Siqueira Campos","siqueira campos","siqueira campos","Paraná","PR","626.758906301473","26164.4783283919","0.704","22811",15875,NA,NA,NA,2,1,1,"Médio porte",0,0
"4281","Sulina","sulina","sulina","Paraná","PR","727.303754266212","34013.6518771331","0.693","3440",2488,NA,NA,NA,NA,NA,NA,"Menor porte",0,0
"4282","Tamarana","tamarana","tamarana","Paraná","PR","462.5","19917.0212765957","0.621","10707",8169,NA,NA,NA,3,1,3,"Menor porte",0,0
"4283","Tamboara","tamboara","tamboara","Paraná","PR","624.466847615355","23359.6355176425","0.731","4880",3523,NA,NA,NA,3,1,1,"Menor porte",0,0
"4284","Tapejara","tapejara","tapejara","Paraná","PR","607.035790761701","32099.6635056592","0.703","15869",11218,NA,NA,NA,3,1,1,"Menor porte",0,0
"4285","Tapira","tapira","tapira","Paraná","PR","723.384895359418","23833.4849863512","0.697","5745",4312,NA,NA,NA,1,2,1,"Menor porte",0,0
"4286","Teixeira Soares","teixeira soares","teixeira soares","Paraná","PR","439.245643351635","29969.6029283043","0.671","9547",6835,NA,NA,NA,3,2,3,"Menor porte",0,0
"4287","Telêmaco Borba","telêmaco borba","telemaco borba","Paraná","PR","598.831963104071","44798.2880489272","0.734","75042",56326,NA,NA,NA,2,1,1,"Médio porte",0,0
"4288","Terra Boa","terra boa","terra boa","Paraná","PR","712.616279069767","27136.6860465116","0.728","17568",13462,NA,NA,NA,3,3,1,"Menor porte",0,0
"4289","Terra Rica","terra rica","terra rica","Paraná","PR","669.581659182226","21877.5703143465","0.71","14842",12222,NA,NA,NA,1,1,1,"Menor porte",0,0
"4290","Terra Roxa","terra roxa","terra roxa","Paraná","PR","738.100673439105","35617.6806300651","0.714","18119",14527,3,1,0.000275349349487162,NA,NA,NA,"Menor porte",4,2.75349349487162
"4291","Tibagi","tibagi","tibagi","Paraná","PR","430.581841121949","40865.2399670015","0.664","19961",10231,NA,NA,NA,NA,NA,NA,"Médio porte",0,0
"4292","Tijucas do Sul","tijucas do sul","tijucas do sul","Paraná","PR","557.773355186139","19220.9084523531","0.636","17621",11256,5,0,0.000444207533759773,2,1,3,"Menor porte",5,4.44207533759773
"4293","Toledo","toledo","toledo","Paraná","PR","773.689929545375","43396.4737635389","0.768","150470",126695,14,4,0.000142073483562887,2,1,2,"Maior porte",18,1.42073483562887
"4294","Tomazina","tomazina","tomazina","Paraná","PR","505.828102984501","25858.8446266171","0.699","8426",4580,NA,NA,NA,NA,NA,NA,"Menor porte",0,0
"4295","Três Barras do Paraná","três barras do paraná","tres barras do parana","Paraná","PR","595.281608240571","27069.4467519522","0.681","11135",8453,NA,NA,NA,2,1,3,"Menor porte",0,0
"4296","Tunas do Paraná","tunas do paraná","tunas do parana","Paraná","PR","356.018621148304","13222.5670583019","0.611","6219",3905,NA,NA,NA,3,1,2,"Menor porte",0,0
"4297","Tuneiras do Oeste","tuneiras do oeste","tuneiras do oeste","Paraná","PR","569.201921950076","21989.4527129966","0.695","8067",5428,3,1,0.000736919675755343,2,1,3,"Menor porte",4,7.36919675755343
"4298","Tupãssi","tupãssi","tupassi","Paraná","PR","771.118510297201","40339.1293624368","0.73","8077",6932,NA,NA,NA,3,3,1,"Menor porte",0,0
"4299","Turvo","turvo","turvo","Paraná","PR","631.233295150821","32951.8900343643","0.672","14231",9843,NA,NA,NA,3,3,1,"Menor porte",0,0
"4300","Ubiratã","ubiratã","ubirata","Paraná","PR","836.721029221866","44582.2373140753","0.739","24749",20055,NA,NA,NA,2,1,1,"Médio porte",0,0
"4301","Umuarama","umuarama","umuarama","Paraná","PR","780.071111111111","33040.8711111111","0.761","117095",98575,NA,NA,NA,2,1,2,"Maior porte",0,0
"4302","União da Vitória","união da vitória","uniao da vitoria","Paraná","PR","596.636333811061","27701.4659920916","0.74","55033",38924,16,0,0.000411057445277978,1,1,1,"Médio porte",16,4.11057445277978
"4303","Uniflor","uniflor","uniflor","Paraná","PR","565.034429992349","24905.5087987758","0.72","2136",1649,NA,NA,NA,1,1,1,"Menor porte",0,0
"4304","Uraí","uraí","urai","Paraná","PR","630.44442473166","24201.3660959815","0.721","10406",7880,NA,NA,NA,3,3,1,"Menor porte",0,0
"4305","Ventania","ventania","ventania","Paraná","PR","417.935142289874","20135.6717405692","0.65","9681",6448,2,0,0.000310173697270471,2,1,3,"Menor porte",2,3.10173697270471
"4306","Vera Cruz do Oeste","vera cruz do oeste","vera cruz do oeste","Paraná","PR","686.065767683937","28155.6659569435","0.699","8215",6692,NA,NA,NA,3,3,1,"Menor porte",0,0
"4307","Verê","verê","vere","Paraná","PR","758.712015611932","39631.307499303","0.72","7932",6272,NA,NA,NA,3,3,1,"Menor porte",0,0
"4308","Virmond","virmond","virmond","Paraná","PR","580.55693684734","33994.7787170562","0.722","3811",2773,NA,NA,NA,2,2,1,"Menor porte",0,0
"4309","Vitorino","vitorino","vitorino","Paraná","PR","641.201341303397","51012.1008893425","0.702","9706",5497,NA,NA,NA,3,2,1,"Menor porte",0,0
"4310","Wenceslau Braz","wenceslau braz","wenceslau braz","Paraná","PR","594.913855359538","27910.3992571959","0.687","19188",14191,NA,NA,NA,2,2,3,"Menor porte",0,0
"4311","Xambrê","xambrê","xambre","Paraná","PR","638.898756660746","16926.4653641208","0.706","5798",4051,NA,NA,NA,1,2,1,"Menor porte",0,0
"4312","Abdon Batista","abdon batista","abdon batista","Santa Catarina","SC","694.270015698587","25585.557299843","0.694","2598",1959,NA,NA,NA,NA,NA,NA,"Menor porte",0,0
"4313","Abelardo Luz","abelardo luz","abelardo luz","Santa Catarina","SC","626.002227171492","36844.5434298441","0.696","17392",13602,NA,NA,NA,3,3,1,"Menor porte",0,0
"4314","Agrolândia","agrolândia","agrolandia","Santa Catarina","SC","746.663034595478","25046.8537183329","0.725","10990",9326,NA,NA,NA,3,3,1,"Menor porte",0,0
"4315","Agronômica","agronômica","agronomica","Santa Catarina","SC","751.316028317299","29384.2802686513","0.741","6055",4944,NA,NA,NA,NA,NA,NA,"Menor porte",0,0
"4316","Água Doce","água doce","agua doce","Santa Catarina","SC","733.640939597315","49812.0805369127","0.698","6508",6062,NA,NA,NA,2,3,1,"Menor porte",0,0
"4317","Águas de Chapecó","águas de chapecó","aguas de chapeco","Santa Catarina","SC","621.181887950883","17097.6208749041","0.713","6036",4846,NA,NA,NA,1,2,1,"Menor porte",0,0
"4318","Águas Frias","águas frias","aguas frias","Santa Catarina","SC","918.861512319456","46675.4460492778","0.745","2839",2537,NA,NA,NA,3,2,1,"Menor porte",0,0
"4319","Águas Mornas","águas mornas","aguas mornas","Santa Catarina","SC","771.459063881689","26643.6956853179","0.723","6743",5978,3,0,0.000501840080294413,NA,NA,NA,"Menor porte",3,5.01840080294413
"4320","Alfredo Wagner","alfredo wagner","alfredo wagner","Santa Catarina","SC","733.293674400159","26772.754312909","0.668","10481",8877,2,1,0.000337952010814464,2,3,1,"Menor porte",3,3.37952010814464
"4321","Alto Bela Vista","alto bela vista","alto bela vista","Santa Catarina","SC","837.48701973001","31492.7310488058","0.755","1856",1785,NA,NA,NA,NA,NA,NA,"Menor porte",0,0
"4322","Anchieta","anchieta","anchieta","Santa Catarina","SC","784.23609861436","25857.1171495411","0.699","5943",4959,NA,NA,NA,3,2,1,"Menor porte",0,0
"4323","Angelina","angelina","angelina","Santa Catarina","SC","929.580434324267","28122.0746363061","0.687","5358",4771,NA,NA,NA,NA,NA,NA,"Menor porte",0,0
"4324","Anita Garibaldi","anita garibaldi","anita garibaldi","Santa Catarina","SC","789.276987207129","24575.8229121748","0.688","8285",6435,NA,NA,NA,1,3,1,"Menor porte",0,0
"4325","Anitápolis","anitápolis","anitapolis","Santa Catarina","SC","803.903345724907","19287.1747211896","0.674","3593",3089,NA,NA,NA,NA,NA,NA,"Menor porte",0,0
"4326","Antônio Carlos","antônio carlos","antonio carlos","Santa Catarina","SC","953.44247068385","91615.0005805178","0.749","11224",9517,NA,NA,NA,3,2,1,"Menor porte",0,0
"4327","Apiúna","apiúna","apiuna","Santa Catarina","SC","610.342920353982","36966.0766961652","0.708","9811",7462,4,0,0.000536049316537121,NA,NA,NA,"Menor porte",4,5.36049316537121
"4328","Arabutã","arabutã","arabuta","Santa Catarina","SC","737.754862901336","40781.3452074057","0.733","4378",3780,NA,NA,NA,3,3,1,"Menor porte",0,0
"4329","Araquari","araquari","araquari","Santa Catarina","SC","476.065175589515","122868.51027224","0.703","45283",26399,5,0,0.000189401113678548,NA,NA,NA,"Médio porte",5,1.89401113678548
"4330","Araranguá","araranguá","ararangua","Santa Catarina","SC","852.106233754919","28189.6554227714","0.76","71922",66995,7,0,0.000104485409358907,1,1,1,"Médio porte",7,1.04485409358907
"4331","Armazém","armazém","armazem","Santa Catarina","SC","880.808311451079","24079.1186208471","0.77","8834",8856,NA,NA,NA,2,3,1,"Menor porte",0,0
"4332","Arroio Trinta","arroio trinta","arroio trinta","Santa Catarina","SC","959.988729219498","27456.4666103128","0.764","3556",3754,NA,NA,NA,3,3,1,"Menor porte",0,0
"4333","Arvoredo","arvoredo","arvoredo","Santa Catarina","SC","680.393912264996","51732.7663384064","0.715","2510",1777,NA,NA,NA,3,2,1,"Menor porte",0,0
"4334","Ascurra","ascurra","ascurra","Santa Catarina","SC","842.817748809225","26388.0671847581","0.742","8319",7527,2,0,0.000265710110269696,3,2,1,"Menor porte",2,2.65710110269696
"4335","Atalanta","atalanta","atalanta","Santa Catarina","SC","877.308294209703","31526.4475743349","0.733","3227",3127,NA,NA,NA,3,2,1,"Menor porte",0,0
"4336","Aurora","aurora","aurora","Santa Catarina","SC","896.885447826852","31134.6120007039","0.733","6780",6657,NA,NA,NA,2,2,1,"Menor porte",0,0
"4337","Balneário Arroio do Silva","balneário arroio do silva","balneario arroio do silva","Santa Catarina","SC","551.451973194341","13379.0022338049","0.746","15820",9683,NA,NA,NA,3,2,1,"Menor porte",0,0
"4338","Balneário Barra do Sul","balneário barra do sul","balneario barra do sul","Santa Catarina","SC","493.520616221115","18321.7036701405","0.716","14912",6878,NA,NA,NA,NA,NA,NA,"Menor porte",0,0
"4339","Balneário Camboriú","balneário camboriú","balneario camboriu","Santa Catarina","SC","665.951054898625","41503.6557930259","0.845","139155",111322,9,23,0.000287454411526922,3,1,2,"Maior porte",32,2.87454411526922
"4340","Balneário Gaivota","balneário gaivota","balneario gaivota","Santa Catarina","SC","722.291296625222","14813.2326820604","0.728","15669",11059,NA,NA,NA,NA,NA,NA,"Menor porte",0,0
"4341","Balneário Piçarras","balneário piçarras","balneario picarras","Santa Catarina","SC","644.876325088339","46673.6917381794","0.756","27127",19736,NA,NA,NA,2,2,1,"Médio porte",0,0
"4342","Balneário Rincão","balneário rincão","balneario rincao","Santa Catarina","SC","452.031515526031","18734.6670786343","0","15981",8333,NA,NA,NA,NA,NA,NA,"Menor porte",0,0
"4343","Bandeirante","bandeirante","bandeirante","Santa Catarina","SC","751.888217522659","30000.3776435045","0.672","3144",2368,NA,NA,NA,NA,NA,NA,"Menor porte",0,0
"4344","Barra Bonita","barra bonita","barra bonita","Santa Catarina","SC","753.482737734706","22348.2737734706","0.701","1668",1375,NA,NA,NA,NA,NA,NA,"Menor porte",0,0
"4345","Barra Velha","barra velha","barra velha","Santa Catarina","SC","728.499665103818","61327.1265907569","0.738","45369",28806,NA,NA,NA,3,2,1,"Médio porte",0,0
"4346","Bela Vista do Toldo","bela vista do toldo","bela vista do toldo","Santa Catarina","SC","587.708267840302","24113.9578748821","0.675","5872",4426,NA,NA,NA,NA,NA,NA,"Menor porte",0,0
"4347","Belmonte","belmonte","belmonte","Santa Catarina","SC","726.09819121447","19666.6666666667","0.705","2658",2351,NA,NA,NA,3,2,1,"Menor porte",0,0
"4348","Benedito Novo","benedito novo","benedito novo","Santa Catarina","SC","816.56050955414","28039.2356687898","0.74","10520",10624,NA,NA,NA,3,2,1,"Menor porte",0,0
"4349","Biguaçu","biguaçu","biguacu","Santa Catarina","SC","680.05065768644","31919.667271105","0.739","76773",56738,3,1,0.0000704994888787056,1,1,1,"Médio porte",4,0.704994888787056
"4350","Blumenau","blumenau","blumenau","Santa Catarina","SC","774.274225863951","47793.1187906758","0.806","361261",300721,60,0,0.000199520485765876,3,1,2,"Maior porte",60,1.99520485765876
"4351","Bocaina do Sul","bocaina do sul","bocaina do sul","Santa Catarina","SC","579.988532110092","24721.6169724771","0.647","3515",2392,NA,NA,NA,2,2,3,"Menor porte",0,0
"4352","Bom Jardim da Serra","bom jardim da serra","bom jardim da serra","Santa Catarina","SC","501.047778709137","27811.6093880972","0.696","4026",2854,NA,NA,NA,2,3,3,"Menor porte",0,0
"4353","Bom Jesus","bom jesus","bom jesus","Santa Catarina","SC","673.209028459274","38963.689892051","0.718","2777",2415,NA,NA,NA,2,2,1,"Menor porte",0,0
"4354","Bom Jesus do Oeste","bom jesus do oeste","bom jesus do oeste","Santa Catarina","SC","668.536699392239","25158.0177653109","0.712","2187",1702,NA,NA,NA,3,2,1,"Menor porte",0,0
"4355","Bom Retiro","bom retiro","bom retiro","Santa Catarina","SC","566.898608349901","31201.9880715706","0.699","8418",6796,2,0,0.000294290759270159,3,3,1,"Menor porte",2,2.94290759270159
"4356","Bombinhas","bombinhas","bombinhas","Santa Catarina","SC","732.038357511679","35488.6648635358","0.781","25058",20589,NA,NA,NA,2,2,1,"Médio porte",0,0
"4357","Botuverá","botuverá","botuvera","Santa Catarina","SC","887.82412626832","61121.9466366028","0.724","5363",5412,NA,NA,NA,1,2,1,"Menor porte",0,0
"4358","Braço do Norte","braço do norte","braco do norte","Santa Catarina","SC","843.31089857126","39502.9814618019","0.778","33773",33319,NA,NA,NA,2,1,1,"Médio porte",0,0
"4359","Braço do Trombudo","braço do trombudo","braco do trombudo","Santa Catarina","SC","788.538073759618","41264.5263995755","0.78","4026",3336,NA,NA,NA,2,2,1,"Menor porte",0,0
"4360","Brunópolis","brunópolis","brunopolis","Santa Catarina","SC","696.368243243243","38061.6554054054","0.661","2489",1866,NA,NA,NA,2,2,1,"Menor porte",0,0
"4361","Brusque","brusque","brusque","Santa Catarina","SC","812.141855921678","50344.1088249606","0.795","141385",125898,NA,NA,NA,3,3,2,"Maior porte",0,0
"4362","Caçador","caçador","cacador","Santa Catarina","SC","687.466115264837","44509.6390251283","0.735","73720",62026,NA,NA,NA,2,2,1,"Médio porte",0,0
"4363","Caibi","caibi","caibi","Santa Catarina","SC","799.510603588907","40899.3474714519","0.728","6304",6065,NA,NA,NA,2,3,1,"Menor porte",0,0
"4364","Calmon","calmon","calmon","Santa Catarina","SC","468.665667166417","23571.8140929535","0.622","3443",1900,NA,NA,NA,2,2,3,"Menor porte",0,0
"4365","Camboriú","camboriú","camboriu","Santa Catarina","SC","730.861876505493","19789.119323189","0.726","103074",76302,NA,NA,NA,1,3,1,"Médio porte",0,0
"4366","Campo Alegre","campo alegre","campo alegre","Santa Catarina","SC","783.24013020616","46706.2849511727","0.714","12501",10976,NA,NA,NA,2,3,1,"Menor porte",0,0
"4367","Campo Belo do Sul","campo belo do sul","campo belo do sul","Santa Catarina","SC","580.983889528193","32913.6939010357","0.641","7257",4712,NA,NA,NA,3,3,3,"Menor porte",0,0
"4368","Campo Erê","campo erê","campo ere","Santa Catarina","SC","843.905915894512","33075.7899738655","0.69","9623",8525,NA,NA,NA,NA,NA,NA,"Menor porte",0,0
"4369","Campos Novos","campos novos","campos novos","Santa Catarina","SC","719.416785206259","60024.3735638472","0.742","36932",30260,10,1,0.000363516192994052,2,1,1,"Médio porte",11,3.63516192994052
"4370","Canelinha","canelinha","canelinha","Santa Catarina","SC","621.874495886433","16619.8580416196","0.697","12821",9444,NA,NA,NA,NA,NA,NA,"Menor porte",0,0
"4371","Canoinhas","canoinhas","canoinhas","Santa Catarina","SC","733.278267254038","32234.8201174743","0.757","55016",45348,5,0,0.000110258445796948,1,1,1,"Médio porte",5,1.10258445796948
"4372","Capão Alto","capão alto","capao alto","Santa Catarina","SC","603.766025641026","54811.6987179487","0.654","2625",1729,2,0,0.00115673799884326,NA,NA,NA,"Menor porte",2,11.5673799884326
"4373","Capinzal","capinzal","capinzal","Santa Catarina","SC","807.640546993705","41199.6092902106","0.752","23314",21426,NA,NA,NA,2,2,1,"Médio porte",0,0
"4374","Capivari de Baixo","capivari de baixo","capivari de baixo","Santa Catarina","SC","747.03102037574","36395.0033760972","0.767","23975",21269,2,0,0.0000940335699844845,2,2,1,"Médio porte",2,0.940335699844845
"4375","Catanduvas","catanduvas","catanduvas","Santa Catarina","SC","709.122359796067","39717.6802621996","0.714","10566",9029,3,0,0.000332262709048621,2,3,1,"Menor porte",3,3.32262709048621
"4376","Caxambu do Sul","caxambu do sul","caxambu do sul","Santa Catarina","SC","831.315122500704","39760.0675865953","0.691","4614",3431,NA,NA,NA,NA,NA,NA,"Menor porte",0,0
"4377","Celso Ramos","celso ramos","celso ramos","Santa Catarina","SC","767.929385803604","21866.8628172122","0.719","2805",2351,NA,NA,NA,NA,NA,NA,"Menor porte",0,0
"4378","Cerro Negro","cerro negro","cerro negro","Santa Catarina","SC","590.286831812256","26149.2829204694","0.621","3317",2112,NA,NA,NA,3,2,3,"Menor porte",0,0
"4379","Chapadão do Lageado","chapadão do lageado","chapadao do lageado","Santa Catarina","SC","744.843646041251","26722.8875582169","0.704","2950",2596,NA,NA,NA,3,2,1,"Menor porte",0,0
"4380","Chapecó","chapecó","chapeco","Santa Catarina","SC","821.849624798561","46972.1801859714","0.79","254785",217706,113,0,0.000519048625210146,3,1,2,"Maior porte",113,5.19048625210146
"4381","Cocal do Sul","cocal do sul","cocal do sul","Santa Catarina","SC","831.222876166696","40694.3701325724","0.78","17240",15690,NA,NA,NA,3,2,1,"Menor porte",0,0
"4382","Concórdia","concórdia","concordia","Santa Catarina","SC","941.516889060359","49524.9511088643","0.8","81646",80712,1,0,0.0000123897313906235,2,1,1,"Médio porte",1,0.123897313906235
"4383","Cordilheira Alta","cordilheira alta","cordilheira alta","Santa Catarina","SC","826.991150442478","66302.4336283186","0.747","4781",4754,6,0,0.0012620950778292,2,2,1,"Menor porte",6,12.620950778292
"4384","Coronel Freitas","coronel freitas","coronel freitas","Santa Catarina","SC","753.118712273642","28536.9215291751","0.744","10388",8476,NA,NA,NA,1,3,1,"Menor porte",0,0
"4385","Coronel Martins","coronel martins","coronel martins","Santa Catarina","SC","592.563600782779","18729.1585127202","0.696","2065",1720,NA,NA,NA,NA,NA,NA,"Menor porte",0,0
"4386","Correia Pinto","correia pinto","correia pinto","Santa Catarina","SC","826.734645104756","49308.2928383653","0.702","15727",12262,NA,NA,NA,3,2,1,"Menor porte",0,0
"4387","Corupá","corupá","corupa","Santa Catarina","SC","742.285962624946","28891.1032470355","0.78","15267",13256,8,1,0.00067893783946892,2,2,1,"Menor porte",9,6.7893783946892
"4388","Criciúma","criciúma","criciuma","Santa Catarina","SC","745.226886811988","37870.8072762078","0.788","214493",180741,51,13,0.00035409785272849,3,1,2,"Maior porte",64,3.5409785272849
"4389","Cunha Porã","cunha porã","cunha pora","Santa Catarina","SC","822.719913653535","53667.1163878395","0.742","10953",10345,NA,NA,NA,1,3,1,"Menor porte",0,0
"4390","Cunhataí","cunhataí","cunhatai","Santa Catarina","SC","728.520589730554","26395.5261820031","0.754","1968",1660,NA,NA,NA,NA,NA,NA,"Menor porte",0,0
"4391","Curitibanos","curitibanos","curitibanos","Santa Catarina","SC","731.581981801319","37461.5847391773","0.721","40045",33892,5,0,0.000147527440103859,2,1,1,"Médio porte",5,1.47527440103859
"4392","Descanso","descanso","descanso","Santa Catarina","SC","870.849609375","27623.9013671875","0.743","8530",8010,1,0,0.000124843945068664,NA,NA,NA,"Menor porte",1,1.24843945068664
"4393","Dionísio Cerqueira","dionísio cerqueira","dionisio cerqueira","Santa Catarina","SC","606.625924734641","26675.5226761016","0.706","15008",11631,NA,NA,NA,2,3,1,"Menor porte",0,0
"4394","Dona Emma","dona emma","dona emma","Santa Catarina","SC","719.78021978022","27825.1313903488","0.742","4221",3524,NA,NA,NA,NA,NA,NA,"Menor porte",0,0
"4395","Doutor Pedrinho","doutor pedrinho","doutor pedrinho","Santa Catarina","SC","724.908869987849","28841.5552855407","0.716","3637",3268,NA,NA,NA,1,2,1,"Menor porte",0,0
"4396","Entre Rios","entre rios","entre rios","Santa Catarina","SC","565.879428216283","15720.6339341206","0.657","3402",2154,NA,NA,NA,3,2,3,"Menor porte",0,0
"4397","Ermo","ermo","ermo","Santa Catarina","SC","1317.80688985929","45317.8068898593","0.726","2269",4013,NA,NA,NA,NA,NA,NA,"Menor porte",0,0
"4398","Erval Velho","erval velho","erval velho","Santa Catarina","SC","746.49162516976","31002.0371208692","0.723","4885",3975,6,0,0.00150943396226415,3,2,1,"Menor porte",6,15.0943396226415
"4399","Faxinal dos Guedes","faxinal dos guedes","faxinal dos guedes","Santa Catarina","SC","785.050239459104","44214.8558550099","0.758","11192",9555,3,0,0.000313971742543171,1,3,1,"Menor porte",3,3.13971742543171
"4400","Flor do Sertão","flor do sertão","flor do sertao","Santa Catarina","SC","724.509183027232","31091.8302723243","0.708","1783",1356,NA,NA,NA,2,2,1,"Menor porte",0,0
"4401","Florianópolis","florianópolis","florianopolis","Santa Catarina","SC","715.022424168576","43165.8916800635","0.847","537211",399446,2,1,0.0000075104019066407,NA,NA,NA,"Maior porte",3,0.075104019066407
"4402","Formosa do Sul","formosa do sul","formosa do sul","Santa Catarina","SC","710.220440881763","22823.246492986","0.715","2682",2074,NA,NA,NA,3,2,1,"Menor porte",0,0
"4403","Forquilhinha","forquilhinha","forquilhinha","Santa Catarina","SC","818.308772187718","33007.3867186064","0.753","31431",26049,NA,NA,NA,3,2,1,"Médio porte",0,0
"4404","Fraiburgo","fraiburgo","fraiburgo","Santa Catarina","SC","676.771266127269","26717.2261097748","0.731","33481",28603,NA,NA,NA,1,2,1,"Médio porte",0,0
"4405","Frei Rogério","frei rogério","frei rogerio","Santa Catarina","SC","883.248730964467","36889.847715736","0.682","2411",2041,NA,NA,NA,NA,NA,NA,"Menor porte",0,0
"4406","Galvão","galvão","galvao","Santa Catarina","SC","759.226083840917","27397.3486205661","0.708","3210",2483,NA,NA,NA,3,2,1,"Menor porte",0,0
"4407","Garopaba","garopaba","garopaba","Santa Catarina","SC","801.603121421604","26179.1848678909","0.753","29959",23844,1,0,0.0000419392719342392,1,1,1,"Médio porte",1,0.419392719342392
"4408","Garuva","garuva","garuva","Santa Catarina","SC","615.18069681887","59419.9307509197","0.725","18545",13953,4,0,0.000286676700351179,1,2,1,"Menor porte",4,2.86676700351179
"4409","Gaspar","gaspar","gaspar","Santa Catarina","SC","701.919681324425","45024.0419250491","0.765","72570",54944,39,0,0.000709813628421666,3,2,1,"Médio porte",39,7.09813628421666
"4410","Governador Celso Ramos","governador celso ramos","governador celso ramos","Santa Catarina","SC","622.826235793509","24129.1934821306","0.747","16915",10926,1,0,0.0000915248032216731,3,1,1,"Menor porte",1,0.915248032216731
"4411","Grão Pará","grão pará","grao para","Santa Catarina","SC","775.739196360879","37721.1523881729","0.736",NA,5840,NA,NA,NA,1,2,1,"Menor porte",0,0
"4412","Gravatal","gravatal","gravatal","Santa Catarina","SC","832.339984451931","22869.914485618","0.757","12435",11226,NA,NA,NA,2,2,1,"Menor porte",0,0
"4413","Guabiruba","guabiruba","guabiruba","Santa Catarina","SC","741.530637355426","41067.8779427446","0.754","24543",20244,NA,NA,NA,NA,NA,NA,"Médio porte",0,0
"4414","Guaraciaba","guaraciaba","guaraciaba","Santa Catarina","SC","761.32056652703","34645.4219030521","0.751","10796",8734,1,0,0.000114495076711701,3,3,1,"Menor porte",1,1.14495076711701
"4415","Guaramirim","guaramirim","guaramirim","Santa Catarina","SC","695.438565844924","42747.603554818","0.751","46711",36696,NA,NA,NA,2,2,1,"Médio porte",0,0
"4416","Guarujá do Sul","guarujá do sul","guaruja do sul","Santa Catarina","SC","722.865971417536","32197.7597528003","0.73","4829",4192,NA,NA,NA,3,3,1,"Menor porte",0,0
"4417","Guatambú","guatambú","guatambu","Santa Catarina","SC","944.231587909749","54026.1813537676","0.717","8425",5740,NA,NA,NA,3,2,1,"Menor porte",0,0
"4418","Herval d'Oeste","herval d'oeste","herval doeste","Santa Catarina","SC","679.933080919257","21238.3551994365","0.758","21724",16993,1,0,0.0000588477608426999,2,2,1,"Médio porte",1,0.588477608426999
"4419","Ibiam","ibiam","ibiam","Santa Catarina","SC","721.596724667349","26917.604912999","0.725","2008",1716,NA,NA,NA,NA,NA,NA,"Menor porte",0,0
"4420","Ibicaré","ibicaré","ibicare","Santa Catarina","SC","947.136563876652","35572.0578980491","0.708","3269",3287,NA,NA,NA,NA,NA,NA,"Menor porte",0,0
"4421","Ibirama","ibirama","ibirama","Santa Catarina","SC","843.422706325932","24671.8684541265","0.737","19862",17817,7,0,0.00039288320143683,NA,NA,NA,"Menor porte",7,3.9288320143683
"4422","Içara","içara","icara","Santa Catarina","SC","848.306461473964","44665.2226317536","0.741","59035",56402,3,0,0.0000531896032055601,1,2,1,"Médio porte",3,0.531896032055601
"4423","Ilhota","ilhota","ilhota","Santa Catarina","SC","692.318406574274","50430.3920885856","0.738","17046",12595,NA,NA,NA,2,2,1,"Menor porte",0,0
"4424","Imaruí","imaruí","imarui","Santa Catarina","SC","723.260956976277","19702.6537997587","0.667","11881",8057,NA,NA,NA,NA,NA,NA,"Menor porte",0,0
"4425","Imbituba","imbituba","imbituba","Santa Catarina","SC","790.222143708872","44629.5323057899","0.765","52579",43256,6,0,0.000138709080821158,1,1,1,"Médio porte",6,1.38709080821158
"4426","Imbuia","imbuia","imbuia","Santa Catarina","SC","755.007210382951","28001.4420765903","0.713","5982",5752,NA,NA,NA,1,2,1,"Menor porte",0,0
"4427","Indaial","indaial","indaial","Santa Catarina","SC","742.031029619182","41976.8547249647","0.777","71549",59393,NA,NA,NA,1,2,1,"Médio porte",0,0
"4428","Iomerê","iomerê","iomere","Santa Catarina","SC","772.788656313302","54785.2802160702","0.795","2877",2634,NA,NA,NA,3,2,1,"Menor porte",0,0
"4429","Ipira","ipira","ipira","Santa Catarina","SC","836.132546527463","19927.144802542","0.736","4578",4185,NA,NA,NA,3,3,1,"Menor porte",0,0
"4430","Iporã do Oeste","iporã do oeste","ipora do oeste","Santa Catarina","SC","808.402432283029","32464.0132669983","0.759","9335",8657,NA,NA,NA,3,3,1,"Menor porte",0,0
"4431","Ipuaçu","ipuaçu","ipuacu","Santa Catarina","SC","432.246998284734","33394.5111492281","0.66","7730",4083,NA,NA,NA,2,2,3,"Menor porte",0,0
"4432","Ipumirim","ipumirim","ipumirim","Santa Catarina","SC","748.425196850394","46735.9580052493","0.738","7816",6247,NA,NA,NA,3,2,1,"Menor porte",0,0
"4433","Iraceminha","iraceminha","iraceminha","Santa Catarina","SC","720.162519045201","25198.8318943626","0.722","3986",3288,NA,NA,NA,1,2,1,"Menor porte",0,0
"4434","Irani","irani","irani","Santa Catarina","SC","660.506763192989","23077.919603734","0.742","10195",8243,3,0,0.00036394516559505,2,3,1,"Menor porte",3,3.6394516559505
"4435","Irati","irati","irati","Santa Catarina","SC","741.225772655841","20369.3033001571","0.707","2069",1682,NA,NA,NA,NA,NA,NA,"Menor porte",0,0
"4436","Irineópolis","irineópolis","irineopolis","Santa Catarina","SC","598.458676587829","29673.3988838693","0.699","10285",8044,NA,NA,NA,3,2,1,"Menor porte",0,0
"4437","Itá","itá","ita","Santa Catarina","SC","805.841083374123","50228.7485723609","0.771","7067",5659,NA,NA,NA,3,3,1,"Menor porte",0,0
"4438","Itaiópolis","itaiópolis","itaiopolis","Santa Catarina","SC","687.32782369146","35487.5114784206","0.708","22051",17603,NA,NA,NA,3,2,1,"Médio porte",0,0
"4439","Itajaí","itajaí","itajai","Santa Catarina","SC","809.423070027609","126462.135609021","0.795","264054",213036,74,1,0.000352053174111418,NA,NA,NA,"Maior porte",75,3.52053174111418
"4440","Itapema","itapema","itapema","Santa Catarina","SC","684.130802815646","31789.1235260923","0.796","75940",59834,2,0,0.000033425811411572,NA,NA,NA,"Médio porte",2,0.33425811411572
"4441","Itapiranga","itapiranga","itapiranga","Santa Catarina","SC","806.961839242665","48978.8322455459","0.775","16638",15121,NA,NA,NA,3,3,1,"Menor porte",0,0
"4442","Itapoá","itapoá","itapoa","Santa Catarina","SC","569.202436605752","43399.1594654578","0.761","30750",19173,NA,NA,NA,2,2,1,"Médio porte",0,0
"4443","Ituporanga","ituporanga","ituporanga","Santa Catarina","SC","851.469138237034","38148.5703017156","0.748","26525",25818,21,14,0.00135564334960105,3,1,1,"Médio porte",35,13.5564334960105
"4444","Jaborá","jaborá","jabora","Santa Catarina","SC","737.110770801429","35725.8805513017","0.732","4310",3296,NA,NA,NA,3,2,1,"Menor porte",0,0
"4445","Jacinto Machado","jacinto machado","jacinto machado","Santa Catarina","SC","850.809560524287","36364.3022359291","0.716","10624",9878,NA,NA,NA,3,3,1,"Menor porte",0,0
"4446","Jaguaruna","jaguaruna","jaguaruna","Santa Catarina","SC","758.625788643533","28664.3828864353","0.721","20375",18465,2,0,0.000108313024641213,2,1,1,"Médio porte",2,1.08313024641213
"4447","Jaraguá do Sul","jaraguá do sul","jaragua do sul","Santa Catarina","SC","694.20388247697","54124.0913381133","0.803","182660",139033,63,0,0.000453129832485813,3,1,2,"Maior porte",63,4.53129832485813
"4448","Jardinópolis","jardinópolis","jardinopolis","Santa Catarina","SC","783.311772315653","33254.2043984476","0.709","1776",1485,NA,NA,NA,NA,NA,NA,"Menor porte",0,0
"4449","Joaçaba","joaçaba","joacaba","Santa Catarina","SC","833.475858439679","59423.3653466649","0.827","30146",27784,8,0,0.000287935502447452,NA,NA,NA,"Médio porte",8,2.87935502447452
"4450","Joinville","joinville","joinville","Santa Catarina","SC","714.062222876628","57773.2064157093","0.809","616317",479732,324,3,0.000681630577072199,3,1,2,"Maior porte",327,6.81630577072199
"4451","José Boiteux","josé boiteux","jose boiteux","Santa Catarina","SC","686.438985420411","21350.9087277811","0.694","5985",3986,NA,NA,NA,3,2,1,"Menor porte",0,0
"4452","Jupiá","jupiá","jupia","Santa Catarina","SC","739.005736137667","25838.4321223709","0.719","2555",1886,NA,NA,NA,3,2,1,"Menor porte",0,0
"4453","Lacerdópolis","lacerdópolis","lacerdopolis","Santa Catarina","SC","876.724521584335","46806.4085447263","0.781","2248",2118,NA,NA,NA,2,2,1,"Menor porte",0,0
"4454","Lages","lages","lages","Santa Catarina","SC","758.263478001131","35410.190087004","0.77","164981",133659,13,1,0.000104744162383379,3,1,2,"Maior porte",14,1.04744162383379
"4455","Laguna","laguna","laguna","Santa Catarina","SC","638.263735310698","19338.5586054378","0.752","42785",32413,1,0,0.0000308518187147132,1,2,1,"Médio porte",1,0.308518187147132
"4456","Lajeado Grande","lajeado grande","lajeado grande","Santa Catarina","SC","738.36389280677","35507.7574047955","0.771","1702",1230,NA,NA,NA,2,2,1,"Menor porte",0,0
"4457","Laurentino","laurentino","laurentino","Santa Catarina","SC","836.188588418519","41066.6855443862","0.749","7932",6744,NA,NA,NA,3,2,1,"Menor porte",0,0
"4458","Lauro Müller","lauro müller","lauro muller","Santa Catarina","SC","959.642134134396","25247.0449944492","0.735","14381",15652,NA,NA,NA,3,3,1,"Menor porte",0,0
"4459","Lebon Régis","lebon régis","lebon regis","Santa Catarina","SC","496.739579034255","26370.5323978539","0.649","11472",7531,NA,NA,NA,2,2,3,"Menor porte",0,0
"4460","Leoberto Leal","leoberto leal","leoberto leal","Santa Catarina","SC","811","32658.3333333333","0.686","3330",2869,NA,NA,NA,3,2,1,"Menor porte",0,0
"4461","Lindóia do Sul","lindóia do sul","lindoia do sul","Santa Catarina","SC","703.915530136384","25362.5164980202","0.743","4549",3537,NA,NA,NA,NA,NA,NA,"Menor porte",0,0
"4462","Lontras","lontras","lontras","Santa Catarina","SC","737.23101908242","29039.7888753553","0.704","12873",10501,2,0,0.000190458051614132,2,2,1,"Menor porte",2,1.90458051614132
"4463","Luiz Alves","luiz alves","luiz alves","Santa Catarina","SC","814.526588845655","37838.6358434424","0.737","11684",12135,NA,NA,NA,2,3,1,"Menor porte",0,0
"4464","Luzerna","luzerna","luzerna","Santa Catarina","SC","904.820548909219","33564.2153413089","0.789","5794",5708,NA,NA,NA,NA,NA,NA,"Menor porte",0,0
"4465","Macieira","macieira","macieira","Santa Catarina","SC","651.755379388449","30415.6285390713","0.662","1778",1259,NA,NA,NA,3,2,3,"Menor porte",0,0
"4466","Mafra","mafra","mafra","Santa Catarina","SC","746.344654443875","34907.0384186984","0.777","55286",48391,6,0,0.00012398999814015,2,1,1,"Médio porte",6,1.2398999814015
"4467","Major Gercino","major gercino","major gercino","Santa Catarina","SC","701.215981470759","15162.1308627678","0.698","3214",2611,NA,NA,NA,2,2,1,"Menor porte",0,0
"4468","Major Vieira","major vieira","major vieira","Santa Catarina","SC","586.439431093673","25816.6993624326","0.69","7425",5703,NA,NA,NA,3,3,3,"Menor porte",0,0
"4469","Maracajá","maracajá","maracaja","Santa Catarina","SC","849.552724315533","27088.6419083763","0.768","7815",6910,1,0,0.000144717800289436,2,2,1,"Menor porte",1,1.44717800289436
"4470","Maravilha","maravilha","maravilha","Santa Catarina","SC","849.211211517843","53648.4147648951","0.781","28251",25568,4,0,0.000156445556946183,1,1,1,"Médio porte",4,1.56445556946183
"4471","Marema","marema","marema","Santa Catarina","SC","824.571428571429","36838.2857142857","0.743","2184",1689,NA,NA,NA,3,2,1,"Menor porte",0,0
"4472","Massaranduba","massaranduba","massaranduba","Santa Catarina","SC","757.313868613139","32370.6277372263","0.774","17162",14488,NA,NA,NA,1,2,1,"Menor porte",0,0
"4473","Matos Costa","matos costa","matos costa","Santa Catarina","SC","656.048387096774","20744.3548387097","0.657","2761",1993,NA,NA,NA,NA,NA,NA,"Menor porte",0,0
"4474","Meleiro","meleiro","meleiro","Santa Catarina","SC","866.447650335666","38190.1156977575","0.738","7006",6833,NA,NA,NA,1,3,1,"Menor porte",0,0
"4475","Mirim Doce","mirim doce","mirim doce","Santa Catarina","SC","864.213753832676","25612.7901883487","0.708","2511",2188,NA,NA,NA,NA,NA,NA,"Menor porte",0,0
"4476","Modelo","modelo","modelo","Santa Catarina","SC","706.258890469417","28200.0948316738","0.76","4080",3428,NA,NA,NA,NA,NA,NA,"Menor porte",0,0
"4477","Mondaí","mondaí","mondai","Santa Catarina","SC","693.329968878796","60028.345529481","0.748","10066",9185,NA,NA,NA,1,3,1,"Menor porte",0,0
"4478","Monte Carlo","monte carlo","monte carlo","Santa Catarina","SC","499.192408641228","17707.0462346053","0.643","9117",6058,NA,NA,NA,3,2,3,"Menor porte",0,0
"4479","Monte Castelo","monte castelo","monte castelo","Santa Catarina","SC","534.889345749184","21091.0630064095","0.675","7736",5353,4,0,0.000747244535774332,2,3,3,"Menor porte",4,7.47244535774332
"4480","Morro da Fumaça","morro da fumaça","morro da fumaca","Santa Catarina","SC","1021.28489441132","37122.9731988633","0.738","18537",20245,NA,NA,NA,NA,NA,NA,"Menor porte",0,0
"4481","Morro Grande","morro grande","morro grande","Santa Catarina","SC","815.096952908587","35002.0775623269","0.701","3010",2659,NA,NA,NA,3,2,1,"Menor porte",0,0
"4482","Navegantes","navegantes","navegantes","Santa Catarina","SC","598.677444813814","56025.6260014828","0.736","86401",61817,NA,NA,NA,1,2,1,"Médio porte",0,0
"4483","Nova Erechim","nova erechim","nova erechim","Santa Catarina","SC","651.21759622938","36180.4791830322","0.765","5155",3859,3,0,0.000777403472402177,NA,NA,NA,"Menor porte",3,7.77403472402177
"4484","Nova Itaberaba","nova itaberaba","nova itaberaba","Santa Catarina","SC","742.665742665743","31022.638022638","0.736","4536",3857,NA,NA,NA,1,2,1,"Menor porte",0,0
"4485","Nova Trento","nova trento","nova trento","Santa Catarina","SC","746.651332701935","42671.7629549452","0.748","13727",12238,NA,NA,NA,2,3,1,"Menor porte",0,0
"4486","Nova Veneza","nova veneza","nova veneza","Santa Catarina","SC","741.168035458219","49622.7349758832","0.768","13664",12458,NA,NA,NA,3,3,1,"Menor porte",0,0
"4487","Novo Horizonte","novo horizonte","novo horizonte","Santa Catarina","SC","664.725457570715","37527.0382695508","0.706","2643",1857,NA,NA,NA,NA,NA,NA,"Menor porte",0,0
"4488","Orleans","orleans","orleans","Santa Catarina","SC","879.590242208525","39350.7248893133","0.755","23661",23500,NA,NA,NA,1,1,1,"Médio porte",0,0
"4489","Otacílio Costa","otacílio costa","otacilio costa","Santa Catarina","SC","686.166007905138","40656.4953886693","0.74","17312",14972,NA,NA,NA,2,2,1,"Menor porte",0,0
"4490","Ouro","ouro","ouro","Santa Catarina","SC","781.765676567657","26945.9570957096","0.774","7032",6312,NA,NA,NA,3,2,1,"Menor porte",0,0
"4491","Ouro Verde","ouro verde","ouro verde","Santa Catarina","SC","694.608065246941","42479.3837788854","0.695","2181",1800,NA,NA,NA,NA,NA,NA,"Menor porte",0,0
"4492","Paial","paial","paial","Santa Catarina","SC","654.681139755767","27844.6404341927","0.718","1927",1176,NA,NA,NA,NA,NA,NA,"Menor porte",0,0
"4493","Painel","painel","painel","Santa Catarina","SC","494.482173174873","25429.117147708","0.664","2215",1330,NA,NA,NA,2,2,3,"Menor porte",0,0
"4494","Palhoça","palhoça","palhoca","Santa Catarina","SC","707.391939385641","34149.1510338217","0.757","222598",150935,14,1,0.0000993805280418723,3,3,2,"Maior porte",15,0.993805280418723
"4495","Palma Sola","palma sola","palma sola","Santa Catarina","SC","676.071622354856","28495.2523060228","0.704","7605",6098,NA,NA,NA,3,3,1,"Menor porte",0,0
"4496","Palmeira","palmeira","palmeira","Santa Catarina","SC","673.962264150943","41881.5094339623","0.671","2561",2194,NA,NA,NA,3,2,1,"Menor porte",0,0
"4497","Palmitos","palmitos","palmitos","Santa Catarina","SC","823.853438138268","42774.6487590518","0.737","15626",15746,NA,NA,NA,1,3,1,"Menor porte",0,0
"4498","Papanduva","papanduva","papanduva","Santa Catarina","SC","637.009576768613","31320.203892493","0.704","19150",14490,2,0,0.000138026224982747,1,2,1,"Menor porte",2,1.38026224982747
"4499","Paraíso","paraíso","paraiso","Santa Catarina","SC","826.190476190476","33947.0238095238","0.7","4267",3135,NA,NA,NA,3,2,1,"Menor porte",0,0
"4500","Passo de Torres","passo de torres","passo de torres","Santa Catarina","SC","1096.37488947834","19537.0247568523","0.72","12897",14021,NA,NA,NA,NA,NA,NA,"Menor porte",0,0
"4501","Passos Maia","passos maia","passos maia","Santa Catarina","SC","635.92114869798","32432.4653200292","0.659","4034",3100,NA,NA,NA,NA,NA,NA,"Menor porte",0,0
"4502","Paulo Lopes","paulo lopes","paulo lopes","Santa Catarina","SC","775.267538644471","26483.8155634826","0.716","9063",7084,4,0,0.000564652738565782,2,2,1,"Menor porte",4,5.64652738565782
"4503","Pedras Grandes","pedras grandes","pedras grandes","Santa Catarina","SC","998.482165443967","36661.0169491525","0.728","4245",4294,NA,NA,NA,3,2,1,"Menor porte",0,0
"4504","Penha","penha","penha","Santa Catarina","SC","598.155269799303","24608.4304771061","0.743","33663",24219,NA,NA,NA,1,2,1,"Médio porte",0,0
"4505","Peritiba","peritiba","peritiba","Santa Catarina","SC","864.130434782609","34023.9130434783","0.766","2992",2633,NA,NA,NA,NA,NA,NA,"Menor porte",0,0
"4506","Pescaria Brava","pescaria brava","pescaria brava","Santa Catarina","SC","433.408800078748","9530.36716212226","0","10190",5722,2,0,0.00034952813701503,NA,NA,NA,"Menor porte",2,3.4952813701503
"4507","Petrolândia","petrolândia","petrolandia","Santa Catarina","SC","834.208298052498","30603.7256562235","0.716","6716",5760,NA,NA,NA,3,3,1,"Menor porte",0,0
"4508","Pinhalzinho","pinhalzinho","pinhalzinho","Santa Catarina","SC","753.669370413287","55146.3402858246","0.783","21972",18577,3,0,0.000161490014534101,2,1,1,"Médio porte",3,1.61490014534101
"4509","Pinheiro Preto","pinheiro preto","pinheiro preto","Santa Catarina","SC","796.718576195773","51553.6707452725","0.777","3473",3283,NA,NA,NA,3,2,1,"Menor porte",0,0
"4510","Piratuba","piratuba","piratuba","Santa Catarina","SC","1122.02937249666","198716.421895861","0.758","5769",5036,NA,NA,NA,NA,NA,NA,"Menor porte",0,0
"4511","Planalto Alegre","planalto alegre","planalto alegre","Santa Catarina","SC","711.565096952909","38421.3988919668","0.751","2946",2366,NA,NA,NA,1,2,1,"Menor porte",0,0
"4512","Pomerode","pomerode","pomerode","Santa Catarina","SC","800.911496618642","62314.2311084975","0.78","34289",29800,67,8,0.00251677852348993,NA,NA,NA,"Médio porte",75,25.1677852348993
"4513","Ponte Alta","ponte alta","ponte alta","Santa Catarina","SC","572.903225806452","28159.7849462366","0.673","4437",3157,0,1,0.00031675641431739,NA,NA,NA,"Menor porte",1,3.1675641431739
"4514","Ponte Alta do Norte","ponte alta do norte","ponte alta do norte","Santa Catarina","SC","533.040935672515","33369.298245614","0.689","3210",2147,2,0,0.000931532370749884,3,2,3,"Menor porte",2,9.31532370749884
"4515","Ponte Serrada","ponte serrada","ponte serrada","Santa Catarina","SC","619.477393845625","19483.4966477566","0.693","10649",8497,6,0,0.0007061315758503,NA,NA,NA,"Menor porte",6,7.061315758503
"4516","Porto Belo","porto belo","porto belo","Santa Catarina","SC","708.28013861025","57572.1320445012","0.76","27688",20711,NA,NA,NA,NA,NA,NA,"Médio porte",0,0
"4517","Porto União","porto união","porto uniao","Santa Catarina","SC","756.632810961371","21901.0775680162","0.786","32970",32964,NA,NA,NA,NA,NA,NA,"Médio porte",0,0
"4518","Pouso Redondo","pouso redondo","pouso redondo","Santa Catarina","SC","692.242547425474","31210.3658536585","0.72","17123",13997,9,1,0.000714438808316068,NA,NA,NA,"Menor porte",10,7.14438808316068
"4519","Praia Grande","praia grande","praia grande","Santa Catarina","SC","1047.59299781182","23179.2943107221","0.718","8270",9180,NA,NA,NA,2,3,1,"Menor porte",0,0
"4520","Presidente Castello Branco","presidente castello branco","presidente castello branco","Santa Catarina","SC","895.927601809955","35493.2126696833","0.77","1689",1594,NA,NA,NA,NA,NA,NA,"Menor porte",0,0
"4521","Presidente Getúlio","presidente getúlio","presidente getulio","Santa Catarina","SC","765.26006995374","40703.7120613788","0.759","20010",15556,NA,NA,NA,1,3,1,"Menor porte",0,0
"4522","Presidente Nereu","presidente nereu","presidente nereu","Santa Catarina","SC","706.088480070083","22459.4831362243","0.737","2301",1823,NA,NA,NA,NA,NA,NA,"Menor porte",0,0
"4523","Princesa","princesa","princesa","Santa Catarina","SC","679.26455566905","25225.4000680967","0.706","2964",2397,NA,NA,NA,NA,NA,NA,"Menor porte",0,0
"4524","Quilombo","quilombo","quilombo","Santa Catarina","SC","804.557940787466","37124.6311934073","0.73","11022",9075,NA,NA,NA,3,3,1,"Menor porte",0,0
"4525","Rancho Queimado","rancho queimado","rancho queimado","Santa Catarina","SC","913.404918600623","47477.658468999","0.753","3279",3075,3,1,0.00130081300813008,NA,NA,NA,"Menor porte",4,13.0081300813008
"4526","Rio das Antas","rio das antas","rio das antas","Santa Catarina","SC","607.707191228636","35258.6262495969","0.697","6253",4301,NA,NA,NA,2,2,1,"Menor porte",0,0
"4527","Rio do Campo","rio do campo","rio do campo","Santa Catarina","SC","828.532700779397","27191.1216536767","0.729","6452",5626,NA,NA,NA,1,3,1,"Menor porte",0,0
"4528","Rio do Oeste","rio do oeste","rio do oeste","Santa Catarina","SC","743.351063829787","27606.3829787234","0.754","7747",6322,NA,NA,NA,NA,NA,NA,"Menor porte",0,0
"4529","Rio do Sul","rio do sul","rio do sul","Santa Catarina","SC","773.324445185123","40192.5117351332","0.802","72587",61799,7,3,0.000161814916098966,2,1,1,"Médio porte",10,1.61814916098966
"4530","Rio dos Cedros","rio dos cedros","rio dos cedros","Santa Catarina","SC","757.198509485095","28554.6239837398","0.729","10865",9793,NA,NA,NA,3,3,1,"Menor porte",0,0
"4531","Rio Fortuna","rio fortuna","rio fortuna","Santa Catarina","SC","1017.74891774892","53019.2640692641","0.806","4847",5434,NA,NA,NA,NA,NA,NA,"Menor porte",0,0
"4532","Rio Negrinho","rio negrinho","rio negrinho","Santa Catarina","SC","759.901164842923","28999.9529356395","0.738","39261",36795,4,1,0.00013588802826471,1,2,1,"Médio porte",5,1.3588802826471
"4533","Rio Rufino","rio rufino","rio rufino","Santa Catarina","SC","602.899718082964","23875.9565042288","0.653","2397",1796,NA,NA,NA,3,2,3,"Menor porte",0,0
"4534","Riqueza","riqueza","riqueza","Santa Catarina","SC","742.60030695023","27464.5910984433","0.714","4768",3966,NA,NA,NA,2,2,1,"Menor porte",0,0
"4535","Rodeio","rodeio","rodeio","Santa Catarina","SC","850.689655172414","26363.275862069","0.754","12757",11253,NA,NA,NA,1,2,1,"Menor porte",0,0
"4536","Romelândia","romelândia","romelandia","Santa Catarina","SC","722.886421861657","19095.6447480786","0.692","4823",3789,NA,NA,NA,1,2,1,"Menor porte",0,0
"4537","Salete","salete","salete","Santa Catarina","SC","883.274578926753","28385.0372111242","0.744","7489",7659,NA,NA,NA,3,3,1,"Menor porte",0,0
"4538","Saltinho","saltinho","saltinho","Santa Catarina","SC","640.117208311135","18701.6515716569","0.654","3632",2806,NA,NA,NA,3,2,3,"Menor porte",0,0
"4539","Salto Veloso","salto veloso","salto veloso","Santa Catarina","SC","706.896551724138","42368.5870479394","0.784","4390",3720,2,0,0.000537634408602151,3,3,1,"Menor porte",2,5.37634408602151
"4540","Sangão","sangão","sangao","Santa Catarina","SC","767.144517628826","25933.4366524603","0.7","12882",11833,5,0,0.000422547114003211,1,2,1,"Menor porte",5,4.22547114003211
"4541","Santa Cecília","santa cecília","santa cecilia","Santa Catarina","SC","600.307364936754","28465.3623359735","0.698","15546",12219,4,0,0.000327359031017268,NA,NA,NA,"Menor porte",4,3.27359031017268
"4542","Santa Helena","santa helena","santa helena","Santa Catarina","SC","858.181818181818","34344.0909090909","0.727","2425",2158,NA,NA,NA,3,2,1,"Menor porte",0,0
"4543","Santa Rosa de Lima","santa rosa de lima","santa rosa de lima","Santa Catarina","SC","982.766651141127","26780.158360503","0.757","2088",2410,NA,NA,NA,NA,NA,NA,"Menor porte",0,0
"4544","Santa Rosa do Sul","santa rosa do sul","santa rosa do sul","Santa Catarina","SC","817.617569825734","18146.9324421103","0.705","9792",8200,2,0,0.00024390243902439,NA,NA,NA,"Menor porte",2,2.4390243902439
"4545","Santa Terezinha","santa terezinha","santa terezinha","Santa Catarina","SC","541.20597287131","22106.0070671378","0.669","8066",5629,NA,NA,NA,3,2,3,"Menor porte",0,0
"4546","Santa Terezinha do Progresso","santa terezinha do progresso","santa terezinha do progresso","Santa Catarina","SC","631.112984822934","22056.0708263069","0.682","2576",1789,NA,NA,NA,NA,NA,NA,"Menor porte",0,0
"4547","Santiago do Sul","santiago do sul","santiago do sul","Santa Catarina","SC","893.927125506073","28414.5748987854","0.728","1651",1208,NA,NA,NA,NA,NA,NA,"Menor porte",0,0
"4548","Santo Amaro da Imperatriz","santo amaro da imperatriz","santo amaro da imperatriz","Santa Catarina","SC","837.779379956741","39297.1288010518","0.781","27272",23277,2,2,0.000171843450616488,1,1,1,"Médio porte",4,1.71843450616488
"4549","São Bento do Sul","são bento do sul","sao bento do sul","Santa Catarina","SC","739.782957352407","38910.3850341251","0.782","83277",69688,4,0,0.0000573986913098381,1,2,1,"Médio porte",4,0.573986913098381
"4550","São Bernardino","são bernardino","sao bernardino","Santa Catarina","SC","750.76519457805","28000.8745080892","0.677","2684",1898,NA,NA,NA,NA,NA,NA,"Menor porte",0,0
"4551","São Bonifácio","são bonifácio","sao bonifacio","Santa Catarina","SC","924.662402274343","26184.07960199","0.731","2946",2927,NA,NA,NA,NA,NA,NA,"Menor porte",0,0
"4552","São Carlos","são carlos","sao carlos","Santa Catarina","SC","709.209253232474","37945.5536986542","0.769","10282",8969,NA,NA,NA,3,3,1,"Menor porte",0,0
"4553","São Cristóvão do Sul","são cristóvão do sul","sao cristovao do sul","Santa Catarina","SC","485.887817077528","28558.5923544123","0.665","6084",3155,2,0,0.00063391442155309,NA,NA,NA,"Menor porte",2,6.3391442155309
"4554","São Domingos","são domingos","sao domingos","Santa Catarina","SC","745.60101759593","32914.5643417426","0.765","9226",8049,NA,NA,NA,3,2,1,"Menor porte",0,0
"4555","São Francisco do Sul","são francisco do sul","sao francisco do sul","Santa Catarina","SC","595.69084210918","78839.7090016001","0.762","52674",37996,9,0,0.000236867038635646,1,2,1,"Médio porte",9,2.36867038635646
"4556","São João Batista","são joão batista","sao joao batista","Santa Catarina","SC","618.510743073374","23899.515330586","0.74","32687",27142,NA,NA,NA,1,2,1,"Médio porte",0,0
"4557","São João do Itaperiú","são joão do itaperiú","sao joao do itaperiu","Santa Catarina","SC","899.441340782123","54874.1686618782","0.738","4463",3931,NA,NA,NA,1,3,1,"Menor porte",0,0
"4558","São João do Oeste","são joão do oeste","sao joao do oeste","Santa Catarina","SC","825.367072789753","42769.6032489847","0.761","6295",5823,NA,NA,NA,2,3,1,"Menor porte",0,0
"4559","São João do Sul","são joão do sul","sao joao do sul","Santa Catarina","SC","914.559125085441","27927.8195488722","0.695","8668",8299,NA,NA,NA,NA,NA,NA,"Menor porte",0,0
"4560","São Joaquim","são joaquim","sao joaquim","Santa Catarina","SC","646.965621430414","32977.6336637312","0.687","25939",20268,NA,NA,NA,1,1,1,"Médio porte",0,0
"4561","São José","são josé","sao jose","Santa Catarina","SC","690.412141609475","45129.1185181928","0.809","270299",197521,20,0,0.00010125505642438,3,2,2,"Maior porte",20,1.0125505642438
"4562","São José do Cedro","são josé do cedro","sao jose do cedro","Santa Catarina","SC","787.626628075253","30249.7829232996","0.731","14167",12349,NA,NA,NA,3,2,1,"Menor porte",0,0
"4563","São José do Cerrito","são josé do cerrito","sao jose do cerrito","Santa Catarina","SC","539.092132631837","32091.2761531873","0.636","8708",5275,2,0,0.00037914691943128,NA,NA,NA,"Menor porte",2,3.7914691943128
"4564","São Lourenço do Oeste","são lourenço do oeste","sao lourenco do oeste","Santa Catarina","SC","862.377012062081","45807.336050389","0.749","24791",24378,NA,NA,NA,2,1,1,"Médio porte",0,0
"4565","São Ludgero","são ludgero","sao ludgero","Santa Catarina","SC","771.355311355311","50909.1575091575","0.755","13509",12165,NA,NA,NA,3,2,1,"Menor porte",0,0
"4566","São Martinho","são martinho","sao martinho","Santa Catarina","SC","1000.31535793125","25594.44970041","0.742","3405",3547,NA,NA,NA,3,3,1,"Menor porte",0,0
"4567","São Miguel da Boa Vista","são miguel da boa vista","sao miguel da boa vista","Santa Catarina","SC","649.142224681793","21883.7852794687","0.71","1781",1370,NA,NA,NA,3,2,1,"Menor porte",0,0
"4568","São Miguel do Oeste","são miguel do oeste","sao miguel do oeste","Santa Catarina","SC","910.100812371538","40988.8665948909","0.801","44330",41867,47,0,NA,1,1,1,"Médio porte",47,11.2260252704994
"4569","São Pedro de Alcântara","são pedro de alcântara","sao pedro de alcantara","Santa Catarina","SC","522.325189553496","14758.0454928391","0.734","5776",3552,NA,NA,NA,NA,NA,NA,"Menor porte",0,0
"4570","Saudades","saudades","saudades","Santa Catarina","SC","705.810397553517","39205.3007135576","0.755","10265",7842,NA,NA,NA,1,3,1,"Menor porte",0,0
"4571","Schroeder","schroeder","schroeder","Santa Catarina","SC","563.321358737665","23867.9005047519","0.769","20061",14118,NA,NA,NA,NA,NA,NA,"Médio porte",0,0
"4572","Seara","seara","seara","Santa Catarina","SC","775.034137460173","51010.2981338188","0.779","18620",15639,NA,NA,NA,3,3,1,"Menor porte",0,0
"4573","Serra Alta","serra alta","serra alta","Santa Catarina","SC","679.361179361179","26757.6781326781","0.773","3303",2651,NA,NA,NA,3,2,1,"Menor porte",0,0
"4574","Siderópolis","siderópolis","sideropolis","Santa Catarina","SC","741.34260573375","37309.8921373829","0.774","13714",11527,NA,NA,NA,2,2,1,"Menor porte",0,0
"4575","Sombrio","sombrio","sombrio","Santa Catarina","SC","800.084599616048","26141.0535906029","0.728","29991",28167,2,0,0.0000710050768629957,1,1,1,"Médio porte",2,0.710050768629957
"4576","Sul Brasil","sul brasil","sul brasil","Santa Catarina","SC","762.278167560875","26081.7168799009","0.707","2832",2167,NA,NA,NA,3,2,1,"Menor porte",0,0
"4577","Taió","taió","taio","Santa Catarina","SC","844.963756356161","36103.4837174078","0.761","18310",17191,NA,NA,NA,3,2,1,"Menor porte",0,0
"4578","Tangará","tangará","tangara","Santa Catarina","SC","749.365042715308","50552.5282844609","0.737","8143",7215,NA,NA,NA,2,3,1,"Menor porte",0,0
"4579","Tigrinhos","tigrinhos","tigrinhos","Santa Catarina","SC","874.613959234095","37434.2186534898","0.717","2329",1763,NA,NA,NA,NA,NA,NA,"Menor porte",0,0
"4580","Tijucas","tijucas","tijucas","Santa Catarina","SC","811.390626995275","44327.1868216064","0.76","51592",41002,NA,NA,NA,1,1,1,"Médio porte",0,0
"4581","Timbé do Sul","timbé do sul","timbe do sul","Santa Catarina","SC","765.487553808722","24172.5622309564","0.72","5386",4559,NA,NA,NA,NA,NA,NA,"Menor porte",0,0
"4582","Timbó","timbó","timbo","Santa Catarina","SC","757.809547101852","43751.2728728017","0.784","46099",37530,NA,NA,NA,1,2,1,"Médio porte",0,0
"4583","Timbó Grande","timbó grande","timbo grande","Santa Catarina","SC","492.381312177308","23944.0876463921","0.659","7342",4655,NA,NA,NA,2,2,3,"Menor porte",0,0
"4584","Três Barras","três barras","tres barras","Santa Catarina","SC","608.127646390582","59425.1781472684","0.706","19746",13854,NA,NA,NA,3,3,1,"Menor porte",0,0
"4585","Treviso","treviso","treviso","Santa Catarina","SC","767.019667170953","53357.034795764","0.774","3782",3293,NA,NA,NA,NA,NA,NA,"Menor porte",0,0
"4586","Treze de Maio","treze de maio","treze de maio","Santa Catarina","SC","995.629493867193","23202.5941068659","0.729","7362",8084,NA,NA,NA,3,3,1,"Menor porte",0,0
"4587","Treze Tílias","treze tílias","treze tilias","Santa Catarina","SC","862.470279063947","89006.1318983857","0.795","8787",8172,10,3,0.00159079784630445,NA,NA,NA,"Menor porte",13,15.9079784630445
"4588","Trombudo Central","trombudo central","trombudo central","Santa Catarina","SC","770.110304008609","37261.2321764864","0.775","7274",6357,1,0,0.000157306905773163,NA,NA,NA,"Menor porte",1,1.57306905773163
"4589","Tubarão","tubarão","tubarao","Santa Catarina","SC","911.305932983782","37227.847625491","0.796","110088",107473,3,0,0.0000279139876992361,3,1,2,"Maior porte",3,0.279139876992361
"4590","Tunápolis","tunápolis","tunapolis","Santa Catarina","SC","790.939226519337","31411.0497237569","0.752","4916",4244,NA,NA,NA,NA,NA,NA,"Menor porte",0,0
"4591","Turvo","turvo","turvo","Santa Catarina","SC","860.277136258661","41244.8036951501","0.74","13043",12636,NA,NA,NA,3,3,1,"Menor porte",0,0
"4592","União do Oeste","união do oeste","uniao do oeste","Santa Catarina","SC","923.300165837479","27274.0464344942","0.705","2774",2471,NA,NA,NA,NA,NA,NA,"Menor porte",0,0
"4593","Urubici","urubici","urubici","Santa Catarina","SC","643.040894171915","26311.9843874745","0.694","10834",9079,NA,NA,NA,2,3,1,"Menor porte",0,0
"4594","Urupema","urupema","urupema","Santa Catarina","SC","559.983733224888","27089.8739324929","0.699","2656",1563,NA,NA,NA,NA,NA,NA,"Menor porte",0,0
"4595","Urussanga","urussanga","urussanga","Santa Catarina","SC","874.297226386807","39105.2754872564","0.772","20919",20282,NA,NA,NA,2,1,1,"Médio porte",0,0
"4596","Vargeão","vargeão","vargeao","Santa Catarina","SC","726.127135256231","39506.3007560907","0.686","3634",2977,NA,NA,NA,2,3,1,"Menor porte",0,0
"4597","Vargem","vargem","vargem","Santa Catarina","SC","632.401315789474","27027.5493421053","0.629","2627",1793,7,0,0.00390407138873397,NA,NA,NA,"Menor porte",7,39.0407138873397
"4598","Vargem Bonita","vargem bonita","vargem bonita","Santa Catarina","SC","731.296337901595","99775.3313862053","0.718","4576",3720,2,0,0.000537634408602151,2,2,1,"Menor porte",2,5.37634408602151
"4599","Vidal Ramos","vidal ramos","vidal ramos","Santa Catarina","SC","782.272080897456","45212.829830937","0.7","6189",5564,NA,NA,NA,3,3,1,"Menor porte",0,0
"4600","Videira","videira","videira","Santa Catarina","SC","846.092146987502","50402.2383883604","0.764","55466",51059,NA,NA,NA,2,1,1,"Médio porte",0,0
"4601","Vitor Meireles","vitor meireles","vitor meireles","Santa Catarina","SC","701.800525996358","24051.7904106818","0.673","5370",3956,NA,NA,NA,3,3,1,"Menor porte",0,0
"4602","Witmarsum","witmarsum","witmarsum","Santa Catarina","SC","791.145572786393","32882.6913456728","0.71","4255",3603,NA,NA,NA,2,3,1,"Menor porte",0,0
"4603","Xanxerê","xanxerê","xanxere","Santa Catarina","SC","768.986483869718","36731.2071569653","0.775","51607",45559,21,6,0.000592638117605742,2,1,1,"Médio porte",27,5.92638117605742
"4604","Xavantina","xavantina","xavantina","Santa Catarina","SC","615.936459134","40454.2659492698","0.749","3653",2702,NA,NA,NA,3,3,1,"Menor porte",0,0
"4605","Xaxim","xaxim","xaxim","Santa Catarina","SC","773.315391781389","35828.692681917","0.752","31918",27060,8,0,0.000295639320029564,3,2,1,"Médio porte",8,2.95639320029564
"4606","Zortéa","zortéa","zortea","Santa Catarina","SC","552.678045909358","24256.032960565","0.761","3930",2051,NA,NA,NA,NA,NA,NA,"Menor porte",0,0
"4607","Aceguá","aceguá","acegua","Rio Grande do Sul","RS","818.696883852691","51001.2140833671","0.687","4170",4782,NA,NA,NA,NA,NA,NA,"Menor porte",0,0
"4608","Água Santa","água santa","agua santa","Rio Grande do Sul","RS","746.192893401015","86598.9847715736","0.75","3912",3208,NA,NA,NA,3,2,1,"Menor porte",0,0
"4609","Agudo","agudo","agudo","Rio Grande do Sul","RS","647.521492591915","32736.5404548503","0.694","16041",11995,NA,NA,NA,NA,NA,NA,"Menor porte",0,0
"4610","Ajuricaba","ajuricaba","ajuricaba","Rio Grande do Sul","RS","860.455130957493","43214.3981680263","0.753","6720",6626,NA,NA,NA,3,3,1,"Menor porte",0,0
"4611","Alecrim","alecrim","alecrim","Rio Grande do Sul","RS","717.350266003089","20254.8481208169","0.672","6123",4773,NA,NA,NA,NA,NA,NA,"Menor porte",0,0
"4612","Alegrete","alegrete","alegrete","Rio Grande do Sul","RS","545.763268883168","29276.4966862026","0.74","72409",45005,6,0,0.000133318520164426,1,1,1,"Médio porte",6,1.33318520164426
"4613","Alegria","alegria","alegria","Rio Grande do Sul","RS","724.659158269117","32870.1837581506","0.695","3651",2768,NA,NA,NA,NA,NA,NA,"Menor porte",0,0
"4614","Almirante Tamandaré do Sul","almirante tamandaré do sul","almirante tamandare do sul","Rio Grande do Sul","RS","831.708568496665","83719.3432529502","0.74","1969",1824,NA,NA,NA,2,2,1,"Menor porte",0,0
"4615","Alpestre","alpestre","alpestre","Rio Grande do Sul","RS","743.530575243119","88426.0754903577","0.671","7117",5319,NA,NA,NA,3,3,1,"Menor porte",0,0
"4616","Alto Alegre","alto alegre","alto alegre","Rio Grande do Sul","RS","828.890266584005","38384.3769373838","0.747","1800",1509,NA,NA,NA,2,2,1,"Menor porte",0,0
"4617","Alto Feliz","alto feliz","alto feliz","Rio Grande do Sul","RS","788.537549407115","39452.8985507246","0.734","3072",2630,NA,NA,NA,NA,NA,NA,"Menor porte",0,0
"4618","Alvorada","alvorada","alvorada","Rio Grande do Sul","RS","427.542677618381","13453.9535940043","0.699","187315",100229,NA,NA,NA,1,3,3,"Maior porte",0,0
"4619","Amaral Ferrador","amaral ferrador","amaral ferrador","Rio Grande do Sul","RS","498.376852505293","17075.511644319","0.624","5310",4054,NA,NA,NA,NA,NA,NA,"Menor porte",0,0
"4620","Ametista do Sul","ametista do sul","ametista do sul","Rio Grande do Sul","RS","711.603404025395","18262.7313251385","0.682","7650",6263,NA,NA,NA,1,3,1,"Menor porte",0,0
"4621","André da Rocha","andré da rocha","andre da rocha","Rio Grande do Sul","RS","598.659717051378","79234.5495160089","0.72","1135",938,NA,NA,NA,NA,NA,NA,"Menor porte",0,0
"4622","Anta Gorda","anta gorda","anta gorda","Rio Grande do Sul","RS","835.430296930045","35607.783928871","0.74","5957",5726,NA,NA,NA,2,3,1,"Menor porte",0,0
"4623","Antônio Prado","antônio prado","antonio prado","Rio Grande do Sul","RS","836.642391720966","50485.703334611","0.758","13045",12027,NA,NA,NA,1,3,1,"Menor porte",0,0
"4624","Arambaré","arambaré","arambare","Rio Grande do Sul","RS","652.72318921954","38634.7557551937","0.691","4112",2661,NA,NA,NA,NA,NA,NA,"Menor porte",0,0
"4625","Araricá","araricá","ararica","Rio Grande do Sul","RS","702.651186969329","33503.5522439785","0.679","8525",5024,1,0,0.000199044585987261,2,2,1,"Menor porte",1,1.99044585987261
"4626","Aratiba","aratiba","aratiba","Rio Grande do Sul","RS","778.316367749233","162250.929067701","0.772","6483",5377,NA,NA,NA,NA,NA,NA,"Menor porte",0,0
"4627","Arroio do Meio","arroio do meio","arroio do meio","Rio Grande do Sul","RS","824.533791195689","59718.653121572","0.769","21958",19348,NA,NA,NA,2,1,1,"Médio porte",0,0
"4628","Arroio do Padre","arroio do padre","arroio do padre","Rio Grande do Sul","RS","729.24432395798","19242.2907488987","0.669","2599",2400,NA,NA,NA,3,2,3,"Menor porte",0,0
"4629","Arroio do Sal","arroio do sal","arroio do sal","Rio Grande do Sul","RS","472.808638972663","23891.5264130752","0.74","11057",6235,0,1,0.000160384923817161,1,2,3,"Menor porte",1,1.60384923817161
"4630","Arroio do Tigre","arroio do tigre","arroio do tigre","Rio Grande do Sul","RS","576.903004547827","24683.2177738015","0.707","12058",8810,NA,NA,NA,3,3,3,"Menor porte",0,0
"4631","Arroio dos Ratos","arroio dos ratos","arroio dos ratos","Rio Grande do Sul","RS","559.497778091275","18945.2634548917","0.698","14601",9082,4,0,0.000440431622990531,3,2,3,"Menor porte",4,4.40431622990531
"4632","Arroio Grande","arroio grande","arroio grande","Rio Grande do Sul","RS","641.462879701722","29747.1213948898","0.657","17558",13451,NA,NA,NA,3,2,3,"Menor porte",0,0
"4633","Arvorezinha","arvorezinha","arvorezinha","Rio Grande do Sul","RS","797.179314976494","24703.1564808596","0.694","10322",9407,NA,NA,NA,2,3,1,"Menor porte",0,0
"4634","Augusto Pestana","augusto pestana","augusto pestana","Rio Grande do Sul","RS","915.177219024538","48570.2817328082","0.743","7149",6858,NA,NA,NA,NA,NA,NA,"Menor porte",0,0
"4635","Áurea","áurea","aurea","Rio Grande do Sul","RS","742.574257425743","31160.1131541726","0.707","3396",2964,NA,NA,NA,3,2,1,"Menor porte",0,0
"4636","Bagé","bagé","bage","Rio Grande do Sul","RS","612.799274735237","25995.8874191289","0.74","117938",81577,4,2,0.0000735501428098606,3,3,1,"Maior porte",6,0.735501428098606
"4637","Balneário Pinhal","balneário pinhal","balneario pinhal","Rio Grande do Sul","RS","301.469052426373","16779.9902527327","0.696","14955",5443,NA,NA,NA,3,2,3,"Menor porte",0,0
"4638","Barão","barão","barao","Rio Grande do Sul","RS","720.251531763947","41489.3582715253","0.748","6461",5075,NA,NA,NA,3,2,1,"Menor porte",0,0
"4639","Barão de Cotegipe","barão de cotegipe","barao de cotegipe","Rio Grande do Sul","RS","711.329305135952","36933.6858006042","0.719","7144",5422,NA,NA,NA,3,2,1,"Menor porte",0,0
"4640","Barão do Triunfo","barão do triunfo","barao do triunfo","Rio Grande do Sul","RS","482.244979385557","19059.1834020481","0.61","5889",4354,NA,NA,NA,3,2,3,"Menor porte",0,0
"4641","Barra do Guarita","barra do guarita","barra do guarita","Rio Grande do Sul","RS","334.356770033773","14276.9419711391","0.734","3161",1408,NA,NA,NA,2,2,3,"Menor porte",0,0
"4642","Barra do Quaraí","barra do quaraí","barra do quarai","Rio Grande do Sul","RS","430.328838419683","40544.8308493021","0.662","4241",2417,2,0,0.000827472072817542,2,2,3,"Menor porte",2,8.27472072817542
"4643","Barra do Ribeiro","barra do ribeiro","barra do ribeiro","Rio Grande do Sul","RS","500.295072292712","24611.094718206","0.67","12225",7721,NA,NA,NA,2,2,3,"Menor porte",0,0
"4644","Barra do Rio Azul","barra do rio azul","barra do rio azul","Rio Grande do Sul","RS","668.882175226586","32343.2024169184","0.723","1696",1277,NA,NA,NA,NA,NA,NA,"Menor porte",0,0
"4645","Barra Funda","barra funda","barra funda","Rio Grande do Sul","RS","854.174833398667","51684.4374754998","0.763","2498",2352,NA,NA,NA,2,2,1,"Menor porte",0,0
"4646","Barracão","barracão","barracao","Rio Grande do Sul","RS","613.96499238965","39703.5768645358","0.71","4831",3646,9,0,0.00246845858475041,2,2,1,"Menor porte",9,24.6845858475041
"4647","Barros Cassal","barros cassal","barros cassal","Rio Grande do Sul","RS","539.170094795207","18149.2577356466","0.65","9296",6895,NA,NA,NA,1,2,3,"Menor porte",0,0
"4648","Benjamin Constant do Sul","benjamin constant do sul","benjamin constant do sul","Rio Grande do Sul","RS","455.566905005107","18030.1327885598","0.619","2082",1123,NA,NA,NA,2,2,3,"Menor porte",0,0
"4649","Bento Gonçalves","bento gonçalves","bento goncalves","Rio Grande do Sul","RS","712.051427304746","52132.4597916307","0.778","123151",95806,9,0,0.0000939398367534392,2,3,2,"Maior porte",9,0.939398367534392
"4650","Boa Vista das Missões","boa vista das missões","boa vista das missoes","Rio Grande do Sul","RS","771.032504780115","70452.6768642447","0.676","1933",1882,8,0,0.00425079702444208,NA,NA,NA,"Menor porte",8,42.5079702444208
"4651","Boa Vista do Buricá","boa vista do buricá","boa vista do burica","Rio Grande do Sul","RS","882.747318235995","36628.2777115614","0.762","6966",6743,NA,NA,NA,3,3,1,"Menor porte",0,0
"4652","Boa Vista do Cadeado","boa vista do cadeado","boa vista do cadeado","Rio Grande do Sul","RS","600.486223662885","101952.998379254","0.703","2229",1712,2,0,0.00116822429906542,NA,NA,NA,"Menor porte",2,11.6822429906542
"4653","Boa Vista do Incra","boa vista do incra","boa vista do incra","Rio Grande do Sul","RS","574.159021406728","65737.3853211009","0.731","2271",1870,NA,NA,NA,3,2,1,"Menor porte",0,0
"4654","Boa Vista do Sul","boa vista do sul","boa vista do sul","Rio Grande do Sul","RS","840.53275737941","31296.256299496","0.728","2779",2547,NA,NA,NA,3,2,1,"Menor porte",0,0
"4655","Bom Jesus","bom jesus","bom jesus","Rio Grande do Sul","RS","505.880272349456","39403.6608011318","0.666","11202",7038,2,0,0.000284171639670361,2,2,3,"Menor porte",2,2.84171639670361
"4656","Bom Princípio","bom princípio","bom principio","Rio Grande do Sul","RS","743.668888109435","50040.4068747808","0.746","13142",11817,0,2,0.000169247694000169,2,3,1,"Menor porte",2,1.69247694000169
"4657","Bom Progresso","bom progresso","bom progresso","Rio Grande do Sul","RS","771.458662453923","32515.0078988942","0.723","2096",1650,NA,NA,NA,NA,NA,NA,"Menor porte",0,0
"4658","Bom Retiro do Sul","bom retiro do sul","bom retiro do sul","Rio Grande do Sul","RS","710.411622276029","25553.8337368846","0.739","12294",9678,NA,NA,NA,NA,NA,NA,"Menor porte",0,0
"4659","Boqueirão do Leão","boqueirão do leão","boqueirao do leao","Rio Grande do Sul","RS","616.333419890937","17753.1809919501","0.7","6243",5285,NA,NA,NA,3,3,3,"Menor porte",0,0
"4660","Bossoroca","bossoroca","bossoroca","Rio Grande do Sul","RS","515.229653505238","52271.0717163578","0.692","5890",3777,1,0,0.00026476039184538,3,2,1,"Menor porte",1,2.6476039184538
"4661","Bozano","bozano","bozano","Rio Grande do Sul","RS","735.67029843676","62094.7418285173","0.745","2151",1762,4,0,0.00227014755959137,NA,NA,NA,"Menor porte",4,22.7014755959137
"4662","Braga","braga","braga","Rio Grande do Sul","RS","663.545756569012","28535.7897916037","0.674","3268",2560,NA,NA,NA,NA,NA,NA,"Menor porte",0,0
"4663","Brochier","brochier","brochier","Rio Grande do Sul","RS","844.631661442006","17931.8181818182","0.699","4966",4901,NA,NA,NA,2,2,1,"Menor porte",0,0
"4664","Butiá","butiá","butia","Rio Grande do Sul","RS","545.866743031691","22603.9041618939","0.689","19084",12939,4,0,0.000309142901306129,1,2,1,"Médio porte",4,3.09142901306129
"4665","Caçapava do Sul","caçapava do sul","cacapava do sul","Rio Grande do Sul","RS","635.060212233218","25783.8321211399","0.704","32515",23916,8,0,0.000334504097675196,2,2,1,"Médio porte",8,3.34504097675197
"4666","Cacequi","cacequi","cacequi","Rio Grande do Sul","RS","427.432987201159","27283.9088786927","0.7","11157",6076,NA,NA,NA,3,3,3,"Menor porte",0,0
"4667","Cachoeira do Sul","cachoeira do sul","cachoeira do sul","Rio Grande do Sul","RS","653.617364325935","29493.8743602585","0.742","80070",58979,7,1,0.000135641499516777,1,1,1,"Médio porte",8,1.35641499516777
"4668","Cachoeirinha","cachoeirinha","cachoeirinha","Rio Grande do Sul","RS","634.524535202682","43334.8064614447","0.757","136258",91394,43,0,0.000470490404184082,1,3,2,"Maior porte",43,4.70490404184082
"4669","Cacique Doble","cacique doble","cacique doble","Rio Grande do Sul","RS","530.153724871896","22918.4075679937","0.662","4603",3044,NA,NA,NA,2,2,3,"Menor porte",0,0
"4670","Caibaté","caibaté","caibate","Rio Grande do Sul","RS","744.55732946299","38037.1138295667","0.719","4704",4091,NA,NA,NA,NA,NA,NA,"Menor porte",0,0
"4671","Caiçara","caiçara","caicara","Rio Grande do Sul","RS","734.042553191489","23829.3617021277","0.699","4836",3972,NA,NA,NA,NA,NA,NA,"Menor porte",0,0
"4672","Camaquã","camaquã","camaqua","Rio Grande do Sul","RS","660.624567526099","32812.3288907609","0.697","62200",49367,4,0,0.0000810257864565398,1,2,1,"Médio porte",4,0.810257864565398
"4673","Camargo","camargo","camargo","Rio Grande do Sul","RS","859.956236323851","61234.8650619985","0.736","2981",2659,NA,NA,NA,3,2,1,"Menor porte",0,0
"4674","Cambará do Sul","cambará do sul","cambara do sul","Rio Grande do Sul","RS","513.268810490165","27912.7380580706","0.697","6361",3976,NA,NA,NA,3,3,3,"Menor porte",0,0
"4675","Campestre da Serra","campestre da serra","campestre da serra","Rio Grande do Sul","RS","629.455081001473","45099.558173785","0.706","3242",2373,3,0,0.00126422250316056,NA,NA,NA,"Menor porte",3,12.6422250316056
"4676","Campina das Missões","campina das missões","campina das missoes","Rio Grande do Sul","RS","843.460540941089","30201.7413856984","0.738","5882",5120,NA,NA,NA,NA,NA,NA,"Menor porte",0,0
"4677","Campinas do Sul","campinas do sul","campinas do sul","Rio Grande do Sul","RS","769.400514895182","43047.0761309305","0.76","5284",4613,NA,NA,NA,NA,NA,NA,"Menor porte",0,0
"4678","Campo Bom","campo bom","campo bom","Rio Grande do Sul","RS","651.516024072101","46106.8559417202","0.745","62886",47940,3,0,0.0000625782227784731,3,2,1,"Médio porte",3,0.625782227784731
"4679","Campo Novo","campo novo","campo novo","Rio Grande do Sul","RS","840.722120658135","52756.8555758684","0.703","4975",4287,4,0,0.000933053417308141,NA,NA,NA,"Menor porte",4,9.33053417308141
"4680","Campos Borges","campos borges","campos borges","Rio Grande do Sul","RS","827.314112291351","27021.2443095599","0.708","3613",3066,NA,NA,NA,NA,NA,NA,"Menor porte",0,0
"4681","Candelária","candelária","candelaria","Rio Grande do Sul","RS","589.319245090863","27041.4690811877","0.674","28906",21332,6,1,0.000328145509094318,1,2,1,"Médio porte",7,3.28145509094318
"4682","Cândido Godói","cândido godói","candido godoi","Rio Grande do Sul","RS","871.565599089579","39466.7533734352","0.728","6294",6032,NA,NA,NA,NA,NA,NA,"Menor porte",0,0
"4683","Candiota","candiota","candiota","Rio Grande do Sul","RS","645.796620711102","67317.6116927542","0.698","10710",7378,NA,NA,NA,1,2,1,"Menor porte",0,0
"4684","Canela","canela","canela","Rio Grande do Sul","RS","678.794407316215","27614.2718958846","0.748","48946",35184,NA,NA,NA,1,2,1,"Médio porte",0,0
"4685","Canguçu","canguçu","cangucu","Rio Grande do Sul","RS","707.583924854566","23090.7651527281","0.65","49680",45087,NA,NA,NA,2,2,1,"Médio porte",0,0
"4686","Canoas","canoas","canoas","Rio Grande do Sul","RS","614.411501171714","59247.0017920324","0.75","347657",233573,1,0,0.00000428131676178325,3,1,2,"Maior porte",1,0.0428131676178325
"4687","Canudos do Vale","canudos do vale","canudos do vale","Rio Grande do Sul","RS","588.269794721408","28994.1348973607","0.713","1656",1153,NA,NA,NA,NA,NA,NA,"Menor porte",0,0
"4688","Capão Bonito do Sul","capão bonito do sul","capao bonito do sul","Rio Grande do Sul","RS","519.804996953077","116842.169408897","0.637","1733",1026,2,0,0.00194931773879142,NA,NA,NA,"Menor porte",2,19.4931773879142
"4689","Capão da Canoa","capão da canoa","capao da canoa","Rio Grande do Sul","RS","635.436902184973","29769.2549629054","0.743","63594",41498,2,1,0.000072292640609186,1,1,1,"Médio porte",3,0.72292640609186
"4690","Capão do Cipó","capão do cipó","capao do cipo","Rio Grande do Sul","RS","511.759935117599","86709.9216004325","0.672","3119",2271,NA,NA,NA,2,2,1,"Menor porte",0,0
"4691","Capão do Leão","capão do leão","capao do leao","Rio Grande do Sul","RS","570.545869573773","21670.0775315833","0.637","26487",17111,8,0,0.000467535503477295,1,2,3,"Médio porte",8,4.67535503477295
"4692","Capela de Santana","capela de santana","capela de santana","Rio Grande do Sul","RS","406.001326259947","18850.2155172414","0.661","11159",6046,2,0,0.000330797221303341,3,2,3,"Menor porte",2,3.30797221303341
"4693","Capitão","capitão","capitao","Rio Grande do Sul","RS","750.995294969236","27694.5349258053","0.746","2921",2352,NA,NA,NA,NA,NA,NA,"Menor porte",0,0
"4694","Capivari do Sul","capivari do sul","capivari do sul","Rio Grande do Sul","RS","605.964467005076","44849.8307952623","0.766","3991",3540,3,0,0.000847457627118644,2,2,1,"Menor porte",3,8.47457627118644
"4695","Caraá","caraá","caraa","Rio Grande do Sul","RS","413.173652694611","14331.7365269461","0.652","7394",4083,NA,NA,NA,NA,NA,NA,"Menor porte",0,0
"4696","Carazinho","carazinho","carazinho","Rio Grande do Sul","RS","728.306432185016","50598.1530554886","0.766","61804",49796,2,0,0.000040163868583822,1,1,1,"Médio porte",2,0.40163868583822
"4697","Carlos Barbosa","carlos barbosa","carlos barbosa","Rio Grande do Sul","RS","707.549353526669","91716.0477497437","0.796","30420",24283,0,1,0.000041181073178767,3,2,1,"Médio porte",1,0.41181073178767
"4698","Carlos Gomes","carlos gomes","carlos gomes","Rio Grande do Sul","RS","631.384159881569","32533.6787564767","0.739","1364",1008,NA,NA,NA,3,2,1,"Menor porte",0,0
"4699","Casca","casca","casca","Rio Grande do Sul","RS","892.719036570545","52779.3613965308","0.785","9465",8969,2,0,0.000222990299921953,2,3,1,"Menor porte",2,2.22990299921953
"4700","Caseiros","caseiros","caseiros","Rio Grande do Sul","RS","724.191542288557","39804.7263681592","0.703","3000",2692,2,0,0.000742942050520059,3,2,1,"Menor porte",2,7.42942050520059
"4701","Catuípe","catuípe","catuipe","Rio Grande do Sul","RS","791.748074933916","43959.8896678543","0.739","8674",7719,NA,NA,NA,3,2,1,"Menor porte",0,0
"4702","Caxias do Sul","caxias do sul","caxias do sul","Rio Grande do Sul","RS","641.811495194714","52205.0783552452","0.782","463501",359274,36,3,0.000108552247031514,1,1,2,"Maior porte",39,1.08552247031514
"4703","Centenário","centenário","centenario","Rio Grande do Sul","RS","679.179701077511","28863.3993743483","0.701","2728",2233,NA,NA,NA,NA,NA,NA,"Menor porte",0,0
"4704","Cerrito","cerrito","cerrito","Rio Grande do Sul","RS","615.18108152803","17786.5057053084","0.649","5808",4169,NA,NA,NA,3,2,3,"Menor porte",0,0
"4705","Cerro Branco","cerro branco","cerro branco","Rio Grande do Sul","RS","538.886527836804","16073.9481512962","0.661","3802",2856,NA,NA,NA,NA,NA,NA,"Menor porte",0,0
"4706","Cerro Grande","cerro grande","cerro grande","Rio Grande do Sul","RS","696.428571428571","24339.7212543554","0.674","2379",1827,NA,NA,NA,3,2,1,"Menor porte",0,0
"4707","Cerro Grande do Sul","cerro grande do sul","cerro grande do sul","Rio Grande do Sul","RS","624.264883589785","14779.4247965842","0.66","9178",8888,NA,NA,NA,1,2,3,"Menor porte",0,0
"4708","Cerro Largo","cerro largo","cerro largo","Rio Grande do Sul","RS","745.788991472267","54551.4835435901","0.764","13705",11924,2,0,0.000167728950016773,1,3,1,"Menor porte",2,1.67728950016773
"4709","Chapada","chapada","chapada","Rio Grande do Sul","RS","931.919038857019","50065.9162246996","0.757","9540",9327,NA,NA,NA,3,3,1,"Menor porte",0,0
"4710","Charqueadas","charqueadas","charqueadas","Rio Grande do Sul","RS","465.412768432789","33373.7214600805","0.747","35012",21386,NA,NA,NA,NA,NA,NA,"Médio porte",0,0
"4711","Charrua","charrua","charrua","Rio Grande do Sul","RS","468.634686346863","28330.8733087331","0.62","2768",1683,NA,NA,NA,3,2,3,"Menor porte",0,0
"4712","Chiapetta","chiapetta","chiapetta","Rio Grande do Sul","RS","742.672761495026","54797.5262167249","0.732","3913",3241,NA,NA,NA,NA,NA,NA,"Menor porte",0,0
"4713","Chuí","chuí","chui","Rio Grande do Sul","RS","942.540620384047","56387.1491875923","0.706","6262",7943,NA,NA,NA,1,2,1,"Menor porte",0,0
"4714","Chuvisca","chuvisca","chuvisca","Rio Grande do Sul","RS","571.532846715328","20927.0072992701","0.616","4597",3843,NA,NA,NA,NA,NA,NA,"Menor porte",0,0
"4715","Cidreira","cidreira","cidreira","Rio Grande do Sul","RS","338.539468130013","18575.9512754025","0.729","17071",7235,NA,NA,NA,2,2,3,"Menor porte",0,0
"4716","Ciríaco","ciríaco","ciriaco","Rio Grande do Sul","RS","809.493536766264","32005.2977325705","0.719","4149",4197,NA,NA,NA,3,2,1,"Menor porte",0,0
"4717","Colinas","colinas","colinas","Rio Grande do Sul","RS","823.815309842041","26572.7014985824","0.765","2423",2233,NA,NA,NA,3,2,1,"Menor porte",0,0
"4718","Colorado","colorado","colorado","Rio Grande do Sul","RS","962.939297124601","62136.7412140575","0.758","3258",3258,NA,NA,NA,3,2,1,"Menor porte",0,0
"4719","Condor","condor","condor","Rio Grande do Sul","RS","736.943334812842","55107.8561917443","0.747","6406",5863,NA,NA,NA,3,2,1,"Menor porte",0,0
"4720","Constantina","constantina","constantina","Rio Grande do Sul","RS","789.138992631473","32760.7752094479","0.754","10385",8712,NA,NA,NA,NA,NA,NA,"Menor porte",0,0
"4721","Coqueiro Baixo","coqueiro baixo","coqueiro baixo","Rio Grande do Sul","RS","567.224080267559","26597.9933110368","0.692","1290",896,NA,NA,NA,3,2,3,"Menor porte",0,0
"4722","Coqueiros do Sul","coqueiros do sul","coqueiros do sul","Rio Grande do Sul","RS","785.214348206474","47545.0568678915","0.746","2211",2011,NA,NA,NA,NA,NA,NA,"Menor porte",0,0
"4723","Coronel Barros","coronel barros","coronel barros","Rio Grande do Sul","RS","767.063492063492","49723.0158730159","0.744","2822",2204,NA,NA,NA,3,2,1,"Menor porte",0,0
"4724","Coronel Bicaco","coronel bicaco","coronel bicaco","Rio Grande do Sul","RS","621.216290588883","41651.2107870116","0.665","6144",5376,NA,NA,NA,2,3,1,"Menor porte",0,0
"4725","Coronel Pilar","coronel pilar","coronel pilar","Rio Grande do Sul","RS","685.254027261462","26251.5489467162","0.727","1607",1199,NA,NA,NA,NA,NA,NA,"Menor porte",0,0
"4726","Cotiporã","cotiporã","cotipora","Rio Grande do Sul","RS","779.572694111516","41011.7248566962","0.741","3846",3332,NA,NA,NA,3,2,1,"Menor porte",0,0
"4727","Coxilha","coxilha","coxilha","Rio Grande do Sul","RS","832.30040102078","80330.2952971199","0.706","2667",2602,NA,NA,NA,2,2,1,"Menor porte",0,0
"4728","Crissiumal","crissiumal","crissiumal","Rio Grande do Sul","RS","780.040428239874","28232.7618477203","0.712","12886",11818,NA,NA,NA,3,3,1,"Menor porte",0,0
"4729","Cristal","cristal","cristal","Rio Grande do Sul","RS","586.339407462502","24980.2900706582","0.644","7299",5425,NA,NA,NA,3,2,3,"Menor porte",0,0
"4730","Cristal do Sul","cristal do sul","cristal do sul","Rio Grande do Sul","RS","574.894514767932","23247.5386779184","0.66","2692",2004,NA,NA,NA,3,2,3,"Menor porte",0,0
"4731","Cruz Alta","cruz alta","cruz alta","Rio Grande do Sul","RS","680.167551149828","63259.2036313875","0.75","58913",45103,8,0,0.000177371793450547,2,1,1,"Médio porte",8,1.77371793450547
"4732","Cruzaltense","cruzaltense","cruzaltense","Rio Grande do Sul","RS","777.654252362424","49215.6753752084","0.719","1635",1563,NA,NA,NA,NA,NA,NA,"Menor porte",0,0
"4733","Cruzeiro do Sul","cruzeiro do sul","cruzeiro do sul","Rio Grande do Sul","RS","840.025802289953","31809.788743751","0.723","12295",11645,NA,NA,NA,1,2,1,"Menor porte",0,0
"4734","David Canabarro","david canabarro","david canabarro","Rio Grande do Sul","RS","792.22972972973","30175.8868243243","0.762","4321",4211,NA,NA,NA,3,3,1,"Menor porte",0,0
"4735","Derrubadas","derrubadas","derrubadas","Rio Grande do Sul","RS","617.892068091271","34924.6649764578","0.707","2751",2004,NA,NA,NA,3,2,1,"Menor porte",0,0
"4736","Dezesseis de Novembro","dezesseis de novembro","dezesseis de novembro","Rio Grande do Sul","RS","655.592935239697","18135.4079058032","0.654","2507",1899,NA,NA,NA,3,2,3,"Menor porte",0,0
"4737","Dilermando de Aguiar","dilermando de aguiar","dilermando de aguiar","Rio Grande do Sul","RS","411.392405063291","48010.326449034","0.648","2806",1409,NA,NA,NA,NA,NA,NA,"Menor porte",0,0
"4738","Dois Irmãos","dois irmãos","dois irmaos","Rio Grande do Sul","RS","614.843443340681","63082.6413840998","0.743","30709",22288,2,1,0.000134601579325197,2,2,1,"Médio porte",3,1.34601579325197
"4739","Dois Irmãos das Missões","dois irmãos das missões","dois irmaos das missoes","Rio Grande do Sul","RS","639.442231075697","57340.1394422311","0.67","2090",1480,NA,NA,NA,3,2,1,"Menor porte",0,0
"4740","Dois Lajeados","dois lajeados","dois lajeados","Rio Grande do Sul","RS","722.760646108664","31881.3509544787","0.757","3097",2748,NA,NA,NA,NA,NA,NA,"Menor porte",0,0
"4741","Dom Feliciano","dom feliciano","dom feliciano","Rio Grande do Sul","RS","528.249499580293","18898.1080906567","0.587","13051",9737,NA,NA,NA,1,2,3,"Menor porte",0,0
"4742","Dom Pedrito","dom pedrito","dom pedrito","Rio Grande do Sul","RS","659.250371684186","35095.2815670727","0.708","36981",28566,4,0,0.00014002660505496,1,2,1,"Médio porte",4,1.4002660505496
"4743","Dom Pedro de Alcântara","dom pedro de alcântara","dom pedro de alcantara","Rio Grande do Sul","RS","634.349030470914","23340.3244954491","0.691","2562",1704,1,0,0.000586854460093897,2,2,3,"Menor porte",1,5.86854460093897
"4744","Dona Francisca","dona francisca","dona francisca","Rio Grande do Sul","RS","611.87062354118","25466.4888296099","0.697","3079",2110,NA,NA,NA,NA,NA,NA,"Menor porte",0,0
"4745","Doutor Maurício Cardoso","doutor maurício cardoso","doutor mauricio cardoso","Rio Grande do Sul","RS","817.346481398476","42438.5925593904","0.706","4470",4013,NA,NA,NA,3,2,1,"Menor porte",0,0
"4746","Doutor Ricardo","doutor ricardo","doutor ricardo","Rio Grande do Sul","RS","740.759493670886","27814.1772151899","0.724","1888",1611,NA,NA,NA,2,2,1,"Menor porte",0,0
"4747","Eldorado do Sul","eldorado do sul","eldorado do sul","Rio Grande do Sul","RS","488.974273304377","52008.6869361844","0.717","39559",24089,4,0,0.000166050894599195,2,2,1,"Médio porte",4,1.66050894599195
"4748","Encantado","encantado","encantado","Rio Grande do Sul","RS","790.996503496504","41591.7395104895","0.767","22962",20022,2,1,0.000149835181300569,1,1,1,"Médio porte",3,1.49835181300569
"4749","Encruzilhada do Sul","encruzilhada do sul","encruzilhada do sul","Rio Grande do Sul","RS","563.058551617874","23297.7272727273","0.657","23819",16967,NA,NA,NA,2,2,3,"Médio porte",0,0
"4750","Engenho Velho","engenho velho","engenho velho","Rio Grande do Sul","RS","765.784114052953","55559.0631364562","0.717","1296",844,NA,NA,NA,NA,NA,NA,"Menor porte",0,0
"4751","Entre Rios do Sul","entre rios do sul","entre rios do sul","Rio Grande do Sul","RS","564.539521392313","80695.7940536621","0.703","2685",1719,NA,NA,NA,3,2,1,"Menor porte",0,0
"4752","Entre-Ijuís","entre-ijuís","entre-ijuis","Rio Grande do Sul","RS","879.443585780525","50018.9038164309","0.68","9164",8321,13,1,NA,2,2,1,"Menor porte",14,16.8249008532628
"4753","Erebango","erebango","erebango","Rio Grande do Sul","RS","644.198524480215","41390.3420523139","0.712","3054",2171,NA,NA,NA,NA,NA,NA,"Menor porte",0,0
"4754","Erechim","erechim","erechim","Rio Grande do Sul","RS","760.674462877346","49733.178284396","0.776","105705",90907,6,0,0.0000660015180349148,1,1,2,"Maior porte",6,0.660015180349148
"4755","Ernestina","ernestina","ernestina","Rio Grande do Sul","RS","873.817034700316","45937.8548895899","0.716","3034",3094,NA,NA,NA,NA,NA,NA,"Menor porte",0,0
"4756","Erval Grande","erval grande","erval grande","Rio Grande do Sul","RS","566.507574185516","22713.2185100643","0.681","4930",3306,NA,NA,NA,2,2,3,"Menor porte",0,0
"4757","Erval Seco","erval seco","erval seco","Rio Grande do Sul","RS","630.402822699206","33676.2716847986","0.685","6787",4969,NA,NA,NA,3,2,1,"Menor porte",0,0
"4758","Esmeralda","esmeralda","esmeralda","Rio Grande do Sul","RS","582.293885001521","64515.3635533921","0.68","3195",2311,NA,NA,NA,3,2,1,"Menor porte",0,0
"4759","Esperança do Sul","esperança do sul","esperanca do sul","Rio Grande do Sul","RS","588.561525129983","28558.0589254766","0.661","3226",2103,NA,NA,NA,NA,NA,NA,"Menor porte",0,0
"4760","Espumoso","espumoso","espumoso","Rio Grande do Sul","RS","840.741453402604","46092.2968379193","0.765","15173",14703,65,5,0.00476093314289601,3,3,1,"Menor porte",70,47.6093314289601
"4761","Estação","estação","estacao","Rio Grande do Sul","RS","788.720538720539","47901.8518518519","0.753","5582",5262,2,0,0.000380083618396047,1,3,1,"Menor porte",2,3.80083618396047
"4762","Estância Velha","estância velha","estancia velha","Rio Grande do Sul","RS","643.373065993053","30458.3991158825","0.757","47924",36637,NA,NA,NA,NA,NA,NA,"Médio porte",0,0
"4763","Esteio","esteio","esteio","Rio Grande do Sul","RS","564.776234104636","41267.7745890321","0.754","76137",50794,2,0,0.0000393747292987361,1,2,1,"Médio porte",2,0.393747292987361
"4764","Estrela","estrela","estrela","Rio Grande do Sul","RS","774.760894212041","47777.6679554638","0.767","32183",30466,4,0,0.00013129390139828,1,1,1,"Médio porte",4,1.3129390139828
"4765","Estrela Velha","estrela velha","estrela velha","Rio Grande do Sul","RS","620.27397260274","36651.5068493151","0.679","3070",2629,NA,NA,NA,2,2,1,"Menor porte",0,0
"4766","Eugênio de Castro","eugênio de castro","eugenio de castro","Rio Grande do Sul","RS","835.884353741497","89690.0510204082","0.712","2633",2276,NA,NA,NA,3,2,1,"Menor porte",0,0
"4767","Fagundes Varela","fagundes varela","fagundes varela","Rio Grande do Sul","RS","750.456037942357","32226.9244801167","0.763","2566",2309,NA,NA,NA,NA,NA,NA,"Menor porte",0,0
"4768","Farroupilha","farroupilha","farroupilha","Rio Grande do Sul","RS","699.867234228932","48755.053995976","0.777","70286",56461,16,9,0.000442783514284196,2,2,1,"Médio porte",25,4.42783514284196
"4769","Faxinal do Soturno","faxinal do soturno","faxinal do soturno","Rio Grande do Sul","RS","665.616088848867","32768.5727149932","0.72","6702",4983,NA,NA,NA,NA,NA,NA,"Menor porte",0,0
"4770","Faxinalzinho","faxinalzinho","faxinalzinho","Rio Grande do Sul","RS","548.16112084063","26766.1996497373","0.666","2520",1397,NA,NA,NA,3,2,3,"Menor porte",0,0
"4771","Fazenda Vilanova","fazenda vilanova","fazenda vilanova","Rio Grande do Sul","RS","652.560763888889","23103.7326388889","0.698","4291",3371,1,0,0.000296647878967665,1,2,1,"Menor porte",1,2.96647878967665
"4772","Feliz","feliz","feliz","Rio Grande do Sul","RS","798.460410557185","34057.1847507331","0.75","13764",11867,2,2,0.000337069183449903,3,3,1,"Menor porte",4,3.37069183449903
"4773","Flores da Cunha","flores da cunha","flores da cunha","Rio Grande do Sul","RS","819.141744197276","59692.7856292052","0.754","30892",28199,39,1,0.0014184900173765,2,2,1,"Médio porte",40,14.184900173765
"4774","Floriano Peixoto","floriano peixoto","floriano peixoto","Rio Grande do Sul","RS","781.232009211284","35375.9355210132","0.663","1668",1502,NA,NA,NA,3,2,1,"Menor porte",0,0
"4775","Fontoura Xavier","fontoura xavier","fontoura xavier","Rio Grande do Sul","RS","595.449663118836","21724.3433258471","0.661","9550",7038,1,0,0.00014208581983518,2,2,3,"Menor porte",1,1.4208581983518
"4776","Formigueiro","formigueiro","formigueiro","Rio Grande do Sul","RS","567.412333736397","30295.3446191052","0.682","6413",4418,NA,NA,NA,3,3,3,"Menor porte",0,0
"4777","Forquetinha","forquetinha","forquetinha","Rio Grande do Sul","RS","691.666666666667","19229.5833333333","0.683","2393",1879,NA,NA,NA,3,2,1,"Menor porte",0,0
"4778","Fortaleza dos Valos","fortaleza dos valos","fortaleza dos valos","Rio Grande do Sul","RS","809.334889148191","73339.0898483081","0.756","4477",3812,NA,NA,NA,2,3,1,"Menor porte",0,0
"4779","Frederico Westphalen","frederico westphalen","frederico westphalen","Rio Grande do Sul","RS","753.666899485682","39141.2470633056","0.76","32627",27015,15,0,0.000555247084952804,1,1,1,"Médio porte",15,5.55247084952804
"4780","Garibaldi","garibaldi","garibaldi","Rio Grande do Sul","RS","790.378103837472","67255.6715575621","0.786","34335",31522,2,0,0.0000634477507772349,3,2,1,"Médio porte",2,0.634477507772349
"4781","Garruchos","garruchos","garruchos","Rio Grande do Sul","RS","410.949410949411","46319.8198198198","0.671","2688",1398,NA,NA,NA,3,2,3,"Menor porte",0,0
"4782","Gaurama","gaurama","gaurama","Rio Grande do Sul","RS","828.930588449626","42958.0980142102","0.738","5665",5149,NA,NA,NA,2,3,1,"Menor porte",0,0
"4783","General Câmara","general câmara","general camara","Rio Grande do Sul","RS","501.016624805645","26475.5412032054","0.686","7612",4756,NA,NA,NA,2,2,3,"Menor porte",0,0
"4784","Gentil","gentil","gentil","Rio Grande do Sul","RS","784.132841328413","68702.9520295203","0.733","1744",1407,NA,NA,NA,3,2,1,"Menor porte",0,0
"4785","Getúlio Vargas","getúlio vargas","getulio vargas","Rio Grande do Sul","RS","804.745427582798","39408.9223924864","0.746","16602",14543,NA,NA,NA,3,3,1,"Menor porte",0,0
"4786","Giruá","giruá","girua","Rio Grande do Sul","RS","715.879720103385","50846.9394187732","0.721","16013",12842,NA,NA,NA,2,3,1,"Menor porte",0,0
"4787","Glorinha","glorinha","glorinha","Rio Grande do Sul","RS","640.663091175037","32525.4753778645","0.714","7658",5995,3,1,0.000667222685571309,3,2,1,"Menor porte",4,6.67222685571309
"4788","Gramado","gramado","gramado","Rio Grande do Sul","RS","830.994392012037","61767.3095335795","0.764","40134",33588,10,6,0.000476360604977968,1,1,1,"Médio porte",16,4.76360604977968
"4789","Gramado dos Loureiros","gramado dos loureiros","gramado dos loureiros","Rio Grande do Sul","RS","489.795918367347","27766.2779397473","0.685","2014",1262,NA,NA,NA,3,2,3,"Menor porte",0,0
"4790","Gramado Xavier","gramado xavier","gramado xavier","Rio Grande do Sul","RS","491.268382352941","20112.5919117647","0.634","3305",2474,NA,NA,NA,3,2,3,"Menor porte",0,0
"4791","Gravataí","gravataí","gravatai","Rio Grande do Sul","RS","589.320217192017","43707.9825118116","0.736","265074",182050,34,0,0.000186761878604779,1,3,1,"Maior porte",34,1.86761878604779
"4792","Guabiju","guabiju","guabiju","Rio Grande do Sul","RS","698.657718120805","48470.4697986577","0.758","1417",1210,NA,NA,NA,NA,NA,NA,"Menor porte",0,0
"4793","Guaíba","guaíba","guaiba","Rio Grande do Sul","RS","568.511487291198","65542.9208359206","0.73","92924",60395,7,1,0.000132461296464939,1,2,1,"Médio porte",8,1.32461296464939
"4794","Guaporé","guaporé","guapore","Rio Grande do Sul","RS","701.748305606901","36555.2218114603","0.765","25268",20490,NA,NA,NA,2,2,1,"Médio porte",0,0
"4795","Guarani das Missões","guarani das missões","guarani das missoes","Rio Grande do Sul","RS","743.534771539595","38678.8154897494","0.737","7415",6190,NA,NA,NA,1,3,1,"Menor porte",0,0
"4796","Harmonia","harmonia","harmonia","Rio Grande do Sul","RS","801.708358755339","38342.8920073215","0.749","5378",4342,NA,NA,NA,NA,NA,NA,"Menor porte",0,0
"4797","Herval","herval","herval","Rio Grande do Sul","RS","575.432932198415","20548.5764602289","0.687","6191",4604,NA,NA,NA,3,3,3,"Menor porte",0,0
"4798","Herveiras","herveiras","herveiras","Rio Grande do Sul","RS","456.773766147731","18386.8830738655","0.616","2564",1622,NA,NA,NA,3,2,3,"Menor porte",0,0
"4799","Horizontina","horizontina","horizontina","Rio Grande do Sul","RS","843.983702099128","89803.7547062768","0.783","18851",18296,NA,NA,NA,2,3,1,"Menor porte",0,0
"4800","Hulha Negra","hulha negra","hulha negra","Rio Grande do Sul","RS","403.159742539497","28684.7571679345","0.643","5976",3392,NA,NA,NA,3,2,3,"Menor porte",0,0
"4801","Humaitá","humaitá","humaita","Rio Grande do Sul","RS","743.454391891892","34780.8277027027","0.738","4681",4012,NA,NA,NA,NA,NA,NA,"Menor porte",0,0
"4802","Ibarama","ibarama","ibarama","Rio Grande do Sul","RS","604.000909297568","21353.4894294158","0.652","3732",2929,NA,NA,NA,3,2,3,"Menor porte",0,0
"4803","Ibiaçá","ibiaçá","ibiaca","Rio Grande do Sul","RS","792.509044477548","49812.5133007023","0.739","4527",4027,NA,NA,NA,NA,NA,NA,"Menor porte",0,0
"4804","Ibiraiaras","ibiraiaras","ibiraiaras","Rio Grande do Sul","RS","804.129387474191","38355.1273227805","0.724","6776",6579,NA,NA,NA,2,2,1,"Menor porte",0,0
"4805","Ibirapuitã","ibirapuitã","ibirapuita","Rio Grande do Sul","RS","686.25","34607.5","0.638","3723",3184,NA,NA,NA,NA,NA,NA,"Menor porte",0,0
"4806","Ibirubá","ibirubá","ibiruba","Rio Grande do Sul","RS","844.118943810317","55285.210405134","0.765","21583",19887,3,0,0.000150852315583044,2,1,1,"Médio porte",3,1.50852315583044
"4807","Igrejinha","igrejinha","igrejinha","Rio Grande do Sul","RS","655.061596143546","52147.777182646","0.721","33321",27022,2,2,0.000148027533121161,1,1,1,"Médio porte",4,1.48027533121161
"4808","Ijuí","ijuí","ijui","Rio Grande do Sul","RS","729.239291342343","45102.6097130032","0.781","84780",68750,15,3,0.000261818181818182,NA,NA,NA,"Médio porte",18,2.61818181818182
"4809","Ilópolis","ilópolis","ilopolis","Rio Grande do Sul","RS","788.98180029513","27544.5154943433","0.73","4157",3643,NA,NA,NA,NA,NA,NA,"Menor porte",0,0
"4810","Imbé","imbé","imbe","Rio Grande do Sul","RS","590.17661467062","21846.5901766147","0.764","26824",16701,NA,NA,NA,NA,NA,NA,"Médio porte",0,0
"4811","Imigrante","imigrante","imigrante","Rio Grande do Sul","RS","720","85020.3225806452","0.743","3080",2448,NA,NA,NA,3,2,1,"Menor porte",0,0
"4812","Independência","independência","independencia","Rio Grande do Sul","RS","803.077426747422","45968.4072679653","0.693","6427",5629,NA,NA,NA,3,2,1,"Menor porte",0,0
"4813","Inhacorá","inhacorá","inhacora","Rio Grande do Sul","RS","570.20316027088","30842.8893905192","0.673","2014",1496,NA,NA,NA,NA,NA,NA,"Menor porte",0,0
"4814","Ipê","ipê","ipe","Rio Grande do Sul","RS","676.782777694723","33336.6721483032","0.728","5399",5088,NA,NA,NA,1,2,1,"Menor porte",0,0
"4815","Ipiranga do Sul","ipiranga do sul","ipiranga do sul","Rio Grande do Sul","RS","909.574468085106","56826.5957446809","0.791","1720",1841,NA,NA,NA,NA,NA,NA,"Menor porte",0,0
"4816","Iraí","iraí","irai","Rio Grande do Sul","RS","650.18904915278","28926.0607758017","0.691","7482",5340,4,0,0.000749063670411985,NA,NA,NA,"Menor porte",4,7.49063670411985
"4817","Itaara","itaara","itaara","Rio Grande do Sul","RS","564.746252483294","21989.5250135452","0.76","5572",3622,9,1,0.00276090557702927,2,3,1,"Menor porte",10,27.6090557702927
"4818","Itacurubi","itacurubi","itacurubi","Rio Grande do Sul","RS","427.456647398844","29068.2080924856","0.657","2995",1873,NA,NA,NA,3,2,3,"Menor porte",0,0
"4819","Itapuca","itapuca","itapuca","Rio Grande do Sul","RS","603.874092009685","28649.3946731235","0.664","1937",1475,NA,NA,NA,3,2,3,"Menor porte",0,0
"4820","Itaqui","itaqui","itaqui","Rio Grande do Sul","RS","520.419323001414","37366.2407639574","0.713","35768",22110,4,0,0.000180913613749435,1,2,1,"Médio porte",4,1.80913613749435
"4821","Itati","itati","itati","Rio Grande do Sul","RS","636.629119733","31748.4355444305","0.669","2638",1818,4,0,0.0022002200220022,2,2,1,"Menor porte",4,22.002200220022
"4822","Itatiba do Sul","itatiba do sul","itatiba do sul","Rio Grande do Sul","RS","609.099350046425","20459.9195295574","0.681","3208",2170,NA,NA,NA,3,3,3,"Menor porte",0,0
"4823","Ivorá","ivorá","ivora","Rio Grande do Sul","RS","639.021796916534","28021.7969165338","0.724","1929",1334,NA,NA,NA,NA,NA,NA,"Menor porte",0,0
"4824","Ivoti","ivoti","ivoti","Rio Grande do Sul","RS","666.099635479951","40103.5236938032","0.784","22983",17852,2,0,0.000112032265292404,1,2,1,"Médio porte",2,1.12032265292404
"4825","Jaboticaba","jaboticaba","jaboticaba","Rio Grande do Sul","RS","649.880731513384","26420.8852372118","0.658","3779",2836,NA,NA,NA,NA,NA,NA,"Menor porte",0,0
"4826","Jacuizinho","jacuizinho","jacuizinho","Rio Grande do Sul","RS","488.174427198817","43067.9970436068","0.662","2040",1604,NA,NA,NA,NA,NA,NA,"Menor porte",0,0
"4827","Jacutinga","jacutinga","jacutinga","Rio Grande do Sul","RS","778.905809362662","41245.6288776086","0.726","3338",3193,NA,NA,NA,3,2,1,"Menor porte",0,0
"4828","Jaguarão","jaguarão","jaguarao","Rio Grande do Sul","RS","749.320754716981","26587.7358490566","0.707","26603",23242,NA,NA,NA,1,2,1,"Médio porte",0,0
"4829","Jaguari","jaguari","jaguari","Rio Grande do Sul","RS","660.752438457966","24628.8899210404","0.712","10579",8080,4,0,0.000495049504950495,3,3,1,"Menor porte",4,4.95049504950495
"4830","Jaquirana","jaquirana","jaquirana","Rio Grande do Sul","RS","566.630256690333","19114.4183506281","0.614","3690",2586,NA,NA,NA,NA,NA,NA,"Menor porte",0,0
"4831","Jari","jari","jari","Rio Grande do Sul","RS","557.946069994263","57426.2765347103","0.631","3349",2350,NA,NA,NA,NA,NA,NA,"Menor porte",0,0
"4832","Jóia","jóia","joia","Rio Grande do Sul","RS","634.134952136353","58768.0364230679","0.686","7184",6235,NA,NA,NA,3,2,1,"Menor porte",0,0
"4833","Júlio de Castilhos","júlio de castilhos","julio de castilhos","Rio Grande do Sul","RS","653.19392426134","64074.8543487308","0.716","18226",14360,2,0,0.000139275766016713,3,3,1,"Menor porte",2,1.39275766016713
"4834","Lagoa Bonita do Sul","lagoa bonita do sul","lagoa bonita do sul","Rio Grande do Sul","RS","514.207463197535","19607.6686066416","0.67","2251",1761,NA,NA,NA,NA,NA,NA,"Menor porte",0,0
"4835","Lagoa dos Três Cantos","lagoa dos três cantos","lagoa dos tres cantos","Rio Grande do Sul","RS","856.87616677038","56850.6533914126","0.789","1738",1579,NA,NA,NA,3,2,1,"Menor porte",0,0
"4836","Lagoa Vermelha","lagoa vermelha","lagoa vermelha","Rio Grande do Sul","RS","696.630426956584","41249.334005328","0.738","27659",21667,9,0,0.000415378224950385,2,2,1,"Médio porte",9,4.15378224950385
"4837","Lagoão","lagoão","lagoao","Rio Grande do Sul","RS","449.620801733478","17600.6810091317","0.643","5341",3438,NA,NA,NA,NA,NA,NA,"Menor porte",0,0
"4838","Lajeado","lajeado","lajeado","Rio Grande do Sul","RS","841.579151623487","54949.9958839509","0.778","92951",80320,NA,NA,NA,NA,NA,NA,"Médio porte",0,0
"4839","Lajeado do Bugre","lajeado do bugre","lajeado do bugre","Rio Grande do Sul","RS","469.992205767732","21602.4941543258","0.613","2601",1424,NA,NA,NA,NA,NA,NA,"Menor porte",0,0
"4840","Lavras do Sul","lavras do sul","lavras do sul","Rio Grande do Sul","RS","508.866200967222","33471.386351424","0.699","7157",4342,NA,NA,NA,NA,NA,NA,"Menor porte",0,0
"4841","Liberato Salzano","liberato salzano","liberato salzano","Rio Grande do Sul","RS","593.167701863354","27550.2717391304","0.685","4781",3495,NA,NA,NA,NA,NA,NA,"Menor porte",0,0
"4842","Lindolfo Collor","lindolfo collor","lindolfo collor","Rio Grande do Sul","RS","598.040816326531","51373.5510204082","0.712","6248",4171,NA,NA,NA,2,2,1,"Menor porte",0,0
"4843","Linha Nova","linha nova","linha nova","Rio Grande do Sul","RS","719.022687609075","31950.5526468877","0.749","1683",1317,NA,NA,NA,NA,NA,NA,"Menor porte",0,0
"4844","Maçambará","maçambará","macambara","Rio Grande do Sul","RS","290.442788250767","62277.2906619904","0.684","4425",1503,NA,NA,NA,2,2,3,"Menor porte",0,0
"4845","Machadinho","machadinho","machadinho","Rio Grande do Sul","RS","642.343836373687","33702.2295927769","0.692","5735",4080,NA,NA,NA,3,2,1,"Menor porte",0,0
"4846","Mampituba","mampituba","mampituba","Rio Grande do Sul","RS","261.015808947191","19881.6010763539","0.649","3131",826,NA,NA,NA,3,2,2,"Menor porte",0,0
"4847","Manoel Viana","manoel viana","manoel viana","Rio Grande do Sul","RS","533.187354591488","36699.3294101546","0.655","6801",4718,NA,NA,NA,3,2,3,"Menor porte",0,0
"4848","Maquiné","maquiné","maquine","Rio Grande do Sul","RS","666.816344858554","20842.3888639425","0.682","7418",5229,1,0,0.000191241155096577,2,2,1,"Menor porte",1,1.91241155096577
"4849","Maratá","maratá","marata","Rio Grande do Sul","RS","744.263508512213","28400.814211695","0.697","2470",2224,NA,NA,NA,3,2,1,"Menor porte",0,0
"4850","Marau","marau","marau","Rio Grande do Sul","RS","719.87159481029","49523.6301217174","0.774","45124",36488,NA,NA,NA,2,1,1,"Médio porte",0,0
"4851","Marcelino Ramos","marcelino ramos","marcelino ramos","Rio Grande do Sul","RS","665.894883074786","30847.6499189627","0.724","4320",3203,NA,NA,NA,NA,NA,NA,"Menor porte",0,0
"4852","Mariana Pimentel","mariana pimentel","mariana pimentel","Rio Grande do Sul","RS","703.960905349794","20785.7510288066","0.701","3916",3053,NA,NA,NA,3,2,1,"Menor porte",0,0
"4853","Mariano Moro","mariano moro","mariano moro","Rio Grande do Sul","RS","753.608760577402","27280.7366849179","0.73","1858",1655,NA,NA,NA,NA,NA,NA,"Menor porte",0,0
"4854","Marques de Souza","marques de souza","marques de souza","Rio Grande do Sul","RS","695.118898623279","24458.3229036295","0.687","3969",3102,NA,NA,NA,NA,NA,NA,"Menor porte",0,0
"4855","Mata","mata","mata","Rio Grande do Sul","RS","596.831352928914","24184.6987700646","0.656","4698",3208,NA,NA,NA,3,3,3,"Menor porte",0,0
"4856","Mato Castelhano","mato castelhano","mato castelhano","Rio Grande do Sul","RS","725.019669551534","36981.5106215578","0.727","2553",2117,1,0,0.000472366556447804,2,2,1,"Menor porte",1,4.72366556447804
"4857","Mato Leitão","mato leitão","mato leitao","Rio Grande do Sul","RS","809.534222610978","37321.6706757052","0.746","4859",4120,NA,NA,NA,3,2,1,"Menor porte",0,0
"4858","Mato Queimado","mato queimado","mato queimado","Rio Grande do Sul","RS","857.581338244322","33945.3652547575","0.717","1795",1635,NA,NA,NA,NA,NA,NA,"Menor porte",0,0
"4859","Maximiliano de Almeida","maximiliano de almeida","maximiliano de almeida","Rio Grande do Sul","RS","831.478905887807","25576.495132128","0.699","4189",4250,NA,NA,NA,NA,NA,NA,"Menor porte",0,0
"4860","Minas do Leão","minas do leão","minas do leao","Rio Grande do Sul","RS","497.470072812539","24483.154387264","0.681","7505",4671,4,0,0.000856347677156926,3,2,3,"Menor porte",4,8.56347677156926
"4861","Miraguaí","miraguaí","miraguai","Rio Grande do Sul","RS","685.40012217471","27249.0327835471","0.725","4427",3912,NA,NA,NA,2,2,1,"Menor porte",0,0
"4862","Montauri","montauri","montauri","Rio Grande do Sul","RS","875.086745315753","41257.4600971548","0.764","1499",1442,NA,NA,NA,NA,NA,NA,"Menor porte",0,0
"4863","Monte Alegre dos Campos","monte alegre dos campos","monte alegre dos campos","Rio Grande do Sul","RS","458.539603960396","22183.4777227723","0.65","3180",1721,NA,NA,NA,2,2,3,"Menor porte",0,0
"4864","Monte Belo do Sul","monte belo do sul","monte belo do sul","Rio Grande do Sul","RS","840.316205533597","29356.5217391304","0.752","2557",2288,NA,NA,NA,NA,NA,NA,"Menor porte",0,0
"4865","Montenegro","montenegro","montenegro","Rio Grande do Sul","RS","721.276304377596","59744.4500235845","0.755","64322",51944,11,4,0.000288772524256892,1,1,1,"Médio porte",15,2.88772524256892
"4866","Mormaço","mormaço","mormaco","Rio Grande do Sul","RS","542.563443623514","32284.6129135882","0.714","2756",1938,NA,NA,NA,3,2,1,"Menor porte",0,0
"4867","Morrinhos do Sul","morrinhos do sul","morrinhos do sul","Rio Grande do Sul","RS","767.043508050702","19821.8568002741","0.711","3071",2330,NA,NA,NA,3,2,1,"Menor porte",0,0
"4868","Morro Redondo","morro redondo","morro redondo","Rio Grande do Sul","RS","849.901350736075","14927.3030808924","0.702","6046",6183,NA,NA,NA,2,2,1,"Menor porte",0,0
"4869","Morro Reuter","morro reuter","morro reuter","Rio Grande do Sul","RS","686.933824658376","32291.5707047444","0.743","6029",4891,7,0,0.00143120016356573,1,2,1,"Menor porte",7,14.3120016356573
"4870","Mostardas","mostardas","mostardas","Rio Grande do Sul","RS","514.594847046003","31719.9346150852","0.664","12090",8015,NA,NA,NA,3,2,3,"Menor porte",0,0
"4871","Muçum","muçum","mucum","Rio Grande do Sul","RS","732.91675065511","52984.0757911711","0.746","4601",3811,NA,NA,NA,3,3,1,"Menor porte",0,0
"4872","Muitos Capões","muitos capões","muitos capoes","Rio Grande do Sul","RS","472.423573904822","132469.271982351","0.702","2879",1846,NA,NA,NA,NA,NA,NA,"Menor porte",0,0
"4873","Muliterno","muliterno","muliterno","Rio Grande do Sul","RS","663.679493937797","27251.4496573537","0.689","1721",1448,NA,NA,NA,NA,NA,NA,"Menor porte",0,0
"4874","Não-Me-Toque","não-me-toque","nao-me-toque","Rio Grande do Sul","RS","797.049217254195","76949.0933663701","0.765","17898",15944,NA,NA,NA,3,3,1,"Menor porte",0,0
"4875","Nicolau Vergueiro","nicolau vergueiro","nicolau vergueiro","Rio Grande do Sul","RS","837.514934289128","52758.064516129","0.753","1932",1602,NA,NA,NA,3,2,1,"Menor porte",0,0
"4876","Nonoai","nonoai","nonoai","Rio Grande do Sul","RS","589.787672999226","34348.4053984355","0.702","13719",7939,NA,NA,NA,2,3,1,"Menor porte",0,0
"4877","Nova Alvorada","nova alvorada","nova alvorada","Rio Grande do Sul","RS","679.497679497679","46827.7368277368","0.74","3163",2895,NA,NA,NA,3,2,1,"Menor porte",0,0
"4878","Nova Araçá","nova araçá","nova araca","Rio Grande do Sul","RS","708.661417322835","50565.2714463324","0.785","4954",3712,6,1,0.00188577586206897,2,2,1,"Menor porte",7,18.8577586206897
"4879","Nova Bassano","nova bassano","nova bassano","Rio Grande do Sul","RS","793.6031984008","59792.4037981009","0.747","9649",8766,3,0,0.000342231348391513,3,3,1,"Menor porte",3,3.42231348391513
"4880","Nova Boa Vista","nova boa vista","nova boa vista","Rio Grande do Sul","RS","988.590986879635","57415.2880775813","0.768","2042",1953,NA,NA,NA,NA,NA,NA,"Menor porte",0,0
"4881","Nova Bréscia","nova bréscia","nova brescia","Rio Grande do Sul","RS","728.198981120767","35943.9616421936","0.778","3044",2724,NA,NA,NA,NA,NA,NA,"Menor porte",0,0
"4882","Nova Candelária","nova candelária","nova candelaria","Rio Grande do Sul","RS","906.25","61585.5654761905","0.759","3061",2928,NA,NA,NA,NA,NA,NA,"Menor porte",0,0
"4883","Nova Esperança do Sul","nova esperança do sul","nova esperanca do sul","Rio Grande do Sul","RS","574.121996303142","24072.6432532347","0.735","4865",3459,NA,NA,NA,3,2,1,"Menor porte",0,0
"4884","Nova Hartz","nova hartz","nova hartz","Rio Grande do Sul","RS","542.034285714286","31381.9885714286","0.689","20088",13549,1,0,0.0000738061849582995,2,2,1,"Médio porte",1,0.738061849582995
"4885","Nova Pádua","nova pádua","nova padua","Rio Grande do Sul","RS","779.515246286161","27855.7466770915","0.761","2343",2117,NA,NA,NA,3,2,1,"Menor porte",0,0
"4886","Nova Palma","nova palma","nova palma","Rio Grande do Sul","RS","690.406753645434","46277.2064466615","0.744","5586",4991,NA,NA,NA,NA,NA,NA,"Menor porte",0,0
"4887","Nova Petrópolis","nova petrópolis","nova petropolis","Rio Grande do Sul","RS","782.085809806835","39706.8629271917","0.78","23300",18735,9,4,0.000693888444088604,3,2,1,"Médio porte",13,6.93888444088604
"4888","Nova Prata","nova prata","nova prata","Rio Grande do Sul","RS","727.322048611111","47167.8240740741","0.766","25692",22274,NA,NA,NA,2,1,1,"Médio porte",0,0
"4889","Nova Ramada","nova ramada","nova ramada","Rio Grande do Sul","RS","798.917944093778","65307.9350766456","0.742","2163",2037,NA,NA,NA,NA,NA,NA,"Menor porte",0,0
"4890","Nova Roma do Sul","nova roma do sul","nova roma do sul","Rio Grande do Sul","RS","630.885122410546","48351.8966908797","0.741","3466",2645,NA,NA,NA,3,2,1,"Menor porte",0,0
"4891","Nova Santa Rita","nova santa rita","nova santa rita","Rio Grande do Sul","RS","630.797525497408","60714.8637351613","0.718","29024",21824,1,0,0.0000458211143695015,2,2,1,"Médio porte",1,0.458211143695015
"4892","Novo Barreiro","novo barreiro","novo barreiro","Rio Grande do Sul","RS","666.826347305389","23594.9700598802","0.706","4272",3233,NA,NA,NA,NA,NA,NA,"Menor porte",0,0
"4893","Novo Cabrais","novo cabrais","novo cabrais","Rio Grande do Sul","RS","528.185693983894","22367.3614400758","0.688","3568",2665,6,1,0.00262664165103189,3,2,3,"Menor porte",7,26.266416510319
"4894","Novo Hamburgo","novo hamburgo","novo hamburgo","Rio Grande do Sul","RS","712.579746753457","39547.0789209495","0.747","227646",184011,17,0,0.0000923857812848145,1,1,2,"Maior porte",17,0.923857812848145
"4895","Novo Machado","novo machado","novo machado","Rio Grande do Sul","RS","780.405405405405","40983.4152334152","0.663","3198",2878,NA,NA,NA,3,2,1,"Menor porte",0,0
"4896","Novo Tiradentes","novo tiradentes","novo tiradentes","Rio Grande do Sul","RS","534.090909090909","23800.4545454545","0.676","2146",1372,NA,NA,NA,NA,NA,NA,"Menor porte",0,0
"4897","Novo Xingu","novo xingu","novo xingu","Rio Grande do Sul","RS","547.897196261682","34262.8504672897","0.767","1646",1108,NA,NA,NA,NA,NA,NA,"Menor porte",0,0
"4898","Osório","osório","osorio","Rio Grande do Sul","RS","733.981126384281","36494.8722368251","0.751","47396",37458,8,6,0.000373751935501095,1,1,1,"Médio porte",14,3.73751935501095
"4899","Paim Filho","paim filho","paim filho","Rio Grande do Sul","RS","701.958708311276","32640.5505558497","0.706","3631",2936,NA,NA,NA,NA,NA,NA,"Menor porte",0,0
"4900","Palmares do Sul","palmares do sul","palmares do sul","Rio Grande do Sul","RS","583.230361871138","41623.2127096205","0.715","12844",7826,NA,NA,NA,2,3,1,"Menor porte",0,0
"4901","Palmeira das Missões","palmeira das missões","palmeira das missoes","Rio Grande do Sul","RS","746.762850502551","44929.0090851468","0.737","33216",28297,NA,NA,NA,2,1,1,"Médio porte",0,0
"4902","Palmitinho","palmitinho","palmitinho","Rio Grande do Sul","RS","804.563492063492","29819.4444444444","0.72","7839",6743,NA,NA,NA,NA,NA,NA,"Menor porte",0,0
"4903","Panambi","panambi","panambi","Rio Grande do Sul","RS","741.434010152284","50674.0844815083","0.761","43515",37035,23,0,0.000621034156878628,1,2,1,"Médio porte",23,6.21034156878628
"4904","Pantano Grande","pantano grande","pantano grande","Rio Grande do Sul","RS","617.747440273038","43082.2415501486","0.661","10212",6623,NA,NA,NA,NA,NA,NA,"Menor porte",0,0
"4905","Paraí","paraí","parai","Rio Grande do Sul","RS","787.757214960528","40798.3693542125","0.773","7194",7155,3,0,0.000419287211740042,3,3,1,"Menor porte",3,4.19287211740042
"4906","Paraíso do Sul","paraíso do sul","paraiso do sul","Rio Grande do Sul","RS","520.792338974157","22230.2243211334","0.676","6519",4534,2,0,0.000441111601235112,2,3,3,"Menor porte",2,4.41111601235112
"4907","Pareci Novo","pareci novo","pareci novo","Rio Grande do Sul","RS","960.383221128949","25973.3298808907","0.749","4319",4170,NA,NA,NA,3,2,1,"Menor porte",0,0
"4908","Parobé","parobé","parobe","Rio Grande do Sul","RS","576.676067824255","22949.7604403819","0.704","52052",38390,2,0,0.0000520969002344361,NA,NA,NA,"Médio porte",2,0.52096900234436
"4909","Passa Sete","passa sete","passa sete","Rio Grande do Sul","RS","495.736906211937","19287.8023316513","0.622","3983",3122,NA,NA,NA,2,2,3,"Menor porte",0,0
"4910","Passo do Sobrado","passo do sobrado","passo do sobrado","Rio Grande do Sul","RS","643.291755400061","27770.9157286279","0.698","6025",4840,NA,NA,NA,3,2,1,"Menor porte",0,0
"4911","Passo Fundo","passo fundo","passo fundo","Rio Grande do Sul","RS","674.524477095769","48013.3351569445","0.776","206215",154120,94,25,0.000772125616402803,NA,NA,NA,"Maior porte",119,7.72125616402803
"4912","Paulo Bento","paulo bento","paulo bento","Rio Grande do Sul","RS","622.444541104828","44741.6267942584","0.71","2144",1685,NA,NA,NA,3,2,1,"Menor porte",0,0
"4913","Paverama","paverama","paverama","Rio Grande do Sul","RS","653.787433940106","22289.1368173811","0.683","7978",6447,NA,NA,NA,3,2,3,"Menor porte",0,0
"4914","Pedras Altas","pedras altas","pedras altas","Rio Grande do Sul","RS","553.735926305015","85750.2558853634","0.64","2061",1381,NA,NA,NA,3,2,1,"Menor porte",0,0
"4915","Pedro Osório","pedro osório","pedro osorio","Rio Grande do Sul","RS","620.685180378925","21335.0635868155","0.678","7484",5325,NA,NA,NA,NA,NA,NA,"Menor porte",0,0
"4916","Pejuçara","pejuçara","pejucara","Rio Grande do Sul","RS","758.620689655172","62748.2499351828","0.741","3745",3308,4,0,0.00120918984280532,NA,NA,NA,"Menor porte",4,12.0918984280532
"4917","Pelotas","pelotas","pelotas","Rio Grande do Sul","RS","651.084713754474","27528.5108937668","0.739","325685",239281,11,1,0.0000501502417659572,1,1,1,"Maior porte",12,0.501502417659572
"4918","Picada Café","picada café","picada cafe","Rio Grande do Sul","RS","671.662600209132","56978.3896828163","0.758","5351",4239,4,0,0.000943618778013682,3,2,1,"Menor porte",4,9.43618778013682
"4919","Pinhal","pinhal","pinhal","Rio Grande do Sul","RS","662.403100775194","33070.1550387597","0.72","2959",2129,NA,NA,NA,1,2,1,"Menor porte",0,0
"4920","Pinhal da Serra","pinhal da serra","pinhal da serra","Rio Grande do Sul","RS","613.660062565172","114903.54535975","0.65","2248",1400,NA,NA,NA,NA,NA,NA,"Menor porte",0,0
"4921","Pinhal Grande","pinhal grande","pinhal grande","Rio Grande do Sul","RS","550.01155001155","175680.988680989","0.678","3805",2749,NA,NA,NA,NA,NA,NA,"Menor porte",0,0
"4922","Pinheirinho do Vale","pinheirinho do vale","pinheirinho do vale","Rio Grande do Sul","RS","479.893855888957","20138.3955909369","0.71","4540",2919,NA,NA,NA,3,2,3,"Menor porte",0,0
"4923","Pinheiro Machado","pinheiro machado","pinheiro machado","Rio Grande do Sul","RS","608.20008200082","25067.5686756868","0.661","11214",8334,NA,NA,NA,2,3,3,"Menor porte",0,0
"4924","Pinto Bandeira","pinto bandeira","pinto bandeira","Rio Grande do Sul","RS","468.379446640316","18921.9367588933","0","2723",1711,NA,NA,NA,NA,NA,NA,"Menor porte",0,0
"4925","Pirapó","pirapó","pirapo","Rio Grande do Sul","RS","638.864241348713","29003.5492457853","0.669","2260",1638,NA,NA,NA,NA,NA,NA,"Menor porte",0,0
"4926","Piratini","piratini","piratini","Rio Grande do Sul","RS","514.68315301391","23297.0923493045","0.658","17504",12186,NA,NA,NA,2,2,3,"Médio porte",0,0
"4927","Planalto","planalto","planalto","Rio Grande do Sul","RS","613.035233057191","21134.8437967861","0.687","10406",7112,NA,NA,NA,2,3,3,"Menor porte",0,0
"4928","Poço das Antas","poço das antas","poco das antas","Rio Grande do Sul","RS","816.277962874821","44981.4374107568","0.744","2171",1898,NA,NA,NA,NA,NA,NA,"Menor porte",0,0
"4929","Pontão","pontão","pontao","Rio Grande do Sul","RS","592.412201999487","66975.9036144578","0.725","3296",2766,NA,NA,NA,2,2,1,"Menor porte",0,0
"4930","Ponte Preta","ponte preta","ponte preta","Rio Grande do Sul","RS","869.422572178478","39060.3674540682","0.725","1575",1482,NA,NA,NA,NA,NA,NA,"Menor porte",0,0
"4931","Portão","portão","portao","Rio Grande do Sul","RS","741.141077181119","33682.3566997684","0.713","34071",30879,13,6,0.00061530489977007,NA,NA,NA,"Médio porte",19,6.1530489977007
"4932","Porto Alegre","porto alegre","porto alegre","Rio Grande do Sul","RS","597.979374460777","55388.1184100542","0.805","1332833",912157,198,29,0.000248860667626297,NA,NA,NA,"Maior porte",227,2.48860667626297
"4933","Porto Lucena","porto lucena","porto lucena","Rio Grande do Sul","RS","657.37919024815","23417.9364388333","0.693","4360",3377,NA,NA,NA,NA,NA,NA,"Menor porte",0,0
"4934","Porto Mauá","porto mauá","porto maua","Rio Grande do Sul","RS","632.227891156463","27605.8673469388","0.698","2142",1702,NA,NA,NA,3,2,1,"Menor porte",0,0
"4935","Porto Vera Cruz","porto vera cruz","porto vera cruz","Rio Grande do Sul","RS","717.125382262997","26355.504587156","0.69","1560",1091,NA,NA,NA,1,2,1,"Menor porte",0,0
"4936","Porto Xavier","porto xavier","porto xavier","Rio Grande do Sul","RS","699.431037865411","18073.5726898175","0.723","9938",8428,NA,NA,NA,1,3,1,"Menor porte",0,0
"4937","Pouso Novo","pouso novo","pouso novo","Rio Grande do Sul","RS","749.379652605459","29422.4565756824","0.715","1739",1286,1,0,0.000777604976671851,NA,NA,NA,"Menor porte",1,7.77604976671851
"4938","Presidente Lucena","presidente lucena","presidente lucena","Rio Grande do Sul","RS","756.554307116105","56300.987402111","0.757","3077",2573,NA,NA,NA,3,2,1,"Menor porte",0,0
"4939","Progresso","progresso","progresso","Rio Grande do Sul","RS","592.082064433403","20972.9123256932","0.683","5340",4137,NA,NA,NA,NA,NA,NA,"Menor porte",0,0
"4940","Protásio Alves","protásio alves","protasio alves","Rio Grande do Sul","RS","714.654282765738","31415.8926728586","0.733","2025",1593,NA,NA,NA,NA,NA,NA,"Menor porte",0,0
"4941","Putinga","putinga","putinga","Rio Grande do Sul","RS","749.550012856775","25953.7156081255","0.715","3747",3244,NA,NA,NA,NA,NA,NA,"Menor porte",0,0
"4942","Quaraí","quaraí","quarai","Rio Grande do Sul","RS","933.073826690848","21238.7756004777","0.704","23500",25283,2,0,0.0000791045366451766,1,2,1,"Médio porte",2,0.791045366451766
"4943","Quatro Irmãos","quatro irmãos","quatro irmaos","Rio Grande do Sul","RS","496.76724137931","61626.0775862069","0.689","1552",1087,NA,NA,NA,NA,NA,NA,"Menor porte",0,0
"4944","Quevedos","quevedos","quevedos","Rio Grande do Sul","RS","574.193548387097","60541.935483871","0.665","2507",1873,NA,NA,NA,3,2,1,"Menor porte",0,0
"4945","Quinze de Novembro","quinze de novembro","quinze de novembro","Rio Grande do Sul","RS","789.902708388115","41318.1698658953","0.756","3910",3435,NA,NA,NA,NA,NA,NA,"Menor porte",0,0
"4946","Redentora","redentora","redentora","Rio Grande do Sul","RS","263.090239095038","15236.4384266004","0.631","9738",3787,NA,NA,NA,3,2,2,"Menor porte",0,0
"4947","Relvado","relvado","relvado","Rio Grande do Sul","RS","679.65367965368","25781.6257816258","0.731","1796",1630,NA,NA,NA,3,2,1,"Menor porte",0,0
"4948","Restinga Sêca","restinga sêca","restinga seca","Rio Grande do Sul","RS","565.993394308943","29001.2068089431","0.683","14939",10271,NA,NA,NA,2,2,3,"Menor porte",0,0
"4949","Rio dos Índios","rio dos índios","rio dos indios","Rio Grande do Sul","RS","550","32740.2255639098","0.656","2835",1737,NA,NA,NA,NA,NA,NA,"Menor porte",0,0
"4950","Rio Grande","rio grande","rio grande","Rio Grande do Sul","RS","610.879154577407","50419.6636237115","0.744","191900",138114,18,0,0.000130327121073895,3,1,2,"Maior porte",18,1.30327121073895
"4951","Rio Pardo","rio pardo","rio pardo","Rio Grande do Sul","RS","506.572585914021","25550.1372010976","0.693","34654",21807,8,1,0.000412711514651259,2,1,3,"Médio porte",9,4.12711514651259
"4952","Riozinho","riozinho","riozinho","Rio Grande do Sul","RS","553.036783575706","27845.1668092387","0.661","4473",2871,NA,NA,NA,3,3,3,"Menor porte",0,0
"4953","Roca Sales","roca sales","roca sales","Rio Grande do Sul","RS","579.897131897829","41949.1761834191","0.729","10418",7412,NA,NA,NA,3,2,1,"Menor porte",0,0
"4954","Rodeio Bonito","rodeio bonito","rodeio bonito","Rio Grande do Sul","RS","870.313565098841","33258.0095432856","0.732","6654",6173,NA,NA,NA,NA,NA,NA,"Menor porte",0,0
"4955","Rolador","rolador","rolador","Rio Grande do Sul","RS","604.529616724739","46146.7770034843","0.689","2291",1701,NA,NA,NA,NA,NA,NA,"Menor porte",0,0
"4956","Rolante","rolante","rolante","Rio Grande do Sul","RS","644.338787116021","30462.9655526034","0.688","21253",15744,NA,NA,NA,1,2,1,"Médio porte",0,0
"4957","Ronda Alta","ronda alta","ronda alta","Rio Grande do Sul","RS","588.113403032872","33166.8079495149","0.724","9777",7101,NA,NA,NA,NA,NA,NA,"Menor porte",0,0
"4958","Rondinha","rondinha","rondinha","Rio Grande do Sul","RS","651.771653543307","38469.8818897638","0.764","4991",3733,5,0,0.001339405304045,3,3,1,"Menor porte",5,13.39405304045
"4959","Roque Gonzales","roque gonzales","roque gonzales","Rio Grande do Sul","RS","631.896424893335","116162.865970281","0.688","6576",4908,NA,NA,NA,NA,NA,NA,"Menor porte",0,0
"4960","Rosário do Sul","rosário do sul","rosario do sul","Rio Grande do Sul","RS","540.723406420105","23653.0752403724","0.699","36630",24069,6,0,0.000249283310482363,1,1,1,"Médio porte",6,2.49283310482363
"4961","Sagrada Família","sagrada família","sagrada familia","Rio Grande do Sul","RS","540.882917466411","23930.1343570058","0.678","2480",1626,NA,NA,NA,3,2,3,"Menor porte",0,0
"4962","Saldanha Marinho","saldanha marinho","saldanha marinho","Rio Grande do Sul","RS","817.69641495042","57810.4500381388","0.762","2575",2324,NA,NA,NA,3,3,1,"Menor porte",0,0
"4963","Salto do Jacuí","salto do jacuí","salto do jacui","Rio Grande do Sul","RS","513.66076436183","71121.8652351574","0.687","10203",7392,NA,NA,NA,1,2,1,"Menor porte",0,0
"4964","Salvador das Missões","salvador das missões","salvador das missoes","Rio Grande do Sul","RS","866.4471276985","49437.2484449323","0.753","2877",2781,NA,NA,NA,3,2,1,"Menor porte",0,0
"4965","Salvador do Sul","salvador do sul","salvador do sul","Rio Grande do Sul","RS","696.919761693497","35797.0591963493","0.74","6879",6060,NA,NA,NA,1,3,1,"Menor porte",0,0
"4966","Sananduva","sananduva","sananduva","Rio Grande do Sul","RS","842.417932386085","39232.5453209211","0.747","16399",15364,1,0,0.0000650872168706066,3,3,1,"Menor porte",1,0.650872168706066
"4967","Santa Bárbara do Sul","santa bárbara do sul","santa barbara do sul","Rio Grande do Sul","RS","797.193071184726","96378.935390062","0.725","8122",7350,NA,NA,NA,2,3,1,"Menor porte",0,0
"4968","Santa Cecília do Sul","santa cecília do sul","santa cecilia do sul","Rio Grande do Sul","RS","680.538555691554","50992.6560587515","0.725","1674",1281,NA,NA,NA,NA,NA,NA,"Menor porte",0,0
"4969","Santa Clara do Sul","santa clara do sul","santa clara do sul","Rio Grande do Sul","RS","728.633438108068","44440.203562341","0.74","6887",5397,NA,NA,NA,3,2,1,"Menor porte",0,0
"4970","Santa Cruz do Sul","santa cruz do sul","santa cruz do sul","Rio Grande do Sul","RS","741.970844593309","74842.7511133102","0.773","133246",106338,5,0,0.0000470198800052662,3,1,2,"Maior porte",5,0.470198800052662
"4971","Santa Margarida do Sul","santa margarida do sul","santa margarida do sul","Rio Grande do Sul","RS","394.103956555469","71459.2707525213","0.663","2596",1314,4,0,0.0030441400304414,2,2,3,"Menor porte",4,30.441400304414
"4972","Santa Maria","santa maria","santa maria","Rio Grande do Sul","RS","599.523401615217","30904.3560105331","0.784","271735",182124,98,17,0.000631437921416178,1,1,1,"Maior porte",115,6.31437921416178
"4973","Santa Maria do Herval","santa maria do herval","santa maria do herval","Rio Grande do Sul","RS","730.043997485858","32556.411062225","0.676","6340",5127,NA,NA,NA,3,2,1,"Menor porte",0,0
"4974","Santa Rosa","santa rosa","santa rosa","Rio Grande do Sul","RS","789.711179068977","43374.0808698607","0.769","76963",65531,4,0,0.0000610398132181716,1,1,1,"Médio porte",4,0.610398132181715
"4975","Santa Tereza","santa tereza","santa tereza","Rio Grande do Sul","RS","590.961761297798","24047.5086906141","0.746","1505",1086,NA,NA,NA,NA,NA,NA,"Menor porte",0,0
"4976","Santa Vitória do Palmar","santa vitória do palmar","santa vitoria do palmar","Rio Grande do Sul","RS","797.476511888207","42335.2440389377","0.712","30983",26825,NA,NA,NA,2,2,1,"Médio porte",0,0
"4977","Santana da Boa Vista","santana da boa vista","santana da boa vista","Rio Grande do Sul","RS","637.411677203421","25923.0197099293","0.633","7024",5780,1,0,0.000173010380622837,3,2,3,"Menor porte",1,1.73010380622837
"4978","Sant'Ana do Livramento","sant'ana do livramento","santana do livramento","Rio Grande do Sul","RS","905.491280250521","34292.8944851352","0.727","84421",79127,20,0,NA,1,1,1,"Médio porte",20,2.52758224120717
"4979","Santiago","santiago","santiago","Rio Grande do Sul","RS","672.589141004862","32179.6393841167","0.766","48938",36695,8,0,0.000218013353317891,1,1,1,"Médio porte",8,2.18013353317891
"4980","Santo Ângelo","santo ângelo","santo angelo","Rio Grande do Sul","RS","681.518151815181","36463.8639645214","0.772","76917",58497,NA,NA,NA,2,1,1,"Médio porte",0,0
"4981","Santo Antônio da Patrulha","santo antônio da patrulha","santo antonio da patrulha","Rio Grande do Sul","RS","672.048365801116","33383.1043987862","0.717","42947",32622,1,1,0.0000613083195389614,2,2,1,"Médio porte",2,0.613083195389614
"4982","Santo Antônio das Missões","santo antônio das missões","santo antonio das missoes","Rio Grande do Sul","RS","602.089552238806","41399.9004975124","0.686","10300",7191,NA,NA,NA,1,2,1,"Menor porte",0,0
"4983","Santo Antônio do Palma","santo antônio do palma","santo antonio do palma","Rio Grande do Sul","RS","674.988224211022","35255.29910504","0.764","2091",1618,NA,NA,NA,NA,NA,NA,"Menor porte",0,0
"4984","Santo Antônio do Planalto","santo antônio do planalto","santo antonio do planalto","Rio Grande do Sul","RS","814.264487369985","55781.0797424468","0.759","2089",1966,NA,NA,NA,3,2,1,"Menor porte",0,0
"4985","Santo Augusto","santo augusto","santo augusto","Rio Grande do Sul","RS","719.454072790295","40246.9670710572","0.739","13902",11400,NA,NA,NA,3,3,1,"Menor porte",0,0
"4986","Santo Cristo","santo cristo","santo cristo","Rio Grande do Sul","RS","861.494091164885","42072.3832301632","0.738","15320",14016,NA,NA,NA,3,3,1,"Menor porte",0,0
"4987","Santo Expedito do Sul","santo expedito do sul","santo expedito do sul","Rio Grande do Sul","RS","821.258134490239","32058.1344902386","0.732","2349",2123,NA,NA,NA,NA,NA,NA,"Menor porte",0,0
"4988","São Borja","são borja","sao borja","Rio Grande do Sul","RS","615.521751445376","32252.5866808844","0.736","59676",42073,6,0,0.000142609274356476,1,1,1,"Médio porte",6,1.42609274356476
"4989","São Domingos do Sul","são domingos do sul","sao domingos do sul","Rio Grande do Sul","RS","744.729159909179","23211.8066818034","0.763","2754",2584,NA,NA,NA,2,2,1,"Menor porte",0,0
"4990","São Francisco de Assis","são francisco de assis","sao francisco de assis","Rio Grande do Sul","RS","553.089810491623","25816.4240593244","0.675","17618",11724,NA,NA,NA,3,3,3,"Menor porte",0,0
"4991","São Francisco de Paula","são francisco de paula","sao francisco de paula","Rio Grande do Sul","RS","568.001467822577","33235.1726985001","0.685","21893",15050,4,1,0.000332225913621262,2,2,1,"Médio porte",5,3.32225913621262
"4992","São Gabriel","são gabriel","sao gabriel","Rio Grande do Sul","RS","527.652179509872","29006.7742610263","0.699","58487",36426,4,0,0.000109811672980838,1,1,1,"Médio porte",4,1.09811672980838
"4993","São Jerônimo","são jerônimo","sao jeronimo","Rio Grande do Sul","RS","445.39570702933","25002.8674422415","0.696","21028",12314,2,2,0.000324833522819555,NA,NA,NA,"Médio porte",4,3.24833522819555
"4994","São João da Urtiga","são joão da urtiga","sao joao da urtiga","Rio Grande do Sul","RS","753.285929756518","29031.8896789485","0.694","4461",3866,NA,NA,NA,NA,NA,NA,"Menor porte",0,0
"4995","São João do Polêsine","são joão do polêsine","sao joao do polesine","Rio Grande do Sul","RS","717.26307510814","34272.9060165159","0.748","2649",2044,NA,NA,NA,NA,NA,NA,"Menor porte",0,0
"4996","São Jorge","são jorge","sao jorge","Rio Grande do Sul","RS","748.224431818182","31987.9261363636","0.732","2912",2352,NA,NA,NA,NA,NA,NA,"Menor porte",0,0
"4997","São José das Missões","são josé das missões","sao jose das missoes","Rio Grande do Sul","RS","536.197295147176","24464.200477327","0.651","2362",1575,NA,NA,NA,3,2,3,"Menor porte",0,0
"4998","São José do Herval","são josé do herval","sao jose do herval","Rio Grande do Sul","RS","681.935151827072","25554.2974781266","0.717","1902",1459,NA,NA,NA,NA,NA,NA,"Menor porte",0,0
"4999","São José do Hortêncio","são josé do hortêncio","sao jose do hortencio","Rio Grande do Sul","RS","682.836587872559","26286.7420349435","0.707","4447",3768,NA,NA,NA,3,2,1,"Menor porte",0,0
"5000","São José do Inhacorá","são josé do inhacorá","sao jose do inhacora","Rio Grande do Sul","RS","817.120622568093","51939.6887159533","0.747","2406",1997,NA,NA,NA,2,2,1,"Menor porte",0,0
"5001","São José do Norte","são josé do norte","sao jose do norte","Rio Grande do Sul","RS","426.716207929007","15298.2576386133","0.623","25443",14559,NA,NA,NA,3,2,3,"Médio porte",0,0
"5002","São José do Ouro","são josé do ouro","sao jose do ouro","Rio Grande do Sul","RS","869.257440046229","41978.0410286044","0.755","6834",6788,NA,NA,NA,NA,NA,NA,"Menor porte",0,0
"5003","São José do Sul","são josé do sul","sao jose do sul","Rio Grande do Sul","RS","747.640541649569","26839.5568321707","0.725","2380",2013,NA,NA,NA,1,2,1,"Menor porte",0,0
"5004","São José dos Ausentes","são josé dos ausentes","sao jose dos ausentes","Rio Grande do Sul","RS","430.990685859441","32890.4882867626","0.663","4172",1890,NA,NA,NA,NA,NA,NA,"Menor porte",0,0
"5005","São Leopoldo","são leopoldo","sao leopoldo","Rio Grande do Sul","RS","540.511548389259","42415.5324997486","0.739","217409",147522,42,9,0.000345711148167731,1,3,1,"Maior porte",51,3.45711148167731
"5006","São Lourenço do Sul","são lourenço do sul","sao lourenco do sul","Rio Grande do Sul","RS","648.690858980248","29079.9035369775","0.687","41989",31761,NA,NA,NA,2,1,1,"Médio porte",0,0
"5007","São Luiz Gonzaga","são luiz gonzaga","sao luiz gonzaga","Rio Grande do Sul","RS","708.617427086775","42949.6290511519","0.741","34752",27107,4,0,0.000147563360017708,1,1,1,"Médio porte",4,1.47563360017708
"5008","São Marcos","são marcos","sao marcos","Rio Grande do Sul","RS","858.066303444455","46140.6870440484","0.768","21084",20597,9,0,0.000436956838374521,2,2,1,"Médio porte",9,4.36956838374521
"5009","São Martinho","são martinho","sao martinho","Rio Grande do Sul","RS","840.148698884758","46268.7732342007","0.726","5481",5177,4,0,0.00077264825188333,3,3,1,"Menor porte",4,7.7264825188333
"5010","São Martinho da Serra","são martinho da serra","sao martinho da serra","Rio Grande do Sul","RS","530.176415970288","57894.1504178273","0.652","2860",1983,NA,NA,NA,NA,NA,NA,"Menor porte",0,0
"5011","São Miguel das Missões","são miguel das missões","sao miguel das missoes","Rio Grande do Sul","RS","693.609267213328","67828.4524274372","0.667","7056",6383,NA,NA,NA,3,3,1,"Menor porte",0,0
"5012","São Nicolau","são nicolau","sao nicolau","Rio Grande do Sul","RS","501.344086021505","31688.3640552995","0.645","5118",3191,NA,NA,NA,3,2,3,"Menor porte",0,0
"5013","São Paulo das Missões","são paulo das missões","sao paulo das missoes","Rio Grande do Sul","RS","705.769230769231","28246.1538461538","0.692","5846",4551,NA,NA,NA,NA,NA,NA,"Menor porte",0,0
"5014","São Pedro da Serra","são pedro da serra","sao pedro da serra","Rio Grande do Sul","RS","758.97969807392","21484.6434148881","0.739","3548",3186,NA,NA,NA,3,2,1,"Menor porte",0,0
"5015","São Pedro das Missões","são pedro das missões","sao pedro das missoes","Rio Grande do Sul","RS","554.288547347546","35405.5528011899","0.664","1757",1339,NA,NA,NA,3,2,3,"Menor porte",0,0
"5016","São Pedro do Butiá","são pedro do butiá","sao pedro do butia","Rio Grande do Sul","RS","808.070532383859","37890.4713462191","0.763","3070",2776,NA,NA,NA,NA,NA,NA,"Menor porte",0,0
"5017","São Pedro do Sul","são pedro do sul","sao pedro do sul","Rio Grande do Sul","RS","636.549417884568","24397.6343819668","0.709","15577",11511,4,0,0.000347493701676657,3,3,1,"Menor porte",4,3.47493701676657
"5018","São Sebastião do Caí","são sebastião do caí","sao sebastiao do cai","Rio Grande do Sul","RS","606.571901845217","27666.8978003775","0.739","24428",17974,5,0,0.000278179592745076,1,2,1,"Médio porte",5,2.78179592745076
"5019","São Sepé","são sepé","sao sepe","Rio Grande do Sul","RS","601.698153258332","38349.7771173848","0.708","21219",15824,8,0,0.000505561172901921,2,2,1,"Médio porte",8,5.05561172901921
"5020","São Valentim","são valentim","sao valentim","Rio Grande do Sul","RS","633.936790426511","29305.9220619822","0.72","3264",2394,NA,NA,NA,3,2,1,"Menor porte",0,0
"5021","São Valentim do Sul","são valentim do sul","sao valentim do sul","Rio Grande do Sul","RS","748.329621380846","27089.9777282851","0.764","2207",1891,NA,NA,NA,1,2,1,"Menor porte",0,0
"5022","São Valério do Sul","são valério do sul","sao valerio do sul","Rio Grande do Sul","RS","314.034444851594","21528.7651154269","0.642","2543",1010,NA,NA,NA,NA,NA,NA,"Menor porte",0,0
"5023","São Vendelino","são vendelino","sao vendelino","Rio Grande do Sul","RS","843.33627537511","38808.4730803177","0.754","2251",2137,NA,NA,NA,2,2,1,"Menor porte",0,0
"5024","São Vicente do Sul","são vicente do sul","sao vicente do sul","Rio Grande do Sul","RS","546.152084287677","29884.4480073294","0.685","8097",5691,4,0,0.000702864171498858,NA,NA,NA,"Menor porte",4,7.02864171498858
"5025","Sapiranga","sapiranga","sapiranga","Rio Grande do Sul","RS","655.746717143321","43737.3589714757","0.711","75648",57394,14,1,0.000261351360769418,1,2,1,"Médio porte",15,2.61351360769418
"5026","Sapucaia do Sul","sapucaia do sul","sapucaia do sul","Rio Grande do Sul","RS","617.905900936477","24952.5908270337","0.726","132107",94383,NA,NA,NA,1,3,1,"Maior porte",0,0
"5027","Sarandi","sarandi","sarandi","Rio Grande do Sul","RS","620.724467956225","40465.00827848","0.777","22851",17729,5,0,0.000282023802808957,2,2,1,"Médio porte",5,2.82023802808957
"5028","Seberi","seberi","seberi","Rio Grande do Sul","RS","784.094091290955","35778.6801082797","0.723","11950",10204,8,0,0.000784006272050176,2,3,1,"Menor porte",8,7.84006272050176
"5029","Sede Nova","sede nova","sede nova","Rio Grande do Sul","RS","660.671048080249","40929.0902801799","0.712","2704",2191,NA,NA,NA,2,2,1,"Menor porte",0,0
"5030","Segredo","segredo","segredo","Rio Grande do Sul","RS","559.242342826437","17464.2665233745","0.659","6009",4754,NA,NA,NA,3,3,3,"Menor porte",0,0
"5031","Selbach","selbach","selbach","Rio Grande do Sul","RS","875.269238300372","45514.9794399843","0.777","5107",5051,NA,NA,NA,2,3,1,"Menor porte",0,0
"5032","Senador Salgado Filho","senador salgado filho","senador salgado filho","Rio Grande do Sul","RS","712.635379061372","33646.2093862816","0.693","2673",2319,NA,NA,NA,NA,NA,NA,"Menor porte",0,0
"5033","Sentinela do Sul","sentinela do sul","sentinela do sul","Rio Grande do Sul","RS","617.044036370119","15778.7484400071","0.671","5306",4061,NA,NA,NA,3,2,3,"Menor porte",0,0
"5034","Serafina Corrêa","serafina corrêa","serafina correa","Rio Grande do Sul","RS","660.185445349817","37622.4220286597","0.76","16961",13244,4,1,0.000377529447296889,3,3,1,"Menor porte",5,3.77529447296889
"5035","Sério","sério","serio","Rio Grande do Sul","RS","686.070686070686","25017.6715176715","0.652","1941",1483,NA,NA,NA,3,3,3,"Menor porte",0,0
"5036","Sertão","sertão","sertao","Rio Grande do Sul","RS","915.145813734713","56565.0047036689","0.751","5541",5414,NA,NA,NA,NA,NA,NA,"Menor porte",0,0
"5037","Sertão Santana","sertão santana","sertao santana","Rio Grande do Sul","RS","689.001070827597","43013.308857274","0.689","5863",5117,NA,NA,NA,3,2,1,"Menor porte",0,0
"5038","Sete de Setembro","sete de setembro","sete de setembro","Rio Grande do Sul","RS","618.461538461538","34703.0769230769","0.683","1830",1443,NA,NA,NA,NA,NA,NA,"Menor porte",0,0
"5039","Severiano de Almeida","severiano de almeida","severiano de almeida","Rio Grande do Sul","RS","764.52767832553","29508.1244836133","0.752","3406",3032,2,0,0.000659630606860158,NA,NA,NA,"Menor porte",2,6.59630606860158
"5040","Silveira Martins","silveira martins","silveira martins","Rio Grande do Sul","RS","704.296545914069","24863.9427127211","0.742","2028",1835,NA,NA,NA,2,2,1,"Menor porte",0,0
"5041","Sinimbu","sinimbu","sinimbu","Rio Grande do Sul","RS","489.667388309388","20685.6917929541","0.631","8557",5511,NA,NA,NA,3,3,3,"Menor porte",0,0
"5042","Sobradinho","sobradinho","sobradinho","Rio Grande do Sul","RS","617.860713095635","25577.1409530157","0.743","14226",10399,NA,NA,NA,3,3,1,"Menor porte",0,0
"5043","Soledade","soledade","soledade","Rio Grande do Sul","RS","609.408732076688","30472.9498952795","0.731","29991",21691,1,0,0.0000461020699829422,2,1,1,"Médio porte",1,0.461020699829422
"5044","Tabaí","tabaí","tabai","Rio Grande do Sul","RS","739.358356049486","21518.1379744181","0.701","4461",3944,2,0,0.00050709939148073,NA,NA,NA,"Menor porte",2,5.0709939148073
"5045","Tapejara","tapejara","tapejara","Rio Grande do Sul","RS","751.262626262626","50535.1091560769","0.76","24557",21032,NA,NA,NA,2,1,1,"Médio porte",0,0
"5046","Tapera","tapera","tapera","Rio Grande do Sul","RS","702.940342252056","45534.3670227853","0.747","10592",8509,NA,NA,NA,2,3,1,"Menor porte",0,0
"5047","Tapes","tapes","tapes","Rio Grande do Sul","RS","510.443111008539","21314.5626586661","0.695","14695",10231,NA,NA,NA,NA,NA,NA,"Menor porte",0,0
"5048","Taquara","taquara","taquara","Rio Grande do Sul","RS","639.795776604612","24847.7528480133","0.727","53240",40617,7,1,0.000196961863259226,1,2,1,"Médio porte",8,1.96961863259226
"5049","Taquari","taquari","taquari","Rio Grande do Sul","RS","708.387576715641","30778.1662637158","0.733","25198",20874,NA,NA,NA,2,1,1,"Médio porte",0,0
"5050","Taquaruçu do Sul","taquaruçu do sul","taquarucu do sul","Rio Grande do Sul","RS","708.807279818005","41601.8849528762","0.739","3119",2520,NA,NA,NA,1,1,1,"Menor porte",0,0
"5051","Tavares","tavares","tavares","Rio Grande do Sul","RS","589.275943826372","16634.8714207551","0.656","5212",3826,NA,NA,NA,NA,NA,NA,"Menor porte",0,0
"5052","Tenente Portela","tenente portela","tenente portela","Rio Grande do Sul","RS","639.050171207384","35940.3007294923","0.708","14497",10084,NA,NA,NA,NA,NA,NA,"Menor porte",0,0
"5053","Terra de Areia","terra de areia","terra de areia","Rio Grande do Sul","RS","635.881573133009","21436.7653557225","0.689","10334",8604,NA,NA,NA,3,2,3,"Menor porte",0,0
"5054","Teutônia","teutônia","teutonia","Rio Grande do Sul","RS","730.379671859267","45378.4576200912","0.747","32797",27249,1,0,0.0000366985944438328,3,1,1,"Médio porte",1,0.366985944438328
"5055","Tio Hugo","tio hugo","tio hugo","Rio Grande do Sul","RS","768.576104746318","36932.2422258592","0.742","3267",2767,2,0,0.000722804481387785,NA,NA,NA,"Menor porte",2,7.22804481387785
"5056","Tiradentes do Sul","tiradentes do sul","tiradentes do sul","Rio Grande do Sul","RS","586.538461538462","24551.6381766382","0.689","5129",4067,4,0,0.000983525940496681,3,1,3,"Menor porte",4,9.83525940496681
"5057","Toropi","toropi","toropi","Rio Grande do Sul","RS","709.59595959596","25200.937950938","0.683","2554",2264,NA,NA,NA,NA,NA,NA,"Menor porte",0,0
"5058","Torres","torres","torres","Rio Grande do Sul","RS","593.871595330739","32397.1687487201","0.762","41751",26393,4,2,0.000227333004963437,1,1,1,"Médio porte",6,2.27333004963437
"5059","Tramandaí","tramandaí","tramandai","Rio Grande do Sul","RS","552.553579571363","21039.1586867305","0.719","54387",34217,NA,NA,NA,1,1,1,"Médio porte",0,0
"5060","Travesseiro","travesseiro","travesseiro","Rio Grande do Sul","RS","668.380462724936","26362.8963153385","0.701","2152",1751,NA,NA,NA,NA,NA,NA,"Menor porte",0,0
"5061","Três Arroios","três arroios","tres arroios","Rio Grande do Sul","RS","818.38819523269","36487.7033673855","0.791","2591",2464,NA,NA,NA,3,2,1,"Menor porte",0,0
"5062","Três Cachoeiras","três cachoeiras","tres cachoeiras","Rio Grande do Sul","RS","756.905083220873","24359.4242015295","0.718","10962",9658,NA,NA,NA,2,2,1,"Menor porte",0,0
"5063","Três Coroas","três coroas","tres coroas","Rio Grande do Sul","RS","561.911759560547","31289.7379377908","0.71","23920",17710,2,2,0.000225861095426313,2,2,1,"Médio porte",4,2.25861095426313
"5064","Três de Maio","três de maio","tres de maio","Rio Grande do Sul","RS","795.317473613671","46507.0363544982","0.759","24916",21356,NA,NA,NA,1,1,1,"Médio porte",0,0
"5065","Três Forquilhas","três forquilhas","tres forquilhas","Rio Grande do Sul","RS","694.642188085425","21742.6002248033","0.662","2760",2112,NA,NA,NA,NA,NA,NA,"Menor porte",0,0
"5066","Três Palmeiras","três palmeiras","tres palmeiras","Rio Grande do Sul","RS","614.678899082569","34411.1973653258","0.703","4716",3154,NA,NA,NA,2,2,1,"Menor porte",0,0
"5067","Três Passos","três passos","tres passos","Rio Grande do Sul","RS","856.699647828274","38545.1115210465","0.768","25436",22623,6,0,0.000265216814746055,3,1,1,"Médio porte",6,2.65216814746055
"5068","Trindade do Sul","trindade do sul","trindade do sul","Rio Grande do Sul","RS","627.180107062683","36399.930927301","0.687","7556",4645,NA,NA,NA,NA,NA,NA,"Menor porte",0,0
"5069","Triunfo","triunfo","triunfo","Rio Grande do Sul","RS","538.417738478028","280430.566720257","0.733","27498",18984,1,0,0.0000526759376316898,NA,NA,NA,"Médio porte",1,0.526759376316899
"5070","Tucunduva","tucunduva","tucunduva","Rio Grande do Sul","RS","774.450744153083","39809.3550673281","0.747","5542",4772,NA,NA,NA,1,3,1,"Menor porte",0,0
"5071","Tunas","tunas","tunas","Rio Grande do Sul","RS","451.16888791785","17663.7535503605","0.657","3681",2524,NA,NA,NA,NA,NA,NA,"Menor porte",0,0
"5072","Tupanci do Sul","tupanci do sul","tupanci do sul","Rio Grande do Sul","RS","758.738862234407","39962.3029472241","0.694","1374",1292,NA,NA,NA,NA,NA,NA,"Menor porte",0,0
"5073","Tupanciretã","tupanciretã","tupancireta","Rio Grande do Sul","RS","526.300481967758","50176.873857404","0.709","20005",14599,NA,NA,NA,2,2,1,"Médio porte",0,0
"5074","Tupandi","tupandi","tupandi","Rio Grande do Sul","RS","794.290342174529","101025.106296821","0.718","5029",4695,NA,NA,NA,NA,NA,NA,"Menor porte",0,0
"5075","Tuparendi","tuparendi","tuparendi","Rio Grande do Sul","RS","926.63252240717","38020.8706786172","0.728","8363",7833,NA,NA,NA,2,3,1,"Menor porte",0,0
"5076","Turuçu","turuçu","turucu","Rio Grande do Sul","RS","700.847210049664","30654.3967280164","0.629","3419",2772,NA,NA,NA,2,1,3,"Menor porte",0,0
"5077","Ubiretama","ubiretama","ubiretama","Rio Grande do Sul","RS","793.242561775088","33102.3701462431","0.7","1994",1780,NA,NA,NA,NA,NA,NA,"Menor porte",0,0
"5078","União da Serra","união da serra","uniao da serra","Rio Grande do Sul","RS","873.881932021467","47477.6386404293","0.733","1170",1035,NA,NA,NA,NA,NA,NA,"Menor porte",0,0
"5079","Unistalda","unistalda","unistalda","Rio Grande do Sul","RS","545.885394226626","31107.2813442482","0.649","1995",1507,4,0,0.0026542800265428,NA,NA,NA,"Menor porte",4,26.542800265428
"5080","Uruguaiana","uruguaiana","uruguaiana","Rio Grande do Sul","RS","552.598805038387","22742.4132549304","0.744","117210",78579,22,0,0.000279973020781634,3,2,1,"Maior porte",22,2.79973020781634
"5081","Vacaria","vacaria","vacaria","Rio Grande do Sul","RS","664.333458505445","36930.8899737139","0.721","64197",50621,64,0,0.00126429742596946,1,2,1,"Médio porte",64,12.6429742596946
"5082","Vale do Sol","vale do sol","vale do sol","Rio Grande do Sul","RS","490.446398376733","20244.5045654379","0.624","9902",6721,NA,NA,NA,3,3,3,"Menor porte",0,0
"5083","Vale Real","vale real","vale real","Rio Grande do Sul","RS","671.961210499916","24975.2549740846","0.737","6058",4446,4,0,0.000899685110211426,3,1,1,"Menor porte",4,8.99685110211426
"5084","Vale Verde","vale verde","vale verde","Rio Grande do Sul","RS","534.850640113798","25926.0312944523","0.646","3150",2243,NA,NA,NA,1,1,3,"Menor porte",0,0
"5085","Vanini","vanini","vanini","Rio Grande do Sul","RS","737.983034872762","30414.7031102733","0.757","2004",1781,NA,NA,NA,3,2,1,"Menor porte",0,0
"5086","Venâncio Aires","venâncio aires","venancio aires","Rio Grande do Sul","RS","699.345587928807","48136.8013004877","0.712","68763",55794,11,4,0.000268846112485213,1,1,1,"Médio porte",15,2.68846112485213
"5087","Vera Cruz","vera cruz","vera cruz","Rio Grande do Sul","RS","667.847522048784","25853.1680135798","0.737","26714",20560,174,0,0.00846303501945525,2,2,1,"Médio porte",174,84.6303501945525
"5088","Veranópolis","veranópolis","veranopolis","Rio Grande do Sul","RS","717.596954735612","58373.9494214751","0.773","24021",20815,NA,NA,NA,2,1,1,"Médio porte",0,0
"5089","Vespasiano Corrêa","vespasiano corrêa","vespasiano correa","Rio Grande do Sul","RS","840.111420612813","38869.6378830084","0.723","1818",1648,NA,NA,NA,3,2,1,"Menor porte",0,0
"5090","Viadutos","viadutos","viadutos","Rio Grande do Sul","RS","716.84434968017","31756.9296375267","0.702","4766",3673,NA,NA,NA,NA,NA,NA,"Menor porte",0,0
"5091","Viamão","viamão","viamao","Rio Grande do Sul","RS","522.621750903231","15764.0478810154","0.717","224124",149077,60,27,0.000583591030138787,1,3,1,"Maior porte",87,5.83591030138787
"5092","Vicente Dutra","vicente dutra","vicente dutra","Rio Grande do Sul","RS","568.601869971733","22030.4414003044","0.638","4665",3112,NA,NA,NA,2,1,3,"Menor porte",0,0
"5093","Victor Graeff","victor graeff","victor graeff","Rio Grande do Sul","RS","904.895104895105","58201.0489510489","0.777","2780",2877,NA,NA,NA,NA,NA,NA,"Menor porte",0,0
"5094","Vila Flores","vila flores","vila flores","Rio Grande do Sul","RS","871.319199057715","64656.3604240283","0.742","3646",3228,NA,NA,NA,1,2,1,"Menor porte",0,0
"5095","Vila Lângaro","vila lângaro","vila langaro","Rio Grande do Sul","RS","738.461538461538","51827.8846153846","0.705","2079",1762,NA,NA,NA,2,2,1,"Menor porte",0,0
"5096","Vila Maria","vila maria","vila maria","Rio Grande do Sul","RS","798.991519596608","51157.6896630759","0.761","4413",4061,8,0,0.00196995813838956,1,2,1,"Menor porte",8,19.6995813838956
"5097","Vila Nova do Sul","vila nova do sul","vila nova do sul","Rio Grande do Sul","RS","608.370353051204","27706.1024082301","0.662","3863",3039,4,0,0.00131622244159263,NA,NA,NA,"Menor porte",4,13.1622244159263
"5098","Vista Alegre","vista alegre","vista alegre","Rio Grande do Sul","RS","694.779116465863","34402.3366192041","0.739","2660",2182,NA,NA,NA,1,1,1,"Menor porte",0,0
"5099","Vista Alegre do Prata","vista alegre do prata","vista alegre do prata","Rio Grande do Sul","RS","730.892742453436","36156.7116249197","0.78","1590",1222,NA,NA,NA,NA,NA,NA,"Menor porte",0,0
"5100","Vista Gaúcha","vista gaúcha","vista gaucha","Rio Grande do Sul","RS","631.873905429072","25305.7793345009","0.757","2783",2159,NA,NA,NA,NA,NA,NA,"Menor porte",0,0
"5101","Vitória das Missões","vitória das missões","vitoria das missoes","Rio Grande do Sul","RS","716.364812419146","31316.3001293661","0.655","3254",2545,2,0,0.000785854616895874,2,2,1,"Menor porte",2,7.85854616895874
"5102","Westfália","westfália","westfalia","Rio Grande do Sul","RS","788.518640712636","60923.4576047509","0.752","3098",2632,NA,NA,NA,2,2,1,"Menor porte",0,0
"5103","Xangri-lá","xangri-lá","xangri-la","Rio Grande do Sul","RS","642.20566318927","33040","0.735","16463",13502,NA,NA,NA,3,1,1,"Menor porte",0,0
"5104","Água Clara","água clara","agua clara","Mato Grosso do Sul","MS","541.518762677485","71526.8128803245","0.67","16741",10618,1,0,0.0000941796948577887,2,2,1,"Menor porte",1,0.941796948577887
"5105","Alcinópolis","alcinópolis","alcinopolis","Mato Grosso do Sul","MS","529.813549935389","30979.6935573195","0.711","4537",3523,NA,NA,NA,3,2,1,"Menor porte",0,0
"5106","Amambai","amambai","amambai","Mato Grosso do Sul","MS","518.128860543364","24421.1319238688","0.673","39325",24122,NA,NA,NA,1,1,3,"Médio porte",0,0
"5107","Anastácio","anastácio","anastacio","Mato Grosso do Sul","MS","514.32420652217","19840.2742005785","0.663","24114",14796,5,0,0.000337929170045958,3,2,3,"Médio porte",5,3.37929170045958
"5108","Anaurilândia","anaurilândia","anaurilandia","Mato Grosso do Sul","MS","412.847069193477","28762.560599383","0.67","7653",4477,2,0,0.000446727719454992,2,3,3,"Menor porte",2,4.46727719454992
"5109","Angélica","angélica","angelica","Mato Grosso do Sul","MS","645.170142700329","68154.3175997073","0.697","10729",7984,NA,NA,NA,NA,NA,NA,"Menor porte",0,0
"5110","Antônio João","antônio joão","antonio joao","Mato Grosso do Sul","MS","402.439024390244","41475.6097560976","0.643","9303",4866,NA,NA,NA,1,3,3,"Menor porte",0,0
"5111","Aparecida do Taboado","aparecida do taboado","aparecida do taboado","Mato Grosso do Sul","MS","611.684376078868","44452.529824696","0.697","27674",18771,2,0,0.000106547333652975,2,1,1,"Médio porte",2,1.06547333652975
"5112","Aquidauana","aquidauana","aquidauana","Mato Grosso do Sul","MS","433.134148118845","20000.2290282954","0.688","46803",23323,NA,NA,NA,1,1,3,"Médio porte",0,0
"5113","Aral Moreira","aral moreira","aral moreira","Mato Grosso do Sul","MS","246.107687317548","41016.623418748","0.633","10748",3859,1,0,0.000259134490800726,1,2,3,"Menor porte",1,2.59134490800726
"5114","Bandeirantes","bandeirantes","bandeirantes","Mato Grosso do Sul","MS","530.966143682907","52492.0176162951","0.681","7940",4965,4,0,0.00080563947633434,NA,NA,NA,"Menor porte",4,8.0563947633434
"5115","Bataguassu","bataguassu","bataguassu","Mato Grosso do Sul","MS","575.34833869239","36037.4276527331","0.71","23031",15310,0,3,0.000195950359242325,2,2,1,"Médio porte",3,1.95950359242325
"5116","Batayporã","batayporã","bataypora","Mato Grosso do Sul","MS","524.539607013834","34213.8514406556","0.684","10712",6888,4,1,0.000725900116144019,3,2,3,"Menor porte",5,7.25900116144019
"5117","Bela Vista","bela vista","bela vista","Mato Grosso do Sul","MS","344.289468364665","22313.4424903982","0.698","21613",9776,NA,NA,NA,3,2,3,"Médio porte",0,0
"5118","Bodoquena","bodoquena","bodoquena","Mato Grosso do Sul","MS","504.337841286042","28085.3534064812","0.666","8567",4761,NA,NA,NA,3,2,3,"Menor porte",0,0
"5119","Bonito","bonito","bonito","Mato Grosso do Sul","MS","570.166741775575","35748.2649842271","0.67","23659",15035,NA,NA,NA,2,2,1,"Médio porte",0,0
"5120","Brasilândia","brasilândia","brasilandia","Mato Grosso do Sul","MS","604.910149329284","50644.984392137","0.701","11579",8175,NA,NA,NA,NA,NA,NA,"Menor porte",0,0
"5121","Caarapó","caarapó","caarapo","Mato Grosso do Sul","MS","493.9692086425","40688.4254568038","0.692","30612",18055,1,0,0.000055386319579064,1,2,1,"Médio porte",1,0.55386319579064
"5122","Camapuã","camapuã","camapua","Mato Grosso do Sul","MS","603.812166800555","30911.4876214124","0.703","13583",9437,2,0,0.000211931757973932,2,3,1,"Menor porte",2,2.11931757973932
"5123","Campo Grande","campo grande","campo grande","Mato Grosso do Sul","MS","676.597961354918","33368.4614807326","0.784","898100",685645,112,8,0.000175017684078495,3,1,2,"Maior porte",120,1.75017684078495
"5124","Caracol","caracol","caracol","Mato Grosso do Sul","MS","318.990617923002","19454.5454545455","0.647","5036",2384,1,0,0.000419463087248322,1,2,3,"Menor porte",1,4.19463087248322
"5125","Cassilândia","cassilândia","cassilandia","Mato Grosso do Sul","MS","746.795745841287","28939.9145532224","0.727","20988",18043,2,0,0.000110846311588982,2,2,1,"Médio porte",2,1.10846311588982
"5126","Chapadão do Sul","chapadão do sul","chapadao do sul","Mato Grosso do Sul","MS","807.539145563503","72506.8238932921","0.754","30993",25267,6,0,0.000237463885700716,2,1,1,"Médio porte",6,2.37463885700716
"5127","Corguinho","corguinho","corguinho","Mato Grosso do Sul","MS","296.333002973241","18376.9408655434","0.671","4783",2054,NA,NA,NA,1,2,3,"Menor porte",0,0
"5128","Coronel Sapucaia","coronel sapucaia","coronel sapucaia","Mato Grosso do Sul","MS","246.091714434601","13933.36373111","0.589","14289",4431,NA,NA,NA,2,2,2,"Menor porte",0,0
"5129","Corumbá","corumbá","corumba","Mato Grosso do Sul","MS","383.435363829445","24804.9135269236","0.7","96268",49253,5,0,0.000101516658883723,1,3,3,"Maior porte",5,1.01516658883723
"5130","Costa Rica","costa rica","costa rica","Mato Grosso do Sul","MS","719.657553684609","72535.7582064138","0.706","26037",18109,NA,NA,NA,2,1,1,"Médio porte",0,0
"5131","Coxim","coxim","coxim","Mato Grosso do Sul","MS","653.576018410592","26706.3869213067","0.703","32151",24822,5,0,0.000201434211586496,2,1,1,"Médio porte",5,2.01434211586496
"5132","Deodápolis","deodápolis","deodapolis","Mato Grosso do Sul","MS","613.062230437461","23407.0394331485","0.694","13663",9182,3,1,0.000435634937922021,2,3,3,"Menor porte",4,4.35634937922021
"5133","Dois Irmãos do Buriti","dois irmãos do buriti","dois irmaos do buriti","Mato Grosso do Sul","MS","351.181651696172","18564.7510246795","0.639","11100",4784,NA,NA,NA,2,1,3,"Menor porte",0,0
"5134","Douradina","douradina","douradina","Mato Grosso do Sul","MS","708.284518828452","21542.0920502092","0.699","5578",4689,1,0,0.000213265088505012,1,2,1,"Menor porte",1,2.13265088505012
"5135","Dourados","dourados","dourados","Mato Grosso do Sul","MS","716.162220891816","41996.1639947671","0.747","243367",186006,88,0,0.000473103018182209,3,1,2,"Maior porte",88,4.73103018182209
"5136","Eldorado","eldorado","eldorado","Mato Grosso do Sul","MS","537.177419354839","28738.7903225806","0.684","11386",7822,1,0,0.000127844541038098,NA,NA,NA,"Menor porte",1,1.27844541038098
"5137","Fátima do Sul","fátima do sul","fatima do sul","Mato Grosso do Sul","MS","715.179968701096","25710.9024517475","0.714","20609",15583,1,0,0.0000641724956683565,1,3,1,"Menor porte",1,0.641724956683565
"5138","Figueirão","figueirão","figueirao","Mato Grosso do Sul","MS","427.263811703171","34331.1539718862","0.66","3539",1531,NA,NA,NA,NA,NA,NA,"Menor porte",0,0
"5139","Glória de Dourados","glória de dourados","gloria de dourados","Mato Grosso do Sul","MS","667.236180904523","21079.2964824121","0.721","10444",7326,0,1,0.000136500136500137,3,2,1,"Menor porte",1,1.36500136500137
"5140","Guia Lopes da Laguna","guia lopes da laguna","guia lopes da laguna","Mato Grosso do Sul","MS","584.181596091205","24609.0187296417","0.675","9940",6573,1,0,0.000152137532329226,1,3,3,"Menor porte",1,1.52137532329226
"5141","Iguatemi","iguatemi","iguatemi","Mato Grosso do Sul","MS","463.526211671612","25790.6775469832","0.662","13808",8884,NA,NA,NA,3,3,3,"Menor porte",0,0
"5142","Inocência","inocência","inocencia","Mato Grosso do Sul","MS","663.811280969953","62295.7301001581","0.681","8404",6047,NA,NA,NA,1,3,1,"Menor porte",0,0
"5143","Itaporã","itaporã","itapora","Mato Grosso do Sul","MS","443.645179238534","32224.9423734202","0.654","24137",13232,1,0,0.0000755743651753325,3,3,3,"Médio porte",1,0.755743651753325
"5144","Itaquiraí","itaquiraí","itaquirai","Mato Grosso do Sul","MS","404.846556886228","32107.2230538922","0.62","19423",10417,2,0,0.000191993856196602,2,2,3,"Médio porte",2,1.91993856196602
"5145","Ivinhema","ivinhema","ivinhema","Mato Grosso do Sul","MS","800.361570247934","59508.0922865014","0.72","27821",21366,6,0,0.0002808199943836,2,1,1,"Médio porte",6,2.808199943836
"5146","Japorã","japorã","japora","Mato Grosso do Sul","MS","186.844098236503","11652.6019690577","0.526","8148",2049,NA,NA,NA,3,2,2,"Menor porte",0,0
"5147","Jaraguari","jaraguari","jaraguari","Mato Grosso do Sul","MS","290.846524432209","27351.686166552","0.664","7139",2613,2,0,0.000765403750478377,3,2,3,"Menor porte",2,7.65403750478377
"5148","Jardim","jardim","jardim","Mato Grosso do Sul","MS","550.080036588155","22748.6851131946","0.712","23981",16452,3,0,0.000182348650619985,3,1,1,"Médio porte",3,1.82348650619985
"5149","Jateí","jateí","jatei","Mato Grosso do Sul","MS","511.812981845312","75117.6324297438","0.708","3586",2314,1,0,0.000432152117545376,NA,NA,NA,"Menor porte",1,4.32152117545376
"5150","Juti","juti","juti","Mato Grosso do Sul","MS","443.494916752615","42536.6141152203","0.623","6729",3691,NA,NA,NA,3,2,3,"Menor porte",0,0
"5151","Ladário","ladário","ladario","Mato Grosso do Sul","MS","355.903583941914","15335.3455190173","0.704","21522",9904,NA,NA,NA,NA,NA,NA,"Médio porte",0,0
"5152","Laguna Carapã","laguna carapã","laguna carapa","Mato Grosso do Sul","MS","453.02601428764","66307.9929909691","0.672","6799",4116,2,0,0.000485908649173955,3,2,1,"Menor porte",2,4.85908649173955
"5153","Maracaju","maracaju","maracaju","Mato Grosso do Sul","MS","537.940943734122","53062.034067719","0.736","45047",31556,7,0,0.000221827861579414,2,2,1,"Médio porte",7,2.21827861579414
"5154","Miranda","miranda","miranda","Mato Grosso do Sul","MS","367.363571934798","18270.3047484054","0.632","25536",12095,4,0,0.000330715171558495,2,2,3,"Médio porte",4,3.30715171558495
"5155","Mundo Novo","mundo novo","mundo novo","Mato Grosso do Sul","MS","572.998430141287","29472.3109402912","0.686","19193",12111,6,1,0.000577986954008752,1,3,3,"Menor porte",7,5.77986954008752
"5156","Naviraí","naviraí","navirai","Mato Grosso do Sul","MS","595.000808059042","34276.9667259243","0.7","50457",38572,12,0,0.000311106502125894,1,2,1,"Médio porte",12,3.11106502125894
"5157","Nioaque","nioaque","nioaque","Mato Grosso do Sul","MS","456.860481892945","22734.9588803924","0.639","13220",7257,2,0,0.000275595976298746,2,2,3,"Menor porte",2,2.75595976298746
"5158","Nova Alvorada do Sul","nova alvorada do sul","nova alvorada do sul","Mato Grosso do Sul","MS","459.429335711101","68765.5818100758","0.694","21822",12301,6,0,0.000487765222339647,2,2,1,"Médio porte",6,4.87765222339647
"5159","Nova Andradina","nova andradina","nova andradina","Mato Grosso do Sul","MS","624.076488483268","39111.7267854556","0.721","48563",39571,12,0,0.000303252381794749,2,1,1,"Médio porte",12,3.03252381794749
"5160","Novo Horizonte do Sul","novo horizonte do sul","novo horizonte do sul","Mato Grosso do Sul","MS","856.406080347448","48429.4245385451","0.649","4721",3521,NA,NA,NA,1,3,1,"Menor porte",0,0
"5161","Paraíso das Águas","paraíso das águas","paraiso das aguas","Mato Grosso do Sul","MS","339.051998585073","130726.742129466","0","5510",2732,NA,NA,NA,NA,NA,NA,"Menor porte",0,0
"5162","Paranaíba","paranaíba","paranaiba","Mato Grosso do Sul","MS","760.313180054877","32475.6126407418","0.721","40957",36060,5,0,0.000138657792567942,2,1,1,"Médio porte",5,1.38657792567942
"5163","Paranhos","paranhos","paranhos","Mato Grosso do Sul","MS","169.25853929464","12461.3996112191","0.588","12921",2854,NA,NA,NA,1,2,2,"Menor porte",0,0
"5164","Pedro Gomes","pedro gomes","pedro gomes","Mato Grosso do Sul","MS","515.417924156935","29288.5448103923","0.671","6941",4471,NA,NA,NA,3,3,3,"Menor porte",0,0
"5165","Ponta Porã","ponta porã","ponta pora","Mato Grosso do Sul","MS","480.534826532676","34268.1371557533","0.701","92017",52348,27,8,0.00066860242989226,1,1,1,"Médio porte",35,6.68602429892259
"5166","Porto Murtinho","porto murtinho","porto murtinho","Mato Grosso do Sul","MS","180.714533472078","20512.4291825645","0.666","12859",3553,NA,NA,NA,3,2,2,"Menor porte",0,0
"5167","Ribas do Rio Pardo","ribas do rio pardo","ribas do rio pardo","Mato Grosso do Sul","MS","415.004405992149","44975.0861171193","0.664","23150",13836,4,0,0.000289100896212778,3,2,3,"Médio porte",4,2.89100896212778
"5168","Rio Brilhante","rio brilhante","rio brilhante","Mato Grosso do Sul","MS","489.394018750327","61136.5160006285","0.715","37601",22341,2,0,0.000089521507542187,1,2,1,"Médio porte",2,0.89521507542187
"5169","Rio Negro","rio negro","rio negro","Mato Grosso do Sul","MS","581.890256624244","22057.7926142291","0.709","4841",3188,NA,NA,NA,3,3,1,"Menor porte",0,0
"5170","Rio Verde de Mato Grosso","rio verde de mato grosso","rio verde de mato grosso","Mato Grosso do Sul","MS","551.744855554999","24133.8306714064","0.673","19818",12561,6,0,0.000477668975400048,2,2,3,"Menor porte",6,4.77668975400048
"5171","Rochedo","rochedo","rochedo","Mato Grosso do Sul","MS","423.114786375271","35262.6501279779","0.651","5199",2520,1,0,0.000396825396825397,2,3,3,"Menor porte",1,3.96825396825397
"5172","Santa Rita do Pardo","santa rita do pardo","santa rita do pardo","Mato Grosso do Sul","MS","425.316455696203","32360.6329113924","0.642","7027",4018,1,0,0.000248880039820806,2,3,3,"Menor porte",1,2.48880039820806
"5173","São Gabriel do Oeste","são gabriel do oeste","sao gabriel do oeste","Mato Grosso do Sul","MS","763.087322287939","57837.8090444877","0.729","29579",25233,5,0,0.000198153212063568,2,1,1,"Médio porte",5,1.98153212063568
"5174","Selvíria","selvíria","selviria","Mato Grosso do Sul","MS","659.125649648426","352819.779883828","0.682","8142",4896,NA,NA,NA,NA,NA,NA,"Menor porte",0,0
"5175","Sete Quedas","sete quedas","sete quedas","Mato Grosso do Sul","MS","445.641073252251","24829.17092192","0.614","10994",5342,NA,NA,NA,1,2,3,"Menor porte",0,0
"5176","Sidrolândia","sidrolândia","sidrolandia","Mato Grosso do Sul","MS","339.961178158494","33625.7068107013","0.686","47118",25682,16,0,0.000623004438906627,2,2,3,"Médio porte",16,6.23004438906627
"5177","Sonora","sonora","sonora","Mato Grosso do Sul","MS","452.563257441306","38759.5963693525","0.681","14516",10681,NA,NA,NA,3,2,3,"Menor porte",0,0
"5178","Tacuru","tacuru","tacuru","Mato Grosso do Sul","MS","235.052252869625","16948.0041117012","0.593","10808",3173,NA,NA,NA,2,2,2,"Menor porte",0,0
"5179","Taquarussu","taquarussu","taquarussu","Mato Grosso do Sul","MS","503.344481605351","30602.8428093645","0.651","3625",2083,NA,NA,NA,2,3,3,"Menor porte",0,0
"5180","Terenos","terenos","terenos","Mato Grosso do Sul","MS","307.557591270376","25537.473618034","0.658","17652",8366,5,0,0.00059765718383935,3,2,3,"Médio porte",5,5.9765718383935
"5181","Três Lagoas","três lagoas","tres lagoas","Mato Grosso do Sul","MS","730.250403549614","83988.1084676471","0.744","132152",102514,38,0,0.00037068107770646,3,1,2,"Maior porte",38,3.7068107770646
"5182","Vicentina","vicentina","vicentina","Mato Grosso do Sul","MS","690.293010312653","43658.2091995417","0.711","6336",4868,NA,NA,NA,1,3,1,"Menor porte",0,0
"5183","Acorizal","acorizal","acorizal","Mato Grosso","MT","247.656542932133","15810.6486689164","0.628","5014",1704,NA,NA,NA,3,2,2,"Menor porte",0,0
"5184","Água Boa","água boa","agua boa","Mato Grosso","MT","673.637612578232","41208.899404671","0.729","29219",23268,NA,NA,NA,3,1,1,"Médio porte",0,0
"5185","Alta Floresta","alta floresta","alta floresta","Mato Grosso","MT","903.731788525568","29998.9222271406","0.714","58613",55745,NA,NA,NA,3,1,1,"Médio porte",0,0
"5186","Alto Araguaia","alto araguaia","alto araguaia","Mato Grosso","MT","414.856848078411","43882.5896311581","0.704","17193",10044,8,0,0.000796495420151334,2,3,3,"Menor porte",8,7.96495420151334
"5187","Alto Boa Vista","alto boa vista","alto boa vista","Mato Grosso","MT","348.039215686274","17791.8108419839","0.651","5715",3234,NA,NA,NA,3,2,3,"Menor porte",0,0
"5188","Alto Garças","alto garças","alto garcas","Mato Grosso","MT","548.926014319809","54520.1218006748","0.701","13052",8345,2,0,0.000239664469742361,2,2,1,"Menor porte",2,2.39664469742361
"5189","Alto Paraguai","alto paraguai","alto paraguai","Mato Grosso","MT","194.892355966181","10645.3412359453","0.638","8009",2749,NA,NA,NA,1,1,2,"Menor porte",0,0
"5190","Alto Taquari","alto taquari","alto taquari","Mato Grosso","MT","413.186023533639","77048.5942692895","0.705","10904",5854,5,0,0.000854116843184148,1,2,1,"Menor porte",5,8.54116843184148
"5191","Apiacás","apiacás","apiacas","Mato Grosso","MT","421.375085091899","16234.9508898181","0.675","8590",5523,NA,NA,NA,1,1,3,"Menor porte",0,0
"5192","Araguaiana","araguaiana","araguaiana","Mato Grosso","MT","253.457703441621","22168.8645866838","0.687","3795",1225,NA,NA,NA,NA,NA,NA,"Menor porte",0,0
"5193","Araguainha","araguainha","araguainha","Mato Grosso","MT","193.446088794926","22276.955602537","0.701","1010",253,NA,NA,NA,NA,NA,NA,"Menor porte",0,0
"5194","Araputanga","araputanga","araputanga","Mato Grosso","MT","626.216742375081","27871.0400566338","0.725","14786",12231,NA,NA,NA,1,2,1,"Menor porte",0,0
"5195","Arenápolis","arenápolis","arenapolis","Mato Grosso","MT","712.586823826563","18652.4942117449","0.704","10576",7929,NA,NA,NA,1,3,1,"Menor porte",0,0
"5196","Aripuanã","aripuanã","aripuana","Mato Grosso","MT","484.01866690147","41335.5639693581","0.675","24626",15451,NA,NA,NA,3,2,1,"Médio porte",0,0
"5197","Barão de Melgaço","barão de melgaço","barao de melgaco","Mato Grosso","MT","111.709946104851","11075.6981871632","0.6","7253",1086,NA,NA,NA,NA,NA,NA,"Menor porte",0,0
"5198","Barra do Bugres","barra do bugres","barra do bugres","Mato Grosso","MT","491.743846829241","36627.7791939275","0.693","29403",20205,NA,NA,NA,2,2,1,"Médio porte",0,0
"5199","Barra do Garças","barra do garças","barra do garcas","Mato Grosso","MT","774.482702216406","34519.2933671383","0.748","69210",57837,7,0,0.000121029790618462,2,1,1,"Médio porte",7,1.21029790618462
"5200","Bom Jesus do Araguaia","bom jesus do araguaia","bom jesus do araguaia","Mato Grosso","MT","436.176558305995","47646.585147629","0.661","7280",4638,2,0,0.00043122035360069,1,1,3,"Menor porte",2,4.3122035360069
"5201","Brasnorte","brasnorte","brasnorte","Mato Grosso","MT","397.666335650447","47097.5173783515","0.696","17004",10459,NA,NA,NA,2,1,1,"Médio porte",0,0
"5202","Cáceres","cáceres","caceres","Mato Grosso","MT","547.506351398362","20136.6209506541","0.708","89681",59407,11,0,0.000185163364586665,3,1,1,"Médio porte",11,1.85163364586665
"5203","Campinápolis","campinápolis","campinapolis","Mato Grosso","MT","287.191914415746","17470.7133991371","0.538","15347",6043,NA,NA,NA,1,1,2,"Menor porte",0,0
"5204","Campo Novo do Parecis","campo novo do parecis","campo novo do parecis","Mato Grosso","MT","676.894557729021","94098.2486235232","0.734","45899",32236,NA,NA,NA,2,2,1,"Médio porte",0,0
"5205","Campo Verde","campo verde","campo verde","Mato Grosso","MT","613.358111062527","51753.9790118059","0.75","44585",35420,NA,NA,NA,2,2,1,"Médio porte",0,0
"5206","Campos de Júlio","campos de júlio","campos de julio","Mato Grosso","MT","589.391796322489","188898.585572843","0.744","8822",5710,NA,NA,NA,NA,NA,NA,"Menor porte",0,0
"5207","Canabrava do Norte","canabrava do norte","canabrava do norte","Mato Grosso","MT","412.225042301184","27238.3671742809","0.667","4485",2489,NA,NA,NA,3,2,3,"Menor porte",0,0
"5208","Canarana","canarana","canarana","Mato Grosso","MT","638.906693526234","58759.9120959619","0.693","25858",18655,NA,NA,NA,2,1,1,"Médio porte",0,0
"5209","Carlinda","carlinda","carlinda","Mato Grosso","MT","529.953917050691","17631.2383567016","0.665","10332",6815,NA,NA,NA,1,2,3,"Menor porte",0,0
"5210","Castanheira","castanheira","castanheira","Mato Grosso","MT","558.806720768088","15412.9614813121","0.665","7506",5916,NA,NA,NA,1,1,3,"Menor porte",0,0
"5211","Chapada dos Guimarães","chapada dos guimarães","chapada dos guimaraes","Mato Grosso","MT","444.096026319848","36860.9983036036","0.688","18990",10527,NA,NA,NA,1,2,3,"Menor porte",0,0
"5212","Cláudia","cláudia","claudia","Mato Grosso","MT","602.04164965292","36832.5847284606","0.699","9593",9557,NA,NA,NA,3,1,1,"Menor porte",0,0
"5213","Cocalinho","cocalinho","cocalinho","Mato Grosso","MT","179.369829255413","29168.8083083964","0.66","6220",1618,NA,NA,NA,NA,NA,NA,"Menor porte",0,0
"5214","Colíder","colíder","colider","Mato Grosso","MT","735.02927278671","26793.9017504235","0.713","31370",28563,NA,NA,NA,2,1,1,"Médio porte",0,0
"5215","Colniza","colniza","colniza","Mato Grosso","MT","313.338852512481","14129.9264945686","0.611","25766",17153,NA,NA,NA,3,3,3,"Médio porte",0,0
"5216","Comodoro","comodoro","comodoro","Mato Grosso","MT","505.997715156131","34928.0750190404","0.689","18238",13062,NA,NA,NA,2,2,1,"Médio porte",0,0
"5217","Confresa","confresa","confresa","Mato Grosso","MT","442.145350682323","28022.1516978737","0.668","35075",20169,NA,NA,NA,2,1,3,"Médio porte",0,0
"5218","Conquista D'Oeste","conquista d'oeste","conquista doeste","Mato Grosso","MT","462.326261887345","23882.7115337722","0.718","3760",2431,1,0,0.000411353352529823,NA,NA,NA,"Menor porte",1,4.11353352529823
"5219","Cotriguaçu","cotriguaçu","cotriguacu","Mato Grosso","MT","252.989425832592","11204.911552525","0.601","11011",6623,NA,NA,NA,3,3,2,"Médio porte",0,0
"5220","Cuiabá","cuiabá","cuiaba","Mato Grosso","MT","705.683649235428","39836.4130821647","0.785","650877",490560,189,21,0.000428082191780822,2,1,2,"Maior porte",210,4.28082191780822
"5221","Curvelândia","curvelândia","curvelandia","Mato Grosso","MT","505.247090249952","23139.4771990078","0.69","4903",3464,NA,NA,NA,1,2,3,"Menor porte",0,0
"5222","Denise","denise","denise","Mato Grosso","MT","365.884325230511","58491.3034367142","0.683","7014",4555,NA,NA,NA,2,2,3,"Menor porte",0,0
"5223","Diamantino","diamantino","diamantino","Mato Grosso","MT","667.823969699702","110510.145188926","0.718","21941",18299,NA,NA,NA,NA,NA,NA,"Médio porte",0,0
"5224","Dom Aquino","dom aquino","dom aquino","Mato Grosso","MT","501.899742615517","39244.3926951832","0.69","7872",5026,NA,NA,NA,2,1,3,"Menor porte",0,0
"5225","Feliz Natal","feliz natal","feliz natal","Mato Grosso","MT","368.819721801405","35973.3507781297","0.692","10521",7120,NA,NA,NA,2,2,3,"Menor porte",0,0
"5226","Figueirópolis D'Oeste","figueirópolis d'oeste","figueiropolis doeste","Mato Grosso","MT","679.026651216686","17202.201622248","0.679","3187",2764,NA,NA,NA,NA,NA,NA,"Menor porte",0,0
"5227","Gaúcha do Norte","gaúcha do norte","gaucha do norte","Mato Grosso","MT","426.882549473143","69348.3680287844","0.615","8642",4798,NA,NA,NA,NA,NA,NA,"Menor porte",0,0
"5228","General Carneiro","general carneiro","general carneiro","Mato Grosso","MT","162.017167381974","40684.0128755365","0.67","6037",1314,8,1,0.00684931506849315,NA,NA,NA,"Menor porte",9,68.4931506849315
"5229","Glória D'Oeste","glória d'oeste","gloria doeste","Mato Grosso","MT","579.787234042553","26772.6063829787","0.71","2905",2145,NA,NA,NA,2,3,1,"Menor porte",0,0
"5230","Guarantã do Norte","guarantã do norte","guaranta do norte","Mato Grosso","MT","668.1428176031","24333.1303625796","0.703","31024",30218,NA,NA,NA,2,2,1,"Médio porte",0,0
"5231","Guiratinga","guiratinga","guiratinga","Mato Grosso","MT","414.36536569367","27496.2938668416","0.705","10966",7206,NA,NA,NA,3,2,3,"Menor porte",0,0
"5232","Indiavaí","indiavaí","indiavai","Mato Grosso","MT","333.213386110112","26444.4044620367","0.661","2213",1105,NA,NA,NA,3,2,3,"Menor porte",0,0
"5233","Ipiranga do Norte","ipiranga do norte","ipiranga do norte","Mato Grosso","MT","489.772727272727","92723.9898989899","0.727","7815",5445,NA,NA,NA,3,2,1,"Menor porte",0,0
"5234","Itanhangá","itanhangá","itanhanga","Mato Grosso","MT","494.843863471314","41674.2193173566","0.71","7539",4852,NA,NA,NA,1,2,1,"Menor porte",0,0
"5235","Itaúba","itaúba","itauba","Mato Grosso","MT","811.015118790497","50899.2980561555","0.69","5020",3942,NA,NA,NA,NA,NA,NA,"Menor porte",0,0
"5236","Itiquira","itiquira","itiquira","Mato Grosso","MT","348.288075560803","95389.4628099174","0.693","12236",6183,3,3,0.000970402717127608,2,3,1,"Menor porte",6,9.70402717127608
"5237","Jaciara","jaciara","jaciara","Mato Grosso","MT","851.727982162765","34619.9158485274","0.735","28569",25996,0,5,0.000192337282658871,2,2,1,"Médio porte",5,1.92337282658871
"5238","Jangada","jangada","jangada","Mato Grosso","MT","340.196426458407","21445.7460655544","0.63","7426",3550,NA,NA,NA,NA,NA,NA,"Menor porte",0,0
"5239","Jauru","jauru","jauru","Mato Grosso","MT","724.889303192729","34081.7991144255","0.673","8367",6929,NA,NA,NA,1,3,1,"Menor porte",0,0
"5240","Juara","juara","juara","Mato Grosso","MT","674.525212835625","24977.1361863273","0.682","34906",28612,NA,NA,NA,3,1,1,"Médio porte",0,0
"5241","Juína","juína","juina","Mato Grosso","MT","776.988394442958","26527.6757256514","0.716","45869",38748,NA,NA,NA,3,1,1,"Médio porte",0,0
"5242","Juruena","juruena","juruena","Mato Grosso","MT","350.290786654423","12646.8319559229","0.662","10213",7507,NA,NA,NA,1,1,3,"Menor porte",0,0
"5243","Juscimeira","juscimeira","juscimeira","Mato Grosso","MT","447.029348604152","28387.9742304939","0.714","11480",6218,NA,NA,NA,2,3,3,"Menor porte",0,0
"5244","Lambari D'Oeste","lambari d'oeste","lambari doeste","Mato Grosso","MT","415.939217588102","41382.6382153249","0.627","4790",3021,NA,NA,NA,NA,NA,NA,"Menor porte",0,0
"5245","Lucas do Rio Verde","lucas do rio verde","lucas do rio verde","Mato Grosso","MT","766.770186335404","66009.83436853","0.768","83798",67095,22,7,0.000432222967434235,3,2,1,"Médio porte",29,4.32222967434235
"5246","Luciara","luciara","luciara","Mato Grosso","MT","310.495626822157","15055.879494655","0.676","2509",824,NA,NA,NA,NA,NA,NA,"Menor porte",0,0
"5247","Marcelândia","marcelândia","marcelandia","Mato Grosso","MT","756.916804193768","32660.2271624114","0.701","11396",9835,NA,NA,NA,3,2,1,"Menor porte",0,0
"5248","Matupá","matupá","matupa","Mato Grosso","MT","726.612278925743","59926.2788066456","0.716","20091",16845,NA,NA,NA,1,3,1,"Menor porte",0,0
"5249","Mirassol d'Oeste","mirassol d'oeste","mirassol doeste","Mato Grosso","MT","720.482445152285","28038.9391933002","0.704","26785",22771,NA,NA,NA,3,2,1,"Médio porte",0,0
"5250","Nobres","nobres","nobres","Mato Grosso","MT","626.646667536194","40046.8892656841","0.699","15492",12181,NA,NA,NA,NA,NA,NA,"Menor porte",0,0
"5251","Nortelândia","nortelândia","nortelandia","Mato Grosso","MT","548.033091338849","24497.3830828972","0.702","5956",3812,NA,NA,NA,1,2,3,"Menor porte",0,0
"5252","Nossa Senhora do Livramento","nossa senhora do livramento","nossa senhora do livramento","Mato Grosso","MT","268.620268620269","22952.7625152625","0.638","12940",4654,2,0,0.000429737859905458,2,1,2,"Menor porte",2,4.29737859905458
"5253","Nova Bandeirantes","nova bandeirantes","nova bandeirantes","Mato Grosso","MT","390.819254064393","14282.3716927","0.65","13635",8321,NA,NA,NA,1,2,3,"Menor porte",0,0
"5254","Nova Brasilândia","nova brasilândia","nova brasilandia","Mato Grosso","MT","552.431011826544","20353.7450722733","0.651","3932",2507,NA,NA,NA,3,3,3,"Menor porte",0,0
"5255","Nova Canaã do Norte","nova canaã do norte","nova canaa do norte","Mato Grosso","MT","644.376899696049","38295.6901254774","0.686","11707",9869,NA,NA,NA,3,1,1,"Menor porte",0,0
"5256","Nova Guarita","nova guarita","nova guarita","Mato Grosso","MT","767.921146953405","21409.4982078853","0.688","4590",4348,NA,NA,NA,1,2,1,"Menor porte",0,0
"5257","Nova Lacerda","nova lacerda","nova lacerda","Mato Grosso","MT","400.681380536217","29528.8105465857","0.636","6670",3577,NA,NA,NA,3,2,3,"Menor porte",0,0
"5258","Nova Marilândia","nova marilândia","nova marilandia","Mato Grosso","MT","442.191283292978","73452.4818401937","0.704","3529",1932,NA,NA,NA,NA,NA,NA,"Menor porte",0,0
"5259","Nova Maringá","nova maringá","nova maringa","Mato Grosso","MT","290.282485875706","57333.8983050847","0.663","5846",3625,NA,NA,NA,2,2,3,"Menor porte",0,0
"5260","Nova Monte Verde","nova monte verde","nova monte verde","Mato Grosso","MT","518.702166648701","21730.3007437749","0.691","8313",6086,NA,NA,NA,1,1,3,"Menor porte",0,0
"5261","Nova Mutum","nova mutum","nova mutum","Mato Grosso","MT","669.25853929464","67490.6115822528","0.758","55839",40939,4,3,0.000170986101272625,2,1,1,"Médio porte",7,1.70986101272625
"5262","Nova Nazaré","nova nazaré","nova nazare","Mato Grosso","MT","142.675483214649","19609.8677517803","0.595","4200",847,NA,NA,NA,1,2,2,"Menor porte",0,0
"5263","Nova Olímpia","nova olímpia","nova olimpia","Mato Grosso","MT","437.971113164422","33460.2927588387","0.682","16352",10496,NA,NA,NA,2,2,3,"Médio porte",0,0
"5264","Nova Santa Helena","nova santa helena","nova santa helena","Mato Grosso","MT","514.851485148515","44517.2598340915","0.714","4239",2671,NA,NA,NA,NA,NA,NA,"Menor porte",0,0
"5265","Nova Ubiratã","nova ubiratã","nova ubirata","Mato Grosso","MT","394.210440722069","105502.19547894","0.669","11530",7656,NA,NA,NA,NA,NA,NA,"Menor porte",0,0
"5266","Nova Xavantina","nova xavantina","nova xavantina","Mato Grosso","MT","653.313598166539","31408.3269671505","0.704","24345",16773,2,0,0.000119239253562273,3,2,1,"Médio porte",2,1.19239253562273
"5267","Novo Horizonte do Norte","novo horizonte do norte","novo horizonte do norte","Mato Grosso","MT","416.687237719082","14591.7057516663","0.664","3349",2080,NA,NA,NA,3,3,3,"Menor porte",0,0
"5268","Novo Mundo","novo mundo","novo mundo","Mato Grosso","MT","396.667734700417","23914.7709067607","0.674","6520",5386,NA,NA,NA,1,2,3,"Menor porte",0,0
"5269","Novo Santo Antônio","novo santo antônio","novo santo antonio","Mato Grosso","MT","133.826247689464","15359.3345656192","0.653","2015",489,NA,NA,NA,1,1,2,"Menor porte",0,0
"5270","Novo São Joaquim","novo são joaquim","novo sao joaquim","Mato Grosso","MT","706.763872012961","71022.6812474686","0.649","6919",4362,NA,NA,NA,2,3,1,"Menor porte",0,0
"5271","Paranaíta","paranaíta","paranaita","Mato Grosso","MT","623.621487015297","67335.2899324084","0.672","11671",8740,NA,NA,NA,3,3,1,"Menor porte",0,0
"5272","Paranatinga","paranatinga","paranatinga","Mato Grosso","MT","559.205634049254","46705.1310091422","0.667","26423",16152,2,0,0.000123823675086677,3,2,1,"Médio porte",2,1.23823675086677
"5273","Pedra Preta","pedra preta","pedra preta","Mato Grosso","MT","573.82781153273","48147.9995414422","0.679","18066",11778,1,0,0.0000849040584139922,2,2,1,"Menor porte",1,0.849040584139922
"5274","Peixoto de Azevedo","peixoto de azevedo","peixoto de azevedo","Mato Grosso","MT","449.119927556738","17225.1683739883","0.649","32714",20755,NA,NA,NA,3,2,3,"Médio porte",0,0
"5275","Planalto da Serra","planalto da serra","planalto da serra","Mato Grosso","MT","402.416006040015","33525.1038127595","0.656","3166",1492,NA,NA,NA,2,2,3,"Menor porte",0,0
"5276","Poconé","poconé","pocone","Mato Grosso","MT","422.932612937115","17365.0307669218","0.652","31217",16692,2,0,0.000119817876827223,2,3,3,"Médio porte",2,1.19817876827223
"5277","Pontal do Araguaia","pontal do araguaia","pontal do araguaia","Mato Grosso","MT","388.133859418384","11659.6521993278","0.734","6932",3483,NA,NA,NA,3,2,3,"Menor porte",0,0
"5278","Ponte Branca","ponte branca","ponte branca","Mato Grosso","MT","241.935483870968","15906.4516129032","0.686","2008",594,NA,NA,NA,NA,NA,NA,"Menor porte",0,0
"5279","Pontes e Lacerda","pontes e lacerda","pontes e lacerda","Mato Grosso","MT","714.335649058417","33528.1819373443","0.703","52018",40999,9,0,0.000219517549208517,3,2,1,"Médio porte",9,2.19517549208517
"5280","Porto Alegre do Norte","porto alegre do norte","porto alegre do norte","Mato Grosso","MT","337.485218762318","19947.2605439495","0.673","12127",5876,NA,NA,NA,1,1,3,"Menor porte",0,0
"5281","Porto dos Gaúchos","porto dos gaúchos","porto dos gauchos","Mato Grosso","MT","636.397538691031","95328.5474547828","0.685","5593",4750,NA,NA,NA,1,3,1,"Menor porte",0,0
"5282","Porto Esperidião","porto esperidião","porto esperidiao","Mato Grosso","MT","350.169463503348","18439.2824667273","0.652","10204",5307,NA,NA,NA,2,2,3,"Menor porte",0,0
"5283","Porto Estrela","porto estrela","porto estrela","Mato Grosso","MT","367.049009384776","19165.1025373653","0.599","3224",1351,NA,NA,NA,NA,NA,NA,"Menor porte",0,0
"5284","Poxoréu","poxoréu","poxoreu","Mato Grosso","MT","414.300075395828","33273.435536567","0.678","23283",8358,4,0,0.000478583393156257,2,3,3,"Menor porte",4,4.78583393156257
"5285","Primavera do Leste","primavera do leste","primavera do leste","Mato Grosso","MT","961.722563874976","62115.3870538262","0.752","85146",76870,9,0,0.000117080785742162,2,1,1,"Médio porte",9,1.17080785742162
"5286","Querência","querência","querencia","Mato Grosso","MT","620.114846406869","86590.5669844456","0.692","26769",16465,NA,NA,NA,1,3,1,"Menor porte",0,0
"5287","Reserva do Cabaçal","reserva do cabaçal","reserva do cabacal","Mato Grosso","MT","383.521691578564","14030.2588406854","0.676","2122",1286,NA,NA,NA,3,1,3,"Menor porte",0,0
"5288","Ribeirão Cascalheira","ribeirão cascalheira","ribeirao cascalheira","Mato Grosso","MT","498.789815083745","34413.9800561526","0.67","10089",6627,NA,NA,NA,1,3,3,"Menor porte",0,0
"5289","Ribeirãozinho","ribeirãozinho","ribeiraozinho","Mato Grosso","MT","377.786952931462","36881.0900082576","0.692","2593",1376,NA,NA,NA,NA,NA,NA,"Menor porte",0,0
"5290","Rio Branco","rio branco","rio branco","Mato Grosso","MT","642.52427184466","17827.7669902913","0.707","4535",3662,NA,NA,NA,3,3,1,"Menor porte",0,0
"5291","Rondolândia","rondolândia","rondolandia","Mato Grosso","MT","105.550049554014","16955.8969276511","0.64","3505",1816,NA,NA,NA,1,2,2,"Menor porte",0,0
"5292","Rondonópolis","rondonópolis","rondonopolis","Mato Grosso","MT","786.300743088094","48053.1346116369","0.755","244911",215558,14,6,0.000092782452982492,2,2,2,"Maior porte",20,0.927824529824919
"5293","Rosário Oeste","rosário oeste","rosario oeste","Mato Grosso","MT","341.796645948165","18003.4595989211","0.65","15453",7093,NA,NA,NA,2,3,3,"Menor porte",0,0
"5294","Salto do Céu","salto do céu","salto do ceu","Mato Grosso","MT","664.64339908953","18017.2989377845","0.666","3679",2651,NA,NA,NA,3,3,3,"Menor porte",0,0
"5295","Santa Carmem","santa carmem","santa carmem","Mato Grosso","MT","668.858207319746","89475.1260135875","0.715","5374",4416,NA,NA,NA,1,2,1,"Menor porte",0,0
"5296","Santa Cruz do Xingu","santa cruz do xingu","santa cruz do xingu","Mato Grosso","MT","271.933156095708","47487.2768704899","0.684","2661",990,NA,NA,NA,1,1,3,"Menor porte",0,0
"5297","Santa Rita do Trivelato","santa rita do trivelato","santa rita do trivelato","Mato Grosso","MT","423.844837421563","147122.646891044","0.735","3276",2163,NA,NA,NA,NA,NA,NA,"Menor porte",0,0
"5298","Santa Terezinha","santa terezinha","santa terezinha","Mato Grosso","MT","179.19621749409","17761.5839243499","0.609","7596",1990,NA,NA,NA,3,1,2,"Menor porte",0,0
"5299","Santo Afonso","santo afonso","santo afonso","Mato Grosso","MT","346.75118858954","26174.3264659271","0.689","2519",1317,NA,NA,NA,2,2,3,"Menor porte",0,0
"5300","Santo Antônio do Leste","santo antônio do leste","santo antonio do leste","Mato Grosso","MT","264.154480689914","73305.5868016498","0.655","4099",2070,NA,NA,NA,2,2,3,"Menor porte",0,0
"5301","Santo Antônio do Leverger","santo antônio do leverger","santo antonio do leverger","Mato Grosso","MT","297.193952585446","25204.2473086652","0.656","15246",6220,0,4,0.000643086816720257,2,2,3,"Menor porte",4,6.43086816720257
"5302","São Félix do Araguaia","são félix do araguaia","sao felix do araguaia","Mato Grosso","MT","305.32804188128","60472.5154099468","0.668","13621",4648,NA,NA,NA,3,3,3,"Menor porte",0,0
"5303","São José do Povo","são josé do povo","sao jose do povo","Mato Grosso","MT","203.820224719101","10229.8876404494","0.661","2875",1059,NA,NA,NA,3,2,2,"Menor porte",0,0
"5304","São José do Rio Claro","são josé do rio claro","sao jose do rio claro","Mato Grosso","MT","438.865356241968","37934.2249297987","0.682","14911",11427,NA,NA,NA,3,2,3,"Médio porte",0,0
"5305","São José do Xingu","são josé do xingu","sao jose do xingu","Mato Grosso","MT","312.811387900356","56083.8078291815","0.657","5964",2567,NA,NA,NA,3,1,3,"Menor porte",0,0
"5306","São José dos Quatro Marcos","são josé dos quatro marcos","sao jose dos quatro marcos","Mato Grosso","MT","660.033959460894","20024.6736708055","0.719","17849",14473,NA,NA,NA,3,2,1,"Menor porte",0,0
"5307","São Pedro da Cipa","são pedro da cipa","sao pedro da cipa","Mato Grosso","MT","336.617061412702","13709.9140641375","0.66","4191",1933,NA,NA,NA,NA,NA,NA,"Menor porte",0,0
"5308","Sapezal","sapezal","sapezal","Mato Grosso","MT","628.821942446043","97047.3621103117","0.732","28944",23788,NA,NA,NA,3,2,1,"Médio porte",0,0
"5309","Serra Nova Dourada","serra nova dourada","serra nova dourada","Mato Grosso","MT","168.057210965435","22738.379022646","0.664","1800",390,NA,NA,NA,NA,NA,NA,"Menor porte",0,0
"5310","Sinop","sinop","sinop","Mato Grosso","MT","859.532207801103","45175.8569911989","0.754","196312",163130,43,5,0.000294243854594495,2,1,2,"Maior porte",48,2.94243854594495
"5311","Sorriso","sorriso","sorriso","Mato Grosso","MT","812.44812383447","67195.6688117798","0.744","110635",97978,29,6,0.000357223050072465,3,1,1,"Médio porte",35,3.57223050072465
"5312","Tabaporã","tabaporã","tabapora","Mato Grosso","MT","519.461236610457","50686.3930427405","0.695","9818",7132,NA,NA,NA,1,2,1,"Menor porte",0,0
"5313","Tangará da Serra","tangará da serra","tangara da serra","Mato Grosso","MT","678.567036543028","32380.9253530853","0.729","106434",84465,19,0,0.00022494524359202,2,3,1,"Maior porte",19,2.2494524359202
"5314","Tapurah","tapurah","tapurah","Mato Grosso","MT","583.226541364089","62604.1577673359","0.714","14370",11072,NA,NA,NA,1,2,1,"Menor porte",0,0
"5315","Terra Nova do Norte","terra nova do norte","terra nova do norte","Mato Grosso","MT","801.013406523805","30084.3449804708","0.698","10616",9076,NA,NA,NA,2,3,1,"Menor porte",0,0
"5316","Tesouro","tesouro","tesouro","Mato Grosso","MT","163.441422594142","39091.7887029289","0.655","3025",839,NA,NA,NA,3,3,2,"Menor porte",0,0
"5317","Torixoréu","torixoréu","torixoreu","Mato Grosso","MT","650.126867775585","31311.2489427685","0.716","4164",3050,NA,NA,NA,3,3,1,"Menor porte",0,0
"5318","União do Sul","união do sul","uniao do sul","Mato Grosso","MT","550.716332378223","52834.9570200573","0.665","3838",2719,NA,NA,NA,1,2,1,"Menor porte",0,0
"5319","Vale de São Domingos","vale de são domingos","vale de sao domingos","Mato Grosso","MT","339.731285988484","18062.6999360205","0.656","2904",1335,NA,NA,NA,2,2,3,"Menor porte",0,0
"5320","Várzea Grande","várzea grande","varzea grande","Mato Grosso","MT","607.15204885819","29898.6109082309","0.734","300078",206854,48,3,0.000246550707262127,2,3,1,"Maior porte",51,2.46550707262127
"5321","Vera","vera","vera","Mato Grosso","MT","537.888089808805","44830.4683388879","0.68","12800",7831,1,1,0.000255395224109309,3,2,1,"Menor porte",2,2.55395224109309
"5322","Vila Bela da Santíssima Trindade","vila bela da santíssima trindade","vila bela da santissima trindade","Mato Grosso","MT","329.481900313441","20896.3800626882","0.645","16774",7044,NA,NA,NA,1,3,3,"Menor porte",0,0
"5323","Vila Rica","vila rica","vila rica","Mato Grosso","MT","436.443236714976","19922.0259661836","0.688","19888",14109,NA,NA,NA,3,2,3,"Médio porte",0,0
"5324","Abadia de Goiás","abadia de goiás","abadia de goias","Goiás","GO","529.805760214334","22584.9519982139","0.708","19128",6561,2,1,0.000457247370827618,1,2,3,"Menor porte",3,4.57247370827618
"5325","Abadiânia","abadiânia","abadiania","Goiás","GO","289.917403841454","16947.75426421","0.689","17232",7384,7,0,0.000947995666305525,2,2,3,"Médio porte",7,9.47995666305525
"5326","Acreúna","acreúna","acreuna","Goiás","GO","532.466956444602","29490.774416748","0.686","21568",14963,NA,NA,NA,1,2,1,"Médio porte",0,0
"5327","Adelândia","adelândia","adelandia","Goiás","GO","530.60413354531","14792.1303656598","0.702","2297",1445,NA,NA,NA,NA,NA,NA,"Menor porte",0,0
"5328","Água Fria de Goiás","água fria de goiás","agua fria de goias","Goiás","GO","208.700155359917","45649.9223200414","0.671","4954",1397,NA,NA,NA,2,2,3,"Menor porte",0,0
"5329","Água Limpa","água limpa","agua limpa","Goiás","GO","462.841530054645","24844.262295082","0.722","1858",997,2,0,0.00200601805416249,3,2,3,"Menor porte",2,20.0601805416249
"5330","Águas Lindas de Goiás","águas lindas de goiás","aguas lindas de goias","Goiás","GO","156.161287655376","9321.33965401611","0.686","225693",42983,32,0,0.00074448037596259,NA,NA,NA,"Maior porte",32,7.4448037596259
"5331","Alexânia","alexânia","alexania","Goiás","GO","469.403784362728","33852.8025705105","0.682","27008",15563,3,0,0.000192764891087837,1,2,3,"Médio porte",3,1.92764891087837
"5332","Aloândia","aloândia","aloandia","Goiás","GO","572.004028197382","22527.693856999","0.697","1973",1383,NA,NA,NA,3,3,3,"Menor porte",0,0
"5333","Alto Horizonte","alto horizonte","alto horizonte","Goiás","GO","394.852384557154","143036.184708554","0.719","6072",3384,NA,NA,NA,NA,NA,NA,"Menor porte",0,0
"5334","Alto Paraíso de Goiás","alto paraíso de goiás","alto paraiso de goias","Goiás","GO","354.058272632674","28405.6971904266","0.713","10306",3418,7,1,0.00234055002925688,2,3,3,"Menor porte",8,23.4055002925688
"5335","Alvorada do Norte","alvorada do norte","alvorada do norte","Goiás","GO","465.594485927628","15956.4618035612","0.66","8446",4732,2,0,0.000422654268808115,2,3,3,"Menor porte",2,4.22654268808115
"5336","Amaralina","amaralina","amaralina","Goiás","GO","187.256176853056","18080.8842652796","0.609","3268",928,NA,NA,NA,3,2,2,"Menor porte",0,0
"5337","Americano do Brasil","americano do brasil","americano do brasil","Goiás","GO","488.643737832576","12322.5178455548","0.7","5259",3431,NA,NA,NA,3,3,3,"Menor porte",0,0
"5338","Amorinópolis","amorinópolis","amorinopolis","Goiás","GO","525.578364288042","21931.8996415771","0.681","3007",1836,NA,NA,NA,3,3,3,"Menor porte",0,0
"5339","Anápolis","anápolis","anapolis","Goiás","GO","707.674361618492","37619.5899655922","0.737","398869",319524,152,11,0.000510133824063294,3,1,2,"Maior porte",163,5.10133824063294
"5340","Anhanguera","anhanguera","anhanguera","Goiás","GO","480.172413793103","16042.2413793103","0.725","924",619,NA,NA,NA,NA,NA,NA,"Menor porte",0,0
"5341","Anicuns","anicuns","anicuns","Goiás","GO","547.245348255311","18893.3169555525","0.714","18503",14037,NA,NA,NA,3,2,1,"Médio porte",0,0
"5342","Aparecida de Goiânia","aparecida de goiânia","aparecida de goiania","Goiás","GO","512.845973708201","24351.2520630488","0.718","527796",361586,46,8,0.000149342065234827,3,2,1,"Maior porte",54,1.49342065234827
"5343","Aparecida do Rio Doce","aparecida do rio doce","aparecida do rio doce","Goiás","GO","548.100242522231","34152.3848019402","0.693","2907",1683,5,0,0.0029708853238265,3,2,1,"Menor porte",5,29.708853238265
"5344","Aporé","aporé","apore","Goiás","GO","461.7202268431","73299.3856332703","0.693","4325",2270,1,1,0.000881057268722467,3,3,1,"Menor porte",2,8.81057268722467
"5345","Araçu","araçu","aracu","Goiás","GO","601.262191623637","16583.4767641997","0.693","3799",2440,NA,NA,NA,NA,NA,NA,"Menor porte",0,0
"5346","Aragarças","aragarças","aragarcas","Goiás","GO","787.747250036995","11652.3948108321","0.732","18390",16557,NA,NA,NA,1,2,1,"Médio porte",0,0
"5347","Aragoiânia","aragoiânia","aragoiania","Goiás","GO","437.404725609756","12508.0983231707","0.684","11890",5868,10,0,0.00170415814587594,2,2,3,"Menor porte",10,17.0415814587594
"5348","Araguapaz","araguapaz","araguapaz","Goiás","GO","457.021713992034","16347.1669022228","0.674","7153",4450,11,0,0.00247191011235955,3,2,3,"Menor porte",11,24.7191011235955
"5349","Arenópolis","arenópolis","arenopolis","Goiás","GO","466.482649842271","51502.3659305994","0.687","2946",1406,2,0,0.00142247510668563,NA,NA,NA,"Menor porte",2,14.2247510668563
"5350","Aruanã","aruanã","aruana","Goiás","GO","278.041543026706","19598.5163204748","0.675","8300",3766,3,0,0.00079660116834838,1,1,3,"Menor porte",3,7.9660116834838
"5351","Aurilândia","aurilândia","aurilandia","Goiás","GO","497.056899934598","19230.5428384565","0.7","3284",1760,NA,NA,NA,NA,NA,NA,"Menor porte",0,0
"5352","Avelinópolis","avelinópolis","avelinopolis","Goiás","GO","536.322125363221","20858.4474885845","0.66","2868",1548,5,3,0.00516795865633075,3,3,3,"Menor porte",8,51.6795865633075
"5353","Baliza","baliza","baliza","Goiás","GO","84.280303030303","14749.2424242424","0.655","3351",503,NA,NA,NA,3,2,2,"Menor porte",0,0
"5354","Barro Alto","barro alto","barro alto","Goiás","GO","440.129733520337","97304.1725105189","0.742","10371",6526,6,0,0.000919399325773828,1,3,1,"Menor porte",6,9.19399325773828
"5355","Bela Vista de Goiás","bela vista de goiás","bela vista de goias","Goiás","GO","602.125147579693","34931.7525908435","0.716","34445",21790,14,0,0.000642496558054153,3,1,1,"Médio porte",14,6.42496558054153
"5356","Bom Jardim de Goiás","bom jardim de goiás","bom jardim de goias","Goiás","GO","468.372984552937","20943.8493629496","0.67","7826",4879,NA,NA,NA,3,3,3,"Menor porte",0,0
"5357","Bom Jesus de Goiás","bom jesus de goiás","bom jesus de goias","Goiás","GO","586.751403618216","29425.6082345602","0.701","23958",18283,NA,NA,NA,2,2,1,"Médio porte",0,0
"5358","Bonfinópolis","bonfinópolis","bonfinopolis","Goiás","GO","331.384212118157","10324.9319487852","0.683","10296",4407,6,1,0.00158838211935557,2,2,3,"Menor porte",7,15.8838211935557
"5359","Bonópolis","bonópolis","bonopolis","Goiás","GO","200.311595815713","21807.0331626975","0.63","3299",1171,NA,NA,NA,3,1,2,"Menor porte",0,0
"5360","Brazabrantes","brazabrantes","brazabrantes","Goiás","GO","397.49065670048","29969.0336358783","0.701","3992",1795,7,0,0.00389972144846797,1,2,3,"Menor porte",7,38.9972144846797
"5361","Britânia","britânia","britania","Goiás","GO","492.323615663274","21698.2922201139","0.672","5695",3597,4,1,0.00139004726160689,3,3,3,"Menor porte",5,13.9004726160689
"5362","Buriti Alegre","buriti alegre","buriti alegre","Goiás","GO","628.74314635175","32793.4415858288","0.71","10495",6985,1,0,0.000143163922691482,1,3,1,"Menor porte",1,1.43163922691482
"5363","Buriti de Goiás","buriti de goiás","buriti de goias","Goiás","GO","721.324717285945","18191.0339256866","0.687","2732",2082,NA,NA,NA,2,3,1,"Menor porte",0,0
"5364","Buritinópolis","buritinópolis","buritinopolis","Goiás","GO","306.427048431313","23545.2330185806","0.704","3145",1230,NA,NA,NA,2,2,3,"Menor porte",0,0
"5365","Cabeceiras","cabeceiras","cabeceiras","Goiás","GO","364.777529207059","32003.4799900572","0.668","7560",3428,2,0,0.00058343057176196,1,2,3,"Menor porte",2,5.8343057176196
"5366","Cachoeira Alta","cachoeira alta","cachoeira alta","Goiás","GO","421.364282330649","18692.010105795","0.71","11513",6535,2,0,0.000306044376434583,2,2,3,"Menor porte",2,3.06044376434583
"5367","Cachoeira de Goiás","cachoeira de goiás","cachoeira de goias","Goiás","GO","433.681073025335","21495.5290611028","0.727","1405",731,NA,NA,NA,NA,NA,NA,"Menor porte",0,0
"5368","Cachoeira Dourada","cachoeira dourada","cachoeira dourada","Goiás","GO","501.680986178558","102129.87174698","0.698","7782",4637,NA,NA,NA,NA,NA,NA,"Menor porte",0,0
"5369","Caçu","caçu","cacu","Goiás","GO","494.898586355255","51766.0725261217","0.73","13774",9542,1,1,0.000209599664640537,3,3,1,"Menor porte",2,2.09599664640537
"5370","Caiapônia","caiapônia","caiaponia","Goiás","GO","440.72852881143","25914.2722562412","0.693","16513",10523,NA,NA,NA,3,2,3,"Menor porte",0,0
"5371","Caldas Novas","caldas novas","caldas novas","Goiás","GO","705.759903858535","29290.6991716383","0.733","98622",75354,39,0,0.000517557130344773,3,3,1,"Médio porte",39,5.17557130344773
"5372","Caldazinha","caldazinha","caldazinha","Goiás","GO","516.891891891892","14081.0810810811","0.685","4507",2477,NA,NA,NA,NA,NA,NA,"Menor porte",0,0
"5373","Campestre de Goiás","campestre de goiás","campestre de goias","Goiás","GO","448.890106878597","15910.9345026035","0.653","3755",1896,1,0,0.000527426160337553,3,2,3,"Menor porte",1,5.27426160337553
"5374","Campinaçu","campinaçu","campinacu","Goiás","GO","378.028634361233","18411.3436123348","0.631","3708",1748,6,2,0.0045766590389016,3,3,3,"Menor porte",8,45.766590389016
"5375","Campinorte","campinorte","campinorte","Goiás","GO","491.460357254779","20238.1698527107","0.688","12510",7942,4,0,0.000503651473180559,2,2,3,"Menor porte",4,5.03651473180559
"5376","Campo Alegre de Goiás","campo alegre de goiás","campo alegre de goias","Goiás","GO","416.774360299819","55786.5081416387","0.694","7422",4096,NA,NA,NA,1,2,1,"Menor porte",0,0
"5377","Campo Limpo de Goiás","campo limpo de goiás","campo limpo de goias","Goiás","GO","356.675062972292","14869.7732997481","0.661","8081",3754,NA,NA,NA,3,2,3,"Menor porte",0,0
"5378","Campos Belos","campos belos","campos belos","Goiás","GO","551.307042535113","14530.6642675064","0.692","18108",13175,NA,NA,NA,2,1,3,"Médio porte",0,0
"5379","Campos Verdes","campos verdes","campos verdes","Goiás","GO","926.775956284153","26556.2841530055","0.654","4005",1976,NA,NA,NA,NA,NA,NA,"Menor porte",0,0
"5380","Carmo do Rio Verde","carmo do rio verde","carmo do rio verde","Goiás","GO","502.061653249558","27647.8499901826","0.713","9710",5897,3,1,0.000678311005596066,2,2,3,"Menor porte",4,6.78311005596066
"5381","Castelândia","castelândia","castelandia","Goiás","GO","428.235984737306","30395.6560023481","0.701","2985",1824,NA,NA,NA,2,3,3,"Menor porte",0,0
"5382","Catalão","catalão","catalao","Goiás","GO","749.664363010551","63074.4258129623","0.766","114427",96839,40,0,0.000413056723014488,2,3,2,"Maior porte",40,4.13056723014488
"5383","Caturaí","caturaí","caturai","Goiás","GO","483.826700646932","14280.3371887865","0.664","5184",2942,NA,NA,NA,1,3,3,"Menor porte",0,0
"5384","Cavalcante","cavalcante","cavalcante","Goiás","GO","181.902313624679","29567.7120822622","0.584","9583",2341,NA,NA,NA,3,2,2,"Menor porte",0,0
"5385","Ceres","ceres","ceres","Goiás","GO","909.844884784363","28564.7807764727","0.775","22046",22351,3,0,0.000134222182452687,NA,NA,NA,"Médio porte",3,1.34222182452687
"5386","Cezarina","cezarina","cezarina","Goiás","GO","513.845800298748","34945.0764104332","0.711","8090",5333,1,0,0.000187511719482468,1,2,1,"Menor porte",1,1.87511719482468
"5387","Chapadão do Céu","chapadão do céu","chapadao do ceu","Goiás","GO","667.747472820904","135378.027846653","0.742","12870",9123,2,0,0.000219226131754905,NA,NA,NA,"Menor porte",2,2.19226131754905
"5388","Cidade Ocidental","cidade ocidental","cidade ocidental","Goiás","GO","162.546302647825","10919.3853752229","0.717","91767",14141,4,0,0.000282865426773213,2,2,3,"Médio porte",4,2.82865426773213
"5389","Cocalzinho de Goiás","cocalzinho de goiás","cocalzinho de goias","Goiás","GO","272.288333983613","16667.5282871635","0.657","25016",6418,11,0,0.00171392957307572,2,2,3,"Médio porte",11,17.1392957307572
"5390","Colinas do Sul","colinas do sul","colinas do sul","Goiás","GO","247.321428571429","14590.1785714286","0.658","4030",1004,NA,NA,NA,NA,NA,NA,"Menor porte",0,0
"5391","Córrego do Ouro","córrego do ouro","corrego do ouro","Goiás","GO","526.200873362445","23947.1615720524","0.686","2454",1406,NA,NA,NA,NA,NA,NA,"Menor porte",0,0
"5392","Corumbá de Goiás","corumbá de goiás","corumba de goias","Goiás","GO","382.308174411317","18172.0834452502","0.68","10562",5156,4,1,0.000969743987587277,2,2,3,"Menor porte",5,9.69743987587277
"5393","Corumbaíba","corumbaíba","corumbaiba","Goiás","GO","470.969703110751","56914.7836660249","0.698","9164",5452,6,0,0.00110051357300073,1,3,1,"Menor porte",6,11.0051357300073
"5394","Cristalina","cristalina","cristalina","Goiás","GO","517.056967281183","41758.9436970603","0.699","62337",36773,6,0,0.000163163190384249,2,2,1,"Médio porte",6,1.63163190384249
"5395","Cristianópolis","cristianópolis","cristianopolis","Goiás","GO","653.171390013495","27519.5681511471","0.688","3504",2391,6,0,0.00250941028858218,1,3,1,"Menor porte",6,25.0941028858218
"5396","Crixás","crixás","crixas","Goiás","GO","517.894860361417","35114.9964796996","0.708","17065",10527,2,1,0.000284981476204047,1,3,1,"Menor porte",3,2.84981476204047
"5397","Cromínia","cromínia","crominia","Goiás","GO","619.815668202765","21092.1658986175","0.706","3883",2562,NA,NA,NA,NA,NA,NA,"Menor porte",0,0
"5398","Cumari","cumari","cumari","Goiás","GO","562.213605921748","23298.9072964399","0.737","2927",1804,NA,NA,NA,NA,NA,NA,"Menor porte",0,0
"5399","Damianópolis","damianópolis","damianopolis","Goiás","GO","318.209316394434","11604.3557168784","0.654","3770",1299,NA,NA,NA,1,3,3,"Menor porte",0,0
"5400","Damolândia","damolândia","damolandia","Goiás","GO","575.008465966813","14299.6952251947","0.697","2724",2016,NA,NA,NA,3,3,3,"Menor porte",0,0
"5401","Davinópolis","davinópolis","davinopolis","Goiás","GO","434.574976122254","203973.256924546","0.716","1902",1102,2,0,0.00181488203266788,NA,NA,NA,"Menor porte",2,18.1488203266788
"5402","Diorama","diorama","diorama","Goiás","GO","422.347720855184","23649.4554255748","0.729","2062",1180,2,0,0.00169491525423729,NA,NA,NA,"Menor porte",2,16.9491525423729
"5403","Divinópolis de Goiás","divinópolis de goiás","divinopolis de goias","Goiás","GO","184.386772708246","13912.7249895354","0.653","4457",1078,NA,NA,NA,2,3,2,"Menor porte",0,0
"5404","Doverlândia","doverlândia","doverlandia","Goiás","GO","640.40292534842","32054.0913481441","0.668","6956",5522,NA,NA,NA,2,3,1,"Menor porte",0,0
"5405","Edealina","edealina","edealina","Goiás","GO","561.279826464208","75882.0498915401","0.702","4001",2547,NA,NA,NA,2,3,1,"Menor porte",0,0
"5406","Edéia","edéia","edeia","Goiás","GO","595.652522659822","54264.0571107724","0.739","11747",8611,NA,NA,NA,1,3,1,"Menor porte",0,0
"5407","Estrela do Norte","estrela do norte","estrela do norte","Goiás","GO","506.433823529412","16535.5392156863","0.707","3205",2017,NA,NA,NA,3,3,3,"Menor porte",0,0
"5408","Faina","faina","faina","Goiás","GO","371.806569343066","17618.9172749392","0.65","7070",2981,6,1,0.00234820530023482,2,3,3,"Menor porte",7,23.4820530023482
"5409","Fazenda Nova","fazenda nova","fazenda nova","Goiás","GO","573.563839366108","19668.8276607239","0.685","5877",3643,NA,NA,NA,3,3,3,"Menor porte",0,0
"5410","Firminópolis","firminópolis","firminopolis","Goiás","GO","425.756561826158","14716.410142018","0.732","10419",7042,9,1,0.00142005112184039,3,3,3,"Menor porte",10,14.2005112184039
"5411","Flores de Goiás","flores de goiás","flores de goias","Goiás","GO","82.5639517788886","10055.9835342546","0.597","13744",1758,NA,NA,NA,NA,NA,NA,"Menor porte",0,0
"5412","Formosa","formosa","formosa","Goiás","GO","595.420587949937","19770.3987581255","0.744","115901",84827,9,0,0.000106098294175204,2,3,1,"Maior porte",9,1.06098294175204
"5413","Formoso","formoso","formoso","Goiás","GO","622.003835091083","15939.1179290508","0.715","4660",3071,7,0,0.0022793878215565,3,3,1,"Menor porte",7,22.793878215565
"5414","Gameleira de Goiás","gameleira de goiás","gameleira de goias","Goiás","GO","289.948453608247","43635.5670103093","0.659","3456",1448,NA,NA,NA,3,2,3,"Menor porte",0,0
"5415","Goianápolis","goianápolis","goianapolis","Goiás","GO","566.19743406985","19446.1867426942","0.703","13967",8219,7,0,0.000851685119844263,3,2,3,"Menor porte",7,8.51685119844263
"5416","Goiandira","goiandira","goiandira","Goiás","GO","496","24877.1555555556","0.76","4973",3196,8,0,0.00250312891113892,3,3,1,"Menor porte",8,25.0312891113892
"5417","Goianésia","goianésia","goianesia","Goiás","GO","632.14913823426","21713.5842419979","0.727","73707",54873,18,1,0.000346254077597361,3,1,1,"Médio porte",19,3.46254077597361
"5418","Goiânia","goiânia","goiania","Goiás","GO","784.772055410563","34447.2998775468","0.799","1437366",1329583,715,60,0.000582889522504424,3,1,2,"Maior porte",775,5.82889522504424
"5419","Goianira","goianira","goianira","Goiás","GO","492.582126457082","19013.0916637231","0.694","71916",30628,28,3,0.00101214574898785,3,2,3,"Médio porte",31,10.1214574898785
"5420","Goiás","goiás","goias","Goiás","GO","576.605156159242","23687.0559849873","0.709","24071",14794,31,6,0.00250101392456401,1,1,1,"Médio porte",37,25.0101392456401
"5421","Goiatuba","goiatuba","goiatuba","Goiás","GO","774.340681831472","45105.4909069645","0.725","35664",30612,5,0,0.000163334640010453,2,1,1,"Médio porte",5,1.63334640010453
"5422","Gouvelândia","gouvelândia","gouvelandia","Goiás","GO","299.265197060788","31691.8837675351","0.674","4390",2094,NA,NA,NA,1,2,3,"Menor porte",0,0
"5423","Guapó","guapó","guapo","Goiás","GO","529.457309776871","18004.7863729148","0.697","19545",9665,3,0,0.000310398344542162,1,2,3,"Menor porte",3,3.10398344542162
"5424","Guaraíta","guaraíta","guaraita","Goiás","GO","551.512045105074","18888.7749871861","0.687","2188",1270,NA,NA,NA,NA,NA,NA,"Menor porte",0,0
"5425","Guarani de Goiás","guarani de goiás","guarani de goias","Goiás","GO","283.151326053042","16644.3057722309","0.637","4085",1392,NA,NA,NA,NA,NA,NA,"Menor porte",0,0
"5426","Guarinos","guarinos","guarinos","Goiás","GO","317.789291882556","33068.5089234312","0.652","2161",688,NA,NA,NA,NA,NA,NA,"Menor porte",0,0
"5427","Heitoraí","heitoraí","heitorai","Goiás","GO","465.577283686043","15747.9239217787","0.694","3354",2035,NA,NA,NA,3,3,3,"Menor porte",0,0
"5428","Hidrolândia","hidrolândia","hidrolandia","Goiás","GO","514.870728620503","49517.9895136503","0.706","27742",15276,0,2,0.000130924325739722,NA,NA,NA,"Médio porte",2,1.30924325739722
"5429","Hidrolina","hidrolina","hidrolina","Goiás","GO","444.982896237172","18077.251995439","0.677","3545",1761,2,0,0.00113571834185122,NA,NA,NA,"Menor porte",2,11.3571834185122
"5430","Iaciara","iaciara","iaciara","Goiás","GO","263.882971168868","12602.6132651612","0.644","10584",4566,NA,NA,NA,1,2,2,"Menor porte",0,0
"5431","Inaciolândia","inaciolândia","inaciolandia","Goiás","GO","376.904570970329","31635.926222935","0.692","5954",2819,NA,NA,NA,1,3,3,"Menor porte",0,0
"5432","Indiara","indiara","indiara","Goiás","GO","459.301957306645","25283.2710457972","0.701","17061",9238,4,0,0.000432994154578913,1,3,3,"Menor porte",4,4.32994154578913
"5433","Inhumas","inhumas","inhumas","Goiás","GO","723.539683433786","21228.9753844421","0.72","52204",44600,20,4,0.000538116591928251,1,1,1,"Médio porte",24,5.38116591928251
"5434","Ipameri","ipameri","ipameri","Goiás","GO","523.993523220726","51880.1795834253","0.701","25548",16643,15,0,0.000901279817340624,3,1,1,"Médio porte",15,9.01279817340624
"5435","Ipiranga de Goiás","ipiranga de goiás","ipiranga de goias","Goiás","GO","450.743173176633","19368.1299688904","0.696","2919",1597,NA,NA,NA,1,1,3,"Menor porte",0,0
"5436","Iporá","iporá","ipora","Goiás","GO","895.996698307883","22090.1298453919","0.743","35684",33333,10,0,0.00030000300003,3,1,1,"Médio porte",10,3.0000300003
"5437","Israelândia","israelândia","israelandia","Goiás","GO","405.958363244795","18267.7674084709","0.711","2560",1345,NA,NA,NA,2,3,3,"Menor porte",0,0
"5438","Itaberaí","itaberaí","itaberai","Goiás","GO","649.580486910275","29275.4344138279","0.719","44734",36065,36,14,0.00138638569249965,2,2,1,"Médio porte",50,13.8638569249965
"5439","Itaguari","itaguari","itaguari","Goiás","GO","633.297758804696","16907.1504802561","0.693","4963",3575,NA,NA,NA,2,2,3,"Menor porte",0,0
"5440","Itaguaru","itaguaru","itaguaru","Goiás","GO","653.284671532847","15790.0499423742","0.718","4904",3914,NA,NA,NA,NA,NA,NA,"Menor porte",0,0
"5441","Itajá","itajá","itaja","Goiás","GO","634.413407821229","23405.8100558659","0.691","4380",3226,3,0,0.000929944203347799,2,3,1,"Menor porte",3,9.29944203347799
"5442","Itapaci","itapaci","itapaci","Goiás","GO","466.803296187182","16326.7153409333","0.725","21087",12718,10,2,0.000943544582481522,3,2,1,"Médio porte",12,9.43544582481522
"5443","Itapirapuã","itapirapuã","itapirapua","Goiás","GO","869.797225186766","32787.1931696905","0.677","8007",4906,NA,NA,NA,NA,NA,NA,"Menor porte",0,0
"5444","Itapuranga","itapuranga","itapuranga","Goiás","GO","799.696273509599","18734.2393208987","0.726","26113",24253,5,2,0.000288624087741723,2,1,1,"Médio porte",7,2.88624087741723
"5445","Itarumã","itarumã","itaruma","Goiás","GO","353.07893649263","32923.956467833","0.693","6101",3035,2,0,0.000658978583196046,1,3,3,"Menor porte",2,6.58978583196046
"5446","Itauçu","itauçu","itaucu","Goiás","GO","445.424107142857","17078.125","0.718","7736",4573,27,4,0.0067789197463372,1,2,3,"Menor porte",31,67.789197463372
"5447","Itumbiara","itumbiara","itumbiara","Goiás","GO","812.643536939202","38974.4256159684","0.752","107970",97122,4,20,0.000247111879903626,2,1,2,"Maior porte",24,2.47111879903626
"5448","Ivolândia","ivolândia","ivolandia","Goiás","GO","314.481576692374","40816.1953727506","0.704","2693",913,NA,NA,NA,3,3,3,"Menor porte",0,0
"5449","Jandaia","jandaia","jandaia","Goiás","GO","541.908713692946","46023.9004149378","0.707","6272",3857,3,0,0.00077780658542909,3,3,1,"Menor porte",3,7.7780658542909
"5450","Jaraguá","jaraguá","jaragua","Goiás","GO","500.993416182944","15283.8248470918","0.699","45223",30056,22,1,0.000765238221985627,2,2,3,"Médio porte",23,7.65238221985627
"5451","Jataí","jataí","jatai","Goiás","GO","762.523881840004","52268.9854504482","0.757","105729",92140,6,0,0.0000651182982418059,2,2,2,"Maior porte",6,0.651182982418059
"5452","Jaupaci","jaupaci","jaupaci","Goiás","GO","484.615384615385","19034.965034965","0.689","2924",1612,NA,NA,NA,3,3,3,"Menor porte",0,0
"5453","Jesúpolis","jesúpolis","jesupolis","Goiás","GO","298.483639265762","12927.7733439745","0.649","2123",894,NA,NA,NA,NA,NA,NA,"Menor porte",0,0
"5454","Joviânia","joviânia","joviania","Goiás","GO","639.286679275871","28228.181572548","0.706","7159",5977,NA,NA,NA,3,3,1,"Menor porte",0,0
"5455","Jussara","jussara","jussara","Goiás","GO","869.958086113984","28376.2451690164","0.743","19620",18514,NA,NA,NA,3,3,1,"Menor porte",0,0
"5456","Lagoa Santa","lagoa santa","lagoa santa","Goiás","GO","344.231955582973","25814.9290561382","0.74","1390",701,NA,NA,NA,NA,NA,NA,"Menor porte",0,0
"5457","Leopoldo de Bulhões","leopoldo de bulhões","leopoldo de bulhoes","Goiás","GO","469.873219187034","34965.7561103124","0.659","8745",4227,9,1,0.00236574402649633,2,2,3,"Menor porte",10,23.6574402649633
"5458","Luziânia","luziânia","luziania","Goiás","GO","314.692588460011","19430.4139796131","0.701","209129",78344,27,2,0.000370162360870009,1,3,3,"Maior porte",29,3.70162360870009
"5459","Mairipotaba","mairipotaba","mairipotaba","Goiás","GO","530.258146424037","24795.1756242065","0.745","2561",1438,NA,NA,NA,3,3,1,"Menor porte",0,0
"5460","Mambaí","mambaí","mambai","Goiás","GO","279.374518224865","9789.89098116947","0.626","8124",3387,NA,NA,NA,1,3,2,"Menor porte",0,0
"5461","Mara Rosa","mara rosa","mara rosa","Goiás","GO","566.164690804229","23458.4000854427","0.691","10700",6594,2,0,0.000303306035790112,2,3,3,"Menor porte",2,3.03306035790112
"5462","Marzagão","marzagão","marzagao","Goiás","GO","523.111111111111","20156","0.699","2758",1387,1,0,0.000720980533525595,NA,NA,NA,"Menor porte",1,7.20980533525595
"5463","Matrinchã","matrinchã","matrincha","Goiás","GO","436.808118081181","24499.3081180812","0.679","4042",2293,NA,NA,NA,NA,NA,NA,"Menor porte",0,0
"5464","Maurilândia","maurilândia","maurilandia","Goiás","GO","435.401689118448","14842.4652753542","0.677","10304",7109,NA,NA,NA,1,2,3,"Menor porte",0,0
"5465","Mimoso de Goiás","mimoso de goiás","mimoso de goias","Goiás","GO","137.824235385211","41915.602013163","0.665","2614",406,NA,NA,NA,3,2,2,"Menor porte",0,0
"5466","Minaçu","minaçu","minacu","Goiás","GO","685.722224151704","31562.1505226965","0.707","27075",22935,1,0,0.0000436014824504033,3,1,1,"Médio porte",1,0.436014824504033
"5467","Mineiros","mineiros","mineiros","Goiás","GO","654.781817648267","40220.4566129648","0.718","70081",53493,8,1,0.000168246312601649,2,1,1,"Médio porte",9,1.68246312601649
"5468","Moiporá","moiporá","moipora","Goiás","GO","442.371752165223","24281.1459027315","0.696","1685",784,1,0,0.00127551020408163,NA,NA,NA,"Menor porte",1,12.7551020408163
"5469","Monte Alegre de Goiás","monte alegre de goiás","monte alegre de goias","Goiás","GO","143.942883463842","10304.5831414095","0.615","6692",1623,NA,NA,NA,3,2,2,"Menor porte",0,0
"5470","Montes Claros de Goiás","montes claros de goiás","montes claros de goias","Goiás","GO","530.508263949298","40291.4129489251","0.707","8756",5320,NA,NA,NA,2,3,1,"Menor porte",0,0
"5471","Montividiu","montividiu","montividiu","Goiás","GO","518.797542422469","61852.0333528379","0.733","12521",9087,4,0,0.000440189281390998,3,2,1,"Menor porte",4,4.40189281390998
"5472","Montividiu do Norte","montividiu do norte","montividiu do norte","Goiás","GO","285.650920381459","15152.583721446","0.613","3779",1641,NA,NA,NA,3,1,2,"Menor porte",0,0
"5473","Morrinhos","morrinhos","morrinhos","Goiás","GO","703.123657299991","30092.7000085933","0.734","51351",38179,1,0,0.0000261924094397444,1,1,1,"Médio porte",1,0.261924094397444
"5474","Morro Agudo de Goiás","morro agudo de goiás","morro agudo de goias","Goiás","GO","618.279569892473","19673.3870967742","0.695","2456",1663,NA,NA,NA,NA,NA,NA,"Menor porte",0,0
"5475","Mossâmedes","mossâmedes","mossamedes","Goiás","GO","547.075606276747","22040.4184498336","0.706","4654",2675,1,1,0.000747663551401869,3,2,3,"Menor porte",2,7.47663551401869
"5476","Mozarlândia","mozarlândia","mozarlandia","Goiás","GO","536.420919974795","43542.4700693132","0.683","14750",10253,12,0,0.00117038915439384,2,1,1,"Menor porte",12,11.7038915439384
"5477","Mundo Novo","mundo novo","mundo novo","Goiás","GO","518.353490345852","22166.348398048","0.634","6189",3160,NA,NA,NA,1,3,3,"Menor porte",0,0
"5478","Mutunópolis","mutunópolis","mutunopolis","Goiás","GO","491.232731137088","17191.2858660999","0.68","3564",2187,NA,NA,NA,1,3,3,"Menor porte",0,0
"5479","Nazário","nazário","nazario","Goiás","GO","370.518358531317","21676.4578833693","0.71","8189",4350,10,0,0.00229885057471264,3,2,3,"Menor porte",10,22.9885057471264
"5480","Nerópolis","nerópolis","neropolis","Goiás","GO","562.428030926139","26582.8590228656","0.721","31932",20093,9,5,0.000696760065694521,2,1,1,"Médio porte",14,6.9676006569452
"5481","Niquelândia","niquelândia","niquelandia","Goiás","GO","455.874170768243","25229.80954419","0.715","34964",24677,NA,NA,NA,3,2,1,"Médio porte",0,0
"5482","Nova América","nova américa","nova america","Goiás","GO","575.307594399661","16614.7645311837","0.678","2337",1556,NA,NA,NA,NA,NA,NA,"Menor porte",0,0
"5483","Nova Aurora","nova aurora","nova aurora","Goiás","GO","563.456345634563","22209.2709270927","0.747","2101",1447,2,0,0.00138217000691085,3,2,1,"Menor porte",2,13.8217000691085
"5484","Nova Crixás","nova crixás","nova crixas","Goiás","GO","406.48899188876","29358.3623020471","0.643","12815",6903,NA,NA,NA,3,3,3,"Menor porte",0,0
"5485","Nova Glória","nova glória","nova gloria","Goiás","GO","544.995069033531","15342.0857988166","0.681","8310",5127,5,0,0.000975229178857031,2,2,3,"Menor porte",5,9.75229178857031
"5486","Nova Iguaçu de Goiás","nova iguaçu de goiás","nova iguacu de goias","Goiás","GO","373.21063394683","14817.6550783913","0.655","3010",1295,NA,NA,NA,3,2,3,"Menor porte",0,0
"5487","Nova Roma","nova roma","nova roma","Goiás","GO","225.278121137206","14908.8380716934","0.634","3076",974,NA,NA,NA,NA,NA,NA,"Menor porte",0,0
"5488","Nova Veneza","nova veneza","nova veneza","Goiás","GO","406.667997604312","14750.6488321022","0.718","9481",5203,4,2,0.00115318085719777,2,2,3,"Menor porte",6,11.5318085719777
"5489","Novo Brasil","novo brasil","novo brasil","Goiás","GO","676.74991206472","22655.9971860711","0.699","3527",2260,NA,NA,NA,NA,NA,NA,"Menor porte",0,0
"5490","Novo Gama","novo gama","novo gama","Goiás","GO","120.19234853827","8584.09726175204","0.684","103804",20374,8,1,0.00044173947187592,1,3,3,"Maior porte",9,4.4173947187592
"5491","Novo Planalto","novo planalto","novo planalto","Goiás","GO","336.927816901408","23147.8873239437","0.658","3716",1942,NA,NA,NA,3,2,3,"Menor porte",0,0
"5492","Orizona","orizona","orizona","Goiás","GO","633.449920508744","35115.1033386327","0.715","16399",11764,1,0,0.0000850051003060184,2,2,1,"Menor porte",1,0.850051003060184
"5493","Ouro Verde de Goiás","ouro verde de goiás","ouro verde de goias","Goiás","GO","496.373892022562","36385.710448563","0.719","4057",2149,NA,NA,NA,NA,NA,NA,"Menor porte",0,0
"5494","Ouvidor","ouvidor","ouvidor","Goiás","GO","472.869360070776","110538.484222943","0.747","7200",3897,2,0,0.000513215293815756,NA,NA,NA,"Menor porte",2,5.13215293815756
"5495","Padre Bernardo","padre bernardo","padre bernardo","Goiás","GO","221.02817310485","18024.4554167877","0.651","34967",8555,NA,NA,NA,2,2,3,"Médio porte",0,0
"5496","Palestina de Goiás","palestina de goiás","palestina de goias","Goiás","GO","364.291895010095","29008.6530141333","0.713","3132",1513,NA,NA,NA,3,3,3,"Menor porte",0,0
"5497","Palmeiras de Goiás","palmeiras de goiás","palmeiras de goias","Goiás","GO","562.397931409907","37604.7904191617","0.698","31858",20723,5,1,0.000289533368720745,2,2,1,"Médio porte",6,2.89533368720745
"5498","Palmelo","palmelo","palmelo","Goiás","GO","451.910961780764","16696.3460730785","0.73","2259",1282,7,0,0.00546021840873635,NA,NA,NA,"Menor porte",7,54.6021840873635
"5499","Palminópolis","palminópolis","palminopolis","Goiás","GO","661.641541038526","39505.5834729202","0.722","3851",2787,1,0,0.00035880875493362,3,3,1,"Menor porte",1,3.5880875493362
"5500","Panamá","panamá","panama","Goiás","GO","431.809450633884","31463.3115635805","0.686","2455",1332,NA,NA,NA,2,3,3,"Menor porte",0,0
"5501","Paranaiguara","paranaiguara","paranaiguara","Goiás","GO","470.710059171598","19511.3412228797","0.711","7607",5551,2,0,0.000360295442262655,3,3,3,"Menor porte",2,3.60295442262655
"5502","Paraúna","paraúna","parauna","Goiás","GO","662.932604735884","90451.2750455373","0.672","10659",9004,2,1,0.000333185250999556,1,3,1,"Menor porte",3,3.33185250999556
"5503","Perolândia","perolândia","perolandia","Goiás","GO","378.937321030862","120680.878141903","0.676","2964",1508,NA,NA,NA,NA,NA,NA,"Menor porte",0,0
"5504","Petrolina de Goiás","petrolina de goiás","petrolina de goias","Goiás","GO","424.617483676055","15267.2254166261","0.712","9573",5242,8,3,0.00209843571156047,2,2,3,"Menor porte",11,20.9843571156047
"5505","Pilar de Goiás","pilar de goiás","pilar de goias","Goiás","GO","384.229717411121","69448.4958979034","0.684","2328",950,NA,NA,NA,NA,NA,NA,"Menor porte",0,0
"5506","Piracanjuba","piracanjuba","piracanjuba","Goiás","GO","695.250122209549","33262.7912660909","0.721","24883",20048,5,0,0.000249401436552275,2,1,1,"Médio porte",5,2.49401436552275
"5507","Piranhas","piranhas","piranhas","Goiás","GO","706.970404984424","39661.8964174455","0.721","11712",8570,NA,NA,NA,3,3,1,"Menor porte",0,0
"5508","Pirenópolis","pirenópolis","pirenopolis","Goiás","GO","527.010852218321","20662.5837855091","0.693","26690",15679,13,1,0.000892914088908731,2,2,3,"Médio porte",14,8.92914088908731
"5509","Pires do Rio","pires do rio","pires do rio","Goiás","GO","696.174966862337","30439.3422962823","0.744","32373",25769,12,0,0.000465675812022197,2,2,1,"Médio porte",12,4.65675812022197
"5510","Planaltina","planaltina","planaltina","Goiás","GO","258.009708737864","13310.7899382171","0.669","105031",26782,6,0,0.000224031065641102,1,2,3,"Médio porte",6,2.24031065641102
"5511","Pontalina","pontalina","pontalina","Goiás","GO","657.446808510638","27435.6662933931","0.687","18309",13778,NA,NA,NA,1,3,1,"Menor porte",0,0
"5512","Porangatu","porangatu","porangatu","Goiás","GO","738.873183880087","21268.4022527557","0.727","44317",40148,13,0,0.000323801932848461,2,3,1,"Médio porte",13,3.23801932848461
"5513","Porteirão","porteirão","porteirao","Goiás","GO","446.705672856779","45559.3996438565","0.684","4070",2179,NA,NA,NA,3,3,3,"Menor porte",0,0
"5514","Portelândia","portelândia","portelandia","Goiás","GO","362.506215813028","53506.7130780706","0.654","3280",1806,NA,NA,NA,NA,NA,NA,"Menor porte",0,0
"5515","Posse","posse","posse","Goiás","GO","483.48211899289","16090.9018014647","0.659","34914",22377,3,0,0.000134066228716986,2,1,3,"Médio porte",3,1.34066228716986
"5516","Professor Jamil","professor jamil","professor jamil","Goiás","GO","374.648766781143","17856.6968467062","0.684","3649",1517,NA,NA,NA,2,2,3,"Menor porte",0,0
"5517","Quirinópolis","quirinópolis","quirinopolis","Goiás","GO","706.830240034713","34917.6150371788","0.74","48447",41376,5,0,0.000120843000773395,2,1,1,"Médio porte",5,1.20843000773395
"5518","Rialma","rialma","rialma","Goiás","GO","774.223034734918","23209.5978062157","0.727","12165",9515,10,0,0.00105097214923805,2,2,1,"Menor porte",10,10.5097214923805
"5519","Rianápolis","rianápolis","rianapolis","Goiás","GO","570.89474776832","16221.299564044","0.693","3980",3326,5,0,0.00150330727600722,1,2,3,"Menor porte",5,15.0330727600722
"5520","Rio Quente","rio quente","rio quente","Goiás","GO","455.767562879445","78295.3165654813","0.731","3864",2356,8,0,0.0033955857385399,2,2,1,"Menor porte",8,33.955857385399
"5521","Rio Verde","rio verde","rio verde","Goiás","GO","606.563485951358","41330.4432795899","0.754","225696",181273,70,11,0.00044683984928809,2,2,1,"Maior porte",81,4.4683984928809
"5522","Rubiataba","rubiataba","rubiataba","Goiás","GO","676.843635634431","23696.345315085","0.719","19788",15606,NA,NA,NA,2,3,1,"Menor porte",0,0
"5523","Sanclerlândia","sanclerlândia","sanclerlandia","Goiás","GO","730.738993710692","21261.6614255765","0.736","7918",6548,NA,NA,NA,2,3,1,"Menor porte",0,0
"5524","Santa Bárbara de Goiás","santa bárbara de goiás","santa barbara de goias","Goiás","GO","435.333132348508","15868.706662647","0.706","6149",3529,6,0,0.00170019835647492,1,2,3,"Menor porte",6,17.0019835647492
"5525","Santa Cruz de Goiás","santa cruz de goiás","santa cruz de goias","Goiás","GO","294.075913444484","48814.1184817311","0.688","3002",997,7,0,0.00702106318956871,1,3,3,"Menor porte",7,70.2106318956871
"5526","Santa Fé de Goiás","santa fé de goiás","santa fe de goias","Goiás","GO","442.151004888647","29740.5395618323","0.713","4951",2965,3,0,0.00101180438448567,1,3,3,"Menor porte",3,10.1180438448567
"5527","Santa Helena de Goiás","santa helena de goiás","santa helena de goias","Goiás","GO","677.849927849928","29348.6909915481","0.724","38492",31045,NA,NA,NA,NA,NA,NA,"Médio porte",0,0
"5528","Santa Isabel","santa isabel","santa isabel","Goiás","GO","350.196592398427","21908.7811271298","0.683","3538",1603,NA,NA,NA,1,1,3,"Menor porte",0,0
"5529","Santa Rita do Araguaia","santa rita do araguaia","santa rita do araguaia","Goiás","GO","515.836597649692","17429.322887521","0.714","5924",4655,1,0,0.000214822771213749,3,1,3,"Menor porte",1,2.14822771213749
"5530","Santa Rita do Novo Destino","santa rita do novo destino","santa rita do novo destino","Goiás","GO","178.837555886736","24990.7600596125","0.634","2689",745,NA,NA,NA,NA,NA,NA,"Menor porte",0,0
"5531","Santa Rosa de Goiás","santa rosa de goiás","santa rosa de goias","Goiás","GO","707.371225577265","20433.3925399645","0.701","2820",1917,NA,NA,NA,1,3,1,"Menor porte",0,0
"5532","Santa Tereza de Goiás","santa tereza de goiás","santa tereza de goias","Goiás","GO","553.353658536585","19440.243902439","0.665","3293",2160,5,0,0.00231481481481481,NA,NA,NA,"Menor porte",5,23.1481481481481
"5533","Santa Terezinha de Goiás","santa terezinha de goiás","santa terezinha de goias","Goiás","GO","546.017285680916","17050.9226816164","0.701","10645",5770,4,0,0.000693240901213172,1,3,3,"Menor porte",4,6.93240901213172
"5534","Santo Antônio da Barra","santo antônio da barra","santo antonio da barra","Goiás","GO","293.160280181294","48915.3275648949","0.691","4267",1769,1,0,0.000565291124929339,3,2,3,"Menor porte",1,5.65291124929339
"5535","Santo Antônio de Goiás","santo antônio de goiás","santo antonio de goias","Goiás","GO","470.031055900621","21113.6645962733","0.723","7386",3811,8,1,0.00236158488585673,3,3,3,"Menor porte",9,23.6158488585673
"5536","Santo Antônio do Descoberto","santo antônio do descoberto","santo antonio do descoberto","Goiás","GO","156.615542866186","10003.8507694945","0.665","72127",13636,NA,NA,NA,2,2,3,"Médio porte",0,0
"5537","São Domingos","são domingos","sao domingos","Goiás","GO","181.943066473327","13283.5228573609","0.597","9711",2877,NA,NA,NA,1,1,2,"Menor porte",0,0
"5538","São Francisco de Goiás","são francisco de goiás","sao francisco de goias","Goiás","GO","400.351045157173","16454.6034785384","0.651","6378",3061,7,3,0.00326690623979092,3,2,3,"Menor porte",10,32.6690623979092
"5539","São João da Paraúna","são joão da paraúna","sao joao da parauna","Goiás","GO","790.334572490706","37011.1524163569","0.724","1774",1297,1,0,0.000771010023130301,3,3,1,"Menor porte",1,7.71010023130301
"5540","São João d'Aliança","são joão d'aliança","sao joao dalianca","Goiás","GO","220.944266950657","28142.7050053248","0.685","14041",4016,1,0,0.000249003984063745,2,2,3,"Menor porte",1,2.49003984063745
"5541","São Luís de Montes Belos","são luís de montes belos","sao luis de montes belos","Goiás","GO","707.000029276576","28232.0168633077","0.731","33852",28760,7,0,0.000243393602225313,2,1,1,"Médio porte",7,2.43393602225313
"5542","São Luiz do Norte","são luiz do norte","sao luiz do norte","Goiás","GO","378.715244487057","26055.8005752637","0.669","4837",2356,6,0,0.00254668930390492,1,3,3,"Menor porte",6,25.4668930390492
"5543","São Miguel do Araguaia","são miguel do araguaia","sao miguel do araguaia","Goiás","GO","633.029197080292","22852.8284671533","0.664","21900",17157,3,1,0.000233140992014921,3,1,1,"Médio porte",4,2.33140992014921
"5544","São Miguel do Passa Quatro","são miguel do passa quatro","sao miguel do passa quatro","Goiás","GO","418.91229789319","38555.3650171485","0.697","4464",2033,NA,NA,NA,NA,NA,NA,"Menor porte",0,0
"5545","São Patrício","são patrício","sao patricio","Goiás","GO","460.481099656357","19436.4261168385","0.693","2143",1107,NA,NA,NA,NA,NA,NA,"Menor porte",0,0
"5546","São Simão","são simão","sao simao","Goiás","GO","453.323802716226","55530.37884203","0.72","17020",11084,4,0,0.000360880548538434,3,1,1,"Médio porte",4,3.60880548538434
"5547","Senador Canedo","senador canedo","senador canedo","Goiás","GO","480.131024643101","31695.7982625727","0.701","155635",74488,56,0,0.000751798947481474,3,2,1,"Maior porte",56,7.51798947481474
"5548","Serranópolis","serranópolis","serranopolis","Goiás","GO","373.871788937746","49923.1659338116","0.681","8027",3890,NA,NA,NA,2,2,3,"Menor porte",0,0
"5549","Silvânia","silvânia","silvania","Goiás","GO","609.963489623367","36253.7951575711","0.709","22245",15353,3,1,0.000260535400247509,2,2,1,"Médio porte",4,2.60535400247509
"5550","Simolândia","simolândia","simolandia","Goiás","GO","393.08038959151","15922.808547754","0.645","5742",3247,NA,NA,NA,2,3,3,"Menor porte",0,0
"5551","Sítio d'Abadia","sítio d'abadia","sitio dabadia","Goiás","GO","181.60613128957","18171.6094635122","0.617","2927",675,NA,NA,NA,NA,NA,NA,"Menor porte",0,0
"5552","Taquaral de Goiás","taquaral de goiás","taquaral de goias","Goiás","GO","509.230332291962","20203.9193410963","0.716","4026",2250,3,1,0.00177777777777778,NA,NA,NA,"Menor porte",4,17.7777777777778
"5553","Teresina de Goiás","teresina de goiás","teresina de goias","Goiás","GO","168.667810177244","9975.98627787307","0.661","2701",706,3,0,0.00424929178470255,NA,NA,NA,"Menor porte",3,42.4929178470255
"5554","Terezópolis de Goiás","terezópolis de goiás","terezopolis de goias","Goiás","GO","349.01050574151","22898.363058881","0.685","7944",3651,9,0,0.00246507806080526,NA,NA,NA,"Menor porte",9,24.6507806080526
"5555","Três Ranchos","três ranchos","tres ranchos","Goiás","GO","544.16961130742","19108.8339222615","0.745","2921",1684,NA,NA,NA,1,3,1,"Menor porte",0,0
"5556","Trindade","trindade","trindade","Goiás","GO","500.935889634348","17036.9965260393","0.699","142431",81114,24,2,0.000320536528835959,3,2,3,"Maior porte",26,3.20536528835959
"5557","Trombas","trombas","trombas","Goiás","GO","431.38936535163","14829.9028016009","0.653","3120",1794,NA,NA,NA,3,3,3,"Menor porte",0,0
"5558","Turvânia","turvânia","turvania","Goiás","GO","569.894829097283","21161.7002629273","0.697","4480",3060,2,0,0.00065359477124183,3,3,3,"Menor porte",2,6.5359477124183
"5559","Turvelândia","turvelândia","turvelandia","Goiás","GO","337.185461323392","63832.4324324324","0.691","4985",2096,NA,NA,NA,2,3,3,"Menor porte",0,0
"5560","Uirapuru","uirapuru","uirapuru","Goiás","GO","349.647887323944","16887.323943662","0.67","2798",1182,NA,NA,NA,3,2,3,"Menor porte",0,0
"5561","Uruaçu","uruaçu","uruacu","Goiás","GO","704.040156709109","22997.7962781587","0.737","42546",34720,18,0,0.000518433179723502,3,1,1,"Médio porte",18,5.18433179723502
"5562","Uruana","uruana","uruana","Goiás","GO","654.942828195108","19893.9064987697","0.703","13729",10182,NA,NA,NA,NA,NA,NA,"Menor porte",0,0
"5563","Urutaí","urutaí","urutai","Goiás","GO","507.827788649706","31276.9080234834","0.732","3553",1761,3,0,0.00170357751277683,3,2,1,"Menor porte",3,17.0357751277683
"5564","Valparaíso de Goiás","valparaíso de goiás","valparaiso de goias","Goiás","GO","215.203183547797","15788.2127400006","0.746","198861",42181,12,0,0.000284488276712264,1,3,3,"Maior porte",12,2.84488276712264
"5565","Varjão","varjão","varjao","Goiás","GO","552.631578947368","17731.1099531006","0.687","3716",2461,NA,NA,NA,2,2,3,"Menor porte",0,0
"5566","Vianópolis","vianópolis","vianopolis","Goiás","GO","717.178221363669","34604.2069113544","0.712","14956",12527,9,0,0.000718448151991698,2,2,1,"Menor porte",9,7.18448151991698
"5567","Vicentinópolis","vicentinópolis","vicentinopolis","Goiás","GO","587.399977459709","38584.0189338442","0.684","8768",6254,NA,NA,NA,3,2,1,"Menor porte",0,0
"5568","Vila Boa","vila boa","vila boa","Goiás","GO","128.326996197719","18008.2382762991","0.647","4215",1012,NA,NA,NA,NA,NA,NA,"Menor porte",0,0
"5569","Vila Propício","vila propício","vila propicio","Goiás","GO","167.630057803468","35187.1812308739","0.634","5815",1331,3,0,0.00225394440270473,NA,NA,NA,"Menor porte",3,22.5394440270473
"5570","Brasília","brasília","brasilia","Distrito Federal","DF","616.964999088424","89558.2215466414","0.824","2817381",2083081,NA,NA,NA,1,1,2,"Maior porte",0,0
