"","nome","uf","populacao_23","frota_23","porte","total_radares","radares_10mil_veiculos","cluster","valor_q3","valor_abs","cluster_porte","porte_com_numeros"
"1","Alta Floresta D'Oeste","Rondônia",21494,17231,"Médio porte",0,0,"Cluster 3",4.29,7,"Cluster 3 - Médio porte","Médio porte (>20 mil e <100 mil)"
"2","Alto Alegre dos Parecis","Rondônia",11479,6656,"Menor porte",0,0,"Cluster 2",16.92,11,"Cluster 2 - Menor porte","Menor porte (<20 mil)"
"3","Alto Paraíso","Rondônia",16320,10209,"Médio porte",0,0,"Cluster 3",4.29,4,"Cluster 3 - Médio porte","Médio porte (>20 mil e <100 mil)"
"4","Alvorada D'Oeste","Rondônia",13117,9795,"Menor porte",0,0,"Cluster 3",8.89,9,"Cluster 3 - Menor porte","Menor porte (<20 mil)"
"5","Ariquemes","Rondônia",96833,89217,"Maior porte",2,0.22,"Cluster 1",3.23,29,"Cluster 1 - Maior porte","Maior porte (>100 mil)"
"6","Buritis","Rondônia",27992,27097,"Médio porte",0,0,"Cluster 3",4.29,12,"Cluster 3 - Médio porte","Médio porte (>20 mil e <100 mil)"
"7","Cabixi","Rondônia",5351,4310,"Menor porte",0,0,"Cluster 1",8.51,4,"Cluster 1 - Menor porte","Menor porte (<20 mil)"
"8","Cacaulândia","Rondônia",4150,2483,"Menor porte",0,0,"Cluster 3",8.89,2,"Cluster 3 - Menor porte","Menor porte (<20 mil)"
"9","Cacoal","Rondônia",86887,81535,"Médio porte",8,0.98,"Cluster 1",2.7,22,"Cluster 1 - Médio porte","Médio porte (>20 mil e <100 mil)"
"10","Campo Novo de Rondônia","Rondônia",8844,3960,"Menor porte",0,0,"Cluster 2",16.92,7,"Cluster 2 - Menor porte","Menor porte (<20 mil)"
"11","Candeias do Jamari","Rondônia",22310,8892,"Médio porte",1,1.12,"Cluster 3",4.29,4,"Cluster 3 - Médio porte","Médio porte (>20 mil e <100 mil)"
"12","Castanheiras","Rondônia",3233,1635,"Menor porte",0,0,"Cluster 3",8.89,1,"Cluster 3 - Menor porte","Menor porte (<20 mil)"
"13","Cerejeiras","Rondônia",15890,13958,"Menor porte",0,0,"Cluster 1",8.51,12,"Cluster 1 - Menor porte","Menor porte (<20 mil)"
"14","Chupinguaia","Rondônia",9324,4499,"Menor porte",0,0,"Cluster 3",8.89,4,"Cluster 3 - Menor porte","Menor porte (<20 mil)"
"15","Colorado do Oeste","Rondônia",15663,14045,"Menor porte",1,0.71,"Cluster 1",8.51,12,"Cluster 1 - Menor porte","Menor porte (<20 mil)"
"16","Corumbiara","Rondônia",7519,5108,"Menor porte",0,0,"Cluster 3",8.89,5,"Cluster 3 - Menor porte","Menor porte (<20 mil)"
"17","Costa Marques","Rondônia",12627,5509,"Menor porte",0,0,"Cluster 2",16.92,9,"Cluster 2 - Menor porte","Menor porte (<20 mil)"
"18","Cujubim","Rondônia",14863,8418,"Médio porte",0,0,"Cluster 2",5.66,5,"Cluster 2 - Médio porte","Médio porte (>20 mil e <100 mil)"
"19","Espigão D'Oeste","Rondônia",29414,22481,"Médio porte",0,0,"Cluster 3",4.29,10,"Cluster 3 - Médio porte","Médio porte (>20 mil e <100 mil)"
"20","Governador Jorge Teixeira","Rondônia",8001,5144,"Menor porte",0,0,"Cluster 3",8.89,5,"Cluster 3 - Menor porte","Menor porte (<20 mil)"
"21","Guajará-Mirim","Rondônia",39387,20089,"Médio porte",0,0,"Cluster 3",4.29,9,"Cluster 3 - Médio porte","Médio porte (>20 mil e <100 mil)"
"22","Itapuã do Oeste","Rondônia",8548,4290,"Menor porte",0,0,"Cluster 2",16.92,7,"Cluster 2 - Menor porte","Menor porte (<20 mil)"
"23","Jaru","Rondônia",50591,44542,"Médio porte",4,0.9,"Cluster 1",2.7,12,"Cluster 1 - Médio porte","Médio porte (>20 mil e <100 mil)"
"24","Ji-Paraná","Rondônia",124333,108467,"Maior porte",7,0.65,"Cluster 1",3.23,35,"Cluster 1 - Maior porte","Maior porte (>100 mil)"
"25","Machadinho D'Oeste","Rondônia",30707,18963,"Médio porte",0,0,"Cluster 3",4.29,8,"Cluster 3 - Médio porte","Médio porte (>20 mil e <100 mil)"
"26","Ministro Andreazza","Rondônia",6466,5972,"Menor porte",0,0,"Cluster 3",8.89,5,"Cluster 3 - Menor porte","Menor porte (<20 mil)"
"27","Mirante da Serra","Rondônia",9235,7917,"Menor porte",0,0,"Cluster 3",8.89,7,"Cluster 3 - Menor porte","Menor porte (<20 mil)"
"28","Monte Negro","Rondônia",11548,8531,"Menor porte",0,0,"Cluster 3",8.89,8,"Cluster 3 - Menor porte","Menor porte (<20 mil)"
"29","Nova Brasilândia D'Oeste","Rondônia",15679,11943,"Médio porte",0,0,"Cluster 3",4.29,5,"Cluster 3 - Médio porte","Médio porte (>20 mil e <100 mil)"
"30","Nova Mamoré","Rondônia",25444,12514,"Médio porte",0,0,"Cluster 2",5.66,7,"Cluster 2 - Médio porte","Médio porte (>20 mil e <100 mil)"
"31","Nova União","Rondônia",6200,4066,"Menor porte",0,0,"Cluster 3",8.89,4,"Cluster 3 - Menor porte","Menor porte (<20 mil)"
"32","Novo Horizonte do Oeste","Rondônia",7667,5558,"Menor porte",0,0,"Cluster 3",8.89,5,"Cluster 3 - Menor porte","Menor porte (<20 mil)"
"33","Ouro Preto do Oeste","Rondônia",35044,30634,"Médio porte",3,0.98,"Cluster 1",2.7,8,"Cluster 1 - Médio porte","Médio porte (>20 mil e <100 mil)"
"34","Parecis","Rondônia",4125,2267,"Menor porte",0,0,"Cluster 2",16.92,4,"Cluster 2 - Menor porte","Menor porte (<20 mil)"
"35","Pimenta Bueno","Rondônia",35079,28965,"Médio porte",4,1.38,"Cluster 1",2.7,8,"Cluster 1 - Médio porte","Médio porte (>20 mil e <100 mil)"
"36","Pimenteiras do Oeste","Rondônia",2156,1155,"Menor porte",0,0,"Cluster 3",8.89,1,"Cluster 3 - Menor porte","Menor porte (<20 mil)"
"37","Porto Velho","Rondônia",460.434,321997,"Médio porte",26,0.81,"Cluster 3",4.29,138,"Cluster 3 - Médio porte","Médio porte (>20 mil e <100 mil)"
"38","Presidente Médici","Rondônia",19327,13625,"Menor porte",2,1.47,"Cluster 3",8.89,12,"Cluster 3 - Menor porte","Menor porte (<20 mil)"
"39","Primavera de Rondônia","Rondônia",3076,2148,"Menor porte",0,0,"Cluster 3",8.89,2,"Cluster 3 - Menor porte","Menor porte (<20 mil)"
"40","Rio Crespo","Rondônia",3471,1401,"Menor porte",0,0,"Cluster 3",8.89,1,"Cluster 3 - Menor porte","Menor porte (<20 mil)"
"41","Rolim de Moura","Rondônia",56406,52644,"Médio porte",0,0,"Cluster 1",2.7,14,"Cluster 1 - Médio porte","Médio porte (>20 mil e <100 mil)"
"42","Santa Luzia D'Oeste","Rondônia",7419,5275,"Menor porte",0,0,"Cluster 1",8.51,4,"Cluster 1 - Menor porte","Menor porte (<20 mil)"
"43","São Felipe D'Oeste","Rondônia",5258,3663,"Menor porte",0,0,"Cluster 3",8.89,3,"Cluster 3 - Menor porte","Menor porte (<20 mil)"
"44","São Francisco do Guaporé","Rondônia",16286,11374,"Médio porte",0,0,"Cluster 3",4.29,5,"Cluster 3 - Médio porte","Médio porte (>20 mil e <100 mil)"
"45","São Miguel do Guaporé","Rondônia",20746,13949,"Médio porte",0,0,"Cluster 3",4.29,6,"Cluster 3 - Médio porte","Médio porte (>20 mil e <100 mil)"
"46","Seringueiras","Rondônia",12060,7736,"Menor porte",0,0,"Cluster 3",8.89,7,"Cluster 3 - Menor porte","Menor porte (<20 mil)"
"47","Teixeirópolis","Rondônia",4256,3202,"Menor porte",0,0,"Cluster 3",8.89,3,"Cluster 3 - Menor porte","Menor porte (<20 mil)"
"48","Theobroma","Rondônia",8113,4760,"Menor porte",0,0,"Cluster 2",16.92,8,"Cluster 2 - Menor porte","Menor porte (<20 mil)"
"49","Urupá","Rondônia",10725,8734,"Menor porte",0,0,"Cluster 3",8.89,8,"Cluster 3 - Menor porte","Menor porte (<20 mil)"
"50","Vale do Anari","Rondônia",7788,4242,"Menor porte",0,0,"Cluster 2",16.92,7,"Cluster 2 - Menor porte","Menor porte (<20 mil)"
"51","Vale do Paraíso","Rondônia",6479,4865,"Menor porte",0,0,"Cluster 3",8.89,4,"Cluster 3 - Menor porte","Menor porte (<20 mil)"
"52","Vilhena","Rondônia",95832,79551,"Maior porte",5,0.63,"Cluster 1",3.23,26,"Cluster 1 - Maior porte","Maior porte (>100 mil)"
"53","Acrelândia","Acre",14021,7898,"Menor porte",0,0,"Cluster 3",8.89,7,"Cluster 3 - Menor porte","Menor porte (<20 mil)"
"54","Assis Brasil","Acre",8100,2272,"Menor porte",0,0,"Cluster 2",16.92,4,"Cluster 2 - Menor porte","Menor porte (<20 mil)"
"55","Brasiléia","Acre",26000,13040,"Médio porte",0,0,"Cluster 3",4.29,6,"Cluster 3 - Médio porte","Médio porte (>20 mil e <100 mil)"
"56","Bujari","Acre",12917,2912,"Menor porte",0,0,"Cluster 2",16.92,5,"Cluster 2 - Menor porte","Menor porte (<20 mil)"
"57","Capixaba","Acre",10392,2935,"Menor porte",0,0,"Cluster 2",16.92,5,"Cluster 2 - Menor porte","Menor porte (<20 mil)"
"58","Cruzeiro do Sul","Acre",91888,41087,"Médio porte",0,0,"Cluster 3",4.29,18,"Cluster 3 - Médio porte","Médio porte (>20 mil e <100 mil)"
"59","Epitaciolândia","Acre",18757,8251,"Menor porte",0,0,"Cluster 3",8.89,7,"Cluster 3 - Menor porte","Menor porte (<20 mil)"
"60","Feijó","Acre",35426,5118,"Médio porte",0,0,"Cluster 2",5.66,3,"Cluster 2 - Médio porte","Médio porte (>20 mil e <100 mil)"
"61","Jordão","Acre",9222,205,"Menor porte",0,0,"Cluster 2",16.92,0,"Cluster 2 - Menor porte","Menor porte (<20 mil)"
"62","Mâncio Lima","Acre",19294,4463,"Menor porte",0,0,"Cluster 2",16.92,8,"Cluster 2 - Menor porte","Menor porte (<20 mil)"
"63","Manoel Urbano","Acre",11996,1606,"Menor porte",0,0,"Cluster 2",16.92,3,"Cluster 2 - Menor porte","Menor porte (<20 mil)"
"64","Marechal Thaumaturgo","Acre",17093,486,"Menor porte",0,0,"Cluster 2",16.92,1,"Cluster 2 - Menor porte","Menor porte (<20 mil)"
"65","Plácido de Castro","Acre",16560,5810,"Menor porte",0,0,"Cluster 2",16.92,10,"Cluster 2 - Menor porte","Menor porte (<20 mil)"
"66","Porto Acre","Acre",16693,4759,"Menor porte",0,0,"Cluster 2",16.92,8,"Cluster 2 - Menor porte","Menor porte (<20 mil)"
"67","Porto Walter","Acre",10735,485,"Menor porte",0,0,"Cluster 2",16.92,1,"Cluster 2 - Menor porte","Menor porte (<20 mil)"
"68","Rio Branco","Acre",364756,215379,"Maior porte",15,0.7,"Cluster 1",3.23,70,"Cluster 1 - Maior porte","Maior porte (>100 mil)"
"69","Rodrigues Alves","Acre",14938,2160,"Menor porte",0,0,"Cluster 2",16.92,4,"Cluster 2 - Menor porte","Menor porte (<20 mil)"
"70","Santa Rosa do Purus","Acre",6723,256,"Menor porte",0,0,"Cluster 2",16.92,0,"Cluster 2 - Menor porte","Menor porte (<20 mil)"
"71","Sena Madureira","Acre",41343,11183,"Médio porte",0,0,"Cluster 2",5.66,6,"Cluster 2 - Médio porte","Médio porte (>20 mil e <100 mil)"
"72","Senador Guiomard","Acre",21454,8321,"Médio porte",0,0,"Cluster 3",4.29,4,"Cluster 3 - Médio porte","Médio porte (>20 mil e <100 mil)"
"73","Tarauacá","Acre",43467,6246,"Médio porte",0,0,"Cluster 2",5.66,4,"Cluster 2 - Médio porte","Médio porte (>20 mil e <100 mil)"
"74","Xapuri","Acre",18243,5401,"Menor porte",0,0,"Cluster 2",16.92,9,"Cluster 2 - Menor porte","Menor porte (<20 mil)"
"75","Alvarães","Amazonas",15.866,943,"Menor porte",0,0,"Cluster 2",16.92,2,"Cluster 2 - Menor porte","Menor porte (<20 mil)"
"76","Amaturá","Amazonas",10819,392,"Menor porte",0,0,"Cluster 2",16.92,1,"Cluster 2 - Menor porte","Menor porte (<20 mil)"
"77","Anamã","Amazonas",9962,261,"Menor porte",0,0,"Cluster 2",16.92,0,"Cluster 2 - Menor porte","Menor porte (<20 mil)"
"78","Anori","Amazonas",17194,741,"Médio porte",0,0,"Cluster 2",5.66,0,"Cluster 2 - Médio porte","Médio porte (>20 mil e <100 mil)"
"79","Apuí","Amazonas",20647,5556,"Médio porte",0,0,"Cluster 2",5.66,3,"Cluster 2 - Médio porte","Médio porte (>20 mil e <100 mil)"
"80","Atalaia do Norte","Amazonas",15314,683,"Médio porte",0,0,"Cluster 2",5.66,0,"Cluster 2 - Médio porte","Médio porte (>20 mil e <100 mil)"
"81","Autazes","Amazonas",41564,2946,"Médio porte",0,0,"Cluster 2",5.66,2,"Cluster 2 - Médio porte","Médio porte (>20 mil e <100 mil)"
"82","Barcelos","Amazonas",18.834,1395,"Médio porte",0,0,"Cluster 2",5.66,1,"Cluster 2 - Médio porte","Médio porte (>20 mil e <100 mil)"
"83","Barreirinha","Amazonas",31051,929,"Médio porte",0,0,"Cluster 2",5.66,1,"Cluster 2 - Médio porte","Médio porte (>20 mil e <100 mil)"
"84","Benjamin Constant","Amazonas",37.648,2388,"Médio porte",0,0,"Cluster 2",5.66,1,"Cluster 2 - Médio porte","Médio porte (>20 mil e <100 mil)"
"85","Beruri","Amazonas",20718,625,"Médio porte",0,0,"Cluster 2",5.66,0,"Cluster 2 - Médio porte","Médio porte (>20 mil e <100 mil)"
"86","Boa Vista do Ramos","Amazonas",23785,715,"Menor porte",0,0,"Cluster 2",16.92,1,"Cluster 2 - Menor porte","Menor porte (<20 mil)"
"87","Boca do Acre","Amazonas",35.447,4537,"Médio porte",0,0,"Cluster 2",5.66,3,"Cluster 2 - Médio porte","Médio porte (>20 mil e <100 mil)"
"88","Borba","Amazonas",33.08,1169,"Médio porte",0,0,"Cluster 2",5.66,1,"Cluster 2 - Médio porte","Médio porte (>20 mil e <100 mil)"
"89","Caapiranga","Amazonas",13.469,373,"Médio porte",0,0,"Cluster 2",5.66,0,"Cluster 2 - Médio porte","Médio porte (>20 mil e <100 mil)"
"90","Canutama","Amazonas",16869,389,"Menor porte",0,0,"Cluster 2",16.92,1,"Cluster 2 - Menor porte","Menor porte (<20 mil)"
"91","Carauari","Amazonas",28742,3305,"Médio porte",0,0,"Cluster 2",5.66,2,"Cluster 2 - Médio porte","Médio porte (>20 mil e <100 mil)"
"92","Careiro","Amazonas",30792,3550,"Médio porte",0,0,"Cluster 2",5.66,2,"Cluster 2 - Médio porte","Médio porte (>20 mil e <100 mil)"
"93","Careiro da Várzea","Amazonas",19637,598,"Médio porte",0,0,"Cluster 2",5.66,0,"Cluster 2 - Médio porte","Médio porte (>20 mil e <100 mil)"
"94","Coari","Amazonas",70616,13223,"Médio porte",0,0,"Cluster 2",5.66,7,"Cluster 2 - Médio porte","Médio porte (>20 mil e <100 mil)"
"95","Codajás","Amazonas",23.549,913,"Médio porte",0,0,"Cluster 2",5.66,1,"Cluster 2 - Médio porte","Médio porte (>20 mil e <100 mil)"
"96","Eirunepé","Amazonas",33.17,2595,"Médio porte",0,0,"Cluster 2",5.66,1,"Cluster 2 - Médio porte","Médio porte (>20 mil e <100 mil)"
"97","Envira","Amazonas",17186,610,"Médio porte",0,0,"Cluster 2",5.66,0,"Cluster 2 - Médio porte","Médio porte (>20 mil e <100 mil)"
"98","Fonte Boa","Amazonas",25.871,2038,"Menor porte",0,0,"Cluster 2",16.92,3,"Cluster 2 - Menor porte","Menor porte (<20 mil)"
"99","Guajará","Amazonas",13.815,615,"Médio porte",0,0,"Cluster 2",5.66,0,"Cluster 2 - Médio porte","Médio porte (>20 mil e <100 mil)"
"100","Humaitá","Amazonas",57.473,12126,"Médio porte",0,0,"Cluster 2",5.66,7,"Cluster 2 - Médio porte","Médio porte (>20 mil e <100 mil)"
"101","Ipixuna","Amazonas",24311,55,"Médio porte",0,0,"Cluster 2",5.66,0,"Cluster 2 - Médio porte","Médio porte (>20 mil e <100 mil)"
"102","Iranduba","Amazonas",61163,10344,"Médio porte",0,0,"Cluster 2",5.66,6,"Cluster 2 - Médio porte","Médio porte (>20 mil e <100 mil)"
"103","Itacoatiara","Amazonas",103598,29144,"Maior porte",0,0,"Cluster 3",3.72,11,"Cluster 3 - Maior porte","Maior porte (>100 mil)"
"104","Itamarati","Amazonas",10937,380,"Menor porte",0,0,"Cluster 2",16.92,1,"Cluster 2 - Menor porte","Menor porte (<20 mil)"
"105","Itapiranga","Amazonas",10.162,1229,"Menor porte",0,0,"Cluster 2",16.92,2,"Cluster 2 - Menor porte","Menor porte (<20 mil)"
"106","Japurá","Amazonas",8.858,513,"Menor porte",0,0,"Cluster 2",16.92,1,"Cluster 2 - Menor porte","Menor porte (<20 mil)"
"107","Juruá","Amazonas",10.742,676,"Menor porte",0,0,"Cluster 2",16.92,1,"Cluster 2 - Menor porte","Menor porte (<20 mil)"
"108","Jutaí","Amazonas",25.172,1091,"Menor porte",0,0,"Cluster 2",16.92,2,"Cluster 2 - Menor porte","Menor porte (<20 mil)"
"109","Lábrea","Amazonas",45.448,3562,"Médio porte",0,0,"Cluster 2",5.66,2,"Cluster 2 - Médio porte","Médio porte (>20 mil e <100 mil)"
"110","Manacapuru","Amazonas",101.883,22678,"Médio porte",0,0,"Cluster 2",5.66,13,"Cluster 2 - Médio porte","Médio porte (>20 mil e <100 mil)"
"111","Manaquiri","Amazonas",17107,1112,"Médio porte",0,0,"Cluster 2",5.66,1,"Cluster 2 - Médio porte","Médio porte (>20 mil e <100 mil)"
"112","Manaus","Amazonas",2063689,898617,"Maior porte",13,0.14,"Cluster 1",3.23,290,"Cluster 1 - Maior porte","Maior porte (>100 mil)"
"113","Manicoré","Amazonas",53914,3634,"Médio porte",0,0,"Cluster 2",5.66,2,"Cluster 2 - Médio porte","Médio porte (>20 mil e <100 mil)"
"114","Maraã","Amazonas",15529,754,"Menor porte",0,0,"Cluster 2",16.92,1,"Cluster 2 - Menor porte","Menor porte (<20 mil)"
"115","Maués","Amazonas",61204,6629,"Médio porte",0,0,"Cluster 2",5.66,4,"Cluster 2 - Médio porte","Médio porte (>20 mil e <100 mil)"
"116","Nhamundá","Amazonas",20136,845,"Médio porte",0,0,"Cluster 2",5.66,0,"Cluster 2 - Médio porte","Médio porte (>20 mil e <100 mil)"
"117","Nova Olinda do Norte","Amazonas",27062,1538,"Médio porte",0,0,"Cluster 2",5.66,1,"Cluster 2 - Médio porte","Médio porte (>20 mil e <100 mil)"
"118","Novo Airão","Amazonas",15.761,1938,"Menor porte",0,0,"Cluster 2",16.92,3,"Cluster 2 - Menor porte","Menor porte (<20 mil)"
"119","Novo Aripuanã","Amazonas",23818,1168,"Médio porte",0,0,"Cluster 2",5.66,1,"Cluster 2 - Médio porte","Médio porte (>20 mil e <100 mil)"
"120","Parintins","Amazonas",96372,24781,"Médio porte",0,0,"Cluster 2",5.66,14,"Cluster 2 - Médio porte","Médio porte (>20 mil e <100 mil)"
"121","Pauini","Amazonas",19.373,395,"Menor porte",0,0,"Cluster 2",16.92,1,"Cluster 2 - Menor porte","Menor porte (<20 mil)"
"122","Presidente Figueiredo","Amazonas",30668,8922,"Médio porte",2,2.24,"Cluster 3",4.29,4,"Cluster 3 - Médio porte","Médio porte (>20 mil e <100 mil)"
"123","Rio Preto da Eva","Amazonas",24936,6141,"Médio porte",0,0,"Cluster 2",5.66,3,"Cluster 2 - Médio porte","Médio porte (>20 mil e <100 mil)"
"124","Santa Isabel do Rio Negro","Amazonas",14.164,542,"Médio porte",0,0,"Cluster 2",5.66,0,"Cluster 2 - Médio porte","Médio porte (>20 mil e <100 mil)"
"125","Santo Antônio do Içá","Amazonas",28211,1108,"Médio porte",0,0,"Cluster 2",5.66,1,"Cluster 2 - Médio porte","Médio porte (>20 mil e <100 mil)"
"126","São Gabriel da Cachoeira","Amazonas",51795,5051,"Médio porte",0,0,"Cluster 2",5.66,3,"Cluster 2 - Médio porte","Médio porte (>20 mil e <100 mil)"
"127","São Paulo de Olivença","Amazonas",32967,1588,"Médio porte",0,0,"Cluster 2",5.66,1,"Cluster 2 - Médio porte","Médio porte (>20 mil e <100 mil)"
"128","São Sebastião do Uatumã","Amazonas",11.67,415,"Menor porte",0,0,"Cluster 2",16.92,1,"Cluster 2 - Menor porte","Menor porte (<20 mil)"
"129","Silves","Amazonas",11559,709,"Menor porte",0,0,"Cluster 2",16.92,1,"Cluster 2 - Menor porte","Menor porte (<20 mil)"
"130","Tabatinga","Amazonas",66.764,11866,"Médio porte",0,0,"Cluster 2",5.66,7,"Cluster 2 - Médio porte","Médio porte (>20 mil e <100 mil)"
"131","Tapauá","Amazonas",19599,736,"Menor porte",0,0,"Cluster 2",16.92,1,"Cluster 2 - Menor porte","Menor porte (<20 mil)"
"132","Tefé","Amazonas",73669,15077,"Médio porte",0,0,"Cluster 2",5.66,9,"Cluster 2 - Médio porte","Médio porte (>20 mil e <100 mil)"
"133","Tonantins","Amazonas",19247,601,"Menor porte",0,0,"Cluster 2",16.92,1,"Cluster 2 - Menor porte","Menor porte (<20 mil)"
"134","Uarini","Amazonas",14431,744,"Menor porte",0,0,"Cluster 2",16.92,1,"Cluster 2 - Menor porte","Menor porte (<20 mil)"
"135","Urucará","Amazonas",18.631,1016,"Médio porte",0,0,"Cluster 2",5.66,1,"Cluster 2 - Médio porte","Médio porte (>20 mil e <100 mil)"
"136","Urucurituba","Amazonas",23.945,841,"Médio porte",0,0,"Cluster 2",5.66,0,"Cluster 2 - Médio porte","Médio porte (>20 mil e <100 mil)"
"137","Alto Alegre","Roraima",21096,2581,"Menor porte",0,0,"Cluster 2",16.92,4,"Cluster 2 - Menor porte","Menor porte (<20 mil)"
"138","Amajari","Roraima",13927,1038,"Menor porte",0,0,"Cluster 2",16.92,2,"Cluster 2 - Menor porte","Menor porte (<20 mil)"
"139","Boa Vista","Roraima",413486,238198,"Maior porte",26,1.09,"Cluster 1",3.23,77,"Cluster 1 - Maior porte","Maior porte (>100 mil)"
"140","Bonfim","Roraima",13923,1468,"Menor porte",0,0,"Cluster 2",16.92,2,"Cluster 2 - Menor porte","Menor porte (<20 mil)"
"141","Cantá","Roraima",18682,1875,"Menor porte",2,10.67,"Cluster 2",16.92,3,"Cluster 2 - Menor porte","Menor porte (<20 mil)"
"142","Caracaraí","Roraima",20957,4029,"Médio porte",0,0,"Cluster 2",5.66,2,"Cluster 2 - Médio porte","Médio porte (>20 mil e <100 mil)"
"143","Caroebe","Roraima",10656,3245,"Menor porte",0,0,"Cluster 2",16.92,5,"Cluster 2 - Menor porte","Menor porte (<20 mil)"
"144","Iracema","Roraima",10023,1473,"Menor porte",0,0,"Cluster 2",16.92,2,"Cluster 2 - Menor porte","Menor porte (<20 mil)"
"145","Mucajaí","Roraima",18095,4890,"Menor porte",2,4.09,"Cluster 2",16.92,8,"Cluster 2 - Menor porte","Menor porte (<20 mil)"
"146","Normandia","Roraima",13986,951,"Menor porte",0,0,"Cluster 2",16.92,2,"Cluster 2 - Menor porte","Menor porte (<20 mil)"
"147","Pacaraima","Roraima",19305,2362,"Menor porte",0,0,"Cluster 2",16.92,4,"Cluster 2 - Menor porte","Menor porte (<20 mil)"
"148","Rorainópolis","Roraima",32647,8745,"Médio porte",2,2.29,"Cluster 2",5.66,5,"Cluster 2 - Médio porte","Médio porte (>20 mil e <100 mil)"
"149","São João da Baliza","Roraima",8858,2562,"Menor porte",0,0,"Cluster 3",8.89,2,"Cluster 3 - Menor porte","Menor porte (<20 mil)"
"150","São Luiz","Roraima",7315,2186,"Menor porte",0,0,"Cluster 2",16.92,4,"Cluster 2 - Menor porte","Menor porte (<20 mil)"
"151","Uiramutã","Roraima",13751,100,"Menor porte",0,0,"Cluster 2",16.92,0,"Cluster 2 - Menor porte","Menor porte (<20 mil)"
"152","Abaetetuba","Pará",158188,45023,"Maior porte",4,0.89,"Cluster 3",3.72,17,"Cluster 3 - Maior porte","Maior porte (>100 mil)"
"153","Abel Figueiredo","Pará",6136,1856,"Menor porte",0,0,"Cluster 2",16.92,3,"Cluster 2 - Menor porte","Menor porte (<20 mil)"
"154","Acará","Pará",59023,5915,"Médio porte",5,8.45,"Cluster 2",5.66,3,"Cluster 2 - Médio porte","Médio porte (>20 mil e <100 mil)"
"155","Afuá","Pará",37765,14,"Médio porte",0,0,"Cluster 2",5.66,0,"Cluster 2 - Médio porte","Médio porte (>20 mil e <100 mil)"
"156","Água Azul do Norte","Pará",18080,3690,"Médio porte",3,8.13,"Cluster 2",5.66,2,"Cluster 2 - Médio porte","Médio porte (>20 mil e <100 mil)"
"157","Alenquer","Pará",69377,11867,"Médio porte",0,0,"Cluster 2",5.66,7,"Cluster 2 - Médio porte","Médio porte (>20 mil e <100 mil)"
"158","Almeirim","Pará",34280,4423,"Médio porte",0,0,"Cluster 2",5.66,3,"Cluster 2 - Médio porte","Médio porte (>20 mil e <100 mil)"
"159","Altamira","Pará",126279,72065,"Maior porte",3,0.42,"Cluster 3",3.72,27,"Cluster 3 - Maior porte","Maior porte (>100 mil)"
"160","Anajás","Pará",28011,529,"Médio porte",0,0,"Cluster 2",5.66,0,"Cluster 2 - Médio porte","Médio porte (>20 mil e <100 mil)"
"161","Ananindeua","Pará",478778,178230,"Maior porte",25,1.4,"Cluster 3",3.72,66,"Cluster 3 - Maior porte","Maior porte (>100 mil)"
"162","Anapu","Pará",31850,7340,"Médio porte",0,0,"Cluster 2",5.66,4,"Cluster 2 - Médio porte","Médio porte (>20 mil e <100 mil)"
"163","Augusto Corrêa","Pará",44573,4425,"Médio porte",0,0,"Cluster 2",5.66,3,"Cluster 2 - Médio porte","Médio porte (>20 mil e <100 mil)"
"164","Aurora do Pará","Pará",23774,3568,"Médio porte",0,0,"Cluster 2",5.66,2,"Cluster 2 - Médio porte","Médio porte (>20 mil e <100 mil)"
"165","Aveiro","Pará",18290,354,"Menor porte",0,0,"Cluster 2",16.92,1,"Cluster 2 - Menor porte","Menor porte (<20 mil)"
"166","Bagre","Pará",31892,379,"Médio porte",0,0,"Cluster 2",5.66,0,"Cluster 2 - Médio porte","Médio porte (>20 mil e <100 mil)"
"167","Baião","Pará",51641,3384,"Médio porte",0,0,"Cluster 2",5.66,2,"Cluster 2 - Médio porte","Médio porte (>20 mil e <100 mil)"
"168","Bannach","Pará",4031,1068,"Menor porte",0,0,"Cluster 2",16.92,2,"Cluster 2 - Menor porte","Menor porte (<20 mil)"
"169","Barcarena","Pará",126650,39222,"Maior porte",19,4.84,"Cluster 3",3.72,15,"Cluster 3 - Maior porte","Maior porte (>100 mil)"
"170","Belém","Pará",1303403,533014,"Maior porte",108,2.03,"Cluster 3",3.72,199,"Cluster 3 - Maior porte","Maior porte (>100 mil)"
"171","Belterra","Pará",18099,3937,"Menor porte",0,0,"Cluster 2",16.92,7,"Cluster 2 - Menor porte","Menor porte (<20 mil)"
"172","Benevides","Pará",63567,20106,"Médio porte",8,3.98,"Cluster 3",4.29,9,"Cluster 3 - Médio porte","Médio porte (>20 mil e <100 mil)"
"173","Bom Jesus do Tocantins","Pará",18005,3635,"Menor porte",0,0,"Cluster 2",16.92,6,"Cluster 2 - Menor porte","Menor porte (<20 mil)"
"174","Bonito","Pará",12622,2241,"Menor porte",0,0,"Cluster 2",16.92,4,"Cluster 2 - Menor porte","Menor porte (<20 mil)"
"175","Bragança","Pará",123082,31950,"Maior porte",9,2.82,"Cluster 3",3.72,12,"Cluster 3 - Maior porte","Maior porte (>100 mil)"
"176","Brasil Novo","Pará",24718,7513,"Menor porte",0,0,"Cluster 3",8.89,7,"Cluster 3 - Menor porte","Menor porte (<20 mil)"
"177","Brejo Grande do Araguaia","Pará",6783,1800,"Menor porte",0,0,"Cluster 2",16.92,3,"Cluster 2 - Menor porte","Menor porte (<20 mil)"
"178","Breu Branco","Pará",45712,11035,"Médio porte",4,3.62,"Cluster 2",5.66,6,"Cluster 2 - Médio porte","Médio porte (>20 mil e <100 mil)"
"179","Breves","Pará",106968,10951,"Maior porte",1,0.91,"Cluster 3",3.72,4,"Cluster 3 - Maior porte","Maior porte (>100 mil)"
"180","Bujaru","Pará",24383,3311,"Médio porte",0,0,"Cluster 2",5.66,2,"Cluster 2 - Médio porte","Médio porte (>20 mil e <100 mil)"
"181","Cachoeira do Arari","Pará",23981,1416,"Médio porte",0,0,"Cluster 2",5.66,1,"Cluster 2 - Médio porte","Médio porte (>20 mil e <100 mil)"
"182","Cachoeira do Piriá","Pará",19630,2292,"Médio porte",0,0,"Cluster 2",5.66,1,"Cluster 2 - Médio porte","Médio porte (>20 mil e <100 mil)"
"183","Cametá","Pará",134184,18960,"Maior porte",0,0,"Cluster 3",3.72,7,"Cluster 3 - Maior porte","Maior porte (>100 mil)"
"184","Canaã dos Carajás","Pará",77079,31822,"Médio porte",21,6.6,"Cluster 1",2.7,9,"Cluster 1 - Médio porte","Médio porte (>20 mil e <100 mil)"
"185","Capanema","Pará",70394,36815,"Médio porte",7,1.9,"Cluster 3",4.29,16,"Cluster 3 - Médio porte","Médio porte (>20 mil e <100 mil)"
"186","Capitão Poço","Pará",56506,11278,"Médio porte",1,0.89,"Cluster 2",5.66,6,"Cluster 2 - Médio porte","Médio porte (>20 mil e <100 mil)"
"187","Castanhal","Pará",192256,101363,"Maior porte",26,2.57,"Cluster 3",3.72,38,"Cluster 3 - Maior porte","Maior porte (>100 mil)"
"188","Chaves","Pará",20757,32,"Médio porte",0,0,"Cluster 2",5.66,0,"Cluster 2 - Médio porte","Médio porte (>20 mil e <100 mil)"
"189","Colares","Pará",12868,1088,"Menor porte",0,0,"Cluster 2",16.92,2,"Cluster 2 - Menor porte","Menor porte (<20 mil)"
"190","Conceição do Araguaia","Pará",44617,22482,"Médio porte",10,4.45,"Cluster 3",4.29,10,"Cluster 3 - Médio porte","Médio porte (>20 mil e <100 mil)"
"191","Concórdia do Pará","Pará",26881,7437,"Médio porte",2,2.69,"Cluster 2",5.66,4,"Cluster 2 - Médio porte","Médio porte (>20 mil e <100 mil)"
"192","Cumaru do Norte","Pará",14036,1668,"Menor porte",0,0,"Cluster 2",16.92,3,"Cluster 2 - Menor porte","Menor porte (<20 mil)"
"193","Curionópolis","Pará",19950,8031,"Menor porte",4,4.98,"Cluster 3",8.89,7,"Cluster 3 - Menor porte","Menor porte (<20 mil)"
"194","Curralinho","Pará",33903,669,"Médio porte",0,0,"Cluster 2",5.66,0,"Cluster 2 - Médio porte","Médio porte (>20 mil e <100 mil)"
"195","Curuá","Pará",14117,881,"Menor porte",0,0,"Cluster 2",16.92,1,"Cluster 2 - Menor porte","Menor porte (<20 mil)"
"196","Curuçá","Pará",41262,4985,"Médio porte",3,6.02,"Cluster 2",5.66,3,"Cluster 2 - Médio porte","Médio porte (>20 mil e <100 mil)"
"197","Dom Eliseu","Pará",58484,16098,"Médio porte",1,0.62,"Cluster 2",5.66,9,"Cluster 2 - Médio porte","Médio porte (>20 mil e <100 mil)"
"198","Eldorado do Carajás","Pará",28192,11766,"Médio porte",0,0,"Cluster 2",5.66,7,"Cluster 2 - Médio porte","Médio porte (>20 mil e <100 mil)"
"199","Faro","Pará",8728,171,"Menor porte",0,0,"Cluster 2",16.92,0,"Cluster 2 - Menor porte","Menor porte (<20 mil)"
"200","Floresta do Araguaia","Pará",17898,5391,"Médio porte",0,0,"Cluster 2",5.66,3,"Cluster 2 - Médio porte","Médio porte (>20 mil e <100 mil)"
"201","Garrafão do Norte","Pará",24703,2754,"Médio porte",0,0,"Cluster 2",5.66,2,"Cluster 2 - Médio porte","Médio porte (>20 mil e <100 mil)"
"202","Goianésia do Pará","Pará",26362,7605,"Médio porte",3,3.94,"Cluster 2",5.66,4,"Cluster 2 - Médio porte","Médio porte (>20 mil e <100 mil)"
"203","Gurupá","Pará",31786,1014,"Médio porte",0,0,"Cluster 2",5.66,1,"Cluster 2 - Médio porte","Médio porte (>20 mil e <100 mil)"
"204","Igarapé-Açu","Pará",35797,10751,"Médio porte",5,4.65,"Cluster 2",5.66,6,"Cluster 2 - Médio porte","Médio porte (>20 mil e <100 mil)"
"205","Igarapé-Miri","Pará",64831,8033,"Médio porte",1,1.24,"Cluster 2",5.66,5,"Cluster 2 - Médio porte","Médio porte (>20 mil e <100 mil)"
"206","Inhangapi","Pará",10325,1967,"Menor porte",0,0,"Cluster 2",16.92,3,"Cluster 2 - Menor porte","Menor porte (<20 mil)"
"207","Ipixuna do Pará","Pará",30329,4583,"Médio porte",1,2.18,"Cluster 2",5.66,3,"Cluster 2 - Médio porte","Médio porte (>20 mil e <100 mil)"
"208","Irituia","Pará",30955,4054,"Médio porte",1,2.47,"Cluster 2",5.66,2,"Cluster 2 - Médio porte","Médio porte (>20 mil e <100 mil)"
"209","Itaituba","Pará",123314,58667,"Maior porte",0,0,"Cluster 3",3.72,22,"Cluster 3 - Maior porte","Maior porte (>100 mil)"
"210","Itupiranga","Pará",49754,18484,"Médio porte",0,0,"Cluster 2",5.66,10,"Cluster 2 - Médio porte","Médio porte (>20 mil e <100 mil)"
"211","Jacareacanga","Pará",24042,1605,"Médio porte",0,0,"Cluster 2",5.66,1,"Cluster 2 - Médio porte","Médio porte (>20 mil e <100 mil)"
"212","Jacundá","Pará",37707,20272,"Médio porte",1,0.49,"Cluster 3",4.29,9,"Cluster 3 - Médio porte","Médio porte (>20 mil e <100 mil)"
"213","Juruti","Pará",50881,3783,"Médio porte",0,0,"Cluster 2",5.66,2,"Cluster 2 - Médio porte","Médio porte (>20 mil e <100 mil)"
"214","Limoeiro do Ajuru","Pará",29569,544,"Médio porte",0,0,"Cluster 2",5.66,0,"Cluster 2 - Médio porte","Médio porte (>20 mil e <100 mil)"
"215","Mãe do Rio","Pará",34353,11852,"Médio porte",1,0.84,"Cluster 2",5.66,7,"Cluster 2 - Médio porte","Médio porte (>20 mil e <100 mil)"
"216","Magalhães Barata","Pará",8115,713,"Menor porte",0,0,"Cluster 2",16.92,1,"Cluster 2 - Menor porte","Menor porte (<20 mil)"
"217","Marabá","Pará",266533,149678,"Maior porte",15,1,"Cluster 3",3.72,56,"Cluster 3 - Maior porte","Maior porte (>100 mil)"
"218","Maracanã","Pará",25971,2317,"Médio porte",1,4.32,"Cluster 2",5.66,1,"Cluster 2 - Médio porte","Médio porte (>20 mil e <100 mil)"
"219","Marapanim","Pará",26573,3087,"Médio porte",0,0,"Cluster 2",5.66,2,"Cluster 2 - Médio porte","Médio porte (>20 mil e <100 mil)"
"220","Marituba","Pará",111785,34255,"Maior porte",20,5.84,"Cluster 3",3.72,13,"Cluster 3 - Maior porte","Maior porte (>100 mil)"
"221","Medicilândia","Pará",27094,8034,"Médio porte",0,0,"Cluster 2",5.66,5,"Cluster 2 - Médio porte","Médio porte (>20 mil e <100 mil)"
"222","Melgaço","Pará",27881,337,"Médio porte",0,0,"Cluster 2",5.66,0,"Cluster 2 - Médio porte","Médio porte (>20 mil e <100 mil)"
"223","Mocajuba","Pará",27198,3133,"Médio porte",0,0,"Cluster 2",5.66,2,"Cluster 2 - Médio porte","Médio porte (>20 mil e <100 mil)"
"224","Moju","Pará",84094,13113,"Médio porte",6,4.58,"Cluster 2",5.66,7,"Cluster 2 - Médio porte","Médio porte (>20 mil e <100 mil)"
"225","Mojuí dos Campos","Pará",23501,3215,"Menor porte",4,12.44,"Cluster 2",16.92,5,"Cluster 2 - Menor porte","Menor porte (<20 mil)"
"226","Monte Alegre","Pará",60012,17233,"Médio porte",9,5.22,"Cluster 2",5.66,10,"Cluster 2 - Médio porte","Médio porte (>20 mil e <100 mil)"
"227","Muaná","Pará",45368,1325,"Médio porte",0,0,"Cluster 2",5.66,1,"Cluster 2 - Médio porte","Médio porte (>20 mil e <100 mil)"
"228","Nova Esperança do Piriá","Pará",20478,1984,"Médio porte",0,0,"Cluster 2",5.66,1,"Cluster 2 - Médio porte","Médio porte (>20 mil e <100 mil)"
"229","Nova Ipixuna","Pará",13955,4047,"Menor porte",2,4.94,"Cluster 2",16.92,7,"Cluster 2 - Menor porte","Menor porte (<20 mil)"
"230","Nova Timboteua","Pará",12806,2678,"Menor porte",3,11.2,"Cluster 2",16.92,5,"Cluster 2 - Menor porte","Menor porte (<20 mil)"
"231","Novo Progresso","Pará",33638,21199,"Médio porte",0,0,"Cluster 1",2.7,6,"Cluster 1 - Médio porte","Médio porte (>20 mil e <100 mil)"
"232","Novo Repartimento","Pará",60732,22549,"Médio porte",0,0,"Cluster 2",5.66,13,"Cluster 2 - Médio porte","Médio porte (>20 mil e <100 mil)"
"233","Óbidos","Pará",52229,9062,"Médio porte",0,0,"Cluster 2",5.66,5,"Cluster 2 - Médio porte","Médio porte (>20 mil e <100 mil)"
"234","Oeiras do Pará","Pará",33844,1044,"Médio porte",0,0,"Cluster 2",5.66,1,"Cluster 2 - Médio porte","Médio porte (>20 mil e <100 mil)"
"235","Oriximiná","Pará",68294,11751,"Médio porte",0,0,"Cluster 2",5.66,7,"Cluster 2 - Médio porte","Médio porte (>20 mil e <100 mil)"
"236","Ourém","Pará",17855,2815,"Menor porte",0,0,"Cluster 2",16.92,5,"Cluster 2 - Menor porte","Menor porte (<20 mil)"
"237","Ourilândia do Norte","Pará",32467,15614,"Médio porte",1,0.64,"Cluster 3",4.29,7,"Cluster 3 - Médio porte","Médio porte (>20 mil e <100 mil)"
"238","Pacajá","Pará",41097,10527,"Médio porte",0,0,"Cluster 2",5.66,6,"Cluster 2 - Médio porte","Médio porte (>20 mil e <100 mil)"
"239","Palestina do Pará","Pará",6885,1062,"Menor porte",0,0,"Cluster 2",16.92,2,"Cluster 2 - Menor porte","Menor porte (<20 mil)"
"240","Paragominas","Pará",105550,50630,"Maior porte",15,2.96,"Cluster 3",3.72,19,"Cluster 3 - Maior porte","Maior porte (>100 mil)"
"241","Parauapebas","Pará",267836,138840,"Maior porte",50,3.6,"Cluster 1",3.23,45,"Cluster 1 - Maior porte","Maior porte (>100 mil)"
"242","Pau D'Arco","Pará",6931,1943,"Menor porte",0,0,"Cluster 2",16.92,3,"Cluster 2 - Menor porte","Menor porte (<20 mil)"
"243","Peixe-Boi","Pará",8285,1686,"Menor porte",0,0,"Cluster 2",16.92,3,"Cluster 2 - Menor porte","Menor porte (<20 mil)"
"244","Piçarra","Pará",12832,1983,"Menor porte",0,0,"Cluster 2",16.92,3,"Cluster 2 - Menor porte","Menor porte (<20 mil)"
"245","Placas","Pará",18668,3934,"Médio porte",0,0,"Cluster 2",5.66,2,"Cluster 2 - Médio porte","Médio porte (>20 mil e <100 mil)"
"246","Ponta de Pedras","Pará",24984,1751,"Médio porte",0,0,"Cluster 2",5.66,1,"Cluster 2 - Médio porte","Médio porte (>20 mil e <100 mil)"
"247","Portel","Pará",62503,2680,"Médio porte",0,0,"Cluster 2",5.66,2,"Cluster 2 - Médio porte","Médio porte (>20 mil e <100 mil)"
"248","Porto de Moz","Pará",40597,1673,"Médio porte",0,0,"Cluster 2",5.66,1,"Cluster 2 - Médio porte","Médio porte (>20 mil e <100 mil)"
"249","Prainha","Pará",35577,1896,"Médio porte",0,0,"Cluster 2",5.66,1,"Cluster 2 - Médio porte","Médio porte (>20 mil e <100 mil)"
"250","Primavera","Pará",10851,1818,"Menor porte",0,0,"Cluster 2",16.92,3,"Cluster 2 - Menor porte","Menor porte (<20 mil)"
"251","Quatipuru","Pará",11524,1114,"Menor porte",1,8.98,"Cluster 2",16.92,2,"Cluster 2 - Menor porte","Menor porte (<20 mil)"
"252","Redenção","Pará",85597,78583,"Médio porte",6,0.76,"Cluster 1",2.7,21,"Cluster 1 - Médio porte","Médio porte (>20 mil e <100 mil)"
"253","Rio Maria","Pará",18384,9484,"Menor porte",0,0,"Cluster 3",8.89,8,"Cluster 3 - Menor porte","Menor porte (<20 mil)"
"254","Rondon do Pará","Pará",53143,18906,"Médio porte",0,0,"Cluster 2",5.66,11,"Cluster 2 - Médio porte","Médio porte (>20 mil e <100 mil)"
"255","Rurópolis","Pará",35769,8422,"Médio porte",0,0,"Cluster 2",5.66,5,"Cluster 2 - Médio porte","Médio porte (>20 mil e <100 mil)"
"256","Salinópolis","Pará",44772,12916,"Médio porte",13,10.07,"Cluster 3",4.29,6,"Cluster 3 - Médio porte","Médio porte (>20 mil e <100 mil)"
"257","Salvaterra","Pará",24129,3468,"Médio porte",0,0,"Cluster 2",5.66,2,"Cluster 2 - Médio porte","Médio porte (>20 mil e <100 mil)"
"258","Santa Bárbara do Pará","Pará",21087,4328,"Médio porte",5,11.55,"Cluster 2",5.66,2,"Cluster 2 - Médio porte","Médio porte (>20 mil e <100 mil)"
"259","Santa Cruz do Arari","Pará",7445,239,"Menor porte",0,0,"Cluster 2",16.92,0,"Cluster 2 - Menor porte","Menor porte (<20 mil)"
"260","Santa Izabel do Pará","Pará",73019,25515,"Médio porte",0,0,"Cluster 3",4.29,11,"Cluster 3 - Médio porte","Médio porte (>20 mil e <100 mil)"
"261","Santa Luzia do Pará","Pará",20370,3898,"Menor porte",1,2.57,"Cluster 2",16.92,7,"Cluster 2 - Menor porte","Menor porte (<20 mil)"
"262","Santa Maria das Barreiras","Pará",16548,3866,"Médio porte",0,0,"Cluster 2",5.66,2,"Cluster 2 - Médio porte","Médio porte (>20 mil e <100 mil)"
"263","Santa Maria do Pará","Pará",24624,9081,"Médio porte",3,3.3,"Cluster 2",5.66,5,"Cluster 2 - Médio porte","Médio porte (>20 mil e <100 mil)"
"264","Santana do Araguaia","Pará",32413,16359,"Médio porte",4,2.45,"Cluster 2",5.66,9,"Cluster 2 - Médio porte","Médio porte (>20 mil e <100 mil)"
"265","Santarém","Pará",331942,133416,"Maior porte",26,1.95,"Cluster 3",3.72,50,"Cluster 3 - Maior porte","Maior porte (>100 mil)"
"266","Santarém Novo","Pará",6116,962,"Menor porte",0,0,"Cluster 2",16.92,2,"Cluster 2 - Menor porte","Menor porte (<20 mil)"
"267","Santo Antônio do Tauá","Pará",27461,5935,"Médio porte",2,3.37,"Cluster 2",5.66,3,"Cluster 2 - Médio porte","Médio porte (>20 mil e <100 mil)"
"268","São Caetano de Odivelas","Pará",16666,2077,"Menor porte",0,0,"Cluster 2",16.92,4,"Cluster 2 - Menor porte","Menor porte (<20 mil)"
"269","São Domingos do Araguaia","Pará",21092,9766,"Médio porte",0,0,"Cluster 2",5.66,6,"Cluster 2 - Médio porte","Médio porte (>20 mil e <100 mil)"
"270","São Domingos do Capim","Pará",30599,2720,"Médio porte",0,0,"Cluster 2",5.66,2,"Cluster 2 - Médio porte","Médio porte (>20 mil e <100 mil)"
"271","São Félix do Xingu","Pará",65418,23087,"Maior porte",1,0.43,"Cluster 3",3.72,9,"Cluster 3 - Maior porte","Maior porte (>100 mil)"
"272","São Francisco do Pará","Pará",14894,4186,"Menor porte",0,0,"Cluster 2",16.92,7,"Cluster 2 - Menor porte","Menor porte (<20 mil)"
"273","São Geraldo do Araguaia","Pará",24255,10178,"Médio porte",0,0,"Cluster 3",4.29,4,"Cluster 3 - Médio porte","Médio porte (>20 mil e <100 mil)"
"274","São João da Ponta","Pará",4430,582,"Menor porte",0,0,"Cluster 2",16.92,1,"Cluster 2 - Menor porte","Menor porte (<20 mil)"
"275","São João de Pirabas","Pará",20689,2570,"Médio porte",0,0,"Cluster 2",5.66,1,"Cluster 2 - Médio porte","Médio porte (>20 mil e <100 mil)"
"276","São João do Araguaia","Pará",13664,2189,"Menor porte",0,0,"Cluster 2",16.92,4,"Cluster 2 - Menor porte","Menor porte (<20 mil)"
"277","São Miguel do Guamá","Pará",52894,14808,"Médio porte",3,2.03,"Cluster 2",5.66,8,"Cluster 2 - Médio porte","Médio porte (>20 mil e <100 mil)"
"278","São Sebastião da Boa Vista","Pará",25643,718,"Médio porte",0,0,"Cluster 2",5.66,0,"Cluster 2 - Médio porte","Médio porte (>20 mil e <100 mil)"
"279","Sapucaia","Pará",5847,1729,"Menor porte",0,0,"Cluster 2",16.92,3,"Cluster 2 - Menor porte","Menor porte (<20 mil)"
"280","Senador José Porfírio","Pará",22576,1686,"Menor porte",0,0,"Cluster 2",16.92,3,"Cluster 2 - Menor porte","Menor porte (<20 mil)"
"281","Soure","Pará",24204,4051,"Médio porte",0,0,"Cluster 2",5.66,2,"Cluster 2 - Médio porte","Médio porte (>20 mil e <100 mil)"
"282","Tailândia","Pará",72493,30831,"Maior porte",2,0.65,"Cluster 3",3.72,11,"Cluster 3 - Maior porte","Maior porte (>100 mil)"
"283","Terra Alta","Pará",10400,1899,"Menor porte",0,0,"Cluster 2",16.92,3,"Cluster 2 - Menor porte","Menor porte (<20 mil)"
"284","Terra Santa","Pará",18782,1031,"Menor porte",0,0,"Cluster 2",16.92,2,"Cluster 2 - Menor porte","Menor porte (<20 mil)"
"285","Tomé-Açu","Pará",67585,21218,"Médio porte",0,0,"Cluster 2",5.66,12,"Cluster 2 - Médio porte","Médio porte (>20 mil e <100 mil)"
"286","Tracuateua","Pará",28595,3362,"Médio porte",0,0,"Cluster 2",5.66,2,"Cluster 2 - Médio porte","Médio porte (>20 mil e <100 mil)"
"287","Trairão","Pará",15242,4403,"Menor porte",0,0,"Cluster 2",16.92,7,"Cluster 2 - Menor porte","Menor porte (<20 mil)"
"288","Tucumã","Pará",39550,31745,"Médio porte",4,1.26,"Cluster 1",2.7,9,"Cluster 1 - Médio porte","Médio porte (>20 mil e <100 mil)"
"289","Tucuruí","Pará",91306,40520,"Maior porte",0,0,"Cluster 3",3.72,15,"Cluster 3 - Maior porte","Maior porte (>100 mil)"
"290","Ulianópolis","Pará",37972,6256,"Médio porte",0,0,"Cluster 2",5.66,4,"Cluster 2 - Médio porte","Médio porte (>20 mil e <100 mil)"
"291","Uruará","Pará",43558,15337,"Médio porte",0,0,"Cluster 2",5.66,9,"Cluster 2 - Médio porte","Médio porte (>20 mil e <100 mil)"
"292","Vigia","Pará",50832,9853,"Médio porte",2,2.03,"Cluster 2",5.66,6,"Cluster 2 - Médio porte","Médio porte (>20 mil e <100 mil)"
"293","Viseu","Pará",58692,4108,"Médio porte",0,0,"Cluster 2",5.66,2,"Cluster 2 - Médio porte","Médio porte (>20 mil e <100 mil)"
"294","Vitória do Xingu","Pará",15607,3183,"Menor porte",2,6.28,"Cluster 1",8.51,3,"Cluster 1 - Menor porte","Menor porte (<20 mil)"
"295","Xinguara","Pará",52893,33441,"Médio porte",1,0.3,"Cluster 3",4.29,14,"Cluster 3 - Médio porte","Médio porte (>20 mil e <100 mil)"
"296","Amapá","Amapá",7943,788,"Menor porte",0,0,"Cluster 2",16.92,1,"Cluster 2 - Menor porte","Menor porte (<20 mil)"
"297","Calçoene","Amapá",10612,1035,"Menor porte",0,0,"Cluster 2",16.92,2,"Cluster 2 - Menor porte","Menor porte (<20 mil)"
"298","Cutias","Amapá",4461,206,"Menor porte",0,0,"Cluster 2",16.92,0,"Cluster 2 - Menor porte","Menor porte (<20 mil)"
"299","Ferreira Gomes","Amapá",6666,719,"Menor porte",0,0,"Cluster 2",16.92,1,"Cluster 2 - Menor porte","Menor porte (<20 mil)"
"300","Itaubal","Amapá",5599,225,"Menor porte",0,0,"Cluster 2",16.92,0,"Cluster 2 - Menor porte","Menor porte (<20 mil)"
"301","Laranjal do Jari","Amapá",35114,6452,"Médio porte",0,0,"Cluster 2",5.66,4,"Cluster 2 - Médio porte","Médio porte (>20 mil e <100 mil)"
"302","Macapá","Amapá",442933,186886,"Maior porte",35,1.87,"Cluster 3",3.72,70,"Cluster 3 - Maior porte","Maior porte (>100 mil)"
"303","Mazagão","Amapá",21924,1509,"Médio porte",0,0,"Cluster 2",5.66,1,"Cluster 2 - Médio porte","Médio porte (>20 mil e <100 mil)"
"304","Oiapoque","Amapá",27482,4700,"Médio porte",0,0,"Cluster 2",5.66,3,"Cluster 2 - Médio porte","Médio porte (>20 mil e <100 mil)"
"305","Pedra Branca do Amapari","Amapá",12847,957,"Menor porte",0,0,"Cluster 2",16.92,2,"Cluster 2 - Menor porte","Menor porte (<20 mil)"
"306","Porto Grande","Amapá",17848,2865,"Médio porte",0,0,"Cluster 2",5.66,2,"Cluster 2 - Médio porte","Médio porte (>20 mil e <100 mil)"
"307","Pracuúba","Amapá",3803,188,"Menor porte",0,0,"Cluster 2",16.92,0,"Cluster 2 - Menor porte","Menor porte (<20 mil)"
"308","Santana","Amapá",107618,34126,"Maior porte",0,0,"Cluster 3",3.72,13,"Cluster 3 - Maior porte","Maior porte (>100 mil)"
"309","Serra do Navio","Amapá",4673,591,"Menor porte",0,0,"Cluster 2",16.92,1,"Cluster 2 - Menor porte","Menor porte (<20 mil)"
"310","Tartarugalzinho","Amapá",12945,801,"Menor porte",0,0,"Cluster 2",16.92,1,"Cluster 2 - Menor porte","Menor porte (<20 mil)"
"311","Vitória do Jari","Amapá",11291,526,"Menor porte",0,0,"Cluster 2",16.92,1,"Cluster 2 - Menor porte","Menor porte (<20 mil)"
"312","Abreulândia","Tocantins",2576,890,"Menor porte",0,0,"Cluster 3",8.89,1,"Cluster 3 - Menor porte","Menor porte (<20 mil)"
"313","Aguiarnópolis","Tocantins",4497,2041,"Menor porte",2,9.8,"Cluster 3",8.89,2,"Cluster 3 - Menor porte","Menor porte (<20 mil)"
"314","Aliança do Tocantins","Tocantins",5147,2590,"Menor porte",1,3.86,"Cluster 3",8.89,2,"Cluster 3 - Menor porte","Menor porte (<20 mil)"
"315","Almas","Tocantins",6499,2261,"Menor porte",0,0,"Cluster 2",16.92,4,"Cluster 2 - Menor porte","Menor porte (<20 mil)"
"316","Alvorada","Tocantins",8802,6044,"Menor porte",4,6.62,"Cluster 1",8.51,5,"Cluster 1 - Menor porte","Menor porte (<20 mil)"
"317","Ananás","Tocantins",10325,3627,"Menor porte",0,0,"Cluster 3",8.89,3,"Cluster 3 - Menor porte","Menor porte (<20 mil)"
"318","Angico","Tocantins",2876,834,"Menor porte",1,11.99,"Cluster 2",16.92,1,"Cluster 2 - Menor porte","Menor porte (<20 mil)"
"319","Aparecida do Rio Negro","Tocantins",4856,1939,"Menor porte",1,5.16,"Cluster 3",8.89,2,"Cluster 3 - Menor porte","Menor porte (<20 mil)"
"320","Aragominas","Tocantins",5290,1285,"Menor porte",1,7.78,"Cluster 2",16.92,2,"Cluster 2 - Menor porte","Menor porte (<20 mil)"
"321","Araguacema","Tocantins",5927,1589,"Menor porte",0,0,"Cluster 2",16.92,3,"Cluster 2 - Menor porte","Menor porte (<20 mil)"
"322","Araguaçu","Tocantins",8133,4875,"Menor porte",1,2.05,"Cluster 3",8.89,4,"Cluster 3 - Menor porte","Menor porte (<20 mil)"
"323","Araguaína","Tocantins",171301,144973,"Maior porte",85,5.86,"Cluster 1",3.23,47,"Cluster 1 - Maior porte","Maior porte (>100 mil)"
"324","Araguanã","Tocantins",4310,1313,"Menor porte",0,0,"Cluster 2",16.92,2,"Cluster 2 - Menor porte","Menor porte (<20 mil)"
"325","Araguatins","Tocantins",31918,14044,"Médio porte",0,0,"Cluster 3",4.29,6,"Cluster 3 - Médio porte","Médio porte (>20 mil e <100 mil)"
"326","Arapoema","Tocantins",5550,3004,"Menor porte",0,0,"Cluster 3",8.89,3,"Cluster 3 - Menor porte","Menor porte (<20 mil)"
"327","Arraias","Tocantins",10287,2629,"Menor porte",1,3.8,"Cluster 2",16.92,4,"Cluster 2 - Menor porte","Menor porte (<20 mil)"
"328","Augustinópolis","Tocantins",17484,8000,"Menor porte",0,0,"Cluster 3",8.89,7,"Cluster 3 - Menor porte","Menor porte (<20 mil)"
"329","Aurora do Tocantins","Tocantins",3342,925,"Menor porte",0,0,"Cluster 2",16.92,2,"Cluster 2 - Menor porte","Menor porte (<20 mil)"
"330","Axixá do Tocantins","Tocantins",10262,3422,"Menor porte",0,0,"Cluster 2",16.92,6,"Cluster 2 - Menor porte","Menor porte (<20 mil)"
"331","Babaçulândia","Tocantins",7880,2286,"Menor porte",0,0,"Cluster 2",16.92,4,"Cluster 2 - Menor porte","Menor porte (<20 mil)"
"332","Bandeirantes do Tocantins","Tocantins",3407,1139,"Menor porte",0,0,"Cluster 2",16.92,2,"Cluster 2 - Menor porte","Menor porte (<20 mil)"
"333","Barra do Ouro","Tocantins",4476,988,"Menor porte",0,0,"Cluster 2",16.92,2,"Cluster 2 - Menor porte","Menor porte (<20 mil)"
"334","Barrolândia","Tocantins",4846,2253,"Menor porte",2,8.88,"Cluster 3",8.89,2,"Cluster 3 - Menor porte","Menor porte (<20 mil)"
"335","Bernardo Sayão","Tocantins",4229,1855,"Menor porte",0,0,"Cluster 3",8.89,2,"Cluster 3 - Menor porte","Menor porte (<20 mil)"
"336","Bom Jesus do Tocantins","Tocantins",4038,1309,"Menor porte",0,0,"Cluster 2",16.92,2,"Cluster 2 - Menor porte","Menor porte (<20 mil)"
"337","Brasilândia do Tocantins","Tocantins",1974,694,"Menor porte",2,28.82,"Cluster 3",8.89,1,"Cluster 3 - Menor porte","Menor porte (<20 mil)"
"338","Brejinho de Nazaré","Tocantins",4725,1801,"Menor porte",0,0,"Cluster 3",8.89,2,"Cluster 3 - Menor porte","Menor porte (<20 mil)"
"339","Buriti do Tocantins","Tocantins",10307,2576,"Menor porte",0,0,"Cluster 2",16.92,4,"Cluster 2 - Menor porte","Menor porte (<20 mil)"
"340","Cachoeirinha","Tocantins",1961,588,"Menor porte",0,0,"Cluster 2",16.92,1,"Cluster 2 - Menor porte","Menor porte (<20 mil)"
"341","Campos Lindos","Tocantins",8653,2158,"Menor porte",0,0,"Cluster 2",16.92,4,"Cluster 2 - Menor porte","Menor porte (<20 mil)"
"342","Cariri do Tocantins","Tocantins",4007,1886,"Menor porte",4,21.21,"Cluster 3",8.89,2,"Cluster 3 - Menor porte","Menor porte (<20 mil)"
"343","Carmolândia","Tocantins",2201,1222,"Menor porte",0,0,"Cluster 3",8.89,1,"Cluster 3 - Menor porte","Menor porte (<20 mil)"
"344","Carrasco Bonito","Tocantins",3318,754,"Menor porte",0,0,"Cluster 2",16.92,1,"Cluster 2 - Menor porte","Menor porte (<20 mil)"
"345","Caseara","Tocantins",4847,1502,"Menor porte",1,6.66,"Cluster 3",8.89,1,"Cluster 3 - Menor porte","Menor porte (<20 mil)"
"346","Centenário","Tocantins",2131,513,"Menor porte",0,0,"Cluster 2",16.92,1,"Cluster 2 - Menor porte","Menor porte (<20 mil)"
"347","Chapada da Natividade","Tocantins",3117,993,"Menor porte",0,0,"Cluster 2",16.92,2,"Cluster 2 - Menor porte","Menor porte (<20 mil)"
"348","Chapada de Areia","Tocantins",1501,325,"Menor porte",0,0,"Cluster 2",16.92,1,"Cluster 2 - Menor porte","Menor porte (<20 mil)"
"349","Colinas do Tocantins","Tocantins",34233,24401,"Médio porte",7,2.87,"Cluster 1",2.7,7,"Cluster 1 - Médio porte","Médio porte (>20 mil e <100 mil)"
"350","Colméia","Tocantins",8941,5501,"Menor porte",0,0,"Cluster 3",8.89,5,"Cluster 3 - Menor porte","Menor porte (<20 mil)"
"351","Combinado","Tocantins",4756,2142,"Menor porte",0,0,"Cluster 3",8.89,2,"Cluster 3 - Menor porte","Menor porte (<20 mil)"
"352","Conceição do Tocantins","Tocantins",3887,893,"Menor porte",0,0,"Cluster 2",16.92,2,"Cluster 2 - Menor porte","Menor porte (<20 mil)"
"353","Couto Magalhães","Tocantins",5331,1564,"Menor porte",0,0,"Cluster 2",16.92,3,"Cluster 2 - Menor porte","Menor porte (<20 mil)"
"354","Cristalândia","Tocantins",6371,3157,"Menor porte",0,0,"Cluster 3",8.89,3,"Cluster 3 - Menor porte","Menor porte (<20 mil)"
"355","Crixás do Tocantins","Tocantins",1470,586,"Menor porte",2,34.13,"Cluster 3",8.89,1,"Cluster 3 - Menor porte","Menor porte (<20 mil)"
"356","Darcinópolis","Tocantins",5827,1852,"Menor porte",2,10.8,"Cluster 2",16.92,3,"Cluster 2 - Menor porte","Menor porte (<20 mil)"
"357","Dianópolis","Tocantins",17739,9380,"Médio porte",3,3.2,"Cluster 3",4.29,4,"Cluster 3 - Médio porte","Médio porte (>20 mil e <100 mil)"
"358","Divinópolis do Tocantins","Tocantins",7024,3490,"Menor porte",0,0,"Cluster 3",8.89,3,"Cluster 3 - Menor porte","Menor porte (<20 mil)"
"359","Dois Irmãos do Tocantins","Tocantins",6327,2230,"Menor porte",0,0,"Cluster 2",16.92,4,"Cluster 2 - Menor porte","Menor porte (<20 mil)"
"360","Dueré","Tocantins",4248,1512,"Menor porte",0,0,"Cluster 3",8.89,1,"Cluster 3 - Menor porte","Menor porte (<20 mil)"
"361","Esperantina","Tocantins",7530,1636,"Menor porte",0,0,"Cluster 2",16.92,3,"Cluster 2 - Menor porte","Menor porte (<20 mil)"
"362","Fátima","Tocantins",3467,2065,"Menor porte",0,0,"Cluster 3",8.89,2,"Cluster 3 - Menor porte","Menor porte (<20 mil)"
"363","Figueirópolis","Tocantins",5211,2800,"Menor porte",2,7.14,"Cluster 3",8.89,2,"Cluster 3 - Menor porte","Menor porte (<20 mil)"
"364","Filadélfia","Tocantins",7712,1395,"Menor porte",0,0,"Cluster 2",16.92,2,"Cluster 2 - Menor porte","Menor porte (<20 mil)"
"365","Formoso do Araguaia","Tocantins",18881,9282,"Menor porte",0,0,"Cluster 3",8.89,8,"Cluster 3 - Menor porte","Menor porte (<20 mil)"
"366","Fortaleza do Tabocão","Tocantins",NA,1454,"Menor porte",2,13.76,"Cluster 3",8.89,1,"Cluster 3 - Menor porte","Menor porte (<20 mil)"
"367","Goianorte","Tocantins",4738,2236,"Menor porte",0,0,"Cluster 3",8.89,2,"Cluster 3 - Menor porte","Menor porte (<20 mil)"
"368","Goiatins","Tocantins",12433,2233,"Menor porte",0,0,"Cluster 2",16.92,4,"Cluster 2 - Menor porte","Menor porte (<20 mil)"
"369","Guaraí","Tocantins",24775,15394,"Médio porte",5,3.25,"Cluster 1",2.7,4,"Cluster 1 - Médio porte","Médio porte (>20 mil e <100 mil)"
"370","Gurupi","Tocantins",85125,74882,"Médio porte",14,1.87,"Cluster 1",2.7,20,"Cluster 1 - Médio porte","Médio porte (>20 mil e <100 mil)"
"371","Ipueiras","Tocantins",1590,549,"Menor porte",0,0,"Cluster 2",16.92,1,"Cluster 2 - Menor porte","Menor porte (<20 mil)"
"372","Itacajá","Tocantins",6819,2734,"Menor porte",0,0,"Cluster 2",16.92,5,"Cluster 2 - Menor porte","Menor porte (<20 mil)"
"373","Itaguatins","Tocantins",5172,1149,"Menor porte",0,0,"Cluster 2",16.92,2,"Cluster 2 - Menor porte","Menor porte (<20 mil)"
"374","Itapiratins","Tocantins",3577,1350,"Menor porte",0,0,"Cluster 2",16.92,2,"Cluster 2 - Menor porte","Menor porte (<20 mil)"
"375","Itaporã do Tocantins","Tocantins",2404,895,"Menor porte",0,0,"Cluster 3",8.89,1,"Cluster 3 - Menor porte","Menor porte (<20 mil)"
"376","Jaú do Tocantins","Tocantins",3334,1235,"Menor porte",0,0,"Cluster 3",8.89,1,"Cluster 3 - Menor porte","Menor porte (<20 mil)"
"377","Juarina","Tocantins",2243,816,"Menor porte",0,0,"Cluster 2",16.92,1,"Cluster 2 - Menor porte","Menor porte (<20 mil)"
"378","Lagoa da Confusão","Tocantins",15288,5676,"Menor porte",0,0,"Cluster 3",8.89,5,"Cluster 3 - Menor porte","Menor porte (<20 mil)"
"379","Lagoa do Tocantins","Tocantins",3516,901,"Menor porte",0,0,"Cluster 2",16.92,2,"Cluster 2 - Menor porte","Menor porte (<20 mil)"
"380","Lajeado","Tocantins",3357,1147,"Menor porte",2,17.44,"Cluster 3",8.89,1,"Cluster 3 - Menor porte","Menor porte (<20 mil)"
"381","Lavandeira","Tocantins",1626,488,"Menor porte",0,0,"Cluster 2",16.92,1,"Cluster 2 - Menor porte","Menor porte (<20 mil)"
"382","Lizarda","Tocantins",2999,476,"Menor porte",0,0,"Cluster 2",16.92,1,"Cluster 2 - Menor porte","Menor porte (<20 mil)"
"383","Luzinópolis","Tocantins",2717,777,"Menor porte",0,0,"Cluster 2",16.92,1,"Cluster 2 - Menor porte","Menor porte (<20 mil)"
"384","Marianópolis do Tocantins","Tocantins",4615,1654,"Menor porte",0,0,"Cluster 2",16.92,3,"Cluster 2 - Menor porte","Menor porte (<20 mil)"
"385","Mateiros","Tocantins",2748,579,"Menor porte",0,0,"Cluster 2",16.92,1,"Cluster 2 - Menor porte","Menor porte (<20 mil)"
"386","Maurilândia do Tocantins","Tocantins",3095,703,"Menor porte",0,0,"Cluster 2",16.92,1,"Cluster 2 - Menor porte","Menor porte (<20 mil)"
"387","Miracema do Tocantins","Tocantins",18566,10030,"Menor porte",6,5.98,"Cluster 3",8.89,9,"Cluster 3 - Menor porte","Menor porte (<20 mil)"
"388","Miranorte","Tocantins",12701,8272,"Menor porte",4,4.84,"Cluster 3",8.89,7,"Cluster 3 - Menor porte","Menor porte (<20 mil)"
"389","Monte do Carmo","Tocantins",5694,1748,"Menor porte",2,11.44,"Cluster 2",16.92,3,"Cluster 2 - Menor porte","Menor porte (<20 mil)"
"390","Monte Santo do Tocantins","Tocantins",2396,713,"Menor porte",0,0,"Cluster 2",16.92,1,"Cluster 2 - Menor porte","Menor porte (<20 mil)"
"391","Muricilândia","Tocantins",3367,736,"Menor porte",0,0,"Cluster 2",16.92,1,"Cluster 2 - Menor porte","Menor porte (<20 mil)"
"392","Natividade","Tocantins",8754,4002,"Menor porte",0,0,"Cluster 3",8.89,4,"Cluster 3 - Menor porte","Menor porte (<20 mil)"
"393","Nazaré","Tocantins",4521,1241,"Menor porte",1,8.06,"Cluster 2",16.92,2,"Cluster 2 - Menor porte","Menor porte (<20 mil)"
"394","Nova Olinda","Tocantins",10367,4132,"Menor porte",5,12.1,"Cluster 2",16.92,7,"Cluster 2 - Menor porte","Menor porte (<20 mil)"
"395","Nova Rosalândia","Tocantins",3362,1461,"Menor porte",0,0,"Cluster 3",8.89,1,"Cluster 3 - Menor porte","Menor porte (<20 mil)"
"396","Novo Acordo","Tocantins",3969,1210,"Menor porte",0,0,"Cluster 2",16.92,2,"Cluster 2 - Menor porte","Menor porte (<20 mil)"
"397","Novo Alegre","Tocantins",1846,468,"Menor porte",0,0,"Cluster 2",16.92,1,"Cluster 2 - Menor porte","Menor porte (<20 mil)"
"398","Novo Jardim","Tocantins",2230,594,"Menor porte",0,0,"Cluster 2",16.92,1,"Cluster 2 - Menor porte","Menor porte (<20 mil)"
"399","Oliveira de Fátima","Tocantins",1164,418,"Menor porte",1,23.92,"Cluster 3",8.89,0,"Cluster 3 - Menor porte","Menor porte (<20 mil)"
"400","Palmas","Tocantins",302692,235901,"Maior porte",127,5.38,"Cluster 2",3.54,84,"Cluster 2 - Maior porte","Maior porte (>100 mil)"
"401","Palmeirante","Tocantins",4798,1045,"Menor porte",0,0,"Cluster 2",16.92,2,"Cluster 2 - Menor porte","Menor porte (<20 mil)"
"402","Palmeiras do Tocantins","Tocantins",4872,1511,"Menor porte",0,0,"Cluster 2",16.92,3,"Cluster 2 - Menor porte","Menor porte (<20 mil)"
"403","Palmeirópolis","Tocantins",6975,4352,"Menor porte",2,4.6,"Cluster 3",8.89,4,"Cluster 3 - Menor porte","Menor porte (<20 mil)"
"404","Paraíso do Tocantins","Tocantins",52360,39663,"Médio porte",1,0.25,"Cluster 1",2.7,11,"Cluster 1 - Médio porte","Médio porte (>20 mil e <100 mil)"
"405","Paranã","Tocantins",10542,1914,"Menor porte",0,0,"Cluster 2",16.92,3,"Cluster 2 - Menor porte","Menor porte (<20 mil)"
"406","Pau D'Arco","Tocantins",4043,1332,"Menor porte",0,0,"Cluster 2",16.92,2,"Cluster 2 - Menor porte","Menor porte (<20 mil)"
"407","Pedro Afonso","Tocantins",14055,8318,"Menor porte",0,0,"Cluster 1",8.51,7,"Cluster 1 - Menor porte","Menor porte (<20 mil)"
"408","Peixe","Tocantins",9317,3583,"Menor porte",0,0,"Cluster 3",8.89,3,"Cluster 3 - Menor porte","Menor porte (<20 mil)"
"409","Pequizeiro","Tocantins",4921,1883,"Menor porte",0,0,"Cluster 2",16.92,3,"Cluster 2 - Menor porte","Menor porte (<20 mil)"
"410","Pindorama do Tocantins","Tocantins",4478,1189,"Menor porte",0,0,"Cluster 2",16.92,2,"Cluster 2 - Menor porte","Menor porte (<20 mil)"
"411","Piraquê","Tocantins",2282,558,"Menor porte",0,0,"Cluster 2",16.92,1,"Cluster 2 - Menor porte","Menor porte (<20 mil)"
"412","Pium","Tocantins",7128,2104,"Menor porte",0,0,"Cluster 2",16.92,4,"Cluster 2 - Menor porte","Menor porte (<20 mil)"
"413","Ponte Alta do Bom Jesus","Tocantins",4220,1159,"Menor porte",0,0,"Cluster 2",16.92,2,"Cluster 2 - Menor porte","Menor porte (<20 mil)"
"414","Ponte Alta do Tocantins","Tocantins",7586,2240,"Menor porte",0,0,"Cluster 2",16.92,4,"Cluster 2 - Menor porte","Menor porte (<20 mil)"
"415","Porto Alegre do Tocantins","Tocantins",2866,755,"Menor porte",0,0,"Cluster 2",16.92,1,"Cluster 2 - Menor porte","Menor porte (<20 mil)"
"416","Porto Nacional","Tocantins",64418,40811,"Médio porte",12,2.94,"Cluster 1",2.7,11,"Cluster 1 - Médio porte","Médio porte (>20 mil e <100 mil)"
"417","Praia Norte","Tocantins",9044,1399,"Menor porte",0,0,"Cluster 2",16.92,2,"Cluster 2 - Menor porte","Menor porte (<20 mil)"
"418","Presidente Kennedy","Tocantins",3047,1172,"Menor porte",2,17.06,"Cluster 3",8.89,1,"Cluster 3 - Menor porte","Menor porte (<20 mil)"
"419","Pugmil","Tocantins",2193,961,"Menor porte",1,10.41,"Cluster 3",8.89,1,"Cluster 3 - Menor porte","Menor porte (<20 mil)"
"420","Recursolândia","Tocantins",3421,838,"Menor porte",0,0,"Cluster 2",16.92,1,"Cluster 2 - Menor porte","Menor porte (<20 mil)"
"421","Riachinho","Tocantins",3960,1318,"Menor porte",0,0,"Cluster 2",16.92,2,"Cluster 2 - Menor porte","Menor porte (<20 mil)"
"422","Rio da Conceição","Tocantins",1768,503,"Menor porte",0,0,"Cluster 2",16.92,1,"Cluster 2 - Menor porte","Menor porte (<20 mil)"
"423","Rio dos Bois","Tocantins",2738,807,"Menor porte",2,24.78,"Cluster 2",16.92,1,"Cluster 2 - Menor porte","Menor porte (<20 mil)"
"424","Rio Sono","Tocantins",4841,1274,"Menor porte",0,0,"Cluster 2",16.92,2,"Cluster 2 - Menor porte","Menor porte (<20 mil)"
"425","Sampaio","Tocantins",4215,1035,"Menor porte",0,0,"Cluster 2",16.92,2,"Cluster 2 - Menor porte","Menor porte (<20 mil)"
"426","Sandolândia","Tocantins",3723,1444,"Menor porte",0,0,"Cluster 3",8.89,1,"Cluster 3 - Menor porte","Menor porte (<20 mil)"
"427","Santa Fé do Araguaia","Tocantins",7216,2221,"Menor porte",0,0,"Cluster 2",16.92,4,"Cluster 2 - Menor porte","Menor porte (<20 mil)"
"428","Santa Maria do Tocantins","Tocantins",2680,913,"Menor porte",0,0,"Cluster 2",16.92,2,"Cluster 2 - Menor porte","Menor porte (<20 mil)"
"429","Santa Rita do Tocantins","Tocantins",2219,594,"Menor porte",2,33.67,"Cluster 2",16.92,1,"Cluster 2 - Menor porte","Menor porte (<20 mil)"
"430","Santa Rosa do Tocantins","Tocantins",4653,1735,"Menor porte",0,0,"Cluster 2",16.92,3,"Cluster 2 - Menor porte","Menor porte (<20 mil)"
"431","Santa Tereza do Tocantins","Tocantins",2781,811,"Menor porte",0,0,"Cluster 2",16.92,1,"Cluster 2 - Menor porte","Menor porte (<20 mil)"
"432","Santa Terezinha do Tocantins","Tocantins",2406,762,"Menor porte",0,0,"Cluster 2",16.92,1,"Cluster 2 - Menor porte","Menor porte (<20 mil)"
"433","São Bento do Tocantins","Tocantins",5654,1350,"Menor porte",1,7.41,"Cluster 2",16.92,2,"Cluster 2 - Menor porte","Menor porte (<20 mil)"
"434","São Félix do Tocantins","Tocantins",1783,320,"Menor porte",0,0,"Cluster 2",16.92,1,"Cluster 2 - Menor porte","Menor porte (<20 mil)"
"435","São Miguel do Tocantins","Tocantins",13241,2101,"Menor porte",0,0,"Cluster 2",16.92,4,"Cluster 2 - Menor porte","Menor porte (<20 mil)"
"436","São Salvador do Tocantins","Tocantins",2385,762,"Menor porte",0,0,"Cluster 2",16.92,1,"Cluster 2 - Menor porte","Menor porte (<20 mil)"
"437","São Sebastião do Tocantins","Tocantins",4100,764,"Menor porte",0,0,"Cluster 2",16.92,1,"Cluster 2 - Menor porte","Menor porte (<20 mil)"
"438","São Valério","Tocantins",4422,1621,"Menor porte",0,0,"Cluster 3",8.89,1,"Cluster 3 - Menor porte","Menor porte (<20 mil)"
"439","Silvanópolis","Tocantins",5108,2252,"Menor porte",0,0,"Cluster 3",8.89,2,"Cluster 3 - Menor porte","Menor porte (<20 mil)"
"440","Sítio Novo do Tocantins","Tocantins",10830,2759,"Menor porte",0,0,"Cluster 2",16.92,5,"Cluster 2 - Menor porte","Menor porte (<20 mil)"
"441","Sucupira","Tocantins",1577,652,"Menor porte",0,0,"Cluster 3",8.89,1,"Cluster 3 - Menor porte","Menor porte (<20 mil)"
"442","Taguatinga","Tocantins",14011,5407,"Menor porte",0,0,"Cluster 2",16.92,9,"Cluster 2 - Menor porte","Menor porte (<20 mil)"
"443","Taipas do Tocantins","Tocantins",2021,404,"Menor porte",0,0,"Cluster 2",16.92,1,"Cluster 2 - Menor porte","Menor porte (<20 mil)"
"444","Talismã","Tocantins",2456,685,"Menor porte",0,0,"Cluster 2",16.92,1,"Cluster 2 - Menor porte","Menor porte (<20 mil)"
"445","Tocantínia","Tocantins",7459,1562,"Menor porte",0,0,"Cluster 2",16.92,3,"Cluster 2 - Menor porte","Menor porte (<20 mil)"
"446","Tocantinópolis","Tocantins",22615,21126,"Médio porte",0,0,"Cluster 1",2.7,6,"Cluster 1 - Médio porte","Médio porte (>20 mil e <100 mil)"
"447","Tupirama","Tocantins",1909,654,"Menor porte",0,0,"Cluster 3",8.89,1,"Cluster 3 - Menor porte","Menor porte (<20 mil)"
"448","Tupiratins","Tocantins",1874,504,"Menor porte",0,0,"Cluster 2",16.92,1,"Cluster 2 - Menor porte","Menor porte (<20 mil)"
"449","Wanderlândia","Tocantins",10522,2778,"Menor porte",2,7.2,"Cluster 2",16.92,5,"Cluster 2 - Menor porte","Menor porte (<20 mil)"
"450","Xambioá","Tocantins",10517,5733,"Menor porte",0,0,"Cluster 3",8.89,5,"Cluster 3 - Menor porte","Menor porte (<20 mil)"
"451","Açailândia","Maranhão",106550,52755,"Maior porte",3,0.57,"Cluster 3",3.72,20,"Cluster 3 - Maior porte","Maior porte (>100 mil)"
"452","Afonso Cunha","Maranhão",6144,807,"Menor porte",0,0,"Cluster 2",16.92,1,"Cluster 2 - Menor porte","Menor porte (<20 mil)"
"453","Água Doce do Maranhão","Maranhão",12142,801,"Menor porte",0,0,"Cluster 2",16.92,1,"Cluster 2 - Menor porte","Menor porte (<20 mil)"
"454","Alcântara","Maranhão",18467,2450,"Médio porte",0,0,"Cluster 2",5.66,1,"Cluster 2 - Médio porte","Médio porte (>20 mil e <100 mil)"
"455","Aldeias Altas","Maranhão",23286,3646,"Médio porte",0,0,"Cluster 2",5.66,2,"Cluster 2 - Médio porte","Médio porte (>20 mil e <100 mil)"
"456","Altamira do Maranhão","Maranhão",6447,1726,"Menor porte",0,0,"Cluster 2",16.92,3,"Cluster 2 - Menor porte","Menor porte (<20 mil)"
"457","Alto Alegre do Maranhão","Maranhão",24048,5198,"Médio porte",0,0,"Cluster 2",5.66,3,"Cluster 2 - Médio porte","Médio porte (>20 mil e <100 mil)"
"458","Alto Alegre do Pindaré","Maranhão",25710,4626,"Médio porte",0,0,"Cluster 2",5.66,3,"Cluster 2 - Médio porte","Médio porte (>20 mil e <100 mil)"
"459","Alto Parnaíba","Maranhão",11109,3119,"Menor porte",0,0,"Cluster 2",16.92,5,"Cluster 2 - Menor porte","Menor porte (<20 mil)"
"460","Amapá do Maranhão","Maranhão",7170,1034,"Menor porte",0,0,"Cluster 2",16.92,2,"Cluster 2 - Menor porte","Menor porte (<20 mil)"
"461","Amarante do Maranhão","Maranhão",37085,9710,"Médio porte",0,0,"Cluster 2",5.66,5,"Cluster 2 - Médio porte","Médio porte (>20 mil e <100 mil)"
"462","Anajatuba","Maranhão",25322,4700,"Médio porte",0,0,"Cluster 2",5.66,3,"Cluster 2 - Médio porte","Médio porte (>20 mil e <100 mil)"
"463","Anapurus","Maranhão",13793,2703,"Menor porte",0,0,"Cluster 2",16.92,5,"Cluster 2 - Menor porte","Menor porte (<20 mil)"
"464","Apicum-Açu","Maranhão",17519,1489,"Menor porte",0,0,"Cluster 2",16.92,3,"Cluster 2 - Menor porte","Menor porte (<20 mil)"
"465","Araguanã","Maranhão",11181,1756,"Menor porte",0,0,"Cluster 2",16.92,3,"Cluster 2 - Menor porte","Menor porte (<20 mil)"
"466","Araioses","Maranhão",39052,2200,"Médio porte",0,0,"Cluster 2",5.66,1,"Cluster 2 - Médio porte","Médio porte (>20 mil e <100 mil)"
"467","Arame","Maranhão",25517,6845,"Médio porte",0,0,"Cluster 2",5.66,4,"Cluster 2 - Médio porte","Médio porte (>20 mil e <100 mil)"
"468","Arari","Maranhão",29472,8090,"Médio porte",0,0,"Cluster 2",5.66,5,"Cluster 2 - Médio porte","Médio porte (>20 mil e <100 mil)"
"469","Axixá","Maranhão",11790,2683,"Menor porte",0,0,"Cluster 2",16.92,5,"Cluster 2 - Menor porte","Menor porte (<20 mil)"
"470","Bacabal","Maranhão",103711,48188,"Maior porte",1,0.21,"Cluster 3",3.72,18,"Cluster 3 - Maior porte","Maior porte (>100 mil)"
"471","Bacabeira","Maranhão",16966,4009,"Menor porte",1,2.49,"Cluster 2",16.92,7,"Cluster 2 - Menor porte","Menor porte (<20 mil)"
"472","Bacuri","Maranhão",16290,1390,"Menor porte",0,0,"Cluster 2",16.92,2,"Cluster 2 - Menor porte","Menor porte (<20 mil)"
"473","Bacurituba","Maranhão",5252,873,"Menor porte",0,0,"Cluster 2",16.92,1,"Cluster 2 - Menor porte","Menor porte (<20 mil)"
"474","Balsas","Maranhão",101767,74056,"Médio porte",30,4.05,"Cluster 1",2.7,20,"Cluster 1 - Médio porte","Médio porte (>20 mil e <100 mil)"
"475","Barão de Grajaú","Maranhão",18984,3122,"Menor porte",2,6.41,"Cluster 2",16.92,5,"Cluster 2 - Menor porte","Menor porte (<20 mil)"
"476","Barra do Corda","Maranhão",84532,38397,"Médio porte",0,0,"Cluster 3",4.29,16,"Cluster 3 - Médio porte","Médio porte (>20 mil e <100 mil)"
"477","Barreirinhas","Maranhão",65589,11195,"Médio porte",0,0,"Cluster 2",5.66,6,"Cluster 2 - Médio porte","Médio porte (>20 mil e <100 mil)"
"478","Bela Vista do Maranhão","Maranhão",11750,3256,"Menor porte",0,0,"Cluster 2",16.92,6,"Cluster 2 - Menor porte","Menor porte (<20 mil)"
"479","Belágua","Maranhão",8460,510,"Menor porte",0,0,"Cluster 2",16.92,1,"Cluster 2 - Menor porte","Menor porte (<20 mil)"
"480","Benedito Leite","Maranhão",5469,343,"Menor porte",0,0,"Cluster 2",16.92,1,"Cluster 2 - Menor porte","Menor porte (<20 mil)"
"481","Bequimão","Maranhão",19584,3673,"Médio porte",0,0,"Cluster 2",5.66,2,"Cluster 2 - Médio porte","Médio porte (>20 mil e <100 mil)"
"482","Bernardo do Mearim","Maranhão",5840,2034,"Menor porte",0,0,"Cluster 2",16.92,3,"Cluster 2 - Menor porte","Menor porte (<20 mil)"
"483","Boa Vista do Gurupi","Maranhão",7574,794,"Menor porte",0,0,"Cluster 2",16.92,1,"Cluster 2 - Menor porte","Menor porte (<20 mil)"
"484","Bom Jardim","Maranhão",33100,8370,"Médio porte",0,0,"Cluster 2",5.66,5,"Cluster 2 - Médio porte","Médio porte (>20 mil e <100 mil)"
"485","Bom Jesus das Selvas","Maranhão",28599,6270,"Médio porte",0,0,"Cluster 2",5.66,4,"Cluster 2 - Médio porte","Médio porte (>20 mil e <100 mil)"
"486","Bom Lugar","Maranhão",12212,2999,"Menor porte",0,0,"Cluster 2",16.92,5,"Cluster 2 - Menor porte","Menor porte (<20 mil)"
"487","Brejo","Maranhão",34120,4338,"Médio porte",0,0,"Cluster 2",5.66,2,"Cluster 2 - Médio porte","Médio porte (>20 mil e <100 mil)"
"488","Brejo de Areia","Maranhão",9218,1944,"Menor porte",0,0,"Cluster 2",16.92,3,"Cluster 2 - Menor porte","Menor porte (<20 mil)"
"489","Buriti","Maranhão",29685,4264,"Médio porte",0,0,"Cluster 2",5.66,2,"Cluster 2 - Médio porte","Médio porte (>20 mil e <100 mil)"
"490","Buriti Bravo","Maranhão",22455,4282,"Médio porte",0,0,"Cluster 2",5.66,2,"Cluster 2 - Médio porte","Médio porte (>20 mil e <100 mil)"
"491","Buriticupu","Maranhão",55499,21696,"Médio porte",0,0,"Cluster 2",5.66,12,"Cluster 2 - Médio porte","Médio porte (>20 mil e <100 mil)"
"492","Buritirana","Maranhão",12918,3047,"Menor porte",0,0,"Cluster 2",16.92,5,"Cluster 2 - Menor porte","Menor porte (<20 mil)"
"493","Cachoeira Grande","Maranhão",9732,980,"Menor porte",0,0,"Cluster 2",16.92,2,"Cluster 2 - Menor porte","Menor porte (<20 mil)"
"494","Cajapió","Maranhão",10121,1337,"Menor porte",0,0,"Cluster 2",16.92,2,"Cluster 2 - Menor porte","Menor porte (<20 mil)"
"495","Cajari","Maranhão",16412,1944,"Menor porte",0,0,"Cluster 2",16.92,3,"Cluster 2 - Menor porte","Menor porte (<20 mil)"
"496","Campestre do Maranhão","Maranhão",12301,3773,"Menor porte",0,0,"Cluster 2",16.92,6,"Cluster 2 - Menor porte","Menor porte (<20 mil)"
"497","Cândido Mendes","Maranhão",19932,1544,"Médio porte",0,0,"Cluster 2",5.66,1,"Cluster 2 - Médio porte","Médio porte (>20 mil e <100 mil)"
"498","Cantanhede","Maranhão",24303,2542,"Médio porte",0,0,"Cluster 2",5.66,1,"Cluster 2 - Médio porte","Médio porte (>20 mil e <100 mil)"
"499","Capinzal do Norte","Maranhão",11374,3112,"Menor porte",0,0,"Cluster 2",16.92,5,"Cluster 2 - Menor porte","Menor porte (<20 mil)"
"500","Carolina","Maranhão",24062,9178,"Médio porte",0,0,"Cluster 3",4.29,4,"Cluster 3 - Médio porte","Médio porte (>20 mil e <100 mil)"
"501","Carutapera","Maranhão",24238,2969,"Médio porte",0,0,"Cluster 2",5.66,2,"Cluster 2 - Médio porte","Médio porte (>20 mil e <100 mil)"
"502","Caxias","Maranhão",156973,63994,"Maior porte",2,0.31,"Cluster 3",3.72,24,"Cluster 3 - Maior porte","Maior porte (>100 mil)"
"503","Cedral","Maranhão",10208,1384,"Menor porte",0,0,"Cluster 2",16.92,2,"Cluster 2 - Menor porte","Menor porte (<20 mil)"
"504","Central do Maranhão","Maranhão",7094,798,"Menor porte",0,0,"Cluster 2",16.92,1,"Cluster 2 - Menor porte","Menor porte (<20 mil)"
"505","Centro do Guilherme","Maranhão",12342,1579,"Menor porte",0,0,"Cluster 2",16.92,3,"Cluster 2 - Menor porte","Menor porte (<20 mil)"
"506","Centro Novo do Maranhão","Maranhão",16267,2371,"Médio porte",0,0,"Cluster 2",5.66,1,"Cluster 2 - Médio porte","Médio porte (>20 mil e <100 mil)"
"507","Chapadinha","Maranhão",81386,26542,"Médio porte",0,0,"Cluster 2",5.66,15,"Cluster 2 - Médio porte","Médio porte (>20 mil e <100 mil)"
"508","Cidelândia","Maranhão",12878,4085,"Menor porte",0,0,"Cluster 2",16.92,7,"Cluster 2 - Menor porte","Menor porte (<20 mil)"
"509","Codó","Maranhão",114275,40950,"Maior porte",0,0,"Cluster 3",3.72,15,"Cluster 3 - Maior porte","Maior porte (>100 mil)"
"510","Coelho Neto","Maranhão",41658,12659,"Médio porte",0,0,"Cluster 2",5.66,7,"Cluster 2 - Médio porte","Médio porte (>20 mil e <100 mil)"
"511","Colinas","Maranhão",40316,11405,"Médio porte",0,0,"Cluster 2",5.66,6,"Cluster 2 - Médio porte","Médio porte (>20 mil e <100 mil)"
"512","Conceição do Lago-Açu","Maranhão",14915,1662,"Menor porte",0,0,"Cluster 2",16.92,3,"Cluster 2 - Menor porte","Menor porte (<20 mil)"
"513","Coroatá","Maranhão",59566,12775,"Médio porte",0,0,"Cluster 2",5.66,7,"Cluster 2 - Médio porte","Médio porte (>20 mil e <100 mil)"
"514","Cururupu","Maranhão",31558,3990,"Médio porte",0,0,"Cluster 2",5.66,2,"Cluster 2 - Médio porte","Médio porte (>20 mil e <100 mil)"
"515","Davinópolis","Maranhão",14404,3869,"Menor porte",0,0,"Cluster 2",16.92,7,"Cluster 2 - Menor porte","Menor porte (<20 mil)"
"516","Dom Pedro","Maranhão",23053,10394,"Médio porte",0,0,"Cluster 3",4.29,4,"Cluster 3 - Médio porte","Médio porte (>20 mil e <100 mil)"
"517","Duque Bacelar","Maranhão",10223,1179,"Menor porte",0,0,"Cluster 2",16.92,2,"Cluster 2 - Menor porte","Menor porte (<20 mil)"
"518","Esperantinópolis","Maranhão",18311,6498,"Menor porte",0,0,"Cluster 2",16.92,11,"Cluster 2 - Menor porte","Menor porte (<20 mil)"
"519","Estreito","Maranhão",33294,15465,"Médio porte",2,1.29,"Cluster 3",4.29,7,"Cluster 3 - Médio porte","Médio porte (>20 mil e <100 mil)"
"520","Feira Nova do Maranhão","Maranhão",8048,1772,"Menor porte",0,0,"Cluster 2",16.92,3,"Cluster 2 - Menor porte","Menor porte (<20 mil)"
"521","Fernando Falcão","Maranhão",10873,1355,"Menor porte",0,0,"Cluster 2",16.92,2,"Cluster 2 - Menor porte","Menor porte (<20 mil)"
"522","Formosa da Serra Negra","Maranhão",17719,5134,"Menor porte",0,0,"Cluster 2",16.92,9,"Cluster 2 - Menor porte","Menor porte (<20 mil)"
"523","Fortaleza dos Nogueiras","Maranhão",12640,5103,"Menor porte",0,0,"Cluster 2",16.92,9,"Cluster 2 - Menor porte","Menor porte (<20 mil)"
"524","Fortuna","Maranhão",16976,3629,"Menor porte",0,0,"Cluster 2",16.92,6,"Cluster 2 - Menor porte","Menor porte (<20 mil)"
"525","Godofredo Viana","Maranhão",10186,1260,"Menor porte",0,0,"Cluster 2",16.92,2,"Cluster 2 - Menor porte","Menor porte (<20 mil)"
"526","Gonçalves Dias","Maranhão",17206,3627,"Menor porte",0,0,"Cluster 2",16.92,6,"Cluster 2 - Menor porte","Menor porte (<20 mil)"
"527","Governador Archer","Maranhão",10231,2063,"Menor porte",0,0,"Cluster 2",16.92,3,"Cluster 2 - Menor porte","Menor porte (<20 mil)"
"528","Governador Edison Lobão","Maranhão",18411,4549,"Menor porte",0,0,"Cluster 2",16.92,8,"Cluster 2 - Menor porte","Menor porte (<20 mil)"
"529","Governador Eugênio Barros","Maranhão",13930,2973,"Menor porte",0,0,"Cluster 2",16.92,5,"Cluster 2 - Menor porte","Menor porte (<20 mil)"
"530","Governador Luiz Rocha","Maranhão",7063,1511,"Menor porte",0,0,"Cluster 2",16.92,3,"Cluster 2 - Menor porte","Menor porte (<20 mil)"
"531","Governador Newton Bello","Maranhão",10713,2088,"Menor porte",0,0,"Cluster 2",16.92,4,"Cluster 2 - Menor porte","Menor porte (<20 mil)"
"532","Governador Nunes Freire","Maranhão",23128,5010,"Médio porte",0,0,"Cluster 2",5.66,3,"Cluster 2 - Médio porte","Médio porte (>20 mil e <100 mil)"
"533","Graça Aranha","Maranhão",6023,1658,"Menor porte",0,0,"Cluster 2",16.92,3,"Cluster 2 - Menor porte","Menor porte (<20 mil)"
"534","Grajaú","Maranhão",73872,26397,"Médio porte",0,0,"Cluster 3",4.29,11,"Cluster 3 - Médio porte","Médio porte (>20 mil e <100 mil)"
"535","Guimarães","Maranhão",10290,1325,"Menor porte",0,0,"Cluster 2",16.92,2,"Cluster 2 - Menor porte","Menor porte (<20 mil)"
"536","Humberto de Campos","Maranhão",25680,1824,"Médio porte",0,0,"Cluster 2",5.66,1,"Cluster 2 - Médio porte","Médio porte (>20 mil e <100 mil)"
"537","Icatu","Maranhão",24794,2125,"Médio porte",0,0,"Cluster 2",5.66,1,"Cluster 2 - Médio porte","Médio porte (>20 mil e <100 mil)"
"538","Igarapé do Meio","Maranhão",13974,3093,"Menor porte",0,0,"Cluster 2",16.92,5,"Cluster 2 - Menor porte","Menor porte (<20 mil)"
"539","Igarapé Grande","Maranhão",10231,3460,"Menor porte",0,0,"Cluster 2",16.92,6,"Cluster 2 - Menor porte","Menor porte (<20 mil)"
"540","Imperatriz","Maranhão",273110,184782,"Maior porte",66,3.57,"Cluster 1",3.23,60,"Cluster 1 - Maior porte","Maior porte (>100 mil)"
"541","Itaipava do Grajaú","Maranhão",13828,1643,"Menor porte",0,0,"Cluster 2",16.92,3,"Cluster 2 - Menor porte","Menor porte (<20 mil)"
"542","Itapecuru Mirim","Maranhão",60440,17352,"Médio porte",2,1.15,"Cluster 2",5.66,10,"Cluster 2 - Médio porte","Médio porte (>20 mil e <100 mil)"
"543","Itinga do Maranhão","Maranhão",22513,10481,"Médio porte",0,0,"Cluster 3",4.29,5,"Cluster 3 - Médio porte","Médio porte (>20 mil e <100 mil)"
"544","Jatobá","Maranhão",7471,1108,"Menor porte",0,0,"Cluster 2",16.92,2,"Cluster 2 - Menor porte","Menor porte (<20 mil)"
"545","Jenipapo dos Vieiras","Maranhão",17076,2250,"Menor porte",0,0,"Cluster 2",16.92,4,"Cluster 2 - Menor porte","Menor porte (<20 mil)"
"546","João Lisboa","Maranhão",24709,8079,"Médio porte",0,0,"Cluster 3",4.29,3,"Cluster 3 - Médio porte","Médio porte (>20 mil e <100 mil)"
"547","Joselândia","Maranhão",14924,4445,"Menor porte",0,0,"Cluster 2",16.92,8,"Cluster 2 - Menor porte","Menor porte (<20 mil)"
"548","Junco do Maranhão","Maranhão",5146,980,"Menor porte",0,0,"Cluster 2",16.92,2,"Cluster 2 - Menor porte","Menor porte (<20 mil)"
"549","Lago da Pedra","Maranhão",44403,20090,"Médio porte",0,0,"Cluster 2",5.66,11,"Cluster 2 - Médio porte","Médio porte (>20 mil e <100 mil)"
"550","Lago do Junco","Maranhão",9506,2057,"Menor porte",0,0,"Cluster 2",16.92,3,"Cluster 2 - Menor porte","Menor porte (<20 mil)"
"551","Lago dos Rodrigues","Maranhão",8758,4118,"Menor porte",0,0,"Cluster 2",16.92,7,"Cluster 2 - Menor porte","Menor porte (<20 mil)"
"552","Lago Verde","Maranhão",14769,3209,"Menor porte",0,0,"Cluster 2",16.92,5,"Cluster 2 - Menor porte","Menor porte (<20 mil)"
"553","Lagoa do Mato","Maranhão",10572,2286,"Menor porte",0,0,"Cluster 2",16.92,4,"Cluster 2 - Menor porte","Menor porte (<20 mil)"
"554","Lagoa Grande do Maranhão","Maranhão",11411,2090,"Menor porte",0,0,"Cluster 2",16.92,4,"Cluster 2 - Menor porte","Menor porte (<20 mil)"
"555","Lajeado Novo","Maranhão",7057,1875,"Menor porte",0,0,"Cluster 2",16.92,3,"Cluster 2 - Menor porte","Menor porte (<20 mil)"
"556","Lima Campos","Maranhão",11297,4369,"Menor porte",0,0,"Cluster 2",16.92,7,"Cluster 2 - Menor porte","Menor porte (<20 mil)"
"557","Loreto","Maranhão",11597,2226,"Menor porte",0,0,"Cluster 2",16.92,4,"Cluster 2 - Menor porte","Menor porte (<20 mil)"
"558","Luís Domingues","Maranhão",7161,885,"Menor porte",0,0,"Cluster 2",16.92,1,"Cluster 2 - Menor porte","Menor porte (<20 mil)"
"559","Magalhães de Almeida","Maranhão",13807,1248,"Médio porte",0,0,"Cluster 2",5.66,1,"Cluster 2 - Médio porte","Médio porte (>20 mil e <100 mil)"
"560","Maracaçumé","Maranhão",21149,5151,"Médio porte",0,0,"Cluster 2",5.66,3,"Cluster 2 - Médio porte","Médio porte (>20 mil e <100 mil)"
"561","Marajá do Sena","Maranhão",7027,1082,"Menor porte",0,0,"Cluster 2",16.92,2,"Cluster 2 - Menor porte","Menor porte (<20 mil)"
"562","Maranhãozinho","Maranhão",13761,1934,"Menor porte",0,0,"Cluster 2",16.92,3,"Cluster 2 - Menor porte","Menor porte (<20 mil)"
"563","Mata Roma","Maranhão",17090,3026,"Menor porte",0,0,"Cluster 2",16.92,5,"Cluster 2 - Menor porte","Menor porte (<20 mil)"
"564","Matinha","Maranhão",22034,4723,"Médio porte",0,0,"Cluster 2",5.66,3,"Cluster 2 - Médio porte","Médio porte (>20 mil e <100 mil)"
"565","Matões","Maranhão",32174,3695,"Médio porte",0,0,"Cluster 2",5.66,2,"Cluster 2 - Médio porte","Médio porte (>20 mil e <100 mil)"
"566","Matões do Norte","Maranhão",17432,899,"Menor porte",1,11.12,"Cluster 2",16.92,2,"Cluster 2 - Menor porte","Menor porte (<20 mil)"
"567","Milagres do Maranhão","Maranhão",8818,443,"Menor porte",0,0,"Cluster 2",16.92,1,"Cluster 2 - Menor porte","Menor porte (<20 mil)"
"568","Mirador","Maranhão",21030,2855,"Médio porte",0,0,"Cluster 2",5.66,2,"Cluster 2 - Médio porte","Médio porte (>20 mil e <100 mil)"
"569","Miranda do Norte","Maranhão",23864,4353,"Médio porte",1,2.3,"Cluster 2",5.66,2,"Cluster 2 - Médio porte","Médio porte (>20 mil e <100 mil)"
"570","Mirinzal","Maranhão",13978,2790,"Menor porte",0,0,"Cluster 2",16.92,5,"Cluster 2 - Menor porte","Menor porte (<20 mil)"
"571","Monção","Maranhão",27751,3407,"Médio porte",0,0,"Cluster 2",5.66,2,"Cluster 2 - Médio porte","Médio porte (>20 mil e <100 mil)"
"572","Montes Altos","Maranhão",9106,2284,"Menor porte",0,0,"Cluster 2",16.92,4,"Cluster 2 - Menor porte","Menor porte (<20 mil)"
"573","Morros","Maranhão",18554,2958,"Menor porte",0,0,"Cluster 2",16.92,5,"Cluster 2 - Menor porte","Menor porte (<20 mil)"
"574","Nina Rodrigues","Maranhão",14176,1187,"Menor porte",0,0,"Cluster 2",16.92,2,"Cluster 2 - Menor porte","Menor porte (<20 mil)"
"575","Nova Colinas","Maranhão",5021,1254,"Menor porte",0,0,"Cluster 2",16.92,2,"Cluster 2 - Menor porte","Menor porte (<20 mil)"
"576","Nova Iorque","Maranhão",4320,701,"Menor porte",0,0,"Cluster 2",16.92,1,"Cluster 2 - Menor porte","Menor porte (<20 mil)"
"577","Nova Olinda do Maranhão","Maranhão",14314,3082,"Médio porte",0,0,"Cluster 2",5.66,2,"Cluster 2 - Médio porte","Médio porte (>20 mil e <100 mil)"
"578","Olho d'Água das Cunhãs","Maranhão",17919,6443,"Menor porte",0,0,"Cluster 2",16.92,11,"Cluster 2 - Menor porte","Menor porte (<20 mil)"
"579","Olinda Nova do Maranhão","Maranhão",13577,2038,"Menor porte",0,0,"Cluster 2",16.92,3,"Cluster 2 - Menor porte","Menor porte (<20 mil)"
"580","Paço do Lumiar","Maranhão",145.643,36030,"Médio porte",0,0,"Cluster 2",5.66,20,"Cluster 2 - Médio porte","Médio porte (>20 mil e <100 mil)"
"581","Palmeirândia","Maranhão",21059,2877,"Menor porte",0,0,"Cluster 2",16.92,5,"Cluster 2 - Menor porte","Menor porte (<20 mil)"
"582","Paraibano","Maranhão",18274,6595,"Médio porte",0,0,"Cluster 2",5.66,4,"Cluster 2 - Médio porte","Médio porte (>20 mil e <100 mil)"
"583","Parnarama","Maranhão",31250,3467,"Médio porte",0,0,"Cluster 2",5.66,2,"Cluster 2 - Médio porte","Médio porte (>20 mil e <100 mil)"
"584","Passagem Franca","Maranhão",17220,4114,"Menor porte",0,0,"Cluster 2",16.92,7,"Cluster 2 - Menor porte","Menor porte (<20 mil)"
"585","Pastos Bons","Maranhão",18802,5639,"Menor porte",0,0,"Cluster 2",16.92,10,"Cluster 2 - Menor porte","Menor porte (<20 mil)"
"586","Paulino Neves","Maranhão",17056,937,"Menor porte",0,0,"Cluster 2",16.92,2,"Cluster 2 - Menor porte","Menor porte (<20 mil)"
"587","Paulo Ramos","Maranhão",20341,6089,"Médio porte",0,0,"Cluster 2",5.66,3,"Cluster 2 - Médio porte","Médio porte (>20 mil e <100 mil)"
"588","Pedreiras","Maranhão",37050,22599,"Médio porte",0,0,"Cluster 3",4.29,10,"Cluster 3 - Médio porte","Médio porte (>20 mil e <100 mil)"
"589","Pedro do Rosário","Maranhão",24320,3025,"Médio porte",0,0,"Cluster 2",5.66,2,"Cluster 2 - Médio porte","Médio porte (>20 mil e <100 mil)"
"590","Penalva","Maranhão",32511,4038,"Médio porte",0,0,"Cluster 2",5.66,2,"Cluster 2 - Médio porte","Médio porte (>20 mil e <100 mil)"
"591","Peri Mirim","Maranhão",11108,2318,"Menor porte",0,0,"Cluster 2",16.92,4,"Cluster 2 - Menor porte","Menor porte (<20 mil)"
"592","Peritoró","Maranhão",20479,5310,"Médio porte",1,1.88,"Cluster 2",5.66,3,"Cluster 2 - Médio porte","Médio porte (>20 mil e <100 mil)"
"593","Pindaré-Mirim","Maranhão",31429,8071,"Médio porte",0,0,"Cluster 2",5.66,5,"Cluster 2 - Médio porte","Médio porte (>20 mil e <100 mil)"
"594","Pinheiro","Maranhão",84621,30928,"Médio porte",0,0,"Cluster 3",4.29,13,"Cluster 3 - Médio porte","Médio porte (>20 mil e <100 mil)"
"595","Pio XII","Maranhão",21886,7062,"Médio porte",0,0,"Cluster 2",5.66,4,"Cluster 2 - Médio porte","Médio porte (>20 mil e <100 mil)"
"596","Pirapemas","Maranhão",17714,1878,"Menor porte",0,0,"Cluster 2",16.92,3,"Cluster 2 - Menor porte","Menor porte (<20 mil)"
"597","Poção de Pedras","Maranhão",17161,6153,"Menor porte",0,0,"Cluster 2",16.92,10,"Cluster 2 - Menor porte","Menor porte (<20 mil)"
"598","Porto Franco","Maranhão",23903,8653,"Médio porte",0,0,"Cluster 3",4.29,4,"Cluster 3 - Médio porte","Médio porte (>20 mil e <100 mil)"
"599","Porto Rico do Maranhão","Maranhão",5954,808,"Menor porte",0,0,"Cluster 2",16.92,1,"Cluster 2 - Menor porte","Menor porte (<20 mil)"
"600","Presidente Dutra","Maranhão",45155,22274,"Médio porte",0,0,"Cluster 3",4.29,10,"Cluster 3 - Médio porte","Médio porte (>20 mil e <100 mil)"
"601","Presidente Juscelino","Maranhão",11356,1319,"Menor porte",0,0,"Cluster 2",16.92,2,"Cluster 2 - Menor porte","Menor porte (<20 mil)"
"602","Presidente Médici","Maranhão",4696,1148,"Menor porte",0,0,"Cluster 2",16.92,2,"Cluster 2 - Menor porte","Menor porte (<20 mil)"
"603","Presidente Sarney","Maranhão",17511,2682,"Menor porte",0,0,"Cluster 2",16.92,5,"Cluster 2 - Menor porte","Menor porte (<20 mil)"
"604","Presidente Vargas","Maranhão",10549,1659,"Menor porte",0,0,"Cluster 2",16.92,3,"Cluster 2 - Menor porte","Menor porte (<20 mil)"
"605","Primeira Cruz","Maranhão",13614,343,"Menor porte",0,0,"Cluster 2",16.92,1,"Cluster 2 - Menor porte","Menor porte (<20 mil)"
"606","Raposa","Maranhão",30839,7239,"Médio porte",0,0,"Cluster 2",5.66,4,"Cluster 2 - Médio porte","Médio porte (>20 mil e <100 mil)"
"607","Riachão","Maranhão",22145,6203,"Médio porte",0,0,"Cluster 2",5.66,4,"Cluster 2 - Médio porte","Médio porte (>20 mil e <100 mil)"
"608","Ribamar Fiquene","Maranhão",7420,1799,"Menor porte",0,0,"Cluster 2",16.92,3,"Cluster 2 - Menor porte","Menor porte (<20 mil)"
"609","Rosário","Maranhão",38475,8967,"Médio porte",0,0,"Cluster 2",5.66,5,"Cluster 2 - Médio porte","Médio porte (>20 mil e <100 mil)"
"610","Sambaíba","Maranhão",5568,1161,"Menor porte",0,0,"Cluster 2",16.92,2,"Cluster 2 - Menor porte","Menor porte (<20 mil)"
"611","Santa Filomena do Maranhão","Maranhão",6697,1440,"Menor porte",0,0,"Cluster 2",16.92,2,"Cluster 2 - Menor porte","Menor porte (<20 mil)"
"612","Santa Helena","Maranhão",41561,6379,"Médio porte",0,0,"Cluster 2",5.66,4,"Cluster 2 - Médio porte","Médio porte (>20 mil e <100 mil)"
"613","Santa Inês","Maranhão",85014,41046,"Médio porte",1,0.24,"Cluster 3",4.29,18,"Cluster 3 - Médio porte","Médio porte (>20 mil e <100 mil)"
"614","Santa Luzia","Maranhão",57635,16777,"Médio porte",0,0,"Cluster 2",5.66,9,"Cluster 2 - Médio porte","Médio porte (>20 mil e <100 mil)"
"615","Santa Luzia do Paruá","Maranhão",24307,6916,"Médio porte",0,0,"Cluster 2",5.66,4,"Cluster 2 - Médio porte","Médio porte (>20 mil e <100 mil)"
"616","Santa Quitéria do Maranhão","Maranhão",23957,3272,"Médio porte",0,0,"Cluster 2",5.66,2,"Cluster 2 - Médio porte","Médio porte (>20 mil e <100 mil)"
"617","Santa Rita","Maranhão",37035,9918,"Médio porte",0,0,"Cluster 2",5.66,6,"Cluster 2 - Médio porte","Médio porte (>20 mil e <100 mil)"
"618","Santana do Maranhão","Maranhão",10567,667,"Menor porte",0,0,"Cluster 2",16.92,1,"Cluster 2 - Menor porte","Menor porte (<20 mil)"
"619","Santo Amaro do Maranhão","Maranhão",13949,809,"Menor porte",0,0,"Cluster 2",16.92,1,"Cluster 2 - Menor porte","Menor porte (<20 mil)"
"620","Santo Antônio dos Lopes","Maranhão",14304,4758,"Menor porte",0,0,"Cluster 3",8.89,4,"Cluster 3 - Menor porte","Menor porte (<20 mil)"
"621","São Benedito do Rio Preto","Maranhão",18364,2056,"Menor porte",0,0,"Cluster 2",16.92,3,"Cluster 2 - Menor porte","Menor porte (<20 mil)"
"622","São Bento","Maranhão",46395,8324,"Médio porte",0,0,"Cluster 2",5.66,5,"Cluster 2 - Médio porte","Médio porte (>20 mil e <100 mil)"
"623","São Bernardo","Maranhão",26943,3893,"Médio porte",0,0,"Cluster 2",5.66,2,"Cluster 2 - Médio porte","Médio porte (>20 mil e <100 mil)"
"624","São Domingos do Azeitão","Maranhão",7992,2141,"Menor porte",1,4.67,"Cluster 2",16.92,4,"Cluster 2 - Menor porte","Menor porte (<20 mil)"
"625","São Domingos do Maranhão","Maranhão",34034,11693,"Médio porte",0,0,"Cluster 2",5.66,7,"Cluster 2 - Médio porte","Médio porte (>20 mil e <100 mil)"
"626","São Félix de Balsas","Maranhão",4402,491,"Menor porte",0,0,"Cluster 2",16.92,1,"Cluster 2 - Menor porte","Menor porte (<20 mil)"
"627","São Francisco do Brejão","Maranhão",9051,2330,"Menor porte",0,0,"Cluster 2",16.92,4,"Cluster 2 - Menor porte","Menor porte (<20 mil)"
"628","São Francisco do Maranhão","Maranhão",12064,510,"Menor porte",0,0,"Cluster 2",16.92,1,"Cluster 2 - Menor porte","Menor porte (<20 mil)"
"629","São João Batista","Maranhão",18544,3275,"Médio porte",0,0,"Cluster 2",5.66,2,"Cluster 2 - Médio porte","Médio porte (>20 mil e <100 mil)"
"630","São João do Carú","Maranhão",12251,1788,"Menor porte",0,0,"Cluster 2",16.92,3,"Cluster 2 - Menor porte","Menor porte (<20 mil)"
"631","São João do Paraíso","Maranhão",9904,3178,"Menor porte",0,0,"Cluster 2",16.92,5,"Cluster 2 - Menor porte","Menor porte (<20 mil)"
"632","São João do Soter","Maranhão",16889,2222,"Menor porte",0,0,"Cluster 2",16.92,4,"Cluster 2 - Menor porte","Menor porte (<20 mil)"
"633","São João dos Patos","Maranhão",25020,12609,"Médio porte",0,0,"Cluster 3",4.29,5,"Cluster 3 - Médio porte","Médio porte (>20 mil e <100 mil)"
"634","São José de Ribamar","Maranhão",244579,56762,"Maior porte",0,0,"Cluster 3",3.72,21,"Cluster 3 - Maior porte","Maior porte (>100 mil)"
"635","São José dos Basílios","Maranhão",6957,1584,"Menor porte",0,0,"Cluster 2",16.92,3,"Cluster 2 - Menor porte","Menor porte (<20 mil)"
"636","São Luís","Maranhão",1037775,469262,"Maior porte",61,1.3,"Cluster 1",3.23,152,"Cluster 1 - Maior porte","Maior porte (>100 mil)"
"637","São Luís Gonzaga do Maranhão","Maranhão",17818,4298,"Menor porte",0,0,"Cluster 2",16.92,7,"Cluster 2 - Menor porte","Menor porte (<20 mil)"
"638","São Mateus do Maranhão","Maranhão",38829,11787,"Médio porte",1,0.85,"Cluster 2",5.66,7,"Cluster 2 - Médio porte","Médio porte (>20 mil e <100 mil)"
"639","São Pedro da Água Branca","Maranhão",14338,2776,"Menor porte",0,0,"Cluster 2",16.92,5,"Cluster 2 - Menor porte","Menor porte (<20 mil)"
"640","São Pedro dos Crentes","Maranhão",5783,1384,"Menor porte",0,0,"Cluster 2",16.92,2,"Cluster 2 - Menor porte","Menor porte (<20 mil)"
"641","São Raimundo das Mangabeiras","Maranhão",18672,6262,"Menor porte",0,0,"Cluster 2",16.92,11,"Cluster 2 - Menor porte","Menor porte (<20 mil)"
"642","São Raimundo do Doca Bezerra","Maranhão",5650,1084,"Menor porte",0,0,"Cluster 2",16.92,2,"Cluster 2 - Menor porte","Menor porte (<20 mil)"
"643","São Roberto","Maranhão",4544,1425,"Menor porte",0,0,"Cluster 2",16.92,2,"Cluster 2 - Menor porte","Menor porte (<20 mil)"
"644","São Vicente Ferrer","Maranhão",19498,2943,"Médio porte",0,0,"Cluster 2",5.66,2,"Cluster 2 - Médio porte","Médio porte (>20 mil e <100 mil)"
"645","Satubinha","Maranhão",8784,1450,"Menor porte",0,0,"Cluster 2",16.92,2,"Cluster 2 - Menor porte","Menor porte (<20 mil)"
"646","Senador Alexandre Costa","Maranhão",10207,1776,"Menor porte",0,0,"Cluster 2",16.92,3,"Cluster 2 - Menor porte","Menor porte (<20 mil)"
"647","Senador La Rocque","Maranhão",14700,6201,"Menor porte",0,0,"Cluster 2",16.92,10,"Cluster 2 - Menor porte","Menor porte (<20 mil)"
"648","Serrano do Maranhão","Maranhão",10202,560,"Menor porte",0,0,"Cluster 2",16.92,1,"Cluster 2 - Menor porte","Menor porte (<20 mil)"
"649","Sítio Novo","Maranhão",17074,4871,"Menor porte",0,0,"Cluster 2",16.92,8,"Cluster 2 - Menor porte","Menor porte (<20 mil)"
"650","Sucupira do Norte","Maranhão",10238,1770,"Menor porte",0,0,"Cluster 2",16.92,3,"Cluster 2 - Menor porte","Menor porte (<20 mil)"
"651","Sucupira do Riachão","Maranhão",4985,1190,"Menor porte",0,0,"Cluster 2",16.92,2,"Cluster 2 - Menor porte","Menor porte (<20 mil)"
"652","Tasso Fragoso","Maranhão",8862,2537,"Menor porte",0,0,"Cluster 3",8.89,2,"Cluster 3 - Menor porte","Menor porte (<20 mil)"
"653","Timbiras","Maranhão",26484,4371,"Médio porte",0,0,"Cluster 2",5.66,2,"Cluster 2 - Médio porte","Médio porte (>20 mil e <100 mil)"
"654","Timon","Maranhão",174465,59345,"Maior porte",3,0.51,"Cluster 3",3.72,22,"Cluster 3 - Maior porte","Maior porte (>100 mil)"
"655","Trizidela do Vale","Maranhão",22484,10302,"Médio porte",0,0,"Cluster 3",4.29,4,"Cluster 3 - Médio porte","Médio porte (>20 mil e <100 mil)"
"656","Tufilândia","Maranhão",5507,1084,"Menor porte",0,0,"Cluster 2",16.92,2,"Cluster 2 - Menor porte","Menor porte (<20 mil)"
"657","Tuntum","Maranhão",36251,9502,"Médio porte",0,0,"Cluster 2",5.66,5,"Cluster 2 - Médio porte","Médio porte (>20 mil e <100 mil)"
"658","Turiaçu","Maranhão",37491,3868,"Médio porte",0,0,"Cluster 2",5.66,2,"Cluster 2 - Médio porte","Médio porte (>20 mil e <100 mil)"
"659","Turilândia","Maranhão",31638,2531,"Médio porte",0,0,"Cluster 2",5.66,1,"Cluster 2 - Médio porte","Médio porte (>20 mil e <100 mil)"
"660","Tutóia","Maranhão",53356,5628,"Médio porte",0,0,"Cluster 2",5.66,3,"Cluster 2 - Médio porte","Médio porte (>20 mil e <100 mil)"
"661","Urbano Santos","Maranhão",32812,4091,"Médio porte",0,0,"Cluster 2",5.66,2,"Cluster 2 - Médio porte","Médio porte (>20 mil e <100 mil)"
"662","Vargem Grande","Maranhão",43261,8212,"Médio porte",0,0,"Cluster 2",5.66,5,"Cluster 2 - Médio porte","Médio porte (>20 mil e <100 mil)"
"663","Viana","Maranhão",51442,13655,"Médio porte",0,0,"Cluster 2",5.66,8,"Cluster 2 - Médio porte","Médio porte (>20 mil e <100 mil)"
"664","Vila Nova dos Martírios","Maranhão",10362,2524,"Menor porte",0,0,"Cluster 2",16.92,4,"Cluster 2 - Menor porte","Menor porte (<20 mil)"
"665","Vitória do Mearim","Maranhão",30805,6675,"Médio porte",0,0,"Cluster 2",5.66,4,"Cluster 2 - Médio porte","Médio porte (>20 mil e <100 mil)"
"666","Vitorino Freire","Maranhão",30845,11293,"Médio porte",0,0,"Cluster 2",5.66,6,"Cluster 2 - Médio porte","Médio porte (>20 mil e <100 mil)"
"667","Zé Doca","Maranhão",40801,17447,"Médio porte",1,0.57,"Cluster 2",5.66,10,"Cluster 2 - Médio porte","Médio porte (>20 mil e <100 mil)"
"668","Acauã","Piauí",6420,2630,"Menor porte",0,0,"Cluster 2",16.92,4,"Cluster 2 - Menor porte","Menor porte (<20 mil)"
"669","Agricolândia","Piauí",4940,1932,"Menor porte",0,0,"Cluster 2",16.92,3,"Cluster 2 - Menor porte","Menor porte (<20 mil)"
"670","Água Branca","Piauí",17573,14063,"Menor porte",2,1.42,"Cluster 3",8.89,13,"Cluster 3 - Menor porte","Menor porte (<20 mil)"
"671","Alagoinha do Piauí","Piauí",6819,1780,"Menor porte",0,0,"Cluster 2",16.92,3,"Cluster 2 - Menor porte","Menor porte (<20 mil)"
"672","Alegrete do Piauí","Piauí",4634,632,"Menor porte",0,0,"Cluster 2",16.92,1,"Cluster 2 - Menor porte","Menor porte (<20 mil)"
"673","Alto Longá","Piauí",13479,3272,"Menor porte",0,0,"Cluster 2",16.92,6,"Cluster 2 - Menor porte","Menor porte (<20 mil)"
"674","Altos","Piauí",47453,17627,"Médio porte",7,3.97,"Cluster 3",4.29,8,"Cluster 3 - Médio porte","Médio porte (>20 mil e <100 mil)"
"675","Alvorada do Gurguéia","Piauí",5322,1287,"Menor porte",0,0,"Cluster 2",16.92,2,"Cluster 2 - Menor porte","Menor porte (<20 mil)"
"676","Amarante","Piauí",17234,5773,"Menor porte",0,0,"Cluster 2",16.92,10,"Cluster 2 - Menor porte","Menor porte (<20 mil)"
"677","Angical do Piauí","Piauí",6827,2324,"Menor porte",0,0,"Cluster 2",16.92,4,"Cluster 2 - Menor porte","Menor porte (<20 mil)"
"678","Anísio de Abreu","Piauí",9407,2067,"Menor porte",2,9.68,"Cluster 2",16.92,3,"Cluster 2 - Menor porte","Menor porte (<20 mil)"
"679","Antônio Almeida","Piauí",3152,1025,"Menor porte",0,0,"Cluster 2",16.92,2,"Cluster 2 - Menor porte","Menor porte (<20 mil)"
"680","Aroazes","Piauí",5369,1292,"Menor porte",0,0,"Cluster 2",16.92,2,"Cluster 2 - Menor porte","Menor porte (<20 mil)"
"681","Aroeiras do Itaim","Piauí",2690,790,"Menor porte",0,0,"Cluster 2",16.92,1,"Cluster 2 - Menor porte","Menor porte (<20 mil)"
"682","Arraial","Piauí",4520,940,"Menor porte",0,0,"Cluster 2",16.92,2,"Cluster 2 - Menor porte","Menor porte (<20 mil)"
"683","Assunção do Piauí","Piauí",7452,770,"Menor porte",0,0,"Cluster 2",16.92,1,"Cluster 2 - Menor porte","Menor porte (<20 mil)"
"684","Avelino Lopes","Piauí",10866,2162,"Menor porte",0,0,"Cluster 2",16.92,4,"Cluster 2 - Menor porte","Menor porte (<20 mil)"
"685","Baixa Grande do Ribeiro","Piauí",13272,4500,"Menor porte",0,0,"Cluster 2",16.92,8,"Cluster 2 - Menor porte","Menor porte (<20 mil)"
"686","Barra D'Alcântara","Piauí",3995,1140,"Menor porte",0,0,"Cluster 2",16.92,2,"Cluster 2 - Menor porte","Menor porte (<20 mil)"
"687","Barras","Piauí",47938,14547,"Médio porte",0,0,"Cluster 2",5.66,8,"Cluster 2 - Médio porte","Médio porte (>20 mil e <100 mil)"
"688","Barreiras do Piauí","Piauí",3264,403,"Menor porte",0,0,"Cluster 2",16.92,1,"Cluster 2 - Menor porte","Menor porte (<20 mil)"
"689","Barro Duro","Piauí",6640,2881,"Menor porte",2,6.94,"Cluster 2",16.92,5,"Cluster 2 - Menor porte","Menor porte (<20 mil)"
"690","Batalha","Piauí",26300,5224,"Médio porte",0,0,"Cluster 2",5.66,3,"Cluster 2 - Médio porte","Médio porte (>20 mil e <100 mil)"
"691","Bela Vista do Piauí","Piauí",4091,954,"Menor porte",0,0,"Cluster 2",16.92,2,"Cluster 2 - Menor porte","Menor porte (<20 mil)"
"692","Belém do Piauí","Piauí",3423,696,"Menor porte",0,0,"Cluster 2",16.92,1,"Cluster 2 - Menor porte","Menor porte (<20 mil)"
"693","Beneditinos","Piauí",9929,2787,"Menor porte",0,0,"Cluster 2",16.92,5,"Cluster 2 - Menor porte","Menor porte (<20 mil)"
"694","Bertolínia","Piauí",5562,1679,"Menor porte",0,0,"Cluster 2",16.92,3,"Cluster 2 - Menor porte","Menor porte (<20 mil)"
"695","Betânia do Piauí","Piauí",6220,1945,"Menor porte",0,0,"Cluster 2",16.92,3,"Cluster 2 - Menor porte","Menor porte (<20 mil)"
"696","Boa Hora","Piauí",6902,1372,"Menor porte",0,0,"Cluster 2",16.92,2,"Cluster 2 - Menor porte","Menor porte (<20 mil)"
"697","Bocaina","Piauí",4078,1658,"Menor porte",0,0,"Cluster 2",16.92,3,"Cluster 2 - Menor porte","Menor porte (<20 mil)"
"698","Bom Jesus","Piauí",28796,16296,"Médio porte",0,0,"Cluster 3",4.29,7,"Cluster 3 - Médio porte","Médio porte (>20 mil e <100 mil)"
"699","Bom Princípio do Piauí","Piauí",5636,1342,"Menor porte",0,0,"Cluster 2",16.92,2,"Cluster 2 - Menor porte","Menor porte (<20 mil)"
"700","Bonfim do Piauí","Piauí",5913,1358,"Menor porte",0,0,"Cluster 2",16.92,2,"Cluster 2 - Menor porte","Menor porte (<20 mil)"
"701","Boqueirão do Piauí","Piauí",6545,1654,"Menor porte",0,0,"Cluster 2",16.92,3,"Cluster 2 - Menor porte","Menor porte (<20 mil)"
"702","Brasileira","Piauí",8436,2550,"Menor porte",2,7.84,"Cluster 2",16.92,4,"Cluster 2 - Menor porte","Menor porte (<20 mil)"
"703","Brejo do Piauí","Piauí",3904,895,"Menor porte",0,0,"Cluster 2",16.92,2,"Cluster 2 - Menor porte","Menor porte (<20 mil)"
"704","Buriti dos Lopes","Piauí",19654,5246,"Menor porte",4,7.62,"Cluster 2",16.92,9,"Cluster 2 - Menor porte","Menor porte (<20 mil)"
"705","Buriti dos Montes","Piauí",7434,616,"Menor porte",0,0,"Cluster 2",16.92,1,"Cluster 2 - Menor porte","Menor porte (<20 mil)"
"706","Cabeceiras do Piauí","Piauí",10212,2169,"Menor porte",0,0,"Cluster 2",16.92,4,"Cluster 2 - Menor porte","Menor porte (<20 mil)"
"707","Cajazeiras do Piauí","Piauí",3108,637,"Menor porte",0,0,"Cluster 2",16.92,1,"Cluster 2 - Menor porte","Menor porte (<20 mil)"
"708","Cajueiro da Praia","Piauí",7957,2044,"Menor porte",0,0,"Cluster 2",16.92,3,"Cluster 2 - Menor porte","Menor porte (<20 mil)"
"709","Caldeirão Grande do Piauí","Piauí",5503,901,"Menor porte",0,0,"Cluster 2",16.92,2,"Cluster 2 - Menor porte","Menor porte (<20 mil)"
"710","Campinas do Piauí","Piauí",4938,1221,"Menor porte",0,0,"Cluster 2",16.92,2,"Cluster 2 - Menor porte","Menor porte (<20 mil)"
"711","Campo Alegre do Fidalgo","Piauí",4616,1161,"Menor porte",0,0,"Cluster 2",16.92,2,"Cluster 2 - Menor porte","Menor porte (<20 mil)"
"712","Campo Grande do Piauí","Piauí",6020,1795,"Menor porte",0,0,"Cluster 2",16.92,3,"Cluster 2 - Menor porte","Menor porte (<20 mil)"
"713","Campo Largo do Piauí","Piauí",7419,679,"Menor porte",0,0,"Cluster 2",16.92,1,"Cluster 2 - Menor porte","Menor porte (<20 mil)"
"714","Campo Maior","Piauí",45793,29880,"Médio porte",7,2.34,"Cluster 3",4.29,13,"Cluster 3 - Médio porte","Médio porte (>20 mil e <100 mil)"
"715","Canavieira","Piauí",3414,310,"Menor porte",0,0,"Cluster 2",16.92,1,"Cluster 2 - Menor porte","Menor porte (<20 mil)"
"716","Canto do Buriti","Piauí",19365,7210,"Médio porte",2,2.77,"Cluster 2",5.66,4,"Cluster 2 - Médio porte","Médio porte (>20 mil e <100 mil)"
"717","Capitão de Campos","Piauí",11100,3249,"Menor porte",0,0,"Cluster 2",16.92,5,"Cluster 2 - Menor porte","Menor porte (<20 mil)"
"718","Capitão Gervásio Oliveira","Piauí",3974,632,"Menor porte",0,0,"Cluster 2",16.92,1,"Cluster 2 - Menor porte","Menor porte (<20 mil)"
"719","Caracol","Piauí",10318,1917,"Menor porte",0,0,"Cluster 2",16.92,3,"Cluster 2 - Menor porte","Menor porte (<20 mil)"
"720","Caraúbas do Piauí","Piauí",5630,1233,"Menor porte",1,8.11,"Cluster 2",16.92,2,"Cluster 2 - Menor porte","Menor porte (<20 mil)"
"721","Caridade do Piauí","Piauí",5033,858,"Menor porte",0,0,"Cluster 2",16.92,1,"Cluster 2 - Menor porte","Menor porte (<20 mil)"
"722","Castelo do Piauí","Piauí",19288,5219,"Menor porte",0,0,"Cluster 2",16.92,9,"Cluster 2 - Menor porte","Menor porte (<20 mil)"
"723","Caxingó","Piauí",5496,1092,"Menor porte",0,0,"Cluster 2",16.92,2,"Cluster 2 - Menor porte","Menor porte (<20 mil)"
"724","Cocal","Piauí",28212,8341,"Médio porte",0,0,"Cluster 2",5.66,5,"Cluster 2 - Médio porte","Médio porte (>20 mil e <100 mil)"
"725","Cocal de Telha","Piauí",4911,1518,"Menor porte",0,0,"Cluster 2",16.92,3,"Cluster 2 - Menor porte","Menor porte (<20 mil)"
"726","Cocal dos Alves","Piauí",6386,1342,"Menor porte",0,0,"Cluster 2",16.92,2,"Cluster 2 - Menor porte","Menor porte (<20 mil)"
"727","Coivaras","Piauí",4117,1050,"Menor porte",0,0,"Cluster 2",16.92,2,"Cluster 2 - Menor porte","Menor porte (<20 mil)"
"728","Colônia do Gurguéia","Piauí",6150,1385,"Menor porte",0,0,"Cluster 2",16.92,2,"Cluster 2 - Menor porte","Menor porte (<20 mil)"
"729","Colônia do Piauí","Piauí",6994,1859,"Menor porte",0,0,"Cluster 2",16.92,3,"Cluster 2 - Menor porte","Menor porte (<20 mil)"
"730","Conceição do Canindé","Piauí",4932,908,"Menor porte",0,0,"Cluster 2",16.92,2,"Cluster 2 - Menor porte","Menor porte (<20 mil)"
"731","Coronel José Dias","Piauí",4250,1169,"Menor porte",0,0,"Cluster 2",16.92,2,"Cluster 2 - Menor porte","Menor porte (<20 mil)"
"732","Corrente","Piauí",27278,12338,"Médio porte",2,1.62,"Cluster 3",4.29,5,"Cluster 3 - Médio porte","Médio porte (>20 mil e <100 mil)"
"733","Cristalândia do Piauí","Piauí",7356,1252,"Menor porte",0,0,"Cluster 2",16.92,2,"Cluster 2 - Menor porte","Menor porte (<20 mil)"
"734","Cristino Castro","Piauí",10503,3147,"Menor porte",0,0,"Cluster 2",16.92,5,"Cluster 2 - Menor porte","Menor porte (<20 mil)"
"735","Curimatá","Piauí",11270,3090,"Menor porte",0,0,"Cluster 2",16.92,5,"Cluster 2 - Menor porte","Menor porte (<20 mil)"
"736","Currais","Piauí",4854,947,"Menor porte",0,0,"Cluster 2",16.92,2,"Cluster 2 - Menor porte","Menor porte (<20 mil)"
"737","Curral Novo do Piauí","Piauí",5073,778,"Menor porte",0,0,"Cluster 2",16.92,1,"Cluster 2 - Menor porte","Menor porte (<20 mil)"
"738","Curralinhos","Piauí",4413,463,"Menor porte",0,0,"Cluster 2",16.92,1,"Cluster 2 - Menor porte","Menor porte (<20 mil)"
"739","Demerval Lobão","Piauí",16352,5082,"Menor porte",3,5.9,"Cluster 2",16.92,9,"Cluster 2 - Menor porte","Menor porte (<20 mil)"
"740","Dirceu Arcoverde","Piauí",7054,1664,"Menor porte",6,36.06,"Cluster 2",16.92,3,"Cluster 2 - Menor porte","Menor porte (<20 mil)"
"741","Dom Expedito Lopes","Piauí",6320,2517,"Menor porte",4,15.89,"Cluster 2",16.92,4,"Cluster 2 - Menor porte","Menor porte (<20 mil)"
"742","Dom Inocêncio","Piauí",9159,1443,"Menor porte",0,0,"Cluster 2",16.92,2,"Cluster 2 - Menor porte","Menor porte (<20 mil)"
"743","Domingos Mourão","Piauí",4075,599,"Menor porte",0,0,"Cluster 2",16.92,1,"Cluster 2 - Menor porte","Menor porte (<20 mil)"
"744","Elesbão Veloso","Piauí",13607,5061,"Menor porte",0,0,"Cluster 2",16.92,9,"Cluster 2 - Menor porte","Menor porte (<20 mil)"
"745","Eliseu Martins","Piauí",4377,1094,"Menor porte",0,0,"Cluster 2",16.92,2,"Cluster 2 - Menor porte","Menor porte (<20 mil)"
"746","Esperantina","Piauí",40970,15424,"Médio porte",0,0,"Cluster 3",4.29,7,"Cluster 3 - Médio porte","Médio porte (>20 mil e <100 mil)"
"747","Fartura do Piauí","Piauí",5284,758,"Menor porte",0,0,"Cluster 2",16.92,1,"Cluster 2 - Menor porte","Menor porte (<20 mil)"
"748","Flores do Piauí","Piauí",4414,787,"Menor porte",0,0,"Cluster 2",16.92,1,"Cluster 2 - Menor porte","Menor porte (<20 mil)"
"749","Floresta do Piauí","Piauí",2333,664,"Menor porte",0,0,"Cluster 2",16.92,1,"Cluster 2 - Menor porte","Menor porte (<20 mil)"
"750","Floriano","Piauí",62036,47952,"Médio porte",9,1.88,"Cluster 1",2.7,13,"Cluster 1 - Médio porte","Médio porte (>20 mil e <100 mil)"
"751","Francinópolis","Piauí",4505,1161,"Menor porte",0,0,"Cluster 2",16.92,2,"Cluster 2 - Menor porte","Menor porte (<20 mil)"
"752","Francisco Ayres","Piauí",4412,922,"Menor porte",0,0,"Cluster 2",16.92,2,"Cluster 2 - Menor porte","Menor porte (<20 mil)"
"753","Francisco Macedo","Piauí",2929,746,"Menor porte",0,0,"Cluster 2",16.92,1,"Cluster 2 - Menor porte","Menor porte (<20 mil)"
"754","Francisco Santos","Piauí",8237,1893,"Menor porte",0,0,"Cluster 2",16.92,3,"Cluster 2 - Menor porte","Menor porte (<20 mil)"
"755","Fronteiras","Piauí",10259,5349,"Menor porte",0,0,"Cluster 2",16.92,9,"Cluster 2 - Menor porte","Menor porte (<20 mil)"
"756","Geminiano","Piauí",5445,2246,"Menor porte",0,0,"Cluster 2",16.92,4,"Cluster 2 - Menor porte","Menor porte (<20 mil)"
"757","Gilbués","Piauí",10892,2570,"Menor porte",0,0,"Cluster 2",16.92,4,"Cluster 2 - Menor porte","Menor porte (<20 mil)"
"758","Guadalupe","Piauí",10270,4171,"Menor porte",0,0,"Cluster 3",8.89,4,"Cluster 3 - Menor porte","Menor porte (<20 mil)"
"759","Guaribas","Piauí",4276,947,"Menor porte",0,0,"Cluster 2",16.92,2,"Cluster 2 - Menor porte","Menor porte (<20 mil)"
"760","Hugo Napoleão","Piauí",3518,1380,"Menor porte",0,0,"Cluster 2",16.92,2,"Cluster 2 - Menor porte","Menor porte (<20 mil)"
"761","Ilha Grande","Piauí",9274,2617,"Menor porte",2,7.64,"Cluster 2",16.92,4,"Cluster 2 - Menor porte","Menor porte (<20 mil)"
"762","Inhuma","Piauí",14958,4990,"Menor porte",0,0,"Cluster 2",16.92,8,"Cluster 2 - Menor porte","Menor porte (<20 mil)"
"763","Ipiranga do Piauí","Piauí",9420,2344,"Menor porte",2,8.53,"Cluster 2",16.92,4,"Cluster 2 - Menor porte","Menor porte (<20 mil)"
"764","Isaías Coelho","Piauí",7774,1282,"Menor porte",0,0,"Cluster 2",16.92,2,"Cluster 2 - Menor porte","Menor porte (<20 mil)"
"765","Itainópolis","Piauí",10790,3269,"Menor porte",0,0,"Cluster 2",16.92,6,"Cluster 2 - Menor porte","Menor porte (<20 mil)"
"766","Itaueira","Piauí",10323,3399,"Menor porte",1,2.94,"Cluster 2",16.92,6,"Cluster 2 - Menor porte","Menor porte (<20 mil)"
"767","Jacobina do Piauí","Piauí",5613,2630,"Menor porte",0,0,"Cluster 2",16.92,4,"Cluster 2 - Menor porte","Menor porte (<20 mil)"
"768","Jaicós","Piauí",17527,5916,"Menor porte",0,0,"Cluster 2",16.92,10,"Cluster 2 - Menor porte","Menor porte (<20 mil)"
"769","Jardim do Mulato","Piauí",4180,730,"Menor porte",0,0,"Cluster 2",16.92,1,"Cluster 2 - Menor porte","Menor porte (<20 mil)"
"770","Jatobá do Piauí","Piauí",4494,1440,"Menor porte",0,0,"Cluster 2",16.92,2,"Cluster 2 - Menor porte","Menor porte (<20 mil)"
"771","Jerumenha","Piauí",4497,981,"Menor porte",3,30.58,"Cluster 2",16.92,2,"Cluster 2 - Menor porte","Menor porte (<20 mil)"
"772","João Costa","Piauí",2970,602,"Menor porte",0,0,"Cluster 2",16.92,1,"Cluster 2 - Menor porte","Menor porte (<20 mil)"
"773","Joaquim Pires","Piauí",13886,2364,"Menor porte",0,0,"Cluster 2",16.92,4,"Cluster 2 - Menor porte","Menor porte (<20 mil)"
"774","Joca Marques","Piauí",5394,870,"Menor porte",0,0,"Cluster 2",16.92,1,"Cluster 2 - Menor porte","Menor porte (<20 mil)"
"775","José de Freitas","Piauí",42559,14646,"Médio porte",1,0.68,"Cluster 3",4.29,6,"Cluster 3 - Médio porte","Médio porte (>20 mil e <100 mil)"
"776","Juazeiro do Piauí","Piauí",5214,880,"Menor porte",0,0,"Cluster 2",16.92,1,"Cluster 2 - Menor porte","Menor porte (<20 mil)"
"777","Júlio Borges","Piauí",5388,980,"Menor porte",0,0,"Cluster 2",16.92,2,"Cluster 2 - Menor porte","Menor porte (<20 mil)"
"778","Jurema","Piauí",4425,780,"Menor porte",2,25.64,"Cluster 2",16.92,1,"Cluster 2 - Menor porte","Menor porte (<20 mil)"
"779","Lagoa Alegre","Piauí",8256,1768,"Menor porte",0,0,"Cluster 2",16.92,3,"Cluster 2 - Menor porte","Menor porte (<20 mil)"
"780","Lagoa de São Francisco","Piauí",6331,1372,"Menor porte",0,0,"Cluster 2",16.92,2,"Cluster 2 - Menor porte","Menor porte (<20 mil)"
"781","Lagoa do Barro do Piauí","Piauí",4995,1204,"Menor porte",0,0,"Cluster 2",16.92,2,"Cluster 2 - Menor porte","Menor porte (<20 mil)"
"782","Lagoa do Piauí","Piauí",4810,859,"Menor porte",0,0,"Cluster 2",16.92,1,"Cluster 2 - Menor porte","Menor porte (<20 mil)"
"783","Lagoa do Sítio","Piauí",4520,882,"Menor porte",0,0,"Cluster 2",16.92,1,"Cluster 2 - Menor porte","Menor porte (<20 mil)"
"784","Lagoinha do Piauí","Piauí",2939,982,"Menor porte",0,0,"Cluster 2",16.92,2,"Cluster 2 - Menor porte","Menor porte (<20 mil)"
"785","Landri Sales","Piauí",5213,1334,"Menor porte",0,0,"Cluster 2",16.92,2,"Cluster 2 - Menor porte","Menor porte (<20 mil)"
"786","Luís Correia","Piauí",30641,9141,"Médio porte",7,7.66,"Cluster 2",5.66,5,"Cluster 2 - Médio porte","Médio porte (>20 mil e <100 mil)"
"787","Luzilândia","Piauí",25375,9452,"Médio porte",0,0,"Cluster 2",5.66,5,"Cluster 2 - Médio porte","Médio porte (>20 mil e <100 mil)"
"788","Madeiro","Piauí",8032,1113,"Menor porte",0,0,"Cluster 2",16.92,2,"Cluster 2 - Menor porte","Menor porte (<20 mil)"
"789","Manoel Emídio","Piauí",5209,1237,"Menor porte",3,24.25,"Cluster 2",16.92,2,"Cluster 2 - Menor porte","Menor porte (<20 mil)"
"790","Marcolândia","Piauí",8533,7258,"Menor porte",2,2.76,"Cluster 3",8.89,6,"Cluster 3 - Menor porte","Menor porte (<20 mil)"
"791","Marcos Parente","Piauí",4724,1074,"Menor porte",0,0,"Cluster 2",16.92,2,"Cluster 2 - Menor porte","Menor porte (<20 mil)"
"792","Massapê do Piauí","Piauí",5218,1068,"Menor porte",0,0,"Cluster 2",16.92,2,"Cluster 2 - Menor porte","Menor porte (<20 mil)"
"793","Matias Olímpio","Piauí",10641,1556,"Menor porte",0,0,"Cluster 2",16.92,3,"Cluster 2 - Menor porte","Menor porte (<20 mil)"
"794","Miguel Alves","Piauí",32150,4824,"Médio porte",0,0,"Cluster 2",5.66,3,"Cluster 2 - Médio porte","Médio porte (>20 mil e <100 mil)"
"795","Miguel Leão","Piauí",1318,310,"Menor porte",0,0,"Cluster 2",16.92,1,"Cluster 2 - Menor porte","Menor porte (<20 mil)"
"796","Milton Brandão","Piauí",6542,1222,"Menor porte",0,0,"Cluster 2",16.92,2,"Cluster 2 - Menor porte","Menor porte (<20 mil)"
"797","Monsenhor Gil","Piauí",10255,2207,"Menor porte",5,22.66,"Cluster 2",16.92,4,"Cluster 2 - Menor porte","Menor porte (<20 mil)"
"798","Monsenhor Hipólito","Piauí",7577,1912,"Menor porte",0,0,"Cluster 2",16.92,3,"Cluster 2 - Menor porte","Menor porte (<20 mil)"
"799","Monte Alegre do Piauí","Piauí",10660,1958,"Menor porte",0,0,"Cluster 2",16.92,3,"Cluster 2 - Menor porte","Menor porte (<20 mil)"
"800","Morro Cabeça no Tempo","Piauí",4377,364,"Menor porte",0,0,"Cluster 2",16.92,1,"Cluster 2 - Menor porte","Menor porte (<20 mil)"
"801","Morro do Chapéu do Piauí","Piauí",6425,1026,"Menor porte",0,0,"Cluster 2",16.92,2,"Cluster 2 - Menor porte","Menor porte (<20 mil)"
"802","Murici dos Portelas","Piauí",9797,1057,"Menor porte",0,0,"Cluster 2",16.92,2,"Cluster 2 - Menor porte","Menor porte (<20 mil)"
"803","Nazaré do Piauí","Piauí",6665,1726,"Menor porte",0,0,"Cluster 2",16.92,3,"Cluster 2 - Menor porte","Menor porte (<20 mil)"
"804","Nazária","Piauí",10262,1351,"Menor porte",9,66.62,"Cluster 2",16.92,2,"Cluster 2 - Menor porte","Menor porte (<20 mil)"
"805","Nossa Senhora de Nazaré","Piauí",5228,1387,"Menor porte",0,0,"Cluster 2",16.92,2,"Cluster 2 - Menor porte","Menor porte (<20 mil)"
"806","Nossa Senhora dos Remédios","Piauí",8525,1486,"Menor porte",0,0,"Cluster 2",16.92,3,"Cluster 2 - Menor porte","Menor porte (<20 mil)"
"807","Nova Santa Rita","Piauí",4076,915,"Menor porte",0,0,"Cluster 2",16.92,2,"Cluster 2 - Menor porte","Menor porte (<20 mil)"
"808","Novo Oriente do Piauí","Piauí",6097,1800,"Menor porte",0,0,"Cluster 2",16.92,3,"Cluster 2 - Menor porte","Menor porte (<20 mil)"
"809","Novo Santo Antônio","Piauí",2827,718,"Menor porte",0,0,"Cluster 2",16.92,1,"Cluster 2 - Menor porte","Menor porte (<20 mil)"
"810","Oeiras","Piauí",38161,19068,"Médio porte",2,1.05,"Cluster 3",4.29,8,"Cluster 3 - Médio porte","Médio porte (>20 mil e <100 mil)"
"811","Olho D'Água do Piauí","Piauí",2637,882,"Menor porte",0,0,"Cluster 2",16.92,1,"Cluster 2 - Menor porte","Menor porte (<20 mil)"
"812","Padre Marcos","Piauí",6382,2474,"Menor porte",0,0,"Cluster 2",16.92,4,"Cluster 2 - Menor porte","Menor porte (<20 mil)"
"813","Paes Landim","Piauí",4088,898,"Menor porte",0,0,"Cluster 2",16.92,2,"Cluster 2 - Menor porte","Menor porte (<20 mil)"
"814","Pajeú do Piauí","Piauí",3000,597,"Menor porte",0,0,"Cluster 2",16.92,1,"Cluster 2 - Menor porte","Menor porte (<20 mil)"
"815","Palmeira do Piauí","Piauí",4952,1508,"Menor porte",0,0,"Cluster 2",16.92,3,"Cluster 2 - Menor porte","Menor porte (<20 mil)"
"816","Palmeirais","Piauí",13264,1892,"Menor porte",0,0,"Cluster 2",16.92,3,"Cluster 2 - Menor porte","Menor porte (<20 mil)"
"817","Paquetá","Piauí",3813,861,"Menor porte",0,0,"Cluster 2",16.92,1,"Cluster 2 - Menor porte","Menor porte (<20 mil)"
"818","Parnaguá","Piauí",10103,1525,"Menor porte",0,0,"Cluster 2",16.92,3,"Cluster 2 - Menor porte","Menor porte (<20 mil)"
"819","Parnaíba","Piauí",162159,103552,"Maior porte",31,2.99,"Cluster 1",3.23,33,"Cluster 1 - Maior porte","Maior porte (>100 mil)"
"820","Passagem Franca do Piauí","Piauí",4135,724,"Menor porte",0,0,"Cluster 2",16.92,1,"Cluster 2 - Menor porte","Menor porte (<20 mil)"
"821","Patos do Piauí","Piauí",5425,1053,"Menor porte",0,0,"Cluster 2",16.92,2,"Cluster 2 - Menor porte","Menor porte (<20 mil)"
"822","Pau D'Arco do Piauí","Piauí",3880,842,"Menor porte",0,0,"Cluster 2",16.92,1,"Cluster 2 - Menor porte","Menor porte (<20 mil)"
"823","Paulistana","Piauí",21055,12937,"Médio porte",0,0,"Cluster 3",4.29,6,"Cluster 3 - Médio porte","Médio porte (>20 mil e <100 mil)"
"824","Pavussu","Piauí",3628,721,"Menor porte",0,0,"Cluster 2",16.92,1,"Cluster 2 - Menor porte","Menor porte (<20 mil)"
"825","Pedro II","Piauí",37894,12934,"Médio porte",0,0,"Cluster 2",5.66,7,"Cluster 2 - Médio porte","Médio porte (>20 mil e <100 mil)"
"826","Pedro Laurentino","Piauí",2458,566,"Menor porte",0,0,"Cluster 2",16.92,1,"Cluster 2 - Menor porte","Menor porte (<20 mil)"
"827","Picos","Piauí",83090,64978,"Médio porte",15,2.31,"Cluster 1",2.7,18,"Cluster 1 - Médio porte","Médio porte (>20 mil e <100 mil)"
"828","Pimenteiras","Piauí",11341,1644,"Menor porte",0,0,"Cluster 2",16.92,3,"Cluster 2 - Menor porte","Menor porte (<20 mil)"
"829","Pio IX","Piauí",17613,4445,"Menor porte",0,0,"Cluster 2",16.92,8,"Cluster 2 - Menor porte","Menor porte (<20 mil)"
"830","Piracuruca","Piauí",28846,14877,"Médio porte",2,1.34,"Cluster 3",4.29,6,"Cluster 3 - Médio porte","Médio porte (>20 mil e <100 mil)"
"831","Piripiri","Piauí",65538,36022,"Médio porte",3,0.83,"Cluster 3",4.29,15,"Cluster 3 - Médio porte","Médio porte (>20 mil e <100 mil)"
"832","Porto","Piauí",12052,1585,"Menor porte",0,0,"Cluster 2",16.92,3,"Cluster 2 - Menor porte","Menor porte (<20 mil)"
"833","Porto Alegre do Piauí","Piauí",2364,360,"Menor porte",0,0,"Cluster 2",16.92,1,"Cluster 2 - Menor porte","Menor porte (<20 mil)"
"834","Prata do Piauí","Piauí",3042,629,"Menor porte",0,0,"Cluster 2",16.92,1,"Cluster 2 - Menor porte","Menor porte (<20 mil)"
"835","Queimada Nova","Piauí",8738,2350,"Menor porte",0,0,"Cluster 2",16.92,4,"Cluster 2 - Menor porte","Menor porte (<20 mil)"
"836","Redenção do Gurguéia","Piauí",8394,2086,"Menor porte",2,9.59,"Cluster 2",16.92,4,"Cluster 2 - Menor porte","Menor porte (<20 mil)"
"837","Regeneração","Piauí",17133,5458,"Menor porte",0,0,"Cluster 2",16.92,9,"Cluster 2 - Menor porte","Menor porte (<20 mil)"
"838","Riacho Frio","Piauí",4165,614,"Menor porte",0,0,"Cluster 2",16.92,1,"Cluster 2 - Menor porte","Menor porte (<20 mil)"
"839","Ribeira do Piauí","Piauí",4055,308,"Menor porte",0,0,"Cluster 2",16.92,1,"Cluster 2 - Menor porte","Menor porte (<20 mil)"
"840","Ribeiro Gonçalves","Piauí",6164,1430,"Menor porte",0,0,"Cluster 2",16.92,2,"Cluster 2 - Menor porte","Menor porte (<20 mil)"
"841","Rio Grande do Piauí","Piauí",5801,1244,"Menor porte",0,0,"Cluster 2",16.92,2,"Cluster 2 - Menor porte","Menor porte (<20 mil)"
"842","Santa Cruz do Piauí","Piauí",5831,1458,"Menor porte",0,0,"Cluster 2",16.92,2,"Cluster 2 - Menor porte","Menor porte (<20 mil)"
"843","Santa Cruz dos Milagres","Piauí",3435,694,"Menor porte",0,0,"Cluster 2",16.92,1,"Cluster 2 - Menor porte","Menor porte (<20 mil)"
"844","Santa Filomena","Piauí",6087,1409,"Menor porte",0,0,"Cluster 2",16.92,2,"Cluster 2 - Menor porte","Menor porte (<20 mil)"
"845","Santa Luz","Piauí",5336,1372,"Menor porte",0,0,"Cluster 2",16.92,2,"Cluster 2 - Menor porte","Menor porte (<20 mil)"
"846","Santa Rosa do Piauí","Piauí",4650,1112,"Menor porte",0,0,"Cluster 2",16.92,2,"Cluster 2 - Menor porte","Menor porte (<20 mil)"
"847","Santana do Piauí","Piauí",4125,1506,"Menor porte",0,0,"Cluster 2",16.92,3,"Cluster 2 - Menor porte","Menor porte (<20 mil)"
"848","Santo Antônio de Lisboa","Piauí",5839,1829,"Menor porte",0,0,"Cluster 2",16.92,3,"Cluster 2 - Menor porte","Menor porte (<20 mil)"
"849","Santo Antônio dos Milagres","Piauí",2138,337,"Menor porte",0,0,"Cluster 2",16.92,1,"Cluster 2 - Menor porte","Menor porte (<20 mil)"
"850","Santo Inácio do Piauí","Piauí",3646,862,"Menor porte",0,0,"Cluster 2",16.92,1,"Cluster 2 - Menor porte","Menor porte (<20 mil)"
"851","São Braz do Piauí","Piauí",4358,856,"Menor porte",2,23.36,"Cluster 2",16.92,1,"Cluster 2 - Menor porte","Menor porte (<20 mil)"
"852","São Félix do Piauí","Piauí",2842,643,"Menor porte",0,0,"Cluster 2",16.92,1,"Cluster 2 - Menor porte","Menor porte (<20 mil)"
"853","São Francisco de Assis do Piauí","Piauí",5572,1061,"Menor porte",0,0,"Cluster 2",16.92,2,"Cluster 2 - Menor porte","Menor porte (<20 mil)"
"854","São Francisco do Piauí","Piauí",5392,996,"Menor porte",0,0,"Cluster 2",16.92,2,"Cluster 2 - Menor porte","Menor porte (<20 mil)"
"855","São Gonçalo do Gurguéia","Piauí",2947,536,"Menor porte",0,0,"Cluster 2",16.92,1,"Cluster 2 - Menor porte","Menor porte (<20 mil)"
"856","São Gonçalo do Piauí","Piauí",4837,1842,"Menor porte",0,0,"Cluster 2",16.92,3,"Cluster 2 - Menor porte","Menor porte (<20 mil)"
"857","São João da Canabrava","Piauí",4242,1264,"Menor porte",0,0,"Cluster 2",16.92,2,"Cluster 2 - Menor porte","Menor porte (<20 mil)"
"858","São João da Fronteira","Piauí",5522,631,"Menor porte",0,0,"Cluster 2",16.92,1,"Cluster 2 - Menor porte","Menor porte (<20 mil)"
"859","São João da Serra","Piauí",6114,1343,"Menor porte",0,0,"Cluster 2",16.92,2,"Cluster 2 - Menor porte","Menor porte (<20 mil)"
"860","São João da Varjota","Piauí",4383,915,"Menor porte",0,0,"Cluster 2",16.92,2,"Cluster 2 - Menor porte","Menor porte (<20 mil)"
"861","São João do Arraial","Piauí",8186,1268,"Menor porte",0,0,"Cluster 2",16.92,2,"Cluster 2 - Menor porte","Menor porte (<20 mil)"
"862","São João do Piauí","Piauí",21421,8066,"Médio porte",0,0,"Cluster 3",4.29,3,"Cluster 3 - Médio porte","Médio porte (>20 mil e <100 mil)"
"863","São José do Divino","Piauí",4841,1318,"Menor porte",0,0,"Cluster 2",16.92,2,"Cluster 2 - Menor porte","Menor porte (<20 mil)"
"864","São José do Peixe","Piauí",3297,539,"Menor porte",0,0,"Cluster 2",16.92,1,"Cluster 2 - Menor porte","Menor porte (<20 mil)"
"865","São José do Piauí","Piauí",6597,1986,"Menor porte",0,0,"Cluster 2",16.92,3,"Cluster 2 - Menor porte","Menor porte (<20 mil)"
"866","São Julião","Piauí",6025,1627,"Menor porte",0,0,"Cluster 2",16.92,3,"Cluster 2 - Menor porte","Menor porte (<20 mil)"
"867","São Lourenço do Piauí","Piauí",4410,1010,"Menor porte",4,39.6,"Cluster 2",16.92,2,"Cluster 2 - Menor porte","Menor porte (<20 mil)"
"868","São Luis do Piauí","Piauí",2309,893,"Menor porte",0,0,"Cluster 2",16.92,2,"Cluster 2 - Menor porte","Menor porte (<20 mil)"
"869","São Miguel da Baixa Grande","Piauí",2269,614,"Menor porte",0,0,"Cluster 2",16.92,1,"Cluster 2 - Menor porte","Menor porte (<20 mil)"
"870","São Miguel do Fidalgo","Piauí",2829,510,"Menor porte",0,0,"Cluster 2",16.92,1,"Cluster 2 - Menor porte","Menor porte (<20 mil)"
"871","São Miguel do Tapuio","Piauí",17554,3169,"Menor porte",0,0,"Cluster 2",16.92,5,"Cluster 2 - Menor porte","Menor porte (<20 mil)"
"872","São Pedro do Piauí","Piauí",13755,4124,"Menor porte",0,0,"Cluster 2",16.92,7,"Cluster 2 - Menor porte","Menor porte (<20 mil)"
"873","São Raimundo Nonato","Piauí",38934,22089,"Médio porte",4,1.81,"Cluster 3",4.29,9,"Cluster 3 - Médio porte","Médio porte (>20 mil e <100 mil)"
"874","Sebastião Barros","Piauí",3202,568,"Menor porte",0,0,"Cluster 2",16.92,1,"Cluster 2 - Menor porte","Menor porte (<20 mil)"
"875","Sebastião Leal","Piauí",4446,1583,"Menor porte",0,0,"Cluster 2",16.92,3,"Cluster 2 - Menor porte","Menor porte (<20 mil)"
"876","Sigefredo Pacheco","Piauí",9460,1996,"Menor porte",0,0,"Cluster 2",16.92,3,"Cluster 2 - Menor porte","Menor porte (<20 mil)"
"877","Simões","Piauí",14350,3515,"Menor porte",0,0,"Cluster 2",16.92,6,"Cluster 2 - Menor porte","Menor porte (<20 mil)"
"878","Simplício Mendes","Piauí",13870,4718,"Menor porte",0,0,"Cluster 2",16.92,8,"Cluster 2 - Menor porte","Menor porte (<20 mil)"
"879","Socorro do Piauí","Piauí",4141,671,"Menor porte",0,0,"Cluster 2",16.92,1,"Cluster 2 - Menor porte","Menor porte (<20 mil)"
"880","Sussuapara","Piauí",6220,3080,"Menor porte",0,0,"Cluster 2",16.92,5,"Cluster 2 - Menor porte","Menor porte (<20 mil)"
"881","Tamboril do Piauí","Piauí",2949,356,"Menor porte",0,0,"Cluster 2",16.92,1,"Cluster 2 - Menor porte","Menor porte (<20 mil)"
"882","Tanque do Piauí","Piauí",2316,635,"Menor porte",0,0,"Cluster 2",16.92,1,"Cluster 2 - Menor porte","Menor porte (<20 mil)"
"883","Teresina","Piauí",866300,569296,"Maior porte",111,1.95,"Cluster 1",3.23,184,"Cluster 1 - Maior porte","Maior porte (>100 mil)"
"884","União","Piauí",46119,13680,"Médio porte",1,0.73,"Cluster 2",5.66,8,"Cluster 2 - Médio porte","Médio porte (>20 mil e <100 mil)"
"885","Uruçuí","Piauí",25203,14319,"Médio porte",0,0,"Cluster 3",4.29,6,"Cluster 3 - Médio porte","Médio porte (>20 mil e <100 mil)"
"886","Valença do Piauí","Piauí",22279,10122,"Médio porte",0,0,"Cluster 3",4.29,4,"Cluster 3 - Médio porte","Médio porte (>20 mil e <100 mil)"
"887","Várzea Branca","Piauí",5055,902,"Menor porte",0,0,"Cluster 2",16.92,2,"Cluster 2 - Menor porte","Menor porte (<20 mil)"
"888","Várzea Grande","Piauí",4417,1006,"Menor porte",0,0,"Cluster 2",16.92,2,"Cluster 2 - Menor porte","Menor porte (<20 mil)"
"889","Vera Mendes","Piauí",3185,855,"Menor porte",0,0,"Cluster 2",16.92,1,"Cluster 2 - Menor porte","Menor porte (<20 mil)"
"890","Vila Nova do Piauí","Piauí",2935,1059,"Menor porte",0,0,"Cluster 2",16.92,2,"Cluster 2 - Menor porte","Menor porte (<20 mil)"
"891","Wall Ferraz","Piauí",4059,738,"Menor porte",0,0,"Cluster 2",16.92,1,"Cluster 2 - Menor porte","Menor porte (<20 mil)"
"892","Abaiara","Ceará",10038,3100,"Menor porte",0,0,"Cluster 2",16.92,5,"Cluster 2 - Menor porte","Menor porte (<20 mil)"
"893","Acarape","Ceará",14027,3543,"Menor porte",16,45.16,"Cluster 2",16.92,6,"Cluster 2 - Menor porte","Menor porte (<20 mil)"
"894","Acaraú","Ceará",65264,20359,"Médio porte",4,1.96,"Cluster 2",5.66,12,"Cluster 2 - Médio porte","Médio porte (>20 mil e <100 mil)"
"895","Acopiara","Ceará",44962,19227,"Médio porte",4,2.08,"Cluster 2",5.66,11,"Cluster 2 - Médio porte","Médio porte (>20 mil e <100 mil)"
"896","Aiuaba","Ceará",14076,3502,"Menor porte",0,0,"Cluster 2",16.92,6,"Cluster 2 - Menor porte","Menor porte (<20 mil)"
"897","Alcântaras","Ceará",11369,4760,"Menor porte",2,4.2,"Cluster 2",16.92,8,"Cluster 2 - Menor porte","Menor porte (<20 mil)"
"898","Altaneira","Ceará",6782,2048,"Menor porte",0,0,"Cluster 2",16.92,3,"Cluster 2 - Menor porte","Menor porte (<20 mil)"
"899","Alto Santo","Ceará",14155,5109,"Menor porte",0,0,"Cluster 2",16.92,9,"Cluster 2 - Menor porte","Menor porte (<20 mil)"
"900","Amontada","Ceará",42156,11139,"Médio porte",0,0,"Cluster 2",5.66,6,"Cluster 2 - Médio porte","Médio porte (>20 mil e <100 mil)"
"901","Antonina do Norte","Ceará",7245,2857,"Menor porte",0,0,"Cluster 2",16.92,5,"Cluster 2 - Menor porte","Menor porte (<20 mil)"
"902","Apuiarés","Ceará",12928,4817,"Menor porte",0,0,"Cluster 2",16.92,8,"Cluster 2 - Menor porte","Menor porte (<20 mil)"
"903","Aquiraz","Ceará",80645,29228,"Médio porte",31,10.61,"Cluster 3",4.29,13,"Cluster 3 - Médio porte","Médio porte (>20 mil e <100 mil)"
"904","Aracati","Ceará",75113,27721,"Médio porte",11,3.97,"Cluster 3",4.29,12,"Cluster 3 - Médio porte","Médio porte (>20 mil e <100 mil)"
"905","Aracoiaba","Ceará",25553,7634,"Médio porte",4,5.24,"Cluster 2",5.66,4,"Cluster 2 - Médio porte","Médio porte (>20 mil e <100 mil)"
"906","Ararendá","Ceará",11096,3941,"Menor porte",0,0,"Cluster 2",16.92,7,"Cluster 2 - Menor porte","Menor porte (<20 mil)"
"907","Araripe","Ceará",19783,7520,"Médio porte",0,0,"Cluster 2",5.66,4,"Cluster 2 - Médio porte","Médio porte (>20 mil e <100 mil)"
"908","Aratuba","Ceará",11224,3702,"Menor porte",0,0,"Cluster 2",16.92,6,"Cluster 2 - Menor porte","Menor porte (<20 mil)"
"909","Arneiroz","Ceará",7429,2231,"Menor porte",0,0,"Cluster 2",16.92,4,"Cluster 2 - Menor porte","Menor porte (<20 mil)"
"910","Assaré","Ceará",21697,7439,"Médio porte",2,2.69,"Cluster 2",5.66,4,"Cluster 2 - Médio porte","Médio porte (>20 mil e <100 mil)"
"911","Aurora","Ceará",23714,6760,"Médio porte",0,0,"Cluster 2",5.66,4,"Cluster 2 - Médio porte","Médio porte (>20 mil e <100 mil)"
"912","Baixio","Ceará",5704,1705,"Menor porte",0,0,"Cluster 2",16.92,3,"Cluster 2 - Menor porte","Menor porte (<20 mil)"
"913","Banabuiú","Ceará",17195,5064,"Menor porte",0,0,"Cluster 2",16.92,9,"Cluster 2 - Menor porte","Menor porte (<20 mil)"
"914","Barbalha","Ceará",75033,26189,"Médio porte",14,5.35,"Cluster 3",4.29,11,"Cluster 3 - Médio porte","Médio porte (>20 mil e <100 mil)"
"915","Barreira","Ceará",22392,8494,"Médio porte",2,2.35,"Cluster 3",4.29,4,"Cluster 3 - Médio porte","Médio porte (>20 mil e <100 mil)"
"916","Barro","Ceará",19381,5893,"Médio porte",3,5.09,"Cluster 2",5.66,3,"Cluster 2 - Médio porte","Médio porte (>20 mil e <100 mil)"
"917","Barroquinha","Ceará",14567,3693,"Menor porte",0,0,"Cluster 2",16.92,6,"Cluster 2 - Menor porte","Menor porte (<20 mil)"
"918","Baturité","Ceará",35218,12713,"Médio porte",11,8.65,"Cluster 3",4.29,5,"Cluster 3 - Médio porte","Médio porte (>20 mil e <100 mil)"
"919","Beberibe","Ceará",53114,16496,"Médio porte",15,9.09,"Cluster 3",4.29,7,"Cluster 3 - Médio porte","Médio porte (>20 mil e <100 mil)"
"920","Bela Cruz","Ceará",32775,9266,"Médio porte",2,2.16,"Cluster 2",5.66,5,"Cluster 2 - Médio porte","Médio porte (>20 mil e <100 mil)"
"921","Boa Viagem","Ceará",50411,24085,"Médio porte",3,1.25,"Cluster 3",4.29,10,"Cluster 3 - Médio porte","Médio porte (>20 mil e <100 mil)"
"922","Brejo Santo","Ceará",51090,24033,"Médio porte",7,2.91,"Cluster 3",4.29,10,"Cluster 3 - Médio porte","Médio porte (>20 mil e <100 mil)"
"923","Camocim","Ceará",62326,22337,"Médio porte",0,0,"Cluster 3",4.29,10,"Cluster 3 - Médio porte","Médio porte (>20 mil e <100 mil)"
"924","Campos Sales","Ceará",25135,13109,"Médio porte",0,0,"Cluster 3",4.29,6,"Cluster 3 - Médio porte","Médio porte (>20 mil e <100 mil)"
"925","Canindé","Ceará",74174,33421,"Médio porte",16,4.79,"Cluster 3",4.29,14,"Cluster 3 - Médio porte","Médio porte (>20 mil e <100 mil)"
"926","Capistrano","Ceará",17254,4936,"Menor porte",4,8.1,"Cluster 2",16.92,8,"Cluster 2 - Menor porte","Menor porte (<20 mil)"
"927","Caridade","Ceará",16377,5446,"Médio porte",1,1.84,"Cluster 2",5.66,3,"Cluster 2 - Médio porte","Médio porte (>20 mil e <100 mil)"
"928","Cariré","Ceará",17632,5772,"Menor porte",2,3.47,"Cluster 2",16.92,10,"Cluster 2 - Menor porte","Menor porte (<20 mil)"
"929","Caririaçu","Ceará",26320,9549,"Médio porte",0,0,"Cluster 2",5.66,5,"Cluster 2 - Médio porte","Médio porte (>20 mil e <100 mil)"
"930","Cariús","Ceará",17015,5106,"Menor porte",0,0,"Cluster 2",16.92,9,"Cluster 2 - Menor porte","Menor porte (<20 mil)"
"931","Carnaubal","Ceará",17210,5562,"Menor porte",0,0,"Cluster 2",16.92,9,"Cluster 2 - Menor porte","Menor porte (<20 mil)"
"932","Cascavel","Ceará",72720,26142,"Médio porte",16,6.12,"Cluster 3",4.29,11,"Cluster 3 - Médio porte","Médio porte (>20 mil e <100 mil)"
"933","Catarina","Ceará",10243,4270,"Médio porte",0,0,"Cluster 2",5.66,2,"Cluster 2 - Médio porte","Médio porte (>20 mil e <100 mil)"
"934","Catunda","Ceará",10444,2708,"Menor porte",3,11.08,"Cluster 2",16.92,5,"Cluster 2 - Menor porte","Menor porte (<20 mil)"
"935","Caucaia","Ceará",355679,119091,"Maior porte",67,5.63,"Cluster 3",3.72,44,"Cluster 3 - Maior porte","Maior porte (>100 mil)"
"936","Cedro","Ceará",22344,9692,"Médio porte",0,0,"Cluster 3",4.29,4,"Cluster 3 - Médio porte","Médio porte (>20 mil e <100 mil)"
"937","Chaval","Ceará",12462,2894,"Menor porte",0,0,"Cluster 2",16.92,5,"Cluster 2 - Menor porte","Menor porte (<20 mil)"
"938","Choró","Ceará",12113,3345,"Menor porte",0,0,"Cluster 2",16.92,6,"Cluster 2 - Menor porte","Menor porte (<20 mil)"
"939","Chorozinho","Ceará",20163,7489,"Médio porte",4,5.34,"Cluster 3",4.29,3,"Cluster 3 - Médio porte","Médio porte (>20 mil e <100 mil)"
"940","Coreaú","Ceará",20953,6735,"Médio porte",4,5.94,"Cluster 2",5.66,4,"Cluster 2 - Médio porte","Médio porte (>20 mil e <100 mil)"
"941","Crateús","Ceará",76390,37813,"Médio porte",4,1.06,"Cluster 3",4.29,16,"Cluster 3 - Médio porte","Médio porte (>20 mil e <100 mil)"
"942","Crato","Ceará",131050,62161,"Maior porte",25,4.02,"Cluster 3",3.72,23,"Cluster 3 - Maior porte","Maior porte (>100 mil)"
"943","Croatá","Ceará",17481,6236,"Menor porte",0,0,"Cluster 2",16.92,11,"Cluster 2 - Menor porte","Menor porte (<20 mil)"
"944","Cruz","Ceará",29761,12816,"Médio porte",0,0,"Cluster 3",4.29,6,"Cluster 3 - Médio porte","Médio porte (>20 mil e <100 mil)"
"945","Deputado Irapuan Pinheiro","Ceará",8932,3256,"Menor porte",0,0,"Cluster 2",16.92,6,"Cluster 2 - Menor porte","Menor porte (<20 mil)"
"946","Ererê","Ceará",NA,1182,"Menor porte",0,0,"Cluster 2",16.92,2,"Cluster 2 - Menor porte","Menor porte (<20 mil)"
"947","Eusébio","Ceará",74170,35393,"Médio porte",42,11.87,"Cluster 1",2.7,10,"Cluster 1 - Médio porte","Médio porte (>20 mil e <100 mil)"
"948","Farias Brito","Ceará",18217,5399,"Menor porte",6,11.11,"Cluster 2",16.92,9,"Cluster 2 - Menor porte","Menor porte (<20 mil)"
"949","Forquilha","Ceará",24173,8705,"Médio porte",1,1.15,"Cluster 3",4.29,4,"Cluster 3 - Médio porte","Médio porte (>20 mil e <100 mil)"
"950","Fortaleza","Ceará",2428708,1239191,"Maior porte",455,3.67,"Cluster 1",3.23,400,"Cluster 1 - Maior porte","Maior porte (>100 mil)"
"951","Fortim","Ceará",17294,5254,"Menor porte",4,7.61,"Cluster 2",16.92,9,"Cluster 2 - Menor porte","Menor porte (<20 mil)"
"952","Frecheirinha","Ceará",15657,6834,"Menor porte",0,0,"Cluster 3",8.89,6,"Cluster 3 - Menor porte","Menor porte (<20 mil)"
"953","General Sampaio","Ceará",6734,1872,"Menor porte",0,0,"Cluster 2",16.92,3,"Cluster 2 - Menor porte","Menor porte (<20 mil)"
"954","Graça","Ceará",13801,4937,"Menor porte",0,0,"Cluster 2",16.92,8,"Cluster 2 - Menor porte","Menor porte (<20 mil)"
"955","Granja","Ceará",53344,12818,"Médio porte",12,9.36,"Cluster 2",5.66,7,"Cluster 2 - Médio porte","Médio porte (>20 mil e <100 mil)"
"956","Granjeiro","Ceará",4841,775,"Menor porte",0,0,"Cluster 2",16.92,1,"Cluster 2 - Menor porte","Menor porte (<20 mil)"
"957","Groaíras","Ceará",10910,5779,"Menor porte",0,0,"Cluster 3",8.89,5,"Cluster 3 - Menor porte","Menor porte (<20 mil)"
"958","Guaiúba","Ceará",24325,5452,"Médio porte",6,11.01,"Cluster 2",5.66,3,"Cluster 2 - Médio porte","Médio porte (>20 mil e <100 mil)"
"959","Guaraciaba do Norte","Ceará",42053,19661,"Médio porte",12,6.1,"Cluster 3",4.29,8,"Cluster 3 - Médio porte","Médio porte (>20 mil e <100 mil)"
"960","Guaramiranga","Ceará",5654,2230,"Menor porte",0,0,"Cluster 3",8.89,2,"Cluster 3 - Menor porte","Menor porte (<20 mil)"
"961","Hidrolândia","Ceará",17855,6688,"Médio porte",0,0,"Cluster 2",5.66,4,"Cluster 2 - Médio porte","Médio porte (>20 mil e <100 mil)"
"962","Horizonte","Ceará",74755,28947,"Médio porte",7,2.42,"Cluster 3",4.29,12,"Cluster 3 - Médio porte","Médio porte (>20 mil e <100 mil)"
"963","Ibaretama","Ceará",11956,3394,"Menor porte",0,0,"Cluster 2",16.92,6,"Cluster 2 - Menor porte","Menor porte (<20 mil)"
"964","Ibiapina","Ceará",23965,9445,"Médio porte",4,4.24,"Cluster 3",4.29,4,"Cluster 3 - Médio porte","Médio porte (>20 mil e <100 mil)"
"965","Ibicuitinga","Ceará",11611,4175,"Menor porte",2,4.79,"Cluster 2",16.92,7,"Cluster 2 - Menor porte","Menor porte (<20 mil)"
"966","Icapuí","Ceará",21433,7783,"Médio porte",0,0,"Cluster 3",4.29,3,"Cluster 3 - Médio porte","Médio porte (>20 mil e <100 mil)"
"967","Icó","Ceará",62642,28155,"Médio porte",7,2.49,"Cluster 3",4.29,12,"Cluster 3 - Médio porte","Médio porte (>20 mil e <100 mil)"
"968","Iguatu","Ceará",98064,59324,"Maior porte",36,6.07,"Cluster 3",3.72,22,"Cluster 3 - Maior porte","Maior porte (>100 mil)"
"969","Independência","Ceará",24024,11947,"Médio porte",1,0.84,"Cluster 3",4.29,5,"Cluster 3 - Médio porte","Médio porte (>20 mil e <100 mil)"
"970","Ipaporanga","Ceará",11575,4366,"Menor porte",0,0,"Cluster 2",16.92,7,"Cluster 2 - Menor porte","Menor porte (<20 mil)"
"971","Ipaumirim","Ceará",12083,9376,"Menor porte",0,0,"Cluster 3",8.89,8,"Cluster 3 - Menor porte","Menor porte (<20 mil)"
"972","Ipu","Ceará",41081,17209,"Médio porte",4,2.32,"Cluster 3",4.29,7,"Cluster 3 - Médio porte","Médio porte (>20 mil e <100 mil)"
"973","Ipueiras","Ceará",36798,13087,"Médio porte",0,0,"Cluster 2",5.66,7,"Cluster 2 - Médio porte","Médio porte (>20 mil e <100 mil)"
"974","Iracema","Ceará",14001,6000,"Menor porte",9,15,"Cluster 3",8.89,5,"Cluster 3 - Menor porte","Menor porte (<20 mil)"
"975","Irauçuba","Ceará",23915,6328,"Médio porte",2,3.16,"Cluster 2",5.66,4,"Cluster 2 - Médio porte","Médio porte (>20 mil e <100 mil)"
"976","Itaiçaba","Ceará",7536,3561,"Menor porte",0,0,"Cluster 3",8.89,3,"Cluster 3 - Menor porte","Menor porte (<20 mil)"
"977","Itaitinga","Ceará",64650,18545,"Médio porte",5,2.7,"Cluster 3",4.29,8,"Cluster 3 - Médio porte","Médio porte (>20 mil e <100 mil)"
"978","Itapajé","Ceará",46426,19400,"Médio porte",4,2.06,"Cluster 3",4.29,8,"Cluster 3 - Médio porte","Médio porte (>20 mil e <100 mil)"
"979","Itapipoca","Ceará",131123,47388,"Maior porte",4,0.84,"Cluster 3",3.72,18,"Cluster 3 - Maior porte","Maior porte (>100 mil)"
"980","Itapiúna","Ceará",17841,4635,"Médio porte",0,0,"Cluster 2",5.66,3,"Cluster 2 - Médio porte","Médio porte (>20 mil e <100 mil)"
"981","Itarema","Ceará",42957,11290,"Médio porte",10,8.86,"Cluster 2",5.66,6,"Cluster 2 - Médio porte","Médio porte (>20 mil e <100 mil)"
"982","Itatira","Ceará",20424,5799,"Médio porte",0,0,"Cluster 2",5.66,3,"Cluster 2 - Médio porte","Médio porte (>20 mil e <100 mil)"
"983","Jaguaretama","Ceará",17232,6605,"Menor porte",0,0,"Cluster 2",16.92,11,"Cluster 2 - Menor porte","Menor porte (<20 mil)"
"984","Jaguaribara","Ceará",10356,5122,"Menor porte",0,0,"Cluster 3",8.89,5,"Cluster 3 - Menor porte","Menor porte (<20 mil)"
"985","Jaguaribe","Ceará",33726,16498,"Médio porte",1,0.61,"Cluster 3",4.29,7,"Cluster 3 - Médio porte","Médio porte (>20 mil e <100 mil)"
"986","Jaguaruana","Ceará",31701,13966,"Médio porte",0,0,"Cluster 3",4.29,6,"Cluster 3 - Médio porte","Médio porte (>20 mil e <100 mil)"
"987","Jardim","Ceará",27411,10475,"Médio porte",0,0,"Cluster 3",4.29,4,"Cluster 3 - Médio porte","Médio porte (>20 mil e <100 mil)"
"988","Jati","Ceará",7861,3226,"Menor porte",0,0,"Cluster 3",8.89,3,"Cluster 3 - Menor porte","Menor porte (<20 mil)"
"989","Jijoca de Jericoacoara","Ceará",25555,11764,"Médio porte",4,3.4,"Cluster 3",4.29,5,"Cluster 3 - Médio porte","Médio porte (>20 mil e <100 mil)"
"990","Juazeiro do Norte","Ceará",286120,143125,"Maior porte",66,4.61,"Cluster 3",3.72,53,"Cluster 3 - Maior porte","Maior porte (>100 mil)"
"991","Jucás","Ceará",23922,8099,"Médio porte",0,0,"Cluster 2",5.66,5,"Cluster 2 - Médio porte","Médio porte (>20 mil e <100 mil)"
"992","Lavras da Mangabeira","Ceará",30802,8459,"Médio porte",0,0,"Cluster 2",5.66,5,"Cluster 2 - Médio porte","Médio porte (>20 mil e <100 mil)"
"993","Limoeiro do Norte","Ceará",59560,37251,"Médio porte",15,4.03,"Cluster 3",4.29,16,"Cluster 3 - Médio porte","Médio porte (>20 mil e <100 mil)"
"994","Madalena","Ceará",16896,5433,"Menor porte",0,0,"Cluster 2",16.92,9,"Cluster 2 - Menor porte","Menor porte (<20 mil)"
"995","Maracanaú","Ceará",234509,90082,"Maior porte",53,5.88,"Cluster 3",3.72,34,"Cluster 3 - Maior porte","Maior porte (>100 mil)"
"996","Maranguape","Ceará",105093,33339,"Maior porte",31,9.3,"Cluster 3",3.72,12,"Cluster 3 - Maior porte","Maior porte (>100 mil)"
"997","Marco","Ceará",25799,9351,"Médio porte",0,0,"Cluster 3",4.29,4,"Cluster 3 - Médio porte","Médio porte (>20 mil e <100 mil)"
"998","Martinópole","Ceará",10846,2847,"Menor porte",0,0,"Cluster 2",16.92,5,"Cluster 2 - Menor porte","Menor porte (<20 mil)"
"999","Massapê","Ceará",37697,11751,"Médio porte",15,12.76,"Cluster 2",5.66,7,"Cluster 2 - Médio porte","Médio porte (>20 mil e <100 mil)"
"1000","Mauriti","Ceará",45561,14588,"Médio porte",6,4.11,"Cluster 2",5.66,8,"Cluster 2 - Médio porte","Médio porte (>20 mil e <100 mil)"
"1001","Meruoca","Ceará",15157,5074,"Menor porte",16,31.53,"Cluster 2",16.92,9,"Cluster 2 - Menor porte","Menor porte (<20 mil)"
"1002","Milagres","Ceará",25900,8313,"Médio porte",0,0,"Cluster 2",5.66,5,"Cluster 2 - Médio porte","Médio porte (>20 mil e <100 mil)"
"1003","Milhã","Ceará",14123,5909,"Menor porte",0,0,"Cluster 3",8.89,5,"Cluster 3 - Menor porte","Menor porte (<20 mil)"
"1004","Miraíma","Ceará",14196,2813,"Menor porte",0,0,"Cluster 2",16.92,5,"Cluster 2 - Menor porte","Menor porte (<20 mil)"
"1005","Missão Velha","Ceará",36822,14710,"Médio porte",9,6.12,"Cluster 3",4.29,6,"Cluster 3 - Médio porte","Médio porte (>20 mil e <100 mil)"
"1006","Mombaça","Ceará",37735,14584,"Médio porte",3,2.06,"Cluster 2",5.66,8,"Cluster 2 - Médio porte","Médio porte (>20 mil e <100 mil)"
"1007","Monsenhor Tabosa","Ceará",17149,6564,"Menor porte",0,0,"Cluster 2",16.92,11,"Cluster 2 - Menor porte","Menor porte (<20 mil)"
"1008","Morada Nova","Ceará",61443,30240,"Médio porte",17,5.62,"Cluster 3",4.29,13,"Cluster 3 - Médio porte","Médio porte (>20 mil e <100 mil)"
"1009","Moraújo","Ceará",8254,2549,"Menor porte",0,0,"Cluster 2",16.92,4,"Cluster 2 - Menor porte","Menor porte (<20 mil)"
"1010","Morrinhos","Ceará",22753,6309,"Médio porte",0,0,"Cluster 2",5.66,4,"Cluster 2 - Médio porte","Médio porte (>20 mil e <100 mil)"
"1011","Mucambo","Ceará",13666,5422,"Menor porte",0,0,"Cluster 2",16.92,9,"Cluster 2 - Menor porte","Menor porte (<20 mil)"
"1012","Mulungu","Ceará",10569,2885,"Menor porte",0,0,"Cluster 2",16.92,5,"Cluster 2 - Menor porte","Menor porte (<20 mil)"
"1013","Nova Olinda","Ceará",15399,5080,"Menor porte",3,5.91,"Cluster 2",16.92,9,"Cluster 2 - Menor porte","Menor porte (<20 mil)"
"1014","Nova Russas","Ceará",30699,14269,"Médio porte",0,0,"Cluster 3",4.29,6,"Cluster 3 - Médio porte","Médio porte (>20 mil e <100 mil)"
"1015","Novo Oriente","Ceará",27545,13851,"Médio porte",0,0,"Cluster 3",4.29,6,"Cluster 3 - Médio porte","Médio porte (>20 mil e <100 mil)"
"1016","Ocara","Ceará",24493,8559,"Médio porte",0,0,"Cluster 2",5.66,5,"Cluster 2 - Médio porte","Médio porte (>20 mil e <100 mil)"
"1017","Orós","Ceará",19675,7443,"Médio porte",0,0,"Cluster 3",4.29,3,"Cluster 3 - Médio porte","Médio porte (>20 mil e <100 mil)"
"1018","Pacajus","Ceará",70983,30400,"Médio porte",7,2.3,"Cluster 3",4.29,13,"Cluster 3 - Médio porte","Médio porte (>20 mil e <100 mil)"
"1019","Pacatuba","Ceará",81524,22228,"Médio porte",12,5.4,"Cluster 3",4.29,10,"Cluster 3 - Médio porte","Médio porte (>20 mil e <100 mil)"
"1020","Pacoti","Ceará",11186,3747,"Menor porte",0,0,"Cluster 2",16.92,6,"Cluster 2 - Menor porte","Menor porte (<20 mil)"
"1021","Pacujá","Ceará",6175,2109,"Menor porte",0,0,"Cluster 2",16.92,4,"Cluster 2 - Menor porte","Menor porte (<20 mil)"
"1022","Palhano","Ceará",9346,4515,"Menor porte",0,0,"Cluster 3",8.89,4,"Cluster 3 - Menor porte","Menor porte (<20 mil)"
"1023","Palmácia","Ceará",10242,2373,"Menor porte",0,0,"Cluster 2",16.92,4,"Cluster 2 - Menor porte","Menor porte (<20 mil)"
"1024","Paracuru","Ceará",38980,11973,"Médio porte",4,3.34,"Cluster 3",4.29,5,"Cluster 3 - Médio porte","Médio porte (>20 mil e <100 mil)"
"1025","Paraipaba","Ceará",32216,10996,"Médio porte",0,0,"Cluster 3",4.29,5,"Cluster 3 - Médio porte","Médio porte (>20 mil e <100 mil)"
"1026","Parambu","Ceará",31445,12454,"Médio porte",0,0,"Cluster 2",5.66,7,"Cluster 2 - Médio porte","Médio porte (>20 mil e <100 mil)"
"1027","Paramoti","Ceará",10384,3408,"Menor porte",0,0,"Cluster 2",16.92,6,"Cluster 2 - Menor porte","Menor porte (<20 mil)"
"1028","Pedra Branca","Ceará",40187,17205,"Médio porte",3,1.74,"Cluster 3",4.29,7,"Cluster 3 - Médio porte","Médio porte (>20 mil e <100 mil)"
"1029","Penaforte","Ceará",8972,4118,"Menor porte",0,0,"Cluster 3",8.89,4,"Cluster 3 - Menor porte","Menor porte (<20 mil)"
"1030","Pentecoste","Ceará",37813,15099,"Médio porte",4,2.65,"Cluster 3",4.29,6,"Cluster 3 - Médio porte","Médio porte (>20 mil e <100 mil)"
"1031","Pereiro","Ceará",15501,12349,"Menor porte",0,0,"Cluster 3",8.89,11,"Cluster 3 - Menor porte","Menor porte (<20 mil)"
"1032","Pindoretama","Ceará",23391,7070,"Médio porte",12,16.97,"Cluster 3",4.29,3,"Cluster 3 - Médio porte","Médio porte (>20 mil e <100 mil)"
"1033","Piquet Carneiro","Ceará",16616,4965,"Menor porte",6,12.08,"Cluster 2",16.92,8,"Cluster 2 - Menor porte","Menor porte (<20 mil)"
"1034","Pires Ferreira","Ceará",10606,2694,"Menor porte",0,0,"Cluster 2",16.92,5,"Cluster 2 - Menor porte","Menor porte (<20 mil)"
"1035","Poranga","Ceará",12065,4104,"Menor porte",0,0,"Cluster 2",16.92,7,"Cluster 2 - Menor porte","Menor porte (<20 mil)"
"1036","Porteiras","Ceará",17050,5440,"Menor porte",4,7.35,"Cluster 2",16.92,9,"Cluster 2 - Menor porte","Menor porte (<20 mil)"
"1037","Potengi","Ceará",8833,2701,"Menor porte",0,0,"Cluster 2",16.92,5,"Cluster 2 - Menor porte","Menor porte (<20 mil)"
"1038","Potiretama","Ceará",5974,1990,"Menor porte",4,20.1,"Cluster 2",16.92,3,"Cluster 2 - Menor porte","Menor porte (<20 mil)"
"1039","Quiterianópolis","Ceará",20213,8276,"Médio porte",0,0,"Cluster 2",5.66,5,"Cluster 2 - Médio porte","Médio porte (>20 mil e <100 mil)"
"1040","Quixadá","Ceará",84168,36847,"Médio porte",5,1.36,"Cluster 3",4.29,16,"Cluster 3 - Médio porte","Médio porte (>20 mil e <100 mil)"
"1041","Quixelô","Ceará",15910,6555,"Menor porte",12,18.31,"Cluster 2",16.92,11,"Cluster 2 - Menor porte","Menor porte (<20 mil)"
"1042","Quixeramobim","Ceará",82177,31599,"Médio porte",19,6.01,"Cluster 3",4.29,14,"Cluster 3 - Médio porte","Médio porte (>20 mil e <100 mil)"
"1043","Quixeré","Ceará",20874,11324,"Médio porte",0,0,"Cluster 3",4.29,5,"Cluster 3 - Médio porte","Médio porte (>20 mil e <100 mil)"
"1044","Redenção","Ceará",27214,9209,"Médio porte",12,13.03,"Cluster 3",4.29,4,"Cluster 3 - Médio porte","Médio porte (>20 mil e <100 mil)"
"1045","Reriutaba","Ceará",18606,6880,"Menor porte",2,2.91,"Cluster 2",16.92,12,"Cluster 2 - Menor porte","Menor porte (<20 mil)"
"1046","Russas","Ceará",72928,42485,"Médio porte",11,2.59,"Cluster 3",4.29,18,"Cluster 3 - Médio porte","Médio porte (>20 mil e <100 mil)"
"1047","Saboeiro","Ceará",13854,4277,"Menor porte",0,0,"Cluster 2",16.92,7,"Cluster 2 - Menor porte","Menor porte (<20 mil)"
"1048","Salitre","Ceará",16633,3600,"Menor porte",0,0,"Cluster 2",16.92,6,"Cluster 2 - Menor porte","Menor porte (<20 mil)"
"1049","Santa Quitéria","Ceará",40183,16413,"Médio porte",15,9.14,"Cluster 3",4.29,7,"Cluster 3 - Médio porte","Médio porte (>20 mil e <100 mil)"
"1050","Santana do Acaraú","Ceará",30628,8428,"Médio porte",0,0,"Cluster 2",5.66,5,"Cluster 2 - Médio porte","Médio porte (>20 mil e <100 mil)"
"1051","Santana do Cariri","Ceará",16954,4218,"Menor porte",0,0,"Cluster 2",16.92,7,"Cluster 2 - Menor porte","Menor porte (<20 mil)"
"1052","São Benedito","Ceará",47640,21964,"Médio porte",2,0.91,"Cluster 3",4.29,9,"Cluster 3 - Médio porte","Médio porte (>20 mil e <100 mil)"
"1053","São Gonçalo do Amarante","Ceará",54143,19265,"Médio porte",15,7.79,"Cluster 3",4.29,8,"Cluster 3 - Médio porte","Médio porte (>20 mil e <100 mil)"
"1054","São João do Jaguaribe","Ceará",5855,3722,"Menor porte",0,0,"Cluster 3",8.89,3,"Cluster 3 - Menor porte","Menor porte (<20 mil)"
"1055","São Luís do Curu","Ceará",10822,3557,"Menor porte",1,2.81,"Cluster 2",16.92,6,"Cluster 2 - Menor porte","Menor porte (<20 mil)"
"1056","Senador Pompeu","Ceará",24266,10252,"Médio porte",6,5.85,"Cluster 3",4.29,4,"Cluster 3 - Médio porte","Médio porte (>20 mil e <100 mil)"
"1057","Senador Sá","Ceará",7262,1811,"Menor porte",0,0,"Cluster 2",16.92,3,"Cluster 2 - Menor porte","Menor porte (<20 mil)"
"1058","Sobral","Ceará",203023,109770,"Maior porte",37,3.37,"Cluster 1",3.23,35,"Cluster 1 - Maior porte","Maior porte (>100 mil)"
"1059","Solonópole","Ceará",18179,7467,"Menor porte",2,2.68,"Cluster 2",16.92,13,"Cluster 2 - Menor porte","Menor porte (<20 mil)"
"1060","Tabuleiro do Norte","Ceará",30652,22013,"Médio porte",2,0.91,"Cluster 3",4.29,9,"Cluster 3 - Médio porte","Médio porte (>20 mil e <100 mil)"
"1061","Tamboril","Ceará",24815,9205,"Médio porte",4,4.35,"Cluster 2",5.66,5,"Cluster 2 - Médio porte","Médio porte (>20 mil e <100 mil)"
"1062","Tarrafas","Ceará",7529,2502,"Menor porte",0,0,"Cluster 2",16.92,4,"Cluster 2 - Menor porte","Menor porte (<20 mil)"
"1063","Tauá","Ceará",61227,28739,"Médio porte",11,3.83,"Cluster 3",4.29,12,"Cluster 3 - Médio porte","Médio porte (>20 mil e <100 mil)"
"1064","Tejuçuoca","Ceará",17154,4322,"Menor porte",0,0,"Cluster 2",16.92,7,"Cluster 2 - Menor porte","Menor porte (<20 mil)"
"1065","Tianguá","Ceará",81506,46272,"Médio porte",7,1.51,"Cluster 3",4.29,20,"Cluster 3 - Médio porte","Médio porte (>20 mil e <100 mil)"
"1066","Trairi","Ceará",58415,14977,"Médio porte",8,5.34,"Cluster 2",5.66,8,"Cluster 2 - Médio porte","Médio porte (>20 mil e <100 mil)"
"1067","Tururu","Ceará",15412,4620,"Menor porte",0,0,"Cluster 2",16.92,8,"Cluster 2 - Menor porte","Menor porte (<20 mil)"
"1068","Ubajara","Ceará",32767,14489,"Médio porte",2,1.38,"Cluster 3",4.29,6,"Cluster 3 - Médio porte","Médio porte (>20 mil e <100 mil)"
"1069","Umari","Ceará",6871,1378,"Menor porte",0,0,"Cluster 2",16.92,2,"Cluster 2 - Menor porte","Menor porte (<20 mil)"
"1070","Umirim","Ceará",17470,4164,"Menor porte",3,7.2,"Cluster 2",16.92,7,"Cluster 2 - Menor porte","Menor porte (<20 mil)"
"1071","Uruburetama","Ceará",20189,5917,"Médio porte",0,0,"Cluster 3",4.29,3,"Cluster 3 - Médio porte","Médio porte (>20 mil e <100 mil)"
"1072","Uruoca","Ceará",13746,3972,"Menor porte",0,0,"Cluster 2",16.92,7,"Cluster 2 - Menor porte","Menor porte (<20 mil)"
"1073","Varjota","Ceará",18105,8956,"Menor porte",8,8.93,"Cluster 3",8.89,8,"Cluster 3 - Menor porte","Menor porte (<20 mil)"
"1074","Várzea Alegre","Ceará",38984,18070,"Médio porte",6,3.32,"Cluster 3",4.29,8,"Cluster 3 - Médio porte","Médio porte (>20 mil e <100 mil)"
"1075","Viçosa do Ceará","Ceará",59712,21340,"Médio porte",14,6.56,"Cluster 2",5.66,12,"Cluster 2 - Médio porte","Médio porte (>20 mil e <100 mil)"
"1076","Acari","Rio Grande do Norte",10597,4380,"Menor porte",1,2.28,"Cluster 3",8.89,4,"Cluster 3 - Menor porte","Menor porte (<20 mil)"
"1077","Açu","Rio Grande do Norte",56496,28761,"Médio porte",1,0.35,"Cluster 3",4.29,12,"Cluster 3 - Médio porte","Médio porte (>20 mil e <100 mil)"
"1078","Afonso Bezerra","Rio Grande do Norte",10839,2050,"Menor porte",0,0,"Cluster 2",16.92,3,"Cluster 2 - Menor porte","Menor porte (<20 mil)"
"1079","Água Nova","Rio Grande do Norte",2946,1134,"Menor porte",0,0,"Cluster 2",16.92,2,"Cluster 2 - Menor porte","Menor porte (<20 mil)"
"1080","Alexandria","Rio Grande do Norte",13640,6635,"Menor porte",0,0,"Cluster 3",8.89,6,"Cluster 3 - Menor porte","Menor porte (<20 mil)"
"1081","Almino Afonso","Rio Grande do Norte",4687,1746,"Menor porte",0,0,"Cluster 2",16.92,3,"Cluster 2 - Menor porte","Menor porte (<20 mil)"
"1082","Alto do Rodrigues","Rio Grande do Norte",12484,5732,"Menor porte",0,0,"Cluster 3",8.89,5,"Cluster 3 - Menor porte","Menor porte (<20 mil)"
"1083","Angicos","Rio Grande do Norte",11632,4488,"Menor porte",0,0,"Cluster 2",16.92,8,"Cluster 2 - Menor porte","Menor porte (<20 mil)"
"1084","Antônio Martins","Rio Grande do Norte",6577,2240,"Menor porte",0,0,"Cluster 2",16.92,4,"Cluster 2 - Menor porte","Menor porte (<20 mil)"
"1085","Apodi","Rio Grande do Norte",35897,19100,"Médio porte",1,0.52,"Cluster 3",4.29,8,"Cluster 3 - Médio porte","Médio porte (>20 mil e <100 mil)"
"1086","Areia Branca","Rio Grande do Norte",24093,10306,"Médio porte",3,2.91,"Cluster 3",4.29,4,"Cluster 3 - Médio porte","Médio porte (>20 mil e <100 mil)"
"1087","Arês","Rio Grande do Norte",13251,3391,"Menor porte",0,0,"Cluster 2",16.92,6,"Cluster 2 - Menor porte","Menor porte (<20 mil)"
"1088","Augusto Severo","Rio Grande do Norte",NA,2961,"Menor porte",0,0,"Cluster 2",16.92,5,"Cluster 2 - Menor porte","Menor porte (<20 mil)"
"1089","Baía Formosa","Rio Grande do Norte",8825,2110,"Menor porte",0,0,"Cluster 2",16.92,4,"Cluster 2 - Menor porte","Menor porte (<20 mil)"
"1090","Baraúna","Rio Grande do Norte",26913,10706,"Médio porte",0,0,"Cluster 2",5.66,6,"Cluster 2 - Médio porte","Médio porte (>20 mil e <100 mil)"
"1091","Barcelona","Rio Grande do Norte",3986,890,"Menor porte",0,0,"Cluster 2",16.92,2,"Cluster 2 - Menor porte","Menor porte (<20 mil)"
"1092","Bento Fernandes","Rio Grande do Norte",4807,1401,"Menor porte",0,0,"Cluster 2",16.92,2,"Cluster 2 - Menor porte","Menor porte (<20 mil)"
"1093","Bodó","Rio Grande do Norte",2306,792,"Menor porte",0,0,"Cluster 3",8.89,1,"Cluster 3 - Menor porte","Menor porte (<20 mil)"
"1094","Bom Jesus","Rio Grande do Norte",9952,3108,"Menor porte",0,0,"Cluster 2",16.92,5,"Cluster 2 - Menor porte","Menor porte (<20 mil)"
"1095","Brejinho","Rio Grande do Norte",12202,4101,"Menor porte",0,0,"Cluster 2",16.92,7,"Cluster 2 - Menor porte","Menor porte (<20 mil)"
"1096","Caiçara do Norte","Rio Grande do Norte",6293,1117,"Menor porte",0,0,"Cluster 2",16.92,2,"Cluster 2 - Menor porte","Menor porte (<20 mil)"
"1097","Caiçara do Rio do Vento","Rio Grande do Norte",3268,972,"Menor porte",0,0,"Cluster 2",16.92,2,"Cluster 2 - Menor porte","Menor porte (<20 mil)"
"1098","Caicó","Rio Grande do Norte",61146,51484,"Médio porte",4,0.78,"Cluster 1",2.7,14,"Cluster 1 - Médio porte","Médio porte (>20 mil e <100 mil)"
"1099","Campo Redondo","Rio Grande do Norte",10215,2853,"Menor porte",0,0,"Cluster 2",16.92,5,"Cluster 2 - Menor porte","Menor porte (<20 mil)"
"1100","Canguaretama","Rio Grande do Norte",29668,9628,"Médio porte",6,6.23,"Cluster 2",5.66,5,"Cluster 2 - Médio porte","Médio porte (>20 mil e <100 mil)"
"1101","Caraúbas","Rio Grande do Norte",19614,8276,"Médio porte",0,0,"Cluster 3",4.29,4,"Cluster 3 - Médio porte","Médio porte (>20 mil e <100 mil)"
"1102","Carnaúba dos Dantas","Rio Grande do Norte",7992,3501,"Menor porte",0,0,"Cluster 3",8.89,3,"Cluster 3 - Menor porte","Menor porte (<20 mil)"
"1103","Carnaubais","Rio Grande do Norte",9714,3109,"Menor porte",0,0,"Cluster 2",16.92,5,"Cluster 2 - Menor porte","Menor porte (<20 mil)"
"1104","Ceará-Mirim","Rio Grande do Norte",79115,23687,"Médio porte",8,3.38,"Cluster 2",5.66,13,"Cluster 2 - Médio porte","Médio porte (>20 mil e <100 mil)"
"1105","Cerro Corá","Rio Grande do Norte",11000,3867,"Menor porte",0,0,"Cluster 2",16.92,7,"Cluster 2 - Menor porte","Menor porte (<20 mil)"
"1106","Coronel Ezequiel","Rio Grande do Norte",5117,1339,"Menor porte",0,0,"Cluster 2",16.92,2,"Cluster 2 - Menor porte","Menor porte (<20 mil)"
"1107","Coronel João Pessoa","Rio Grande do Norte",4237,1269,"Menor porte",0,0,"Cluster 2",16.92,2,"Cluster 2 - Menor porte","Menor porte (<20 mil)"
"1108","Cruzeta","Rio Grande do Norte",8005,3031,"Menor porte",0,0,"Cluster 3",8.89,3,"Cluster 3 - Menor porte","Menor porte (<20 mil)"
"1109","Currais Novos","Rio Grande do Norte",41313,25298,"Médio porte",8,3.16,"Cluster 3",4.29,11,"Cluster 3 - Médio porte","Médio porte (>20 mil e <100 mil)"
"1110","Doutor Severiano","Rio Grande do Norte",7044,2142,"Menor porte",0,0,"Cluster 2",16.92,4,"Cluster 2 - Menor porte","Menor porte (<20 mil)"
"1111","Encanto","Rio Grande do Norte",6016,2124,"Menor porte",0,0,"Cluster 2",16.92,4,"Cluster 2 - Menor porte","Menor porte (<20 mil)"
"1112","Equador","Rio Grande do Norte",5360,1968,"Menor porte",0,0,"Cluster 2",16.92,3,"Cluster 2 - Menor porte","Menor porte (<20 mil)"
"1113","Espírito Santo","Rio Grande do Norte",10620,2063,"Menor porte",0,0,"Cluster 2",16.92,3,"Cluster 2 - Menor porte","Menor porte (<20 mil)"
"1114","Extremoz","Rio Grande do Norte",61635,13553,"Médio porte",4,2.95,"Cluster 3",4.29,6,"Cluster 3 - Médio porte","Médio porte (>20 mil e <100 mil)"
"1115","Felipe Guerra","Rio Grande do Norte",6259,2752,"Menor porte",0,0,"Cluster 3",8.89,2,"Cluster 3 - Menor porte","Menor porte (<20 mil)"
"1116","Fernando Pedroza","Rio Grande do Norte",2938,685,"Menor porte",0,0,"Cluster 2",16.92,1,"Cluster 2 - Menor porte","Menor porte (<20 mil)"
"1117","Florânia","Rio Grande do Norte",10196,3054,"Menor porte",0,0,"Cluster 2",16.92,5,"Cluster 2 - Menor porte","Menor porte (<20 mil)"
"1118","Francisco Dantas","Rio Grande do Norte",2700,1211,"Menor porte",0,0,"Cluster 2",16.92,2,"Cluster 2 - Menor porte","Menor porte (<20 mil)"
"1119","Frutuoso Gomes","Rio Grande do Norte",4122,1767,"Menor porte",0,0,"Cluster 2",16.92,3,"Cluster 2 - Menor porte","Menor porte (<20 mil)"
"1120","Galinhos","Rio Grande do Norte",2104,402,"Menor porte",0,0,"Cluster 2",16.92,1,"Cluster 2 - Menor porte","Menor porte (<20 mil)"
"1121","Goianinha","Rio Grande do Norte",26741,9099,"Médio porte",2,2.2,"Cluster 3",4.29,4,"Cluster 3 - Médio porte","Médio porte (>20 mil e <100 mil)"
"1122","Governador Dix-Sept Rosado","Rio Grande do Norte",11932,4806,"Menor porte",0,0,"Cluster 2",16.92,8,"Cluster 2 - Menor porte","Menor porte (<20 mil)"
"1123","Grossos","Rio Grande do Norte",9924,3360,"Menor porte",0,0,"Cluster 2",16.92,6,"Cluster 2 - Menor porte","Menor porte (<20 mil)"
"1124","Guamaré","Rio Grande do Norte",15295,4953,"Menor porte",0,0,"Cluster 3",8.89,4,"Cluster 3 - Menor porte","Menor porte (<20 mil)"
"1125","Ielmo Marinho","Rio Grande do Norte",11615,2539,"Menor porte",0,0,"Cluster 2",16.92,4,"Cluster 2 - Menor porte","Menor porte (<20 mil)"
"1126","Ipanguaçu","Rio Grande do Norte",14131,4663,"Menor porte",0,0,"Cluster 2",16.92,8,"Cluster 2 - Menor porte","Menor porte (<20 mil)"
"1127","Ipueira","Rio Grande do Norte",2035,796,"Menor porte",0,0,"Cluster 3",8.89,1,"Cluster 3 - Menor porte","Menor porte (<20 mil)"
"1128","Itajá","Rio Grande do Norte",7292,2741,"Menor porte",2,7.3,"Cluster 2",16.92,5,"Cluster 2 - Menor porte","Menor porte (<20 mil)"
"1129","Itaú","Rio Grande do Norte",5320,2082,"Menor porte",0,0,"Cluster 2",16.92,4,"Cluster 2 - Menor porte","Menor porte (<20 mil)"
"1130","Jaçanã","Rio Grande do Norte",7834,7050,"Menor porte",0,0,"Cluster 3",8.89,6,"Cluster 3 - Menor porte","Menor porte (<20 mil)"
"1131","Jandaíra","Rio Grande do Norte",6562,1754,"Menor porte",1,5.7,"Cluster 2",16.92,3,"Cluster 2 - Menor porte","Menor porte (<20 mil)"
"1132","Janduís","Rio Grande do Norte",4746,1444,"Menor porte",0,0,"Cluster 2",16.92,2,"Cluster 2 - Menor porte","Menor porte (<20 mil)"
"1133","Januário Cicco","Rio Grande do Norte",8591,2422,"Menor porte",0,0,"Cluster 2",16.92,4,"Cluster 2 - Menor porte","Menor porte (<20 mil)"
"1134","Japi","Rio Grande do Norte",5117,1382,"Menor porte",0,0,"Cluster 2",16.92,2,"Cluster 2 - Menor porte","Menor porte (<20 mil)"
"1135","Jardim de Angicos","Rio Grande do Norte",2437,657,"Menor porte",0,0,"Cluster 2",16.92,1,"Cluster 2 - Menor porte","Menor porte (<20 mil)"
"1136","Jardim de Piranhas","Rio Grande do Norte",13977,5742,"Menor porte",0,0,"Cluster 2",16.92,10,"Cluster 2 - Menor porte","Menor porte (<20 mil)"
"1137","Jardim do Seridó","Rio Grande do Norte",11655,6451,"Menor porte",1,1.55,"Cluster 3",8.89,6,"Cluster 3 - Menor porte","Menor porte (<20 mil)"
"1138","João Câmara","Rio Grande do Norte",33290,14609,"Médio porte",5,3.42,"Cluster 3",4.29,6,"Cluster 3 - Médio porte","Médio porte (>20 mil e <100 mil)"
"1139","João Dias","Rio Grande do Norte",2076,596,"Menor porte",0,0,"Cluster 2",16.92,1,"Cluster 2 - Menor porte","Menor porte (<20 mil)"
"1140","José da Penha","Rio Grande do Norte",5803,2445,"Menor porte",0,0,"Cluster 2",16.92,4,"Cluster 2 - Menor porte","Menor porte (<20 mil)"
"1141","Jucurutu","Rio Grande do Norte",17793,7921,"Menor porte",0,0,"Cluster 2",16.92,13,"Cluster 2 - Menor porte","Menor porte (<20 mil)"
"1142","Jundiá","Rio Grande do Norte",3739,1018,"Menor porte",0,0,"Cluster 2",16.92,2,"Cluster 2 - Menor porte","Menor porte (<20 mil)"
"1143","Lagoa d'Anta","Rio Grande do Norte",6513,1686,"Menor porte",0,0,"Cluster 2",16.92,3,"Cluster 2 - Menor porte","Menor porte (<20 mil)"
"1144","Lagoa de Pedras","Rio Grande do Norte",7338,1944,"Menor porte",0,0,"Cluster 2",16.92,3,"Cluster 2 - Menor porte","Menor porte (<20 mil)"
"1145","Lagoa de Velhos","Rio Grande do Norte",2567,856,"Menor porte",0,0,"Cluster 2",16.92,1,"Cluster 2 - Menor porte","Menor porte (<20 mil)"
"1146","Lagoa Nova","Rio Grande do Norte",15573,5682,"Menor porte",0,0,"Cluster 2",16.92,10,"Cluster 2 - Menor porte","Menor porte (<20 mil)"
"1147","Lagoa Salgada","Rio Grande do Norte",8319,2928,"Menor porte",0,0,"Cluster 2",16.92,5,"Cluster 2 - Menor porte","Menor porte (<20 mil)"
"1148","Lajes","Rio Grande do Norte",9866,2925,"Menor porte",0,0,"Cluster 2",16.92,5,"Cluster 2 - Menor porte","Menor porte (<20 mil)"
"1149","Lajes Pintadas","Rio Grande do Norte",4787,1589,"Menor porte",0,0,"Cluster 2",16.92,3,"Cluster 2 - Menor porte","Menor porte (<20 mil)"
"1150","Lucrécia","Rio Grande do Norte",3490,1385,"Menor porte",0,0,"Cluster 2",16.92,2,"Cluster 2 - Menor porte","Menor porte (<20 mil)"
"1151","Luís Gomes","Rio Grande do Norte",9070,3285,"Menor porte",0,0,"Cluster 2",16.92,6,"Cluster 2 - Menor porte","Menor porte (<20 mil)"
"1152","Macaíba","Rio Grande do Norte",82249,30364,"Médio porte",6,1.98,"Cluster 3",4.29,13,"Cluster 3 - Médio porte","Médio porte (>20 mil e <100 mil)"
"1153","Macau","Rio Grande do Norte",27369,9802,"Médio porte",0,0,"Cluster 3",4.29,4,"Cluster 3 - Médio porte","Médio porte (>20 mil e <100 mil)"
"1154","Major Sales","Rio Grande do Norte",3924,1124,"Menor porte",0,0,"Cluster 2",16.92,2,"Cluster 2 - Menor porte","Menor porte (<20 mil)"
"1155","Marcelino Vieira","Rio Grande do Norte",7896,2452,"Menor porte",0,0,"Cluster 2",16.92,4,"Cluster 2 - Menor porte","Menor porte (<20 mil)"
"1156","Martins","Rio Grande do Norte",8179,3366,"Menor porte",0,0,"Cluster 2",16.92,6,"Cluster 2 - Menor porte","Menor porte (<20 mil)"
"1157","Maxaranguape","Rio Grande do Norte",10255,2377,"Menor porte",2,8.41,"Cluster 2",16.92,4,"Cluster 2 - Menor porte","Menor porte (<20 mil)"
"1158","Messias Targino","Rio Grande do Norte",4274,1632,"Menor porte",0,0,"Cluster 3",8.89,1,"Cluster 3 - Menor porte","Menor porte (<20 mil)"
"1159","Montanhas","Rio Grande do Norte",11444,3508,"Menor porte",0,0,"Cluster 2",16.92,6,"Cluster 2 - Menor porte","Menor porte (<20 mil)"
"1160","Monte Alegre","Rio Grande do Norte",23031,6283,"Médio porte",0,0,"Cluster 2",5.66,4,"Cluster 2 - Médio porte","Médio porte (>20 mil e <100 mil)"
"1161","Monte das Gameleiras","Rio Grande do Norte",2276,604,"Menor porte",0,0,"Cluster 2",16.92,1,"Cluster 2 - Menor porte","Menor porte (<20 mil)"
"1162","Mossoró","Rio Grande do Norte",264577,198977,"Maior porte",43,2.16,"Cluster 1",3.23,64,"Cluster 1 - Maior porte","Maior porte (>100 mil)"
"1163","Natal","Rio Grande do Norte",751300,452626,"Maior porte",100,2.21,"Cluster 1",3.23,146,"Cluster 1 - Maior porte","Maior porte (>100 mil)"
"1164","Nísia Floresta","Rio Grande do Norte",31942,7938,"Médio porte",0,0,"Cluster 2",5.66,4,"Cluster 2 - Médio porte","Médio porte (>20 mil e <100 mil)"
"1165","Nova Cruz","Rio Grande do Norte",34204,15661,"Médio porte",0,0,"Cluster 3",4.29,7,"Cluster 3 - Médio porte","Médio porte (>20 mil e <100 mil)"
"1166","Olho d'Água do Borges","Rio Grande do Norte",3905,1400,"Menor porte",0,0,"Cluster 2",16.92,2,"Cluster 2 - Menor porte","Menor porte (<20 mil)"
"1167","Ouro Branco","Rio Grande do Norte",4913,1681,"Menor porte",0,0,"Cluster 2",16.92,3,"Cluster 2 - Menor porte","Menor porte (<20 mil)"
"1168","Paraná","Rio Grande do Norte",3934,1258,"Menor porte",0,0,"Cluster 2",16.92,2,"Cluster 2 - Menor porte","Menor porte (<20 mil)"
"1169","Paraú","Rio Grande do Norte",3579,1194,"Menor porte",0,0,"Cluster 2",16.92,2,"Cluster 2 - Menor porte","Menor porte (<20 mil)"
"1170","Parazinho","Rio Grande do Norte",4801,1210,"Menor porte",0,0,"Cluster 2",16.92,2,"Cluster 2 - Menor porte","Menor porte (<20 mil)"
"1171","Parelhas","Rio Grande do Norte",21499,11957,"Médio porte",0,0,"Cluster 3",4.29,5,"Cluster 3 - Médio porte","Médio porte (>20 mil e <100 mil)"
"1172","Parnamirim","Rio Grande do Norte",252716,129472,"Maior porte",15,1.16,"Cluster 1",3.23,42,"Cluster 1 - Maior porte","Maior porte (>100 mil)"
"1173","Passa e Fica","Rio Grande do Norte",11102,4430,"Menor porte",0,0,"Cluster 2",16.92,7,"Cluster 2 - Menor porte","Menor porte (<20 mil)"
"1174","Passagem","Rio Grande do Norte",3115,901,"Menor porte",0,0,"Cluster 2",16.92,2,"Cluster 2 - Menor porte","Menor porte (<20 mil)"
"1175","Patu","Rio Grande do Norte",11007,6478,"Menor porte",0,0,"Cluster 3",8.89,6,"Cluster 3 - Menor porte","Menor porte (<20 mil)"
"1176","Pau dos Ferros","Rio Grande do Norte",30479,25458,"Médio porte",9,3.54,"Cluster 1",2.7,7,"Cluster 1 - Médio porte","Médio porte (>20 mil e <100 mil)"
"1177","Pedra Grande","Rio Grande do Norte",3618,929,"Menor porte",0,0,"Cluster 2",16.92,2,"Cluster 2 - Menor porte","Menor porte (<20 mil)"
"1178","Pedra Preta","Rio Grande do Norte",2441,735,"Menor porte",0,0,"Cluster 2",16.92,1,"Cluster 2 - Menor porte","Menor porte (<20 mil)"
"1179","Pedro Avelino","Rio Grande do Norte",6242,1379,"Menor porte",0,0,"Cluster 2",16.92,2,"Cluster 2 - Menor porte","Menor porte (<20 mil)"
"1180","Pedro Velho","Rio Grande do Norte",13824,3809,"Menor porte",0,0,"Cluster 2",16.92,6,"Cluster 2 - Menor porte","Menor porte (<20 mil)"
"1181","Pendências","Rio Grande do Norte",12278,3914,"Menor porte",0,0,"Cluster 2",16.92,7,"Cluster 2 - Menor porte","Menor porte (<20 mil)"
"1182","Pilões","Rio Grande do Norte",2965,1033,"Menor porte",0,0,"Cluster 2",16.92,2,"Cluster 2 - Menor porte","Menor porte (<20 mil)"
"1183","Poço Branco","Rio Grande do Norte",12390,3059,"Menor porte",0,0,"Cluster 2",16.92,5,"Cluster 2 - Menor porte","Menor porte (<20 mil)"
"1184","Portalegre","Rio Grande do Norte",7601,3178,"Menor porte",0,0,"Cluster 2",16.92,5,"Cluster 2 - Menor porte","Menor porte (<20 mil)"
"1185","Porto do Mangue","Rio Grande do Norte",5228,1239,"Menor porte",0,0,"Cluster 2",16.92,2,"Cluster 2 - Menor porte","Menor porte (<20 mil)"
"1186","Pureza","Rio Grande do Norte",9362,2258,"Menor porte",0,0,"Cluster 2",16.92,4,"Cluster 2 - Menor porte","Menor porte (<20 mil)"
"1187","Rafael Fernandes","Rio Grande do Norte",5432,2640,"Menor porte",0,0,"Cluster 3",8.89,2,"Cluster 3 - Menor porte","Menor porte (<20 mil)"
"1188","Rafael Godeiro","Rio Grande do Norte",2934,936,"Menor porte",0,0,"Cluster 2",16.92,2,"Cluster 2 - Menor porte","Menor porte (<20 mil)"
"1189","Riacho da Cruz","Rio Grande do Norte",2701,915,"Menor porte",0,0,"Cluster 2",16.92,2,"Cluster 2 - Menor porte","Menor porte (<20 mil)"
"1190","Riacho de Santana","Rio Grande do Norte",4127,1467,"Menor porte",0,0,"Cluster 2",16.92,2,"Cluster 2 - Menor porte","Menor porte (<20 mil)"
"1191","Riachuelo","Rio Grande do Norte",7389,1848,"Menor porte",0,0,"Cluster 2",16.92,3,"Cluster 2 - Menor porte","Menor porte (<20 mil)"
"1192","Rio do Fogo","Rio Grande do Norte",10351,2343,"Menor porte",0,0,"Cluster 2",16.92,4,"Cluster 2 - Menor porte","Menor porte (<20 mil)"
"1193","Rodolfo Fernandes","Rio Grande do Norte",4242,1950,"Menor porte",0,0,"Cluster 2",16.92,3,"Cluster 2 - Menor porte","Menor porte (<20 mil)"
"1194","Ruy Barbosa","Rio Grande do Norte",3206,791,"Menor porte",0,0,"Cluster 2",16.92,1,"Cluster 2 - Menor porte","Menor porte (<20 mil)"
"1195","Santa Cruz","Rio Grande do Norte",37313,20939,"Médio porte",4,1.91,"Cluster 3",4.29,9,"Cluster 3 - Médio porte","Médio porte (>20 mil e <100 mil)"
"1196","Santa Maria","Rio Grande do Norte",4847,1566,"Menor porte",0,0,"Cluster 2",16.92,3,"Cluster 2 - Menor porte","Menor porte (<20 mil)"
"1197","Santana do Matos","Rio Grande do Norte",12456,3704,"Menor porte",0,0,"Cluster 2",16.92,6,"Cluster 2 - Menor porte","Menor porte (<20 mil)"
"1198","Santana do Seridó","Rio Grande do Norte",2696,932,"Menor porte",0,0,"Cluster 2",16.92,2,"Cluster 2 - Menor porte","Menor porte (<20 mil)"
"1199","Santo Antônio","Rio Grande do Norte",22177,8287,"Médio porte",0,0,"Cluster 3",4.29,4,"Cluster 3 - Médio porte","Médio porte (>20 mil e <100 mil)"
"1200","São Bento do Norte","Rio Grande do Norte",3304,873,"Menor porte",0,0,"Cluster 3",8.89,1,"Cluster 3 - Menor porte","Menor porte (<20 mil)"
"1201","São Bento do Trairí","Rio Grande do Norte",3792,1143,"Menor porte",0,0,"Cluster 2",16.92,2,"Cluster 2 - Menor porte","Menor porte (<20 mil)"
"1202","São Fernando","Rio Grande do Norte",3492,1143,"Menor porte",0,0,"Cluster 2",16.92,2,"Cluster 2 - Menor porte","Menor porte (<20 mil)"
"1203","São Francisco do Oeste","Rio Grande do Norte",4161,1874,"Menor porte",0,0,"Cluster 3",8.89,2,"Cluster 3 - Menor porte","Menor porte (<20 mil)"
"1204","São Gonçalo do Amarante","Rio Grande do Norte",115838,34143,"Maior porte",5,1.46,"Cluster 3",3.72,13,"Cluster 3 - Maior porte","Maior porte (>100 mil)"
"1205","São João do Sabugi","Rio Grande do Norte",5956,2235,"Menor porte",0,0,"Cluster 3",8.89,2,"Cluster 3 - Menor porte","Menor porte (<20 mil)"
"1206","São José de Mipibu","Rio Grande do Norte",47286,16515,"Médio porte",9,5.45,"Cluster 3",4.29,7,"Cluster 3 - Médio porte","Médio porte (>20 mil e <100 mil)"
"1207","São José do Campestre","Rio Grande do Norte",11121,2416,"Menor porte",0,0,"Cluster 2",16.92,4,"Cluster 2 - Menor porte","Menor porte (<20 mil)"
"1208","São José do Seridó","Rio Grande do Norte",4558,1651,"Menor porte",0,0,"Cluster 3",8.89,1,"Cluster 3 - Menor porte","Menor porte (<20 mil)"
"1209","São Miguel","Rio Grande do Norte",23537,14022,"Médio porte",0,0,"Cluster 3",4.29,6,"Cluster 3 - Médio porte","Médio porte (>20 mil e <100 mil)"
"1210","São Miguel do Gostoso","Rio Grande do Norte",10221,2913,"Menor porte",0,0,"Cluster 2",16.92,5,"Cluster 2 - Menor porte","Menor porte (<20 mil)"
"1211","São Paulo do Potengi","Rio Grande do Norte",16786,5870,"Menor porte",0,0,"Cluster 2",16.92,10,"Cluster 2 - Menor porte","Menor porte (<20 mil)"
"1212","São Pedro","Rio Grande do Norte",5776,1605,"Menor porte",0,0,"Cluster 2",16.92,3,"Cluster 2 - Menor porte","Menor porte (<20 mil)"
"1213","São Rafael","Rio Grande do Norte",7711,2471,"Menor porte",0,0,"Cluster 2",16.92,4,"Cluster 2 - Menor porte","Menor porte (<20 mil)"
"1214","São Tomé","Rio Grande do Norte",9972,2359,"Menor porte",0,0,"Cluster 2",16.92,4,"Cluster 2 - Menor porte","Menor porte (<20 mil)"
"1215","São Vicente","Rio Grande do Norte",6310,2301,"Menor porte",0,0,"Cluster 2",16.92,4,"Cluster 2 - Menor porte","Menor porte (<20 mil)"
"1216","Senador Elói de Souza","Rio Grande do Norte",5807,1607,"Menor porte",0,0,"Cluster 2",16.92,3,"Cluster 2 - Menor porte","Menor porte (<20 mil)"
"1217","Senador Georgino Avelino","Rio Grande do Norte",4065,950,"Menor porte",0,0,"Cluster 2",16.92,2,"Cluster 2 - Menor porte","Menor porte (<20 mil)"
"1218","Serra Caiada","Rio Grande do Norte",10743,2299,"Menor porte",0,0,"Cluster 2",16.92,4,"Cluster 2 - Menor porte","Menor porte (<20 mil)"
"1219","Serra de São Bento","Rio Grande do Norte",5703,1399,"Menor porte",0,0,"Cluster 2",16.92,2,"Cluster 2 - Menor porte","Menor porte (<20 mil)"
"1220","Serra do Mel","Rio Grande do Norte",13091,4525,"Menor porte",0,0,"Cluster 2",16.92,8,"Cluster 2 - Menor porte","Menor porte (<20 mil)"
"1221","Serra Negra do Norte","Rio Grande do Norte",7597,2606,"Menor porte",0,0,"Cluster 2",16.92,4,"Cluster 2 - Menor porte","Menor porte (<20 mil)"
"1222","Serrinha","Rio Grande do Norte",6436,2225,"Menor porte",0,0,"Cluster 2",16.92,4,"Cluster 2 - Menor porte","Menor porte (<20 mil)"
"1223","Serrinha dos Pintos","Rio Grande do Norte",4659,1976,"Menor porte",0,0,"Cluster 2",16.92,3,"Cluster 2 - Menor porte","Menor porte (<20 mil)"
"1224","Severiano Melo","Rio Grande do Norte",5487,2776,"Menor porte",0,0,"Cluster 1",8.51,2,"Cluster 1 - Menor porte","Menor porte (<20 mil)"
"1225","Sítio Novo","Rio Grande do Norte",4654,1046,"Menor porte",0,0,"Cluster 2",16.92,2,"Cluster 2 - Menor porte","Menor porte (<20 mil)"
"1226","Taboleiro Grande","Rio Grande do Norte",2338,841,"Menor porte",0,0,"Cluster 2",16.92,1,"Cluster 2 - Menor porte","Menor porte (<20 mil)"
"1227","Taipu","Rio Grande do Norte",11422,2683,"Menor porte",0,0,"Cluster 2",16.92,5,"Cluster 2 - Menor porte","Menor porte (<20 mil)"
"1228","Tangará","Rio Grande do Norte",13281,4734,"Menor porte",1,2.11,"Cluster 2",16.92,8,"Cluster 2 - Menor porte","Menor porte (<20 mil)"
"1229","Tenente Ananias","Rio Grande do Norte",10262,3925,"Menor porte",0,0,"Cluster 2",16.92,7,"Cluster 2 - Menor porte","Menor porte (<20 mil)"
"1230","Tenente Laurentino Cruz","Rio Grande do Norte",5891,2156,"Menor porte",0,0,"Cluster 2",16.92,4,"Cluster 2 - Menor porte","Menor porte (<20 mil)"
"1231","Tibau","Rio Grande do Norte",5382,2051,"Menor porte",0,0,"Cluster 3",8.89,2,"Cluster 3 - Menor porte","Menor porte (<20 mil)"
"1232","Tibau do Sul","Rio Grande do Norte",16929,5232,"Menor porte",0,0,"Cluster 3",8.89,5,"Cluster 3 - Menor porte","Menor porte (<20 mil)"
"1233","Timbaúba dos Batistas","Rio Grande do Norte",2348,746,"Menor porte",0,0,"Cluster 2",16.92,1,"Cluster 2 - Menor porte","Menor porte (<20 mil)"
"1234","Touros","Rio Grande do Norte",33035,9003,"Médio porte",0,0,"Cluster 2",5.66,5,"Cluster 2 - Médio porte","Médio porte (>20 mil e <100 mil)"
"1235","Triunfo Potiguar","Rio Grande do Norte",3376,997,"Menor porte",0,0,"Cluster 2",16.92,2,"Cluster 2 - Menor porte","Menor porte (<20 mil)"
"1236","Umarizal","Rio Grande do Norte",10078,4167,"Menor porte",0,0,"Cluster 2",16.92,7,"Cluster 2 - Menor porte","Menor porte (<20 mil)"
"1237","Upanema","Rio Grande do Norte",13577,4539,"Menor porte",0,0,"Cluster 2",16.92,8,"Cluster 2 - Menor porte","Menor porte (<20 mil)"
"1238","Várzea","Rio Grande do Norte",5233,1304,"Menor porte",0,0,"Cluster 2",16.92,2,"Cluster 2 - Menor porte","Menor porte (<20 mil)"
"1239","Venha-Ver","Rio Grande do Norte",3014,944,"Menor porte",0,0,"Cluster 2",16.92,2,"Cluster 2 - Menor porte","Menor porte (<20 mil)"
"1240","Vera Cruz","Rio Grande do Norte",10735,4335,"Menor porte",0,0,"Cluster 2",16.92,7,"Cluster 2 - Menor porte","Menor porte (<20 mil)"
"1241","Viçosa","Rio Grande do Norte",1822,552,"Menor porte",0,0,"Cluster 2",16.92,1,"Cluster 2 - Menor porte","Menor porte (<20 mil)"
"1242","Vila Flor","Rio Grande do Norte",3174,914,"Menor porte",0,0,"Cluster 2",16.92,2,"Cluster 2 - Menor porte","Menor porte (<20 mil)"
"1243","Água Branca","Paraíba",9335,1261,"Menor porte",0,0,"Cluster 2",16.92,2,"Cluster 2 - Menor porte","Menor porte (<20 mil)"
"1244","Aguiar","Paraíba",5003,1517,"Menor porte",0,0,"Cluster 2",16.92,3,"Cluster 2 - Menor porte","Menor porte (<20 mil)"
"1245","Alagoa Grande","Paraíba",26062,7481,"Médio porte",0,0,"Cluster 2",5.66,4,"Cluster 2 - Médio porte","Médio porte (>20 mil e <100 mil)"
"1246","Alagoa Nova","Paraíba",21013,5795,"Médio porte",0,0,"Cluster 2",5.66,3,"Cluster 2 - Médio porte","Médio porte (>20 mil e <100 mil)"
"1247","Alagoinha","Paraíba",13725,3830,"Menor porte",0,0,"Cluster 2",16.92,6,"Cluster 2 - Menor porte","Menor porte (<20 mil)"
"1248","Alcantil","Paraíba",5578,1004,"Menor porte",0,0,"Cluster 2",16.92,2,"Cluster 2 - Menor porte","Menor porte (<20 mil)"
"1249","Algodão de Jandaíra","Paraíba",2953,530,"Menor porte",0,0,"Cluster 2",16.92,1,"Cluster 2 - Menor porte","Menor porte (<20 mil)"
"1250","Alhandra","Paraíba",21730,7439,"Menor porte",3,4.03,"Cluster 3",8.89,7,"Cluster 3 - Menor porte","Menor porte (<20 mil)"
"1251","Amparo","Paraíba",2234,457,"Menor porte",0,0,"Cluster 2",16.92,1,"Cluster 2 - Menor porte","Menor porte (<20 mil)"
"1252","Aparecida","Paraíba",7960,2484,"Menor porte",6,24.15,"Cluster 2",16.92,4,"Cluster 2 - Menor porte","Menor porte (<20 mil)"
"1253","Araçagi","Paraíba",16646,5757,"Menor porte",0,0,"Cluster 2",16.92,10,"Cluster 2 - Menor porte","Menor porte (<20 mil)"
"1254","Arara","Paraíba",12212,2628,"Menor porte",0,0,"Cluster 2",16.92,4,"Cluster 2 - Menor porte","Menor porte (<20 mil)"
"1255","Araruna","Paraíba",17189,4816,"Médio porte",0,0,"Cluster 2",5.66,3,"Cluster 2 - Médio porte","Médio porte (>20 mil e <100 mil)"
"1256","Areia","Paraíba",22633,6864,"Médio porte",0,0,"Cluster 2",5.66,4,"Cluster 2 - Médio porte","Médio porte (>20 mil e <100 mil)"
"1257","Areia de Baraúnas","Paraíba",2005,360,"Menor porte",0,0,"Cluster 2",16.92,1,"Cluster 2 - Menor porte","Menor porte (<20 mil)"
"1258","Areial","Paraíba",7128,1627,"Menor porte",0,0,"Cluster 2",16.92,3,"Cluster 2 - Menor porte","Menor porte (<20 mil)"
"1259","Aroeiras","Paraíba",18705,3367,"Menor porte",0,0,"Cluster 2",16.92,6,"Cluster 2 - Menor porte","Menor porte (<20 mil)"
"1260","Assunção","Paraíba",4152,718,"Menor porte",0,0,"Cluster 2",16.92,1,"Cluster 2 - Menor porte","Menor porte (<20 mil)"
"1261","Baía da Traição","Paraíba",9224,1980,"Menor porte",0,0,"Cluster 2",16.92,3,"Cluster 2 - Menor porte","Menor porte (<20 mil)"
"1262","Bananeiras","Paraíba",23134,6513,"Médio porte",0,0,"Cluster 2",5.66,4,"Cluster 2 - Médio porte","Médio porte (>20 mil e <100 mil)"
"1263","Baraúna","Paraíba",4762,834,"Menor porte",0,0,"Cluster 2",16.92,1,"Cluster 2 - Menor porte","Menor porte (<20 mil)"
"1264","Barra de Santa Rosa","Paraíba",12904,2944,"Menor porte",0,0,"Cluster 2",16.92,5,"Cluster 2 - Menor porte","Menor porte (<20 mil)"
"1265","Barra de Santana","Paraíba",8059,1610,"Menor porte",0,0,"Cluster 2",16.92,3,"Cluster 2 - Menor porte","Menor porte (<20 mil)"
"1266","Barra de São Miguel","Paraíba",5906,861,"Menor porte",0,0,"Cluster 2",16.92,1,"Cluster 2 - Menor porte","Menor porte (<20 mil)"
"1267","Bayeux","Paraíba",82742,35583,"Médio porte",11,3.09,"Cluster 3",4.29,15,"Cluster 3 - Médio porte","Médio porte (>20 mil e <100 mil)"
"1268","Belém","Paraíba",16401,4880,"Menor porte",0,0,"Cluster 2",16.92,8,"Cluster 2 - Menor porte","Menor porte (<20 mil)"
"1269","Belém do Brejo do Cruz","Paraíba",6268,1339,"Menor porte",0,0,"Cluster 2",16.92,2,"Cluster 2 - Menor porte","Menor porte (<20 mil)"
"1270","Bernardino Batista","Paraíba",3504,550,"Menor porte",0,0,"Cluster 2",16.92,1,"Cluster 2 - Menor porte","Menor porte (<20 mil)"
"1271","Boa Ventura","Paraíba",5207,1392,"Menor porte",0,0,"Cluster 2",16.92,2,"Cluster 2 - Menor porte","Menor porte (<20 mil)"
"1272","Boa Vista","Paraíba",6377,2257,"Menor porte",0,0,"Cluster 3",8.89,2,"Cluster 3 - Menor porte","Menor porte (<20 mil)"
"1273","Bom Jesus","Paraíba",2286,647,"Menor porte",0,0,"Cluster 2",16.92,1,"Cluster 2 - Menor porte","Menor porte (<20 mil)"
"1274","Bom Sucesso","Paraíba",4661,1514,"Menor porte",0,0,"Cluster 2",16.92,3,"Cluster 2 - Menor porte","Menor porte (<20 mil)"
"1275","Bonito de Santa Fé","Paraíba",10252,2714,"Menor porte",0,0,"Cluster 2",16.92,5,"Cluster 2 - Menor porte","Menor porte (<20 mil)"
"1276","Boqueirão","Paraíba",17598,5900,"Menor porte",0,0,"Cluster 2",16.92,10,"Cluster 2 - Menor porte","Menor porte (<20 mil)"
"1277","Borborema","Paraíba",4214,1158,"Menor porte",0,0,"Cluster 2",16.92,2,"Cluster 2 - Menor porte","Menor porte (<20 mil)"
"1278","Brejo do Cruz","Paraíba",13613,4805,"Menor porte",0,0,"Cluster 2",16.92,8,"Cluster 2 - Menor porte","Menor porte (<20 mil)"
"1279","Brejo dos Santos","Paraíba",5742,1831,"Menor porte",0,0,"Cluster 2",16.92,3,"Cluster 2 - Menor porte","Menor porte (<20 mil)"
"1280","Caaporã","Paraíba",21193,4927,"Médio porte",3,6.09,"Cluster 2",5.66,3,"Cluster 2 - Médio porte","Médio porte (>20 mil e <100 mil)"
"1281","Cabaceiras","Paraíba",5335,1592,"Menor porte",0,0,"Cluster 2",16.92,3,"Cluster 2 - Menor porte","Menor porte (<20 mil)"
"1282","Cabedelo","Paraíba",66519,30445,"Médio porte",13,4.27,"Cluster 3",4.29,13,"Cluster 3 - Médio porte","Médio porte (>20 mil e <100 mil)"
"1283","Cachoeira dos Índios","Paraíba",9151,2600,"Menor porte",2,7.69,"Cluster 2",16.92,4,"Cluster 2 - Menor porte","Menor porte (<20 mil)"
"1284","Cacimba de Areia","Paraíba",3291,900,"Menor porte",0,0,"Cluster 2",16.92,2,"Cluster 2 - Menor porte","Menor porte (<20 mil)"
"1285","Cacimba de Dentro","Paraíba",16064,3295,"Menor porte",0,0,"Cluster 2",16.92,6,"Cluster 2 - Menor porte","Menor porte (<20 mil)"
"1286","Cacimbas","Paraíba",7223,1406,"Menor porte",0,0,"Cluster 2",16.92,2,"Cluster 2 - Menor porte","Menor porte (<20 mil)"
"1287","Caiçara","Paraíba",6602,1651,"Menor porte",0,0,"Cluster 2",16.92,3,"Cluster 2 - Menor porte","Menor porte (<20 mil)"
"1288","Cajazeiras","Paraíba",63239,37986,"Médio porte",9,2.37,"Cluster 3",4.29,16,"Cluster 3 - Médio porte","Médio porte (>20 mil e <100 mil)"
"1289","Cajazeirinhas","Paraíba",2740,802,"Menor porte",0,0,"Cluster 2",16.92,1,"Cluster 2 - Menor porte","Menor porte (<20 mil)"
"1290","Caldas Brandão","Paraíba",5753,1869,"Menor porte",4,21.4,"Cluster 2",16.92,3,"Cluster 2 - Menor porte","Menor porte (<20 mil)"
"1291","Camalaú","Paraíba",6085,1221,"Menor porte",0,0,"Cluster 2",16.92,2,"Cluster 2 - Menor porte","Menor porte (<20 mil)"
"1292","Campina Grande","Paraíba",419379,215755,"Maior porte",70,3.24,"Cluster 1",3.23,70,"Cluster 1 - Maior porte","Maior porte (>100 mil)"
"1293","Capim","Paraíba",6970,1563,"Menor porte",0,0,"Cluster 2",16.92,3,"Cluster 2 - Menor porte","Menor porte (<20 mil)"
"1294","Caraúbas","Paraíba",3944,630,"Menor porte",0,0,"Cluster 2",16.92,1,"Cluster 2 - Menor porte","Menor porte (<20 mil)"
"1295","Carrapateira","Paraíba",2312,726,"Menor porte",0,0,"Cluster 2",16.92,1,"Cluster 2 - Menor porte","Menor porte (<20 mil)"
"1296","Casserengue","Paraíba",6889,1283,"Menor porte",0,0,"Cluster 2",16.92,2,"Cluster 2 - Menor porte","Menor porte (<20 mil)"
"1297","Catingueira","Paraíba",4491,940,"Menor porte",4,42.55,"Cluster 2",16.92,2,"Cluster 2 - Menor porte","Menor porte (<20 mil)"
"1298","Catolé do Rocha","Paraíba",30661,16496,"Médio porte",0,0,"Cluster 3",4.29,7,"Cluster 3 - Médio porte","Médio porte (>20 mil e <100 mil)"
"1299","Caturité","Paraíba",5254,1719,"Menor porte",0,0,"Cluster 2",16.92,3,"Cluster 2 - Menor porte","Menor porte (<20 mil)"
"1300","Conceição","Paraíba",18260,6047,"Menor porte",0,0,"Cluster 2",16.92,10,"Cluster 2 - Menor porte","Menor porte (<20 mil)"
"1301","Condado","Paraíba",6451,1908,"Menor porte",9,47.17,"Cluster 2",16.92,3,"Cluster 2 - Menor porte","Menor porte (<20 mil)"
"1302","Conde","Paraíba",27605,8819,"Médio porte",0,0,"Cluster 3",4.29,4,"Cluster 3 - Médio porte","Médio porte (>20 mil e <100 mil)"
"1303","Congo","Paraíba",4933,1234,"Menor porte",0,0,"Cluster 2",16.92,2,"Cluster 2 - Menor porte","Menor porte (<20 mil)"
"1304","Coremas","Paraíba",14683,6035,"Menor porte",0,0,"Cluster 2",16.92,10,"Cluster 2 - Menor porte","Menor porte (<20 mil)"
"1305","Coxixola","Paraíba",1824,484,"Menor porte",0,0,"Cluster 2",16.92,1,"Cluster 2 - Menor porte","Menor porte (<20 mil)"
"1306","Cruz do Espírito Santo","Paraíba",17095,5155,"Menor porte",2,3.88,"Cluster 2",16.92,9,"Cluster 2 - Menor porte","Menor porte (<20 mil)"
"1307","Cubati","Paraíba",7580,1485,"Menor porte",0,0,"Cluster 2",16.92,3,"Cluster 2 - Menor porte","Menor porte (<20 mil)"
"1308","Cuité","Paraíba",19719,4475,"Médio porte",0,0,"Cluster 2",5.66,3,"Cluster 2 - Médio porte","Médio porte (>20 mil e <100 mil)"
"1309","Cuité de Mamanguape","Paraíba",6251,1739,"Menor porte",0,0,"Cluster 2",16.92,3,"Cluster 2 - Menor porte","Menor porte (<20 mil)"
"1310","Cuitegi","Paraíba",6730,1932,"Menor porte",0,0,"Cluster 2",16.92,3,"Cluster 2 - Menor porte","Menor porte (<20 mil)"
"1311","Curral de Cima","Paraíba",5254,1491,"Menor porte",0,0,"Cluster 2",16.92,3,"Cluster 2 - Menor porte","Menor porte (<20 mil)"
"1312","Curral Velho","Paraíba",2292,562,"Menor porte",0,0,"Cluster 2",16.92,1,"Cluster 2 - Menor porte","Menor porte (<20 mil)"
"1313","Damião","Paraíba",4982,781,"Menor porte",0,0,"Cluster 2",16.92,1,"Cluster 2 - Menor porte","Menor porte (<20 mil)"
"1314","Desterro","Paraíba",8067,2628,"Menor porte",0,0,"Cluster 2",16.92,4,"Cluster 2 - Menor porte","Menor porte (<20 mil)"
"1315","Diamante","Paraíba",6299,1680,"Menor porte",0,0,"Cluster 2",16.92,3,"Cluster 2 - Menor porte","Menor porte (<20 mil)"
"1316","Dona Inês","Paraíba",10380,2281,"Menor porte",0,0,"Cluster 2",16.92,4,"Cluster 2 - Menor porte","Menor porte (<20 mil)"
"1317","Duas Estradas","Paraíba",3327,935,"Menor porte",0,0,"Cluster 2",16.92,2,"Cluster 2 - Menor porte","Menor porte (<20 mil)"
"1318","Emas","Paraíba",3011,603,"Menor porte",0,0,"Cluster 2",16.92,1,"Cluster 2 - Menor porte","Menor porte (<20 mil)"
"1319","Esperança","Paraíba",31231,12460,"Médio porte",0,0,"Cluster 3",4.29,5,"Cluster 3 - Médio porte","Médio porte (>20 mil e <100 mil)"
"1320","Fagundes","Paraíba",11049,2943,"Menor porte",0,0,"Cluster 2",16.92,5,"Cluster 2 - Menor porte","Menor porte (<20 mil)"
"1321","Frei Martinho","Paraíba",2846,385,"Menor porte",0,0,"Cluster 2",16.92,1,"Cluster 2 - Menor porte","Menor porte (<20 mil)"
"1322","Gado Bravo","Paraíba",8179,1411,"Menor porte",0,0,"Cluster 2",16.92,2,"Cluster 2 - Menor porte","Menor porte (<20 mil)"
"1323","Guarabira","Paraíba",57484,27340,"Médio porte",0,0,"Cluster 3",4.29,12,"Cluster 3 - Médio porte","Médio porte (>20 mil e <100 mil)"
"1324","Gurinhém","Paraíba",13766,3631,"Menor porte",1,2.75,"Cluster 2",16.92,6,"Cluster 2 - Menor porte","Menor porte (<20 mil)"
"1325","Gurjão","Paraíba",3242,745,"Menor porte",0,0,"Cluster 2",16.92,1,"Cluster 2 - Menor porte","Menor porte (<20 mil)"
"1326","Ibiara","Paraíba",5631,1647,"Menor porte",0,0,"Cluster 2",16.92,3,"Cluster 2 - Menor porte","Menor porte (<20 mil)"
"1327","Igaracy","Paraíba",5648,1937,"Menor porte",0,0,"Cluster 2",16.92,3,"Cluster 2 - Menor porte","Menor porte (<20 mil)"
"1328","Imaculada","Paraíba",10392,1610,"Menor porte",0,0,"Cluster 2",16.92,3,"Cluster 2 - Menor porte","Menor porte (<20 mil)"
"1329","Ingá","Paraíba",17692,6506,"Menor porte",2,3.07,"Cluster 2",16.92,11,"Cluster 2 - Menor porte","Menor porte (<20 mil)"
"1330","Itabaiana","Paraíba",23182,9245,"Médio porte",0,0,"Cluster 3",4.29,4,"Cluster 3 - Médio porte","Médio porte (>20 mil e <100 mil)"
"1331","Itaporanga","Paraíba",23940,10078,"Médio porte",4,3.97,"Cluster 3",4.29,4,"Cluster 3 - Médio porte","Médio porte (>20 mil e <100 mil)"
"1332","Itapororoca","Paraíba",18382,6521,"Menor porte",0,0,"Cluster 2",16.92,11,"Cluster 2 - Menor porte","Menor porte (<20 mil)"
"1333","Itatuba","Paraíba",10499,2420,"Menor porte",0,0,"Cluster 2",16.92,4,"Cluster 2 - Menor porte","Menor porte (<20 mil)"
"1334","Jacaraú","Paraíba",14477,4236,"Menor porte",0,0,"Cluster 2",16.92,7,"Cluster 2 - Menor porte","Menor porte (<20 mil)"
"1335","Jericó","Paraíba",7516,2441,"Menor porte",0,0,"Cluster 2",16.92,4,"Cluster 2 - Menor porte","Menor porte (<20 mil)"
"1336","João Pessoa","Paraíba",833932,456413,"Maior porte",178,3.9,"Cluster 1",3.23,148,"Cluster 1 - Maior porte","Maior porte (>100 mil)"
"1337","Joca Claudino","Paraíba",2539,594,"Menor porte",2,33.67,"Cluster 2",16.92,1,"Cluster 2 - Menor porte","Menor porte (<20 mil)"
"1338","Juarez Távora","Paraíba",7796,2496,"Menor porte",0,0,"Cluster 2",16.92,4,"Cluster 2 - Menor porte","Menor porte (<20 mil)"
"1339","Juazeirinho","Paraíba",17007,3838,"Menor porte",0,0,"Cluster 2",16.92,6,"Cluster 2 - Menor porte","Menor porte (<20 mil)"
"1340","Junco do Seridó","Paraíba",6793,1408,"Menor porte",0,0,"Cluster 2",16.92,2,"Cluster 2 - Menor porte","Menor porte (<20 mil)"
"1341","Juripiranga","Paraíba",10012,2029,"Menor porte",0,0,"Cluster 2",16.92,3,"Cluster 2 - Menor porte","Menor porte (<20 mil)"
"1342","Juru","Paraíba",9234,1578,"Menor porte",0,0,"Cluster 2",16.92,3,"Cluster 2 - Menor porte","Menor porte (<20 mil)"
"1343","Lagoa","Paraíba",4415,1215,"Menor porte",0,0,"Cluster 2",16.92,2,"Cluster 2 - Menor porte","Menor porte (<20 mil)"
"1344","Lagoa de Dentro","Paraíba",7819,2284,"Menor porte",0,0,"Cluster 2",16.92,4,"Cluster 2 - Menor porte","Menor porte (<20 mil)"
"1345","Lagoa Seca","Paraíba",27730,10052,"Médio porte",1,0.99,"Cluster 3",4.29,4,"Cluster 3 - Médio porte","Médio porte (>20 mil e <100 mil)"
"1346","Lastro","Paraíba",3162,1028,"Menor porte",0,0,"Cluster 2",16.92,2,"Cluster 2 - Menor porte","Menor porte (<20 mil)"
"1347","Livramento","Paraíba",6877,1338,"Menor porte",0,0,"Cluster 2",16.92,2,"Cluster 2 - Menor porte","Menor porte (<20 mil)"
"1348","Logradouro","Paraíba",4797,643,"Menor porte",0,0,"Cluster 2",16.92,1,"Cluster 2 - Menor porte","Menor porte (<20 mil)"
"1349","Lucena","Paraíba",12560,3665,"Menor porte",0,0,"Cluster 2",16.92,6,"Cluster 2 - Menor porte","Menor porte (<20 mil)"
"1350","Mãe d'Água","Paraíba",3583,733,"Menor porte",0,0,"Cluster 2",16.92,1,"Cluster 2 - Menor porte","Menor porte (<20 mil)"
"1351","Malta","Paraíba",6046,1645,"Menor porte",9,54.71,"Cluster 2",16.92,3,"Cluster 2 - Menor porte","Menor porte (<20 mil)"
"1352","Mamanguape","Paraíba",44599,18974,"Médio porte",1,0.53,"Cluster 2",5.66,11,"Cluster 2 - Médio porte","Médio porte (>20 mil e <100 mil)"
"1353","Manaíra","Paraíba",10434,1565,"Menor porte",0,0,"Cluster 2",16.92,3,"Cluster 2 - Menor porte","Menor porte (<20 mil)"
"1354","Marcação","Paraíba",8999,1730,"Menor porte",0,0,"Cluster 2",16.92,3,"Cluster 2 - Menor porte","Menor porte (<20 mil)"
"1355","Mari","Paraíba",21512,6598,"Médio porte",0,0,"Cluster 2",5.66,4,"Cluster 2 - Médio porte","Médio porte (>20 mil e <100 mil)"
"1356","Marizópolis","Paraíba",6705,1837,"Menor porte",4,21.77,"Cluster 2",16.92,3,"Cluster 2 - Menor porte","Menor porte (<20 mil)"
"1357","Massaranduba","Paraíba",14139,3823,"Menor porte",1,2.62,"Cluster 2",16.92,6,"Cluster 2 - Menor porte","Menor porte (<20 mil)"
"1358","Mataraca","Paraíba",8244,1979,"Menor porte",0,0,"Cluster 2",16.92,3,"Cluster 2 - Menor porte","Menor porte (<20 mil)"
"1359","Matinhas","Paraíba",4571,1045,"Menor porte",0,0,"Cluster 2",16.92,2,"Cluster 2 - Menor porte","Menor porte (<20 mil)"
"1360","Mato Grosso","Paraíba",2543,1064,"Menor porte",0,0,"Cluster 2",16.92,2,"Cluster 2 - Menor porte","Menor porte (<20 mil)"
"1361","Maturéia","Paraíba",6433,1779,"Menor porte",0,0,"Cluster 2",16.92,3,"Cluster 2 - Menor porte","Menor porte (<20 mil)"
"1362","Mogeiro","Paraíba",13899,3757,"Menor porte",0,0,"Cluster 2",16.92,6,"Cluster 2 - Menor porte","Menor porte (<20 mil)"
"1363","Montadas","Paraíba",5812,1423,"Menor porte",0,0,"Cluster 2",16.92,2,"Cluster 2 - Menor porte","Menor porte (<20 mil)"
"1364","Monte Horebe","Paraíba",4338,1222,"Menor porte",0,0,"Cluster 2",16.92,2,"Cluster 2 - Menor porte","Menor porte (<20 mil)"
"1365","Monteiro","Paraíba",32277,13150,"Médio porte",0,0,"Cluster 3",4.29,6,"Cluster 3 - Médio porte","Médio porte (>20 mil e <100 mil)"
"1366","Mulungu","Paraíba",8791,2402,"Menor porte",0,0,"Cluster 2",16.92,4,"Cluster 2 - Menor porte","Menor porte (<20 mil)"
"1367","Natuba","Paraíba",8945,781,"Menor porte",0,0,"Cluster 2",16.92,1,"Cluster 2 - Menor porte","Menor porte (<20 mil)"
"1368","Nazarezinho","Paraíba",7203,1763,"Menor porte",0,0,"Cluster 2",16.92,3,"Cluster 2 - Menor porte","Menor porte (<20 mil)"
"1369","Nova Floresta","Paraíba",9724,1454,"Menor porte",0,0,"Cluster 2",16.92,2,"Cluster 2 - Menor porte","Menor porte (<20 mil)"
"1370","Nova Olinda","Paraíba",5787,1761,"Menor porte",0,0,"Cluster 2",16.92,3,"Cluster 2 - Menor porte","Menor porte (<20 mil)"
"1371","Nova Palmeira","Paraíba",4259,780,"Menor porte",0,0,"Cluster 2",16.92,1,"Cluster 2 - Menor porte","Menor porte (<20 mil)"
"1372","Olho d'Água","Paraíba",6060,1365,"Menor porte",6,43.96,"Cluster 2",16.92,2,"Cluster 2 - Menor porte","Menor porte (<20 mil)"
"1373","Olivedos","Paraíba",3580,997,"Menor porte",0,0,"Cluster 2",16.92,2,"Cluster 2 - Menor porte","Menor porte (<20 mil)"
"1374","Ouro Velho","Paraíba",2918,675,"Menor porte",0,0,"Cluster 2",16.92,1,"Cluster 2 - Menor porte","Menor porte (<20 mil)"
"1375","Parari","Paraíba",1720,464,"Menor porte",0,0,"Cluster 2",16.92,1,"Cluster 2 - Menor porte","Menor porte (<20 mil)"
"1376","Passagem","Paraíba",2463,758,"Menor porte",0,0,"Cluster 2",16.92,1,"Cluster 2 - Menor porte","Menor porte (<20 mil)"
"1377","Patos","Paraíba",103165,59874,"Maior porte",22,3.67,"Cluster 3",3.72,22,"Cluster 3 - Maior porte","Maior porte (>100 mil)"
"1378","Paulista","Paraíba",11834,4280,"Menor porte",2,4.67,"Cluster 2",16.92,7,"Cluster 2 - Menor porte","Menor porte (<20 mil)"
"1379","Pedra Branca","Paraíba",3739,923,"Menor porte",0,0,"Cluster 2",16.92,2,"Cluster 2 - Menor porte","Menor porte (<20 mil)"
"1380","Pedra Lavrada","Paraíba",6859,1418,"Menor porte",0,0,"Cluster 2",16.92,2,"Cluster 2 - Menor porte","Menor porte (<20 mil)"
"1381","Pedras de Fogo","Paraíba",29662,10230,"Médio porte",1,0.98,"Cluster 2",5.66,6,"Cluster 2 - Médio porte","Médio porte (>20 mil e <100 mil)"
"1382","Pedro Régis","Paraíba",5766,1134,"Menor porte",0,0,"Cluster 2",16.92,2,"Cluster 2 - Menor porte","Menor porte (<20 mil)"
"1383","Piancó","Paraíba",16441,6630,"Menor porte",6,9.05,"Cluster 2",16.92,11,"Cluster 2 - Menor porte","Menor porte (<20 mil)"
"1384","Picuí","Paraíba",18333,4381,"Menor porte",0,0,"Cluster 2",16.92,7,"Cluster 2 - Menor porte","Menor porte (<20 mil)"
"1385","Pilar","Paraíba",12311,3343,"Menor porte",0,0,"Cluster 2",16.92,6,"Cluster 2 - Menor porte","Menor porte (<20 mil)"
"1386","Pilões","Paraíba",6815,1857,"Menor porte",0,0,"Cluster 2",16.92,3,"Cluster 2 - Menor porte","Menor porte (<20 mil)"
"1387","Pilõezinhos","Paraíba",5329,1657,"Menor porte",0,0,"Cluster 2",16.92,3,"Cluster 2 - Menor porte","Menor porte (<20 mil)"
"1388","Pirpirituba","Paraíba",9340,2963,"Menor porte",0,0,"Cluster 2",16.92,5,"Cluster 2 - Menor porte","Menor porte (<20 mil)"
"1389","Pitimbu","Paraíba",16751,3788,"Menor porte",0,0,"Cluster 2",16.92,6,"Cluster 2 - Menor porte","Menor porte (<20 mil)"
"1390","Pocinhos","Paraíba",17469,3964,"Menor porte",0,0,"Cluster 2",16.92,7,"Cluster 2 - Menor porte","Menor porte (<20 mil)"
"1391","Poço Dantas","Paraíba",3830,823,"Menor porte",2,24.3,"Cluster 2",16.92,1,"Cluster 2 - Menor porte","Menor porte (<20 mil)"
"1392","Poço de José de Moura","Paraíba",4006,1128,"Menor porte",0,0,"Cluster 2",16.92,2,"Cluster 2 - Menor porte","Menor porte (<20 mil)"
"1393","Pombal","Paraíba",32473,16026,"Médio porte",9,5.62,"Cluster 3",4.29,7,"Cluster 3 - Médio porte","Médio porte (>20 mil e <100 mil)"
"1394","Prata","Paraíba",3915,804,"Menor porte",0,0,"Cluster 2",16.92,1,"Cluster 2 - Menor porte","Menor porte (<20 mil)"
"1395","Princesa Isabel","Paraíba",21114,6965,"Médio porte",0,0,"Cluster 2",5.66,4,"Cluster 2 - Médio porte","Médio porte (>20 mil e <100 mil)"
"1396","Puxinanã","Paraíba",14277,3084,"Menor porte",0,0,"Cluster 2",16.92,5,"Cluster 2 - Menor porte","Menor porte (<20 mil)"
"1397","Queimadas","Paraíba",47658,17678,"Médio porte",7,3.96,"Cluster 3",4.29,8,"Cluster 3 - Médio porte","Médio porte (>20 mil e <100 mil)"
"1398","Quixaba","Paraíba",1743,555,"Menor porte",0,0,"Cluster 2",16.92,1,"Cluster 2 - Menor porte","Menor porte (<20 mil)"
"1399","Remígio","Paraíba",17885,6114,"Menor porte",2,3.27,"Cluster 2",16.92,10,"Cluster 2 - Menor porte","Menor porte (<20 mil)"
"1400","Riachão","Paraíba",2927,642,"Menor porte",0,0,"Cluster 2",16.92,1,"Cluster 2 - Menor porte","Menor porte (<20 mil)"
"1401","Riachão do Bacamarte","Paraíba",4690,1514,"Menor porte",0,0,"Cluster 2",16.92,3,"Cluster 2 - Menor porte","Menor porte (<20 mil)"
"1402","Riachão do Poço","Paraíba",4738,1591,"Menor porte",0,0,"Cluster 2",16.92,3,"Cluster 2 - Menor porte","Menor porte (<20 mil)"
"1403","Riacho de Santo Antônio","Paraíba",1955,381,"Menor porte",0,0,"Cluster 2",16.92,1,"Cluster 2 - Menor porte","Menor porte (<20 mil)"
"1404","Riacho dos Cavalos","Paraíba",8493,2436,"Menor porte",0,0,"Cluster 2",16.92,4,"Cluster 2 - Menor porte","Menor porte (<20 mil)"
"1405","Rio Tinto","Paraíba",24581,7870,"Médio porte",0,0,"Cluster 2",5.66,4,"Cluster 2 - Médio porte","Médio porte (>20 mil e <100 mil)"
"1406","Salgadinho","Paraíba",3355,551,"Menor porte",0,0,"Cluster 2",16.92,1,"Cluster 2 - Menor porte","Menor porte (<20 mil)"
"1407","Salgado de São Félix","Paraíba",11505,2275,"Menor porte",0,0,"Cluster 2",16.92,4,"Cluster 2 - Menor porte","Menor porte (<20 mil)"
"1408","Santa Cecília","Paraíba",7670,555,"Menor porte",0,0,"Cluster 2",16.92,1,"Cluster 2 - Menor porte","Menor porte (<20 mil)"
"1409","Santa Cruz","Paraíba",5947,1424,"Menor porte",0,0,"Cluster 2",16.92,2,"Cluster 2 - Menor porte","Menor porte (<20 mil)"
"1410","Santa Helena","Paraíba",5865,1439,"Menor porte",0,0,"Cluster 2",16.92,2,"Cluster 2 - Menor porte","Menor porte (<20 mil)"
"1411","Santa Inês","Paraíba",3227,900,"Menor porte",0,0,"Cluster 2",16.92,2,"Cluster 2 - Menor porte","Menor porte (<20 mil)"
"1412","Santa Luzia","Paraíba",14959,6614,"Menor porte",6,9.07,"Cluster 3",8.89,6,"Cluster 3 - Menor porte","Menor porte (<20 mil)"
"1413","Santa Rita","Paraíba",149910,49618,"Maior porte",4,0.81,"Cluster 3",3.72,18,"Cluster 3 - Maior porte","Maior porte (>100 mil)"
"1414","Santa Teresinha","Paraíba",4402,1591,"Menor porte",4,25.14,"Cluster 2",16.92,3,"Cluster 2 - Menor porte","Menor porte (<20 mil)"
"1415","Santana de Mangueira","Paraíba",5010,1206,"Menor porte",0,0,"Cluster 2",16.92,2,"Cluster 2 - Menor porte","Menor porte (<20 mil)"
"1416","Santana dos Garrotes","Paraíba",6569,1622,"Menor porte",2,12.33,"Cluster 2",16.92,3,"Cluster 2 - Menor porte","Menor porte (<20 mil)"
"1417","Santo André","Paraíba",2622,655,"Menor porte",0,0,"Cluster 2",16.92,1,"Cluster 2 - Menor porte","Menor porte (<20 mil)"
"1418","São Bentinho","Paraíba",4327,1122,"Menor porte",4,35.65,"Cluster 2",16.92,2,"Cluster 2 - Menor porte","Menor porte (<20 mil)"
"1419","São Bento","Paraíba",32235,18003,"Médio porte",0,0,"Cluster 3",4.29,8,"Cluster 3 - Médio porte","Médio porte (>20 mil e <100 mil)"
"1420","São Domingos","Paraíba",2595,768,"Menor porte",0,0,"Cluster 2",16.92,1,"Cluster 2 - Menor porte","Menor porte (<20 mil)"
"1421","São Domingos do Cariri","Paraíba",2585,738,"Menor porte",0,0,"Cluster 2",16.92,1,"Cluster 2 - Menor porte","Menor porte (<20 mil)"
"1422","São Francisco","Paraíba",3137,1098,"Menor porte",0,0,"Cluster 2",16.92,2,"Cluster 2 - Menor porte","Menor porte (<20 mil)"
"1423","São João do Cariri","Paraíba",4226,1303,"Menor porte",0,0,"Cluster 2",16.92,2,"Cluster 2 - Menor porte","Menor porte (<20 mil)"
"1424","São João do Rio do Peixe","Paraíba",17964,6092,"Menor porte",6,9.85,"Cluster 2",16.92,10,"Cluster 2 - Menor porte","Menor porte (<20 mil)"
"1425","São João do Tigre","Paraíba",4263,584,"Menor porte",0,0,"Cluster 2",16.92,1,"Cluster 2 - Menor porte","Menor porte (<20 mil)"
"1426","São José da Lagoa Tapada","Paraíba",7126,1421,"Menor porte",0,0,"Cluster 2",16.92,2,"Cluster 2 - Menor porte","Menor porte (<20 mil)"
"1427","São José de Caiana","Paraíba",5034,1585,"Menor porte",0,0,"Cluster 2",16.92,3,"Cluster 2 - Menor porte","Menor porte (<20 mil)"
"1428","São José de Espinharas","Paraíba",4083,877,"Menor porte",4,45.61,"Cluster 2",16.92,1,"Cluster 2 - Menor porte","Menor porte (<20 mil)"
"1429","São José de Piranhas","Paraíba",19067,7025,"Médio porte",0,0,"Cluster 2",5.66,4,"Cluster 2 - Médio porte","Médio porte (>20 mil e <100 mil)"
"1430","São José de Princesa","Paraíba",3416,461,"Menor porte",0,0,"Cluster 2",16.92,1,"Cluster 2 - Menor porte","Menor porte (<20 mil)"
"1431","São José do Bonfim","Paraíba",3242,1081,"Menor porte",0,0,"Cluster 2",16.92,2,"Cluster 2 - Menor porte","Menor porte (<20 mil)"
"1432","São José do Brejo do Cruz","Paraíba",1699,292,"Menor porte",0,0,"Cluster 2",16.92,0,"Cluster 2 - Menor porte","Menor porte (<20 mil)"
"1433","São José do Sabugi","Paraíba",4138,946,"Menor porte",0,0,"Cluster 2",16.92,2,"Cluster 2 - Menor porte","Menor porte (<20 mil)"
"1434","São José dos Cordeiros","Paraíba",3411,630,"Menor porte",0,0,"Cluster 2",16.92,1,"Cluster 2 - Menor porte","Menor porte (<20 mil)"
"1435","São José dos Ramos","Paraíba",5891,1582,"Menor porte",0,0,"Cluster 2",16.92,3,"Cluster 2 - Menor porte","Menor porte (<20 mil)"
"1436","São Mamede","Paraíba",7470,2272,"Menor porte",2,8.8,"Cluster 2",16.92,4,"Cluster 2 - Menor porte","Menor porte (<20 mil)"
"1437","São Miguel de Taipu","Paraíba",7066,1584,"Menor porte",2,12.63,"Cluster 2",16.92,3,"Cluster 2 - Menor porte","Menor porte (<20 mil)"
"1438","São Sebastião de Lagoa de Roça","Paraíba",11040,3661,"Menor porte",0,0,"Cluster 2",16.92,6,"Cluster 2 - Menor porte","Menor porte (<20 mil)"
"1439","São Sebastião do Umbuzeiro","Paraíba",3279,542,"Menor porte",0,0,"Cluster 2",16.92,1,"Cluster 2 - Menor porte","Menor porte (<20 mil)"
"1440","São Vicente do Seridó","Paraíba",10291,1754,"Menor porte",0,0,"Cluster 2",16.92,3,"Cluster 2 - Menor porte","Menor porte (<20 mil)"
"1441","Sapé","Paraíba",51306,20284,"Médio porte",0,0,"Cluster 2",5.66,11,"Cluster 2 - Médio porte","Médio porte (>20 mil e <100 mil)"
"1442","Serra Branca","Paraíba",13614,3706,"Menor porte",0,0,"Cluster 2",16.92,6,"Cluster 2 - Menor porte","Menor porte (<20 mil)"
"1443","Serra da Raiz","Paraíba",3094,569,"Menor porte",0,0,"Cluster 2",16.92,1,"Cluster 2 - Menor porte","Menor porte (<20 mil)"
"1444","Serra Grande","Paraíba",2942,704,"Menor porte",0,0,"Cluster 2",16.92,1,"Cluster 2 - Menor porte","Menor porte (<20 mil)"
"1445","Serra Redonda","Paraíba",6828,2113,"Menor porte",0,0,"Cluster 2",16.92,4,"Cluster 2 - Menor porte","Menor porte (<20 mil)"
"1446","Serraria","Paraíba",4885,1136,"Menor porte",0,0,"Cluster 2",16.92,2,"Cluster 2 - Menor porte","Menor porte (<20 mil)"
"1447","Sertãozinho","Paraíba",5054,1549,"Menor porte",0,0,"Cluster 2",16.92,3,"Cluster 2 - Menor porte","Menor porte (<20 mil)"
"1448","Sobrado","Paraíba",8236,3262,"Menor porte",3,9.2,"Cluster 2",16.92,6,"Cluster 2 - Menor porte","Menor porte (<20 mil)"
"1449","Solânea","Paraíba",26774,9737,"Médio porte",0,0,"Cluster 2",5.66,6,"Cluster 2 - Médio porte","Médio porte (>20 mil e <100 mil)"
"1450","Soledade","Paraíba",13968,5235,"Menor porte",0,0,"Cluster 2",16.92,9,"Cluster 2 - Menor porte","Menor porte (<20 mil)"
"1451","Sossêgo","Paraíba",3345,523,"Menor porte",0,0,"Cluster 2",16.92,1,"Cluster 2 - Menor porte","Menor porte (<20 mil)"
"1452","Sousa","Paraíba",67259,36496,"Médio porte",12,3.29,"Cluster 3",4.29,16,"Cluster 3 - Médio porte","Médio porte (>20 mil e <100 mil)"
"1453","Sumé","Paraíba",17166,5547,"Menor porte",0,0,"Cluster 2",16.92,9,"Cluster 2 - Menor porte","Menor porte (<20 mil)"
"1454","Tacima","Paraíba",8010,1428,"Menor porte",0,0,"Cluster 2",16.92,2,"Cluster 2 - Menor porte","Menor porte (<20 mil)"
"1455","Taperoá","Paraíba",14068,2913,"Menor porte",0,0,"Cluster 2",16.92,5,"Cluster 2 - Menor porte","Menor porte (<20 mil)"
"1456","Tavares","Paraíba",14101,2207,"Menor porte",0,0,"Cluster 2",16.92,4,"Cluster 2 - Menor porte","Menor porte (<20 mil)"
"1457","Teixeira","Paraíba",14631,8044,"Menor porte",0,0,"Cluster 3",8.89,7,"Cluster 3 - Menor porte","Menor porte (<20 mil)"
"1458","Tenório","Paraíba",2966,486,"Menor porte",0,0,"Cluster 2",16.92,1,"Cluster 2 - Menor porte","Menor porte (<20 mil)"
"1459","Triunfo","Paraíba",9892,2861,"Menor porte",0,0,"Cluster 2",16.92,5,"Cluster 2 - Menor porte","Menor porte (<20 mil)"
"1460","Uiraúna","Paraíba",14930,6583,"Menor porte",4,6.08,"Cluster 3",8.89,6,"Cluster 3 - Menor porte","Menor porte (<20 mil)"
"1461","Umbuzeiro","Paraíba",9124,1613,"Menor porte",0,0,"Cluster 2",16.92,3,"Cluster 2 - Menor porte","Menor porte (<20 mil)"
"1462","Várzea","Paraíba",2668,646,"Menor porte",0,0,"Cluster 3",8.89,1,"Cluster 3 - Menor porte","Menor porte (<20 mil)"
"1463","Vieirópolis","Paraíba",4864,1460,"Menor porte",0,0,"Cluster 2",16.92,2,"Cluster 2 - Menor porte","Menor porte (<20 mil)"
"1464","Vista Serrana","Paraíba",3641,1295,"Menor porte",0,0,"Cluster 2",16.92,2,"Cluster 2 - Menor porte","Menor porte (<20 mil)"
"1465","Zabelê","Paraíba",2228,435,"Menor porte",0,0,"Cluster 2",16.92,1,"Cluster 2 - Menor porte","Menor porte (<20 mil)"
"1466","Abreu e Lima","Pernambuco",98462,33545,"Maior porte",40,11.92,"Cluster 3",3.72,12,"Cluster 3 - Maior porte","Maior porte (>100 mil)"
"1467","Afogados da Ingazeira","Pernambuco",40004,23344,"Médio porte",0,0,"Cluster 3",4.29,10,"Cluster 3 - Médio porte","Médio porte (>20 mil e <100 mil)"
"1468","Afrânio","Pernambuco",18674,5842,"Menor porte",0,0,"Cluster 2",16.92,10,"Cluster 2 - Menor porte","Menor porte (<20 mil)"
"1469","Agrestina","Pernambuco",23779,9152,"Médio porte",0,0,"Cluster 2",5.66,5,"Cluster 2 - Médio porte","Médio porte (>20 mil e <100 mil)"
"1470","Água Preta","Pernambuco",26461,6389,"Médio porte",0,0,"Cluster 2",5.66,4,"Cluster 2 - Médio porte","Médio porte (>20 mil e <100 mil)"
"1471","Águas Belas","Pernambuco",41548,11535,"Médio porte",0,0,"Cluster 2",5.66,7,"Cluster 2 - Médio porte","Médio porte (>20 mil e <100 mil)"
"1472","Alagoinha","Pernambuco",14033,3642,"Menor porte",0,0,"Cluster 2",16.92,6,"Cluster 2 - Menor porte","Menor porte (<20 mil)"
"1473","Aliança","Pernambuco",35741,8939,"Médio porte",0,0,"Cluster 2",5.66,5,"Cluster 2 - Médio porte","Médio porte (>20 mil e <100 mil)"
"1474","Altinho","Pernambuco",20674,5700,"Médio porte",0,0,"Cluster 2",5.66,3,"Cluster 2 - Médio porte","Médio porte (>20 mil e <100 mil)"
"1475","Amaraji","Pernambuco",18205,4377,"Médio porte",0,0,"Cluster 2",5.66,2,"Cluster 2 - Médio porte","Médio porte (>20 mil e <100 mil)"
"1476","Angelim","Pernambuco",10238,2569,"Menor porte",0,0,"Cluster 2",16.92,4,"Cluster 2 - Menor porte","Menor porte (<20 mil)"
"1477","Araçoiaba","Pernambuco",19243,4197,"Médio porte",0,0,"Cluster 2",5.66,2,"Cluster 2 - Médio porte","Médio porte (>20 mil e <100 mil)"
"1478","Araripina","Pernambuco",85088,37920,"Médio porte",0,0,"Cluster 3",4.29,16,"Cluster 3 - Médio porte","Médio porte (>20 mil e <100 mil)"
"1479","Arcoverde","Pernambuco",77742,33495,"Médio porte",13,3.88,"Cluster 3",4.29,14,"Cluster 3 - Médio porte","Médio porte (>20 mil e <100 mil)"
"1480","Barra de Guabiraba","Pernambuco",12263,2585,"Menor porte",0,0,"Cluster 2",16.92,4,"Cluster 2 - Menor porte","Menor porte (<20 mil)"
"1481","Barreiros","Pernambuco",40121,11997,"Médio porte",2,1.67,"Cluster 2",5.66,7,"Cluster 2 - Médio porte","Médio porte (>20 mil e <100 mil)"
"1482","Belém de Maria","Pernambuco",10561,2410,"Menor porte",0,0,"Cluster 2",16.92,4,"Cluster 2 - Menor porte","Menor porte (<20 mil)"
"1483","Belém do São Francisco","Pernambuco",18301,5344,"Médio porte",0,0,"Cluster 3",4.29,2,"Cluster 3 - Médio porte","Médio porte (>20 mil e <100 mil)"
"1484","Belo Jardim","Pernambuco",79507,35097,"Médio porte",6,1.71,"Cluster 3",4.29,15,"Cluster 3 - Médio porte","Médio porte (>20 mil e <100 mil)"
"1485","Betânia","Pernambuco",11649,3454,"Menor porte",0,0,"Cluster 2",16.92,6,"Cluster 2 - Menor porte","Menor porte (<20 mil)"
"1486","Bezerros","Pernambuco",61794,28710,"Médio porte",3,1.04,"Cluster 3",4.29,12,"Cluster 3 - Médio porte","Médio porte (>20 mil e <100 mil)"
"1487","Bodocó","Pernambuco",34478,11153,"Médio porte",0,0,"Cluster 2",5.66,6,"Cluster 2 - Médio porte","Médio porte (>20 mil e <100 mil)"
"1488","Bom Conselho","Pernambuco",44103,14976,"Médio porte",0,0,"Cluster 2",5.66,8,"Cluster 2 - Médio porte","Médio porte (>20 mil e <100 mil)"
"1489","Bom Jardim","Pernambuco",37497,11928,"Médio porte",0,0,"Cluster 2",5.66,7,"Cluster 2 - Médio porte","Médio porte (>20 mil e <100 mil)"
"1490","Bonito","Pernambuco",37316,10034,"Médio porte",0,0,"Cluster 2",5.66,6,"Cluster 2 - Médio porte","Médio porte (>20 mil e <100 mil)"
"1491","Brejão","Pernambuco",9079,2275,"Menor porte",0,0,"Cluster 2",16.92,4,"Cluster 2 - Menor porte","Menor porte (<20 mil)"
"1492","Brejinho","Pernambuco",7720,1885,"Menor porte",0,0,"Cluster 2",16.92,3,"Cluster 2 - Menor porte","Menor porte (<20 mil)"
"1493","Brejo da Madre de Deus","Pernambuco",48645,17314,"Médio porte",0,0,"Cluster 2",5.66,10,"Cluster 2 - Médio porte","Médio porte (>20 mil e <100 mil)"
"1494","Buenos Aires","Pernambuco",12808,3144,"Menor porte",0,0,"Cluster 2",16.92,5,"Cluster 2 - Menor porte","Menor porte (<20 mil)"
"1495","Buíque","Pernambuco",52097,10807,"Médio porte",0,0,"Cluster 2",5.66,6,"Cluster 2 - Médio porte","Médio porte (>20 mil e <100 mil)"
"1496","Cabo de Santo Agostinho","Pernambuco",203440,62665,"Maior porte",18,2.87,"Cluster 3",3.72,23,"Cluster 3 - Maior porte","Maior porte (>100 mil)"
"1497","Cabrobó","Pernambuco",30294,12645,"Médio porte",0,0,"Cluster 3",4.29,5,"Cluster 3 - Médio porte","Médio porte (>20 mil e <100 mil)"
"1498","Cachoeirinha","Pernambuco",19899,8420,"Médio porte",0,0,"Cluster 2",5.66,5,"Cluster 2 - Médio porte","Médio porte (>20 mil e <100 mil)"
"1499","Caetés","Pernambuco",28827,6895,"Médio porte",4,5.8,"Cluster 2",5.66,4,"Cluster 2 - Médio porte","Médio porte (>20 mil e <100 mil)"
"1500","Calçado","Pernambuco",11080,3553,"Menor porte",0,0,"Cluster 2",16.92,6,"Cluster 2 - Menor porte","Menor porte (<20 mil)"
"1501","Calumbi","Pernambuco",5228,2123,"Menor porte",0,0,"Cluster 2",16.92,4,"Cluster 2 - Menor porte","Menor porte (<20 mil)"
"1502","Camaragibe","Pernambuco",147771,54620,"Maior porte",8,1.46,"Cluster 3",3.72,20,"Cluster 3 - Maior porte","Maior porte (>100 mil)"
"1503","Camocim de São Félix","Pernambuco",17419,5094,"Menor porte",0,0,"Cluster 2",16.92,9,"Cluster 2 - Menor porte","Menor porte (<20 mil)"
"1504","Camutanga","Pernambuco",7750,2293,"Menor porte",0,0,"Cluster 2",16.92,4,"Cluster 2 - Menor porte","Menor porte (<20 mil)"
"1505","Canhotinho","Pernambuco",24344,6913,"Médio porte",1,1.45,"Cluster 2",5.66,4,"Cluster 2 - Médio porte","Médio porte (>20 mil e <100 mil)"
"1506","Capoeiras","Pernambuco",18415,5030,"Médio porte",0,0,"Cluster 2",5.66,3,"Cluster 2 - Médio porte","Médio porte (>20 mil e <100 mil)"
"1507","Carnaíba","Pernambuco",18907,5973,"Menor porte",0,0,"Cluster 2",16.92,10,"Cluster 2 - Menor porte","Menor porte (<20 mil)"
"1508","Carnaubeira da Penha","Pernambuco",12239,2032,"Menor porte",0,0,"Cluster 2",16.92,3,"Cluster 2 - Menor porte","Menor porte (<20 mil)"
"1509","Carpina","Pernambuco",79293,36813,"Médio porte",5,1.36,"Cluster 3",4.29,16,"Cluster 3 - Médio porte","Médio porte (>20 mil e <100 mil)"
"1510","Caruaru","Pernambuco",377911,204557,"Maior porte",55,2.69,"Cluster 3",3.72,76,"Cluster 3 - Maior porte","Maior porte (>100 mil)"
"1511","Casinhas","Pernambuco",13119,4057,"Menor porte",0,0,"Cluster 2",16.92,7,"Cluster 2 - Menor porte","Menor porte (<20 mil)"
"1512","Catende","Pernambuco",32156,9827,"Médio porte",0,0,"Cluster 2",5.66,6,"Cluster 2 - Médio porte","Médio porte (>20 mil e <100 mil)"
"1513","Cedro","Pernambuco",10518,2959,"Menor porte",0,0,"Cluster 2",16.92,5,"Cluster 2 - Menor porte","Menor porte (<20 mil)"
"1514","Chã de Alegria","Pernambuco",12984,2679,"Menor porte",0,0,"Cluster 2",16.92,5,"Cluster 2 - Menor porte","Menor porte (<20 mil)"
"1515","Chã Grande","Pernambuco",20546,7911,"Médio porte",1,1.26,"Cluster 2",5.66,4,"Cluster 2 - Médio porte","Médio porte (>20 mil e <100 mil)"
"1516","Condado","Pernambuco",24587,8359,"Médio porte",0,0,"Cluster 2",5.66,5,"Cluster 2 - Médio porte","Médio porte (>20 mil e <100 mil)"
"1517","Correntes","Pernambuco",17131,3438,"Menor porte",0,0,"Cluster 2",16.92,6,"Cluster 2 - Menor porte","Menor porte (<20 mil)"
"1518","Cortês","Pernambuco",10356,2414,"Menor porte",0,0,"Cluster 2",16.92,4,"Cluster 2 - Menor porte","Menor porte (<20 mil)"
"1519","Cumaru","Pernambuco",15859,4430,"Menor porte",0,0,"Cluster 2",16.92,7,"Cluster 2 - Menor porte","Menor porte (<20 mil)"
"1520","Cupira","Pernambuco",23518,10903,"Médio porte",0,0,"Cluster 3",4.29,5,"Cluster 3 - Médio porte","Médio porte (>20 mil e <100 mil)"
"1521","Custódia","Pernambuco",37245,14432,"Médio porte",4,2.77,"Cluster 2",5.66,8,"Cluster 2 - Médio porte","Médio porte (>20 mil e <100 mil)"
"1522","Dormentes","Pernambuco",17188,6103,"Menor porte",0,0,"Cluster 2",16.92,10,"Cluster 2 - Menor porte","Menor porte (<20 mil)"
"1523","Escada","Pernambuco",59872,20942,"Médio porte",2,0.96,"Cluster 3",4.29,9,"Cluster 3 - Médio porte","Médio porte (>20 mil e <100 mil)"
"1524","Exu","Pernambuco",31843,9956,"Médio porte",0,0,"Cluster 2",5.66,6,"Cluster 2 - Médio porte","Médio porte (>20 mil e <100 mil)"
"1525","Feira Nova","Pernambuco",21427,7844,"Médio porte",0,0,"Cluster 2",5.66,4,"Cluster 2 - Médio porte","Médio porte (>20 mil e <100 mil)"
"1526","Fernando de Noronha","Pernambuco",3167,1796,"Menor porte",0,0,"Cluster 1",8.51,2,"Cluster 1 - Menor porte","Menor porte (<20 mil)"
"1527","Ferreiros","Pernambuco",15026,3598,"Médio porte",0,0,"Cluster 2",5.66,2,"Cluster 2 - Médio porte","Médio porte (>20 mil e <100 mil)"
"1528","Flores","Pernambuco",20347,6058,"Médio porte",0,0,"Cluster 2",5.66,3,"Cluster 2 - Médio porte","Médio porte (>20 mil e <100 mil)"
"1529","Floresta","Pernambuco",30069,11152,"Médio porte",0,0,"Cluster 3",4.29,5,"Cluster 3 - Médio porte","Médio porte (>20 mil e <100 mil)"
"1530","Frei Miguelinho","Pernambuco",13672,5072,"Menor porte",0,0,"Cluster 2",16.92,9,"Cluster 2 - Menor porte","Menor porte (<20 mil)"
"1531","Gameleira","Pernambuco",18214,4076,"Médio porte",0,0,"Cluster 2",5.66,2,"Cluster 2 - Médio porte","Médio porte (>20 mil e <100 mil)"
"1532","Garanhuns","Pernambuco",142526,65260,"Maior porte",24,3.68,"Cluster 3",3.72,24,"Cluster 3 - Maior porte","Maior porte (>100 mil)"
"1533","Glória do Goitá","Pernambuco",28916,8323,"Médio porte",0,0,"Cluster 2",5.66,5,"Cluster 2 - Médio porte","Médio porte (>20 mil e <100 mil)"
"1534","Goiana","Pernambuco",81055,33400,"Médio porte",14,4.19,"Cluster 1",2.7,9,"Cluster 1 - Médio porte","Médio porte (>20 mil e <100 mil)"
"1535","Granito","Pernambuco",6967,1864,"Menor porte",0,0,"Cluster 2",16.92,3,"Cluster 2 - Menor porte","Menor porte (<20 mil)"
"1536","Gravatá","Pernambuco",86516,41991,"Médio porte",4,0.95,"Cluster 3",4.29,18,"Cluster 3 - Médio porte","Médio porte (>20 mil e <100 mil)"
"1537","Iati","Pernambuco",17165,3530,"Menor porte",0,0,"Cluster 2",16.92,6,"Cluster 2 - Menor porte","Menor porte (<20 mil)"
"1538","Ibimirim","Pernambuco",27346,7601,"Médio porte",0,0,"Cluster 2",5.66,4,"Cluster 2 - Médio porte","Médio porte (>20 mil e <100 mil)"
"1539","Ibirajuba","Pernambuco",7140,1803,"Menor porte",0,0,"Cluster 2",16.92,3,"Cluster 2 - Menor porte","Menor porte (<20 mil)"
"1540","Igarassu","Pernambuco",115196,35297,"Maior porte",57,16.15,"Cluster 3",3.72,13,"Cluster 3 - Maior porte","Maior porte (>100 mil)"
"1541","Iguaracy","Pernambuco",11058,2960,"Menor porte",0,0,"Cluster 2",16.92,5,"Cluster 2 - Menor porte","Menor porte (<20 mil)"
"1542","Ilha de Itamaracá","Pernambuco",24540,5466,"Médio porte",0,0,"Cluster 2",5.66,3,"Cluster 2 - Médio porte","Médio porte (>20 mil e <100 mil)"
"1543","Inajá","Pernambuco",25740,3538,"Médio porte",0,0,"Cluster 2",5.66,2,"Cluster 2 - Médio porte","Médio porte (>20 mil e <100 mil)"
"1544","Ingazeira","Pernambuco",4779,1178,"Menor porte",0,0,"Cluster 2",16.92,2,"Cluster 2 - Menor porte","Menor porte (<20 mil)"
"1545","Ipojuca","Pernambuco",98932,27500,"Médio porte",2,0.73,"Cluster 3",4.29,12,"Cluster 3 - Médio porte","Médio porte (>20 mil e <100 mil)"
"1546","Ipubi","Pernambuco",29009,8579,"Médio porte",0,0,"Cluster 2",5.66,5,"Cluster 2 - Médio porte","Médio porte (>20 mil e <100 mil)"
"1547","Itacuruba","Pernambuco",4352,921,"Menor porte",0,0,"Cluster 2",16.92,2,"Cluster 2 - Menor porte","Menor porte (<20 mil)"
"1548","Itaíba","Pernambuco",31611,7393,"Médio porte",0,0,"Cluster 2",5.66,4,"Cluster 2 - Médio porte","Médio porte (>20 mil e <100 mil)"
"1549","Itambé","Pernambuco",34935,16172,"Médio porte",0,0,"Cluster 3",4.29,7,"Cluster 3 - Médio porte","Médio porte (>20 mil e <100 mil)"
"1550","Itapetim","Pernambuco",13791,3973,"Menor porte",0,0,"Cluster 2",16.92,7,"Cluster 2 - Menor porte","Menor porte (<20 mil)"
"1551","Itapissuma","Pernambuco",27749,5141,"Médio porte",14,27.23,"Cluster 3",4.29,2,"Cluster 3 - Médio porte","Médio porte (>20 mil e <100 mil)"
"1552","Itaquitinga","Pernambuco",16554,3443,"Menor porte",0,0,"Cluster 2",16.92,6,"Cluster 2 - Menor porte","Menor porte (<20 mil)"
"1553","Jaboatão dos Guararapes","Pernambuco",644037,229699,"Maior porte",34,1.48,"Cluster 3",3.72,86,"Cluster 3 - Maior porte","Maior porte (>100 mil)"
"1554","Jaqueira","Pernambuco",10247,2093,"Menor porte",0,0,"Cluster 2",16.92,4,"Cluster 2 - Menor porte","Menor porte (<20 mil)"
"1555","Jataúba","Pernambuco",15843,4711,"Menor porte",0,0,"Cluster 2",16.92,8,"Cluster 2 - Menor porte","Menor porte (<20 mil)"
"1556","Jatobá","Pernambuco",14020,2504,"Menor porte",0,0,"Cluster 2",16.92,4,"Cluster 2 - Menor porte","Menor porte (<20 mil)"
"1557","João Alfredo","Pernambuco",27725,8896,"Médio porte",0,0,"Cluster 2",5.66,5,"Cluster 2 - Médio porte","Médio porte (>20 mil e <100 mil)"
"1558","Joaquim Nabuco","Pernambuco",13269,3100,"Menor porte",0,0,"Cluster 2",16.92,5,"Cluster 2 - Menor porte","Menor porte (<20 mil)"
"1559","Jucati","Pernambuco",11519,3378,"Menor porte",1,2.96,"Cluster 2",16.92,6,"Cluster 2 - Menor porte","Menor porte (<20 mil)"
"1560","Jupi","Pernambuco",15329,5974,"Menor porte",0,0,"Cluster 2",16.92,10,"Cluster 2 - Menor porte","Menor porte (<20 mil)"
"1561","Jurema","Pernambuco",13648,3423,"Menor porte",0,0,"Cluster 2",16.92,6,"Cluster 2 - Menor porte","Menor porte (<20 mil)"
"1562","Lagoa de Itaenga","Pernambuco",19434,7042,"Médio porte",0,0,"Cluster 2",5.66,4,"Cluster 2 - Médio porte","Médio porte (>20 mil e <100 mil)"
"1563","Lagoa do Carro","Pernambuco",17981,4456,"Menor porte",0,0,"Cluster 2",16.92,8,"Cluster 2 - Menor porte","Menor porte (<20 mil)"
"1564","Lagoa do Ouro","Pernambuco",11984,3048,"Menor porte",0,0,"Cluster 2",16.92,5,"Cluster 2 - Menor porte","Menor porte (<20 mil)"
"1565","Lagoa dos Gatos","Pernambuco",14076,3988,"Menor porte",0,0,"Cluster 2",16.92,7,"Cluster 2 - Menor porte","Menor porte (<20 mil)"
"1566","Lagoa Grande","Pernambuco",24088,5446,"Médio porte",0,0,"Cluster 2",5.66,3,"Cluster 2 - Médio porte","Médio porte (>20 mil e <100 mil)"
"1567","Lajedo","Pernambuco",39582,20904,"Médio porte",0,0,"Cluster 3",4.29,9,"Cluster 3 - Médio porte","Médio porte (>20 mil e <100 mil)"
"1568","Limoeiro","Pernambuco",56510,22699,"Médio porte",0,0,"Cluster 3",4.29,10,"Cluster 3 - Médio porte","Médio porte (>20 mil e <100 mil)"
"1569","Macaparana","Pernambuco",23879,8957,"Médio porte",0,0,"Cluster 3",4.29,4,"Cluster 3 - Médio porte","Médio porte (>20 mil e <100 mil)"
"1570","Machados","Pernambuco",11284,4181,"Menor porte",0,0,"Cluster 2",16.92,7,"Cluster 2 - Menor porte","Menor porte (<20 mil)"
"1571","Manari","Pernambuco",25432,2951,"Médio porte",0,0,"Cluster 2",5.66,2,"Cluster 2 - Médio porte","Médio porte (>20 mil e <100 mil)"
"1572","Maraial","Pernambuco",9359,2326,"Menor porte",0,0,"Cluster 2",16.92,4,"Cluster 2 - Menor porte","Menor porte (<20 mil)"
"1573","Mirandiba","Pernambuco",14166,3391,"Menor porte",0,0,"Cluster 2",16.92,6,"Cluster 2 - Menor porte","Menor porte (<20 mil)"
"1574","Moreilândia","Pernambuco",10540,2182,"Menor porte",0,0,"Cluster 2",16.92,4,"Cluster 2 - Menor porte","Menor porte (<20 mil)"
"1575","Moreno","Pernambuco",55292,19363,"Médio porte",3,1.55,"Cluster 3",4.29,8,"Cluster 3 - Médio porte","Médio porte (>20 mil e <100 mil)"
"1576","Nazaré da Mata","Pernambuco",30648,9165,"Médio porte",10,10.91,"Cluster 3",4.29,4,"Cluster 3 - Médio porte","Médio porte (>20 mil e <100 mil)"
"1577","Olinda","Pernambuco",349976,152302,"Maior porte",10,0.66,"Cluster 3",3.72,57,"Cluster 3 - Maior porte","Maior porte (>100 mil)"
"1578","Orobó","Pernambuco",21841,7376,"Médio porte",0,0,"Cluster 2",5.66,4,"Cluster 2 - Médio porte","Médio porte (>20 mil e <100 mil)"
"1579","Orocó","Pernambuco",13613,3801,"Menor porte",0,0,"Cluster 2",16.92,6,"Cluster 2 - Menor porte","Menor porte (<20 mil)"
"1580","Ouricuri","Pernambuco",65245,27167,"Médio porte",0,0,"Cluster 2",5.66,15,"Cluster 2 - Médio porte","Médio porte (>20 mil e <100 mil)"
"1581","Palmares","Pernambuco",54584,25733,"Médio porte",8,3.11,"Cluster 3",4.29,11,"Cluster 3 - Médio porte","Médio porte (>20 mil e <100 mil)"
"1582","Palmeirina","Pernambuco",7032,1666,"Menor porte",0,0,"Cluster 2",16.92,3,"Cluster 2 - Menor porte","Menor porte (<20 mil)"
"1583","Panelas","Pernambuco",22991,5448,"Médio porte",8,14.68,"Cluster 2",5.66,3,"Cluster 2 - Médio porte","Médio porte (>20 mil e <100 mil)"
"1584","Paranatama","Pernambuco",12199,3654,"Menor porte",0,0,"Cluster 2",16.92,6,"Cluster 2 - Menor porte","Menor porte (<20 mil)"
"1585","Parnamirim","Pernambuco",18612,6316,"Médio porte",0,0,"Cluster 2",5.66,4,"Cluster 2 - Médio porte","Médio porte (>20 mil e <100 mil)"
"1586","Passira","Pernambuco",28340,9058,"Médio porte",0,0,"Cluster 2",5.66,5,"Cluster 2 - Médio porte","Médio porte (>20 mil e <100 mil)"
"1587","Paudalho","Pernambuco",56665,17696,"Médio porte",0,0,"Cluster 3",4.29,8,"Cluster 3 - Médio porte","Médio porte (>20 mil e <100 mil)"
"1588","Paulista","Pernambuco",342167,122116,"Maior porte",23,1.88,"Cluster 3",3.72,45,"Cluster 3 - Maior porte","Maior porte (>100 mil)"
"1589","Pedra","Pernambuco",22795,4723,"Médio porte",0,0,"Cluster 2",5.66,3,"Cluster 2 - Médio porte","Médio porte (>20 mil e <100 mil)"
"1590","Pesqueira","Pernambuco",62610,23952,"Médio porte",2,0.84,"Cluster 3",4.29,10,"Cluster 3 - Médio porte","Médio porte (>20 mil e <100 mil)"
"1591","Petrolândia","Pernambuco",34161,11661,"Médio porte",0,0,"Cluster 3",4.29,5,"Cluster 3 - Médio porte","Médio porte (>20 mil e <100 mil)"
"1592","Petrolina","Pernambuco",386791,177577,"Maior porte",34,1.91,"Cluster 3",3.72,66,"Cluster 3 - Maior porte","Maior porte (>100 mil)"
"1593","Poção","Pernambuco",10500,4562,"Menor porte",0,0,"Cluster 2",16.92,8,"Cluster 2 - Menor porte","Menor porte (<20 mil)"
"1594","Pombos","Pernambuco",25464,9665,"Médio porte",4,4.14,"Cluster 2",5.66,5,"Cluster 2 - Médio porte","Médio porte (>20 mil e <100 mil)"
"1595","Primavera","Pernambuco",13857,2367,"Menor porte",0,0,"Cluster 2",16.92,4,"Cluster 2 - Menor porte","Menor porte (<20 mil)"
"1596","Quipapá","Pernambuco",17928,3403,"Médio porte",0,0,"Cluster 2",5.66,2,"Cluster 2 - Médio porte","Médio porte (>20 mil e <100 mil)"
"1597","Quixaba","Pernambuco",6554,3474,"Menor porte",0,0,"Cluster 2",16.92,6,"Cluster 2 - Menor porte","Menor porte (<20 mil)"
"1598","Recife","Pernambuco",1488920,736969,"Maior porte",219,2.97,"Cluster 1",3.23,238,"Cluster 1 - Maior porte","Maior porte (>100 mil)"
"1599","Riacho das Almas","Pernambuco",20641,8111,"Médio porte",0,0,"Cluster 2",5.66,5,"Cluster 2 - Médio porte","Médio porte (>20 mil e <100 mil)"
"1600","Ribeirão","Pernambuco",33507,10871,"Médio porte",0,0,"Cluster 2",5.66,6,"Cluster 2 - Médio porte","Médio porte (>20 mil e <100 mil)"
"1601","Rio Formoso","Pernambuco",20009,5346,"Médio porte",2,3.74,"Cluster 2",5.66,3,"Cluster 2 - Médio porte","Médio porte (>20 mil e <100 mil)"
"1602","Sairé","Pernambuco",10887,2981,"Menor porte",2,6.71,"Cluster 2",16.92,5,"Cluster 2 - Menor porte","Menor porte (<20 mil)"
"1603","Salgadinho","Pernambuco",5727,1323,"Menor porte",0,0,"Cluster 2",16.92,2,"Cluster 2 - Menor porte","Menor porte (<20 mil)"
"1604","Salgueiro","Pernambuco",62372,30564,"Médio porte",18,5.89,"Cluster 3",4.29,13,"Cluster 3 - Médio porte","Médio porte (>20 mil e <100 mil)"
"1605","Saloá","Pernambuco",13836,3787,"Menor porte",4,10.56,"Cluster 2",16.92,6,"Cluster 2 - Menor porte","Menor porte (<20 mil)"
"1606","Sanharó","Pernambuco",18624,6063,"Médio porte",0,0,"Cluster 2",5.66,3,"Cluster 2 - Médio porte","Médio porte (>20 mil e <100 mil)"
"1607","Santa Cruz","Pernambuco",13841,3764,"Menor porte",0,0,"Cluster 2",16.92,6,"Cluster 2 - Menor porte","Menor porte (<20 mil)"
"1608","Santa Cruz da Baixa Verde","Pernambuco",11567,5112,"Menor porte",0,0,"Cluster 2",16.92,9,"Cluster 2 - Menor porte","Menor porte (<20 mil)"
"1609","Santa Cruz do Capibaribe","Pernambuco",98254,67396,"Maior porte",0,0,"Cluster 3",3.72,25,"Cluster 3 - Maior porte","Maior porte (>100 mil)"
"1610","Santa Filomena","Pernambuco",12106,3055,"Menor porte",0,0,"Cluster 2",16.92,5,"Cluster 2 - Menor porte","Menor porte (<20 mil)"
"1611","Santa Maria da Boa Vista","Pernambuco",40578,11712,"Médio porte",0,0,"Cluster 2",5.66,7,"Cluster 2 - Médio porte","Médio porte (>20 mil e <100 mil)"
"1612","Santa Maria do Cambucá","Pernambuco",14013,4560,"Menor porte",0,0,"Cluster 2",16.92,8,"Cluster 2 - Menor porte","Menor porte (<20 mil)"
"1613","Santa Terezinha","Pernambuco",10244,2919,"Menor porte",0,0,"Cluster 2",16.92,5,"Cluster 2 - Menor porte","Menor porte (<20 mil)"
"1614","São Benedito do Sul","Pernambuco",13113,1698,"Menor porte",0,0,"Cluster 2",16.92,3,"Cluster 2 - Menor porte","Menor porte (<20 mil)"
"1615","São Bento do Una","Pernambuco",49370,18603,"Médio porte",0,0,"Cluster 2",5.66,11,"Cluster 2 - Médio porte","Médio porte (>20 mil e <100 mil)"
"1616","São Caitano","Pernambuco",37126,13829,"Médio porte",0,0,"Cluster 2",5.66,8,"Cluster 2 - Médio porte","Médio porte (>20 mil e <100 mil)"
"1617","São João","Pernambuco",23817,6096,"Médio porte",0,0,"Cluster 2",5.66,3,"Cluster 2 - Médio porte","Médio porte (>20 mil e <100 mil)"
"1618","São Joaquim do Monte","Pernambuco",19854,4780,"Médio porte",0,0,"Cluster 2",5.66,3,"Cluster 2 - Médio porte","Médio porte (>20 mil e <100 mil)"
"1619","São José da Coroa Grande","Pernambuco",18825,4882,"Médio porte",2,4.1,"Cluster 2",5.66,3,"Cluster 2 - Médio porte","Médio porte (>20 mil e <100 mil)"
"1620","São José do Belmonte","Pernambuco",34843,12052,"Médio porte",0,0,"Cluster 2",5.66,7,"Cluster 2 - Médio porte","Médio porte (>20 mil e <100 mil)"
"1621","São José do Egito","Pernambuco",31004,14328,"Médio porte",0,0,"Cluster 3",4.29,6,"Cluster 3 - Médio porte","Médio porte (>20 mil e <100 mil)"
"1622","São Lourenço da Mata","Pernambuco",111249,30948,"Maior porte",8,2.58,"Cluster 3",3.72,12,"Cluster 3 - Maior porte","Maior porte (>100 mil)"
"1623","São Vicente Férrer","Pernambuco",16677,5479,"Menor porte",0,0,"Cluster 2",16.92,9,"Cluster 2 - Menor porte","Menor porte (<20 mil)"
"1624","Serra Talhada","Pernambuco",92228,45898,"Médio porte",15,3.27,"Cluster 3",4.29,20,"Cluster 3 - Médio porte","Médio porte (>20 mil e <100 mil)"
"1625","Serrita","Pernambuco",18207,3774,"Menor porte",0,0,"Cluster 2",16.92,6,"Cluster 2 - Menor porte","Menor porte (<20 mil)"
"1626","Sertânia","Pernambuco",32729,17327,"Médio porte",0,0,"Cluster 3",4.29,7,"Cluster 3 - Médio porte","Médio porte (>20 mil e <100 mil)"
"1627","Sirinhaém","Pernambuco",37596,8174,"Médio porte",2,2.45,"Cluster 2",5.66,5,"Cluster 2 - Médio porte","Médio porte (>20 mil e <100 mil)"
"1628","Solidão","Pernambuco",5271,1341,"Menor porte",0,0,"Cluster 2",16.92,2,"Cluster 2 - Menor porte","Menor porte (<20 mil)"
"1629","Surubim","Pernambuco",64183,31701,"Médio porte",0,0,"Cluster 3",4.29,14,"Cluster 3 - Médio porte","Médio porte (>20 mil e <100 mil)"
"1630","Tabira","Pernambuco",27623,13685,"Médio porte",0,0,"Cluster 3",4.29,6,"Cluster 3 - Médio porte","Médio porte (>20 mil e <100 mil)"
"1631","Tacaimbó","Pernambuco",13738,3993,"Menor porte",0,0,"Cluster 2",16.92,7,"Cluster 2 - Menor porte","Menor porte (<20 mil)"
"1632","Tacaratu","Pernambuco",23902,3663,"Médio porte",0,0,"Cluster 2",5.66,2,"Cluster 2 - Médio porte","Médio porte (>20 mil e <100 mil)"
"1633","Tamandaré","Pernambuco",23561,6302,"Médio porte",1,1.59,"Cluster 2",5.66,4,"Cluster 2 - Médio porte","Médio porte (>20 mil e <100 mil)"
"1634","Taquaritinga do Norte","Pernambuco",24736,10998,"Médio porte",0,0,"Cluster 3",4.29,5,"Cluster 3 - Médio porte","Médio porte (>20 mil e <100 mil)"
"1635","Terezinha","Pernambuco",6653,1899,"Menor porte",2,10.53,"Cluster 2",16.92,3,"Cluster 2 - Menor porte","Menor porte (<20 mil)"
"1636","Terra Nova","Pernambuco",8920,2917,"Menor porte",0,0,"Cluster 2",16.92,5,"Cluster 2 - Menor porte","Menor porte (<20 mil)"
"1637","Timbaúba","Pernambuco",46147,28641,"Médio porte",0,0,"Cluster 3",4.29,12,"Cluster 3 - Médio porte","Médio porte (>20 mil e <100 mil)"
"1638","Toritama","Pernambuco",41137,19853,"Médio porte",0,0,"Cluster 3",4.29,9,"Cluster 3 - Médio porte","Médio porte (>20 mil e <100 mil)"
"1639","Tracunhaém","Pernambuco",13867,2900,"Menor porte",2,6.9,"Cluster 2",16.92,5,"Cluster 2 - Menor porte","Menor porte (<20 mil)"
"1640","Trindade","Pernambuco",30321,12707,"Médio porte",0,0,"Cluster 2",5.66,7,"Cluster 2 - Médio porte","Médio porte (>20 mil e <100 mil)"
"1641","Triunfo","Pernambuco",14705,8117,"Menor porte",0,0,"Cluster 3",8.89,7,"Cluster 3 - Menor porte","Menor porte (<20 mil)"
"1642","Tupanatinga","Pernambuco",25536,5594,"Médio porte",0,0,"Cluster 2",5.66,3,"Cluster 2 - Médio porte","Médio porte (>20 mil e <100 mil)"
"1643","Tuparetama","Pernambuco",7985,4119,"Menor porte",0,0,"Cluster 3",8.89,4,"Cluster 3 - Menor porte","Menor porte (<20 mil)"
"1644","Venturosa","Pernambuco",16872,4634,"Menor porte",0,0,"Cluster 2",16.92,8,"Cluster 2 - Menor porte","Menor porte (<20 mil)"
"1645","Verdejante","Pernambuco",9169,2376,"Menor porte",0,0,"Cluster 2",16.92,4,"Cluster 2 - Menor porte","Menor porte (<20 mil)"
"1646","Vertente do Lério","Pernambuco",7558,3407,"Menor porte",0,0,"Cluster 2",16.92,6,"Cluster 2 - Menor porte","Menor porte (<20 mil)"
"1647","Vertentes","Pernambuco",21959,6373,"Médio porte",0,0,"Cluster 2",5.66,4,"Cluster 2 - Médio porte","Médio porte (>20 mil e <100 mil)"
"1648","Vicência","Pernambuco",26355,8067,"Médio porte",0,0,"Cluster 2",5.66,5,"Cluster 2 - Médio porte","Médio porte (>20 mil e <100 mil)"
"1649","Vitória de Santo Antão","Pernambuco",134.084,65797,"Maior porte",4,0.61,"Cluster 3",3.72,25,"Cluster 3 - Maior porte","Maior porte (>100 mil)"
"1650","Xexéu","Pernambuco",11611,2583,"Menor porte",0,0,"Cluster 2",16.92,4,"Cluster 2 - Menor porte","Menor porte (<20 mil)"
"1651","Água Branca","Alagoas",19174,5517,"Médio porte",2,3.63,"Cluster 2",5.66,3,"Cluster 2 - Médio porte","Médio porte (>20 mil e <100 mil)"
"1652","Anadia","Alagoas",13966,3549,"Menor porte",0,0,"Cluster 2",16.92,6,"Cluster 2 - Menor porte","Menor porte (<20 mil)"
"1653","Arapiraca","Alagoas",234696,137032,"Maior porte",0,0,"Cluster 3",3.72,51,"Cluster 3 - Maior porte","Maior porte (>100 mil)"
"1654","Atalaia","Alagoas",37512,8840,"Médio porte",10,11.31,"Cluster 2",5.66,5,"Cluster 2 - Médio porte","Médio porte (>20 mil e <100 mil)"
"1655","Barra de Santo Antônio","Alagoas",16365,3111,"Menor porte",0,0,"Cluster 2",16.92,5,"Cluster 2 - Menor porte","Menor porte (<20 mil)"
"1656","Barra de São Miguel","Alagoas",7944,2698,"Menor porte",0,0,"Cluster 2",16.92,5,"Cluster 2 - Menor porte","Menor porte (<20 mil)"
"1657","Batalha","Alagoas",16774,4782,"Menor porte",0,0,"Cluster 2",16.92,8,"Cluster 2 - Menor porte","Menor porte (<20 mil)"
"1658","Belém","Alagoas",4722,1454,"Menor porte",4,27.51,"Cluster 2",16.92,2,"Cluster 2 - Menor porte","Menor porte (<20 mil)"
"1659","Belo Monte","Alagoas",5787,1004,"Menor porte",0,0,"Cluster 2",16.92,2,"Cluster 2 - Menor porte","Menor porte (<20 mil)"
"1660","Boca da Mata","Alagoas",21187,6693,"Médio porte",0,0,"Cluster 2",5.66,4,"Cluster 2 - Médio porte","Médio porte (>20 mil e <100 mil)"
"1661","Branquinha","Alagoas",9603,1856,"Menor porte",2,10.78,"Cluster 2",16.92,3,"Cluster 2 - Menor porte","Menor porte (<20 mil)"
"1662","Cacimbinhas","Alagoas",10477,2727,"Menor porte",2,7.33,"Cluster 2",16.92,5,"Cluster 2 - Menor porte","Menor porte (<20 mil)"
"1663","Cajueiro","Alagoas",16359,3602,"Médio porte",0,0,"Cluster 2",5.66,2,"Cluster 2 - Médio porte","Médio porte (>20 mil e <100 mil)"
"1664","Campestre","Alagoas",6665,818,"Menor porte",0,0,"Cluster 2",16.92,1,"Cluster 2 - Menor porte","Menor porte (<20 mil)"
"1665","Campo Alegre","Alagoas",32106,6603,"Médio porte",0,0,"Cluster 2",5.66,4,"Cluster 2 - Médio porte","Médio porte (>20 mil e <100 mil)"
"1666","Campo Grande","Alagoas",8143,3040,"Menor porte",0,0,"Cluster 2",16.92,5,"Cluster 2 - Menor porte","Menor porte (<20 mil)"
"1667","Canapi","Alagoas",15376,3643,"Menor porte",0,0,"Cluster 2",16.92,6,"Cluster 2 - Menor porte","Menor porte (<20 mil)"
"1668","Capela","Alagoas",14817,2537,"Menor porte",0,0,"Cluster 2",16.92,4,"Cluster 2 - Menor porte","Menor porte (<20 mil)"
"1669","Carneiros","Alagoas",8999,1681,"Menor porte",0,0,"Cluster 2",16.92,3,"Cluster 2 - Menor porte","Menor porte (<20 mil)"
"1670","Chã Preta","Alagoas",5910,1663,"Menor porte",0,0,"Cluster 2",16.92,3,"Cluster 2 - Menor porte","Menor porte (<20 mil)"
"1671","Coité do Nóia","Alagoas",10810,3560,"Menor porte",0,0,"Cluster 2",16.92,6,"Cluster 2 - Menor porte","Menor porte (<20 mil)"
"1672","Colônia Leopoldina","Alagoas",15717,2375,"Médio porte",0,0,"Cluster 2",5.66,1,"Cluster 2 - Médio porte","Médio porte (>20 mil e <100 mil)"
"1673","Coqueiro Seco","Alagoas",5581,1397,"Menor porte",0,0,"Cluster 2",16.92,2,"Cluster 2 - Menor porte","Menor porte (<20 mil)"
"1674","Coruripe","Alagoas",50414,16955,"Médio porte",0,0,"Cluster 3",4.29,7,"Cluster 3 - Médio porte","Médio porte (>20 mil e <100 mil)"
"1675","Craíbas","Alagoas",24686,7887,"Médio porte",0,0,"Cluster 2",5.66,4,"Cluster 2 - Médio porte","Médio porte (>20 mil e <100 mil)"
"1676","Delmiro Gouveia","Alagoas",51318,26335,"Médio porte",0,0,"Cluster 3",4.29,11,"Cluster 3 - Médio porte","Médio porte (>20 mil e <100 mil)"
"1677","Dois Riachos","Alagoas",9721,3592,"Menor porte",2,5.57,"Cluster 2",16.92,6,"Cluster 2 - Menor porte","Menor porte (<20 mil)"
"1678","Estrela de Alagoas","Alagoas",15429,4249,"Menor porte",1,2.35,"Cluster 2",16.92,7,"Cluster 2 - Menor porte","Menor porte (<20 mil)"
"1679","Feira Grande","Alagoas",22712,6171,"Médio porte",0,0,"Cluster 2",5.66,3,"Cluster 2 - Médio porte","Médio porte (>20 mil e <100 mil)"
"1680","Feliz Deserto","Alagoas",3963,816,"Menor porte",0,0,"Cluster 2",16.92,1,"Cluster 2 - Menor porte","Menor porte (<20 mil)"
"1681","Flexeiras","Alagoas",9618,1943,"Menor porte",2,10.29,"Cluster 2",16.92,3,"Cluster 2 - Menor porte","Menor porte (<20 mil)"
"1682","Girau do Ponciano","Alagoas",36238,11564,"Médio porte",0,0,"Cluster 2",5.66,7,"Cluster 2 - Médio porte","Médio porte (>20 mil e <100 mil)"
"1683","Ibateguara","Alagoas",13731,2911,"Menor porte",0,0,"Cluster 2",16.92,5,"Cluster 2 - Menor porte","Menor porte (<20 mil)"
"1684","Igaci","Alagoas",24594,7037,"Médio porte",0,0,"Cluster 2",5.66,4,"Cluster 2 - Médio porte","Médio porte (>20 mil e <100 mil)"
"1685","Igreja Nova","Alagoas",21721,5814,"Médio porte",0,0,"Cluster 2",5.66,3,"Cluster 2 - Médio porte","Médio porte (>20 mil e <100 mil)"
"1686","Inhapi","Alagoas",15167,5229,"Menor porte",2,3.82,"Cluster 2",16.92,9,"Cluster 2 - Menor porte","Menor porte (<20 mil)"
"1687","Jacaré dos Homens","Alagoas",5083,1200,"Menor porte",0,0,"Cluster 2",16.92,2,"Cluster 2 - Menor porte","Menor porte (<20 mil)"
"1688","Jacuípe","Alagoas",5352,861,"Menor porte",0,0,"Cluster 2",16.92,1,"Cluster 2 - Menor porte","Menor porte (<20 mil)"
"1689","Japaratinga","Alagoas",9219,2044,"Menor porte",0,0,"Cluster 2",16.92,3,"Cluster 2 - Menor porte","Menor porte (<20 mil)"
"1690","Jaramataia","Alagoas",4985,1104,"Menor porte",0,0,"Cluster 2",16.92,2,"Cluster 2 - Menor porte","Menor porte (<20 mil)"
"1691","Jequiá da Praia","Alagoas",9470,1686,"Menor porte",0,0,"Cluster 2",16.92,3,"Cluster 2 - Menor porte","Menor porte (<20 mil)"
"1692","Joaquim Gomes","Alagoas",17150,3358,"Médio porte",0,0,"Cluster 2",5.66,2,"Cluster 2 - Médio porte","Médio porte (>20 mil e <100 mil)"
"1693","Jundiá","Alagoas",4092,823,"Menor porte",0,0,"Cluster 2",16.92,1,"Cluster 2 - Menor porte","Menor porte (<20 mil)"
"1694","Junqueiro","Alagoas",23907,7225,"Médio porte",0,0,"Cluster 2",5.66,4,"Cluster 2 - Médio porte","Médio porte (>20 mil e <100 mil)"
"1695","Lagoa da Canoa","Alagoas",18457,6357,"Menor porte",0,0,"Cluster 2",16.92,11,"Cluster 2 - Menor porte","Menor porte (<20 mil)"
"1696","Limoeiro de Anadia","Alagoas",24740,6945,"Médio porte",0,0,"Cluster 2",5.66,4,"Cluster 2 - Médio porte","Médio porte (>20 mil e <100 mil)"
"1697","Maceió","Alagoas",957916,408561,"Maior porte",22,0.54,"Cluster 3",3.72,152,"Cluster 3 - Maior porte","Maior porte (>100 mil)"
"1698","Major Isidoro","Alagoas",17503,4394,"Menor porte",0,0,"Cluster 2",16.92,7,"Cluster 2 - Menor porte","Menor porte (<20 mil)"
"1699","Mar Vermelho","Alagoas",3155,1129,"Menor porte",0,0,"Cluster 2",16.92,2,"Cluster 2 - Menor porte","Menor porte (<20 mil)"
"1700","Maragogi","Alagoas",32174,5938,"Médio porte",0,0,"Cluster 2",5.66,3,"Cluster 2 - Médio porte","Médio porte (>20 mil e <100 mil)"
"1701","Maravilha","Alagoas",9534,2758,"Menor porte",2,7.25,"Cluster 2",16.92,5,"Cluster 2 - Menor porte","Menor porte (<20 mil)"
"1702","Marechal Deodoro","Alagoas",60370,17059,"Médio porte",0,0,"Cluster 3",4.29,7,"Cluster 3 - Médio porte","Médio porte (>20 mil e <100 mil)"
"1703","Maribondo","Alagoas",13679,3517,"Menor porte",2,5.69,"Cluster 2",16.92,6,"Cluster 2 - Menor porte","Menor porte (<20 mil)"
"1704","Mata Grande","Alagoas",21861,5145,"Médio porte",0,0,"Cluster 2",5.66,3,"Cluster 2 - Médio porte","Médio porte (>20 mil e <100 mil)"
"1705","Matriz de Camaragibe","Alagoas",23857,5168,"Médio porte",0,0,"Cluster 2",5.66,3,"Cluster 2 - Médio porte","Médio porte (>20 mil e <100 mil)"
"1706","Messias","Alagoas",15405,3373,"Menor porte",0,0,"Cluster 2",16.92,6,"Cluster 2 - Menor porte","Menor porte (<20 mil)"
"1707","Minador do Negrão","Alagoas",4845,1680,"Menor porte",0,0,"Cluster 2",16.92,3,"Cluster 2 - Menor porte","Menor porte (<20 mil)"
"1708","Monteirópolis","Alagoas",7184,1502,"Menor porte",0,0,"Cluster 2",16.92,3,"Cluster 2 - Menor porte","Menor porte (<20 mil)"
"1709","Murici","Alagoas",25187,5900,"Médio porte",2,3.39,"Cluster 2",5.66,3,"Cluster 2 - Médio porte","Médio porte (>20 mil e <100 mil)"
"1710","Novo Lino","Alagoas",10119,2104,"Menor porte",0,0,"Cluster 2",16.92,4,"Cluster 2 - Menor porte","Menor porte (<20 mil)"
"1711","Olho d'Água das Flores","Alagoas",20715,7254,"Médio porte",0,0,"Cluster 2",5.66,4,"Cluster 2 - Médio porte","Médio porte (>20 mil e <100 mil)"
"1712","Olho d'Água do Casado","Alagoas",8349,2109,"Menor porte",0,0,"Cluster 2",16.92,4,"Cluster 2 - Menor porte","Menor porte (<20 mil)"
"1713","Olho d'Água Grande","Alagoas",4306,1263,"Menor porte",0,0,"Cluster 2",16.92,2,"Cluster 2 - Menor porte","Menor porte (<20 mil)"
"1714","Olivença","Alagoas",10824,2986,"Menor porte",0,0,"Cluster 2",16.92,5,"Cluster 2 - Menor porte","Menor porte (<20 mil)"
"1715","Ouro Branco","Alagoas",11446,3542,"Menor porte",0,0,"Cluster 2",16.92,6,"Cluster 2 - Menor porte","Menor porte (<20 mil)"
"1716","Palestina","Alagoas",4325,734,"Menor porte",0,0,"Cluster 2",16.92,1,"Cluster 2 - Menor porte","Menor porte (<20 mil)"
"1717","Palmeira dos Índios","Alagoas",71574,29976,"Médio porte",10,3.34,"Cluster 3",4.29,13,"Cluster 3 - Médio porte","Médio porte (>20 mil e <100 mil)"
"1718","Pão de Açúcar","Alagoas",23823,4153,"Médio porte",0,0,"Cluster 2",5.66,2,"Cluster 2 - Médio porte","Médio porte (>20 mil e <100 mil)"
"1719","Pariconha","Alagoas",10573,2753,"Menor porte",0,0,"Cluster 2",16.92,5,"Cluster 2 - Menor porte","Menor porte (<20 mil)"
"1720","Paripueira","Alagoas",13835,3325,"Menor porte",0,0,"Cluster 2",16.92,6,"Cluster 2 - Menor porte","Menor porte (<20 mil)"
"1721","Passo de Camaragibe","Alagoas",13804,2537,"Menor porte",0,0,"Cluster 2",16.92,4,"Cluster 2 - Menor porte","Menor porte (<20 mil)"
"1722","Paulo Jacinto","Alagoas",6576,1593,"Menor porte",0,0,"Cluster 2",16.92,3,"Cluster 2 - Menor porte","Menor porte (<20 mil)"
"1723","Penedo","Alagoas",58593,21853,"Médio porte",0,0,"Cluster 3",4.29,9,"Cluster 3 - Médio porte","Médio porte (>20 mil e <100 mil)"
"1724","Piaçabuçu","Alagoas",15908,2781,"Menor porte",0,0,"Cluster 2",16.92,5,"Cluster 2 - Menor porte","Menor porte (<20 mil)"
"1725","Pilar","Alagoas",35370,9984,"Médio porte",4,4.01,"Cluster 2",5.66,6,"Cluster 2 - Médio porte","Médio porte (>20 mil e <100 mil)"
"1726","Pindoba","Alagoas",2731,532,"Menor porte",0,0,"Cluster 2",16.92,1,"Cluster 2 - Menor porte","Menor porte (<20 mil)"
"1727","Piranhas","Alagoas",22609,6880,"Médio porte",0,0,"Cluster 2",5.66,4,"Cluster 2 - Médio porte","Médio porte (>20 mil e <100 mil)"
"1728","Poço das Trincheiras","Alagoas",12728,3371,"Menor porte",2,5.93,"Cluster 2",16.92,6,"Cluster 2 - Menor porte","Menor porte (<20 mil)"
"1729","Porto Calvo","Alagoas",24071,6927,"Médio porte",0,0,"Cluster 2",5.66,4,"Cluster 2 - Médio porte","Médio porte (>20 mil e <100 mil)"
"1730","Porto de Pedras","Alagoas",9295,1965,"Menor porte",0,0,"Cluster 2",16.92,3,"Cluster 2 - Menor porte","Menor porte (<20 mil)"
"1731","Porto Real do Colégio","Alagoas",19846,3158,"Médio porte",3,9.5,"Cluster 2",5.66,2,"Cluster 2 - Médio porte","Médio porte (>20 mil e <100 mil)"
"1732","Quebrangulo","Alagoas",11080,2599,"Menor porte",0,0,"Cluster 2",16.92,4,"Cluster 2 - Menor porte","Menor porte (<20 mil)"
"1733","Rio Largo","Alagoas",93927,22675,"Médio porte",19,8.38,"Cluster 3",4.29,10,"Cluster 3 - Médio porte","Médio porte (>20 mil e <100 mil)"
"1734","Roteiro","Alagoas",6474,1287,"Menor porte",0,0,"Cluster 2",16.92,2,"Cluster 2 - Menor porte","Menor porte (<20 mil)"
"1735","Santa Luzia do Norte","Alagoas",6919,1561,"Menor porte",0,0,"Cluster 2",16.92,3,"Cluster 2 - Menor porte","Menor porte (<20 mil)"
"1736","Santana do Ipanema","Alagoas",46087,21056,"Médio porte",6,2.85,"Cluster 2",5.66,12,"Cluster 2 - Médio porte","Médio porte (>20 mil e <100 mil)"
"1737","Santana do Mundaú","Alagoas",11323,3244,"Menor porte",0,0,"Cluster 2",16.92,5,"Cluster 2 - Menor porte","Menor porte (<20 mil)"
"1738","São Brás","Alagoas",6425,653,"Menor porte",0,0,"Cluster 2",16.92,1,"Cluster 2 - Menor porte","Menor porte (<20 mil)"
"1739","São José da Laje","Alagoas",20813,4984,"Médio porte",3,6.02,"Cluster 2",5.66,3,"Cluster 2 - Médio porte","Médio porte (>20 mil e <100 mil)"
"1740","São José da Tapera","Alagoas",30604,6909,"Médio porte",0,0,"Cluster 2",5.66,4,"Cluster 2 - Médio porte","Médio porte (>20 mil e <100 mil)"
"1741","São Luís do Quitunde","Alagoas",30873,6481,"Médio porte",0,0,"Cluster 2",5.66,4,"Cluster 2 - Médio porte","Médio porte (>20 mil e <100 mil)"
"1742","São Miguel dos Campos","Alagoas",51990,19102,"Médio porte",2,1.05,"Cluster 3",4.29,8,"Cluster 3 - Médio porte","Médio porte (>20 mil e <100 mil)"
"1743","São Miguel dos Milagres","Alagoas",8482,2513,"Menor porte",0,0,"Cluster 2",16.92,4,"Cluster 2 - Menor porte","Menor porte (<20 mil)"
"1744","São Sebastião","Alagoas",31730,10107,"Médio porte",1,0.99,"Cluster 2",5.66,6,"Cluster 2 - Médio porte","Médio porte (>20 mil e <100 mil)"
"1745","Satuba","Alagoas",24278,6179,"Menor porte",11,17.8,"Cluster 3",8.89,5,"Cluster 3 - Menor porte","Menor porte (<20 mil)"
"1746","Senador Rui Palmeira","Alagoas",12303,2596,"Menor porte",0,0,"Cluster 2",16.92,4,"Cluster 2 - Menor porte","Menor porte (<20 mil)"
"1747","Tanque d'Arca","Alagoas",5796,1719,"Menor porte",0,0,"Cluster 2",16.92,3,"Cluster 2 - Menor porte","Menor porte (<20 mil)"
"1748","Taquarana","Alagoas",19032,6267,"Médio porte",0,0,"Cluster 2",5.66,4,"Cluster 2 - Médio porte","Médio porte (>20 mil e <100 mil)"
"1749","Teotônio Vilela","Alagoas",38053,11096,"Médio porte",0,0,"Cluster 2",5.66,6,"Cluster 2 - Médio porte","Médio porte (>20 mil e <100 mil)"
"1750","Traipu","Alagoas",23695,4439,"Médio porte",0,0,"Cluster 2",5.66,3,"Cluster 2 - Médio porte","Médio porte (>20 mil e <100 mil)"
"1751","União dos Palmares","Alagoas",59280,22232,"Médio porte",5,2.25,"Cluster 2",5.66,13,"Cluster 2 - Médio porte","Médio porte (>20 mil e <100 mil)"
"1752","Viçosa","Alagoas",23972,7253,"Médio porte",0,0,"Cluster 2",5.66,4,"Cluster 2 - Médio porte","Médio porte (>20 mil e <100 mil)"
"1753","Amparo de São Francisco","Sergipe",NA,598,"Menor porte",0,0,"Cluster 2",16.92,1,"Cluster 2 - Menor porte","Menor porte (<20 mil)"
"1754","Aquidabã","Sergipe",20131,6620,"Médio porte",0,0,"Cluster 2",5.66,4,"Cluster 2 - Médio porte","Médio porte (>20 mil e <100 mil)"
"1755","Aracaju","Sergipe",602757,344628,"Maior porte",65,1.89,"Cluster 1",3.23,111,"Cluster 1 - Maior porte","Maior porte (>100 mil)"
"1756","Arauá","Sergipe",10318,2833,"Menor porte",0,0,"Cluster 2",16.92,5,"Cluster 2 - Menor porte","Menor porte (<20 mil)"
"1757","Areia Branca","Sergipe",18081,5536,"Menor porte",1,1.81,"Cluster 2",16.92,9,"Cluster 2 - Menor porte","Menor porte (<20 mil)"
"1758","Barra dos Coqueiros","Sergipe",41511,11565,"Médio porte",2,1.73,"Cluster 3",4.29,5,"Cluster 3 - Médio porte","Médio porte (>20 mil e <100 mil)"
"1759","Boquim","Sergipe",24636,10669,"Médio porte",0,0,"Cluster 3",4.29,5,"Cluster 3 - Médio porte","Médio porte (>20 mil e <100 mil)"
"1760","Brejo Grande","Sergipe",7841,917,"Menor porte",0,0,"Cluster 2",16.92,2,"Cluster 2 - Menor porte","Menor porte (<20 mil)"
"1761","Campo do Brito","Sergipe",18149,8969,"Menor porte",0,0,"Cluster 3",8.89,8,"Cluster 3 - Menor porte","Menor porte (<20 mil)"
"1762","Canhoba","Sergipe",3791,957,"Menor porte",0,0,"Cluster 2",16.92,2,"Cluster 2 - Menor porte","Menor porte (<20 mil)"
"1763","Canindé de São Francisco","Sergipe",26834,8748,"Médio porte",6,6.86,"Cluster 3",4.29,4,"Cluster 3 - Médio porte","Médio porte (>20 mil e <100 mil)"
"1764","Capela","Sergipe",31645,9006,"Médio porte",1,1.11,"Cluster 2",5.66,5,"Cluster 2 - Médio porte","Médio porte (>20 mil e <100 mil)"
"1765","Carira","Sergipe",19939,9216,"Médio porte",0,0,"Cluster 2",5.66,5,"Cluster 2 - Médio porte","Médio porte (>20 mil e <100 mil)"
"1766","Carmópolis","Sergipe",13853,4879,"Menor porte",0,0,"Cluster 2",16.92,8,"Cluster 2 - Menor porte","Menor porte (<20 mil)"
"1767","Cedro de São João","Sergipe",5391,1809,"Menor porte",0,0,"Cluster 2",16.92,3,"Cluster 2 - Menor porte","Menor porte (<20 mil)"
"1768","Cristinápolis","Sergipe",17100,4843,"Menor porte",2,4.13,"Cluster 2",16.92,8,"Cluster 2 - Menor porte","Menor porte (<20 mil)"
"1769","Cumbe","Sergipe",3824,1292,"Menor porte",0,0,"Cluster 2",16.92,2,"Cluster 2 - Menor porte","Menor porte (<20 mil)"
"1770","Divina Pastora","Sergipe",4340,849,"Menor porte",0,0,"Cluster 2",16.92,1,"Cluster 2 - Menor porte","Menor porte (<20 mil)"
"1771","Estância","Sergipe",65078,30739,"Médio porte",10,3.25,"Cluster 3",4.29,13,"Cluster 3 - Médio porte","Médio porte (>20 mil e <100 mil)"
"1772","Feira Nova","Sergipe",6017,1709,"Menor porte",1,5.85,"Cluster 2",16.92,3,"Cluster 2 - Menor porte","Menor porte (<20 mil)"
"1773","Frei Paulo","Sergipe",14530,5439,"Menor porte",0,0,"Cluster 2",16.92,9,"Cluster 2 - Menor porte","Menor porte (<20 mil)"
"1774","Gararu","Sergipe",11095,2562,"Menor porte",0,0,"Cluster 2",16.92,4,"Cluster 2 - Menor porte","Menor porte (<20 mil)"
"1775","General Maynard","Sergipe",3037,908,"Menor porte",0,0,"Cluster 2",16.92,2,"Cluster 2 - Menor porte","Menor porte (<20 mil)"
"1776","Gracho Cardoso","Sergipe",5838,1891,"Menor porte",0,0,"Cluster 2",16.92,3,"Cluster 2 - Menor porte","Menor porte (<20 mil)"
"1777","Ilha das Flores","Sergipe",8321,1501,"Menor porte",0,0,"Cluster 2",16.92,3,"Cluster 2 - Menor porte","Menor porte (<20 mil)"
"1778","Indiaroba","Sergipe",16549,3155,"Menor porte",3,9.51,"Cluster 2",16.92,5,"Cluster 2 - Menor porte","Menor porte (<20 mil)"
"1779","Itabaiana","Sergipe",103440,73038,"Médio porte",3,0.41,"Cluster 3",4.29,31,"Cluster 3 - Médio porte","Médio porte (>20 mil e <100 mil)"
"1780","Itabaianinha","Sergipe",40678,13631,"Médio porte",0,0,"Cluster 2",5.66,8,"Cluster 2 - Médio porte","Médio porte (>20 mil e <100 mil)"
"1781","Itabi","Sergipe",4745,1611,"Menor porte",0,0,"Cluster 2",16.92,3,"Cluster 2 - Menor porte","Menor porte (<20 mil)"
"1782","Itaporanga d'Ajuda","Sergipe",34411,9353,"Médio porte",10,10.69,"Cluster 2",5.66,5,"Cluster 2 - Médio porte","Médio porte (>20 mil e <100 mil)"
"1783","Japaratuba","Sergipe",16209,4769,"Menor porte",0,0,"Cluster 2",16.92,8,"Cluster 2 - Menor porte","Menor porte (<20 mil)"
"1784","Japoatã","Sergipe",13407,3208,"Menor porte",0,0,"Cluster 2",16.92,5,"Cluster 2 - Menor porte","Menor porte (<20 mil)"
"1785","Lagarto","Sergipe",101579,57809,"Maior porte",3,0.52,"Cluster 3",3.72,22,"Cluster 3 - Maior porte","Maior porte (>100 mil)"
"1786","Laranjeiras","Sergipe",23975,7364,"Médio porte",4,5.43,"Cluster 3",4.29,3,"Cluster 3 - Médio porte","Médio porte (>20 mil e <100 mil)"
"1787","Macambira","Sergipe",6838,2632,"Menor porte",0,0,"Cluster 2",16.92,4,"Cluster 2 - Menor porte","Menor porte (<20 mil)"
"1788","Malhada dos Bois","Sergipe",3579,1031,"Menor porte",0,0,"Cluster 2",16.92,2,"Cluster 2 - Menor porte","Menor porte (<20 mil)"
"1789","Malhador","Sergipe",11533,4203,"Menor porte",0,0,"Cluster 2",16.92,7,"Cluster 2 - Menor porte","Menor porte (<20 mil)"
"1790","Maruim","Sergipe",15719,3933,"Menor porte",0,0,"Cluster 2",16.92,7,"Cluster 2 - Menor porte","Menor porte (<20 mil)"
"1791","Moita Bonita","Sergipe",11050,5436,"Menor porte",0,0,"Cluster 2",16.92,9,"Cluster 2 - Menor porte","Menor porte (<20 mil)"
"1792","Monte Alegre de Sergipe","Sergipe",14356,4523,"Menor porte",3,6.63,"Cluster 2",16.92,8,"Cluster 2 - Menor porte","Menor porte (<20 mil)"
"1793","Muribeca","Sergipe",7822,1902,"Menor porte",0,0,"Cluster 2",16.92,3,"Cluster 2 - Menor porte","Menor porte (<20 mil)"
"1794","Neópolis","Sergipe",16426,4925,"Menor porte",0,0,"Cluster 2",16.92,8,"Cluster 2 - Menor porte","Menor porte (<20 mil)"
"1795","Nossa Senhora Aparecida","Sergipe",9232,3177,"Menor porte",1,3.15,"Cluster 2",16.92,5,"Cluster 2 - Menor porte","Menor porte (<20 mil)"
"1796","Nossa Senhora da Glória","Sergipe",41147,20522,"Médio porte",2,0.97,"Cluster 3",4.29,9,"Cluster 3 - Médio porte","Médio porte (>20 mil e <100 mil)"
"1797","Nossa Senhora das Dores","Sergipe",24996,10386,"Médio porte",0,0,"Cluster 2",5.66,6,"Cluster 2 - Médio porte","Médio porte (>20 mil e <100 mil)"
"1798","Nossa Senhora de Lourdes","Sergipe",6268,1859,"Menor porte",0,0,"Cluster 2",16.92,3,"Cluster 2 - Menor porte","Menor porte (<20 mil)"
"1799","Nossa Senhora do Socorro","Sergipe",192330,61793,"Maior porte",16,2.59,"Cluster 3",3.72,23,"Cluster 3 - Maior porte","Maior porte (>100 mil)"
"1800","Pacatuba","Sergipe",12502,3444,"Menor porte",0,0,"Cluster 2",16.92,6,"Cluster 2 - Menor porte","Menor porte (<20 mil)"
"1801","Pedra Mole","Sergipe",2778,702,"Menor porte",0,0,"Cluster 2",16.92,1,"Cluster 2 - Menor porte","Menor porte (<20 mil)"
"1802","Pedrinhas","Sergipe",7396,2635,"Menor porte",0,0,"Cluster 2",16.92,4,"Cluster 2 - Menor porte","Menor porte (<20 mil)"
"1803","Pinhão","Sergipe",5677,1747,"Menor porte",0,0,"Cluster 2",16.92,3,"Cluster 2 - Menor porte","Menor porte (<20 mil)"
"1804","Pirambu","Sergipe",7913,2090,"Menor porte",1,4.78,"Cluster 2",16.92,4,"Cluster 2 - Menor porte","Menor porte (<20 mil)"
"1805","Poço Redondo","Sergipe",33439,7011,"Médio porte",7,9.98,"Cluster 2",5.66,4,"Cluster 2 - Médio porte","Médio porte (>20 mil e <100 mil)"
"1806","Poço Verde","Sergipe",21794,7770,"Médio porte",0,0,"Cluster 2",5.66,4,"Cluster 2 - Médio porte","Médio porte (>20 mil e <100 mil)"
"1807","Porto da Folha","Sergipe",26576,6403,"Médio porte",4,6.25,"Cluster 2",5.66,4,"Cluster 2 - Médio porte","Médio porte (>20 mil e <100 mil)"
"1808","Propriá","Sergipe",26618,13651,"Médio porte",0,0,"Cluster 3",4.29,6,"Cluster 3 - Médio porte","Médio porte (>20 mil e <100 mil)"
"1809","Riachão do Dantas","Sergipe",18313,4209,"Menor porte",1,2.38,"Cluster 2",16.92,7,"Cluster 2 - Menor porte","Menor porte (<20 mil)"
"1810","Riachuelo","Sergipe",8748,1644,"Menor porte",1,6.08,"Cluster 2",16.92,3,"Cluster 2 - Menor porte","Menor porte (<20 mil)"
"1811","Ribeirópolis","Sergipe",17033,8863,"Menor porte",3,3.38,"Cluster 3",8.89,8,"Cluster 3 - Menor porte","Menor porte (<20 mil)"
"1812","Rosário do Catete","Sergipe",9295,2630,"Menor porte",0,0,"Cluster 2",16.92,4,"Cluster 2 - Menor porte","Menor porte (<20 mil)"
"1813","Salgado","Sergipe",20279,6921,"Médio porte",0,0,"Cluster 2",5.66,4,"Cluster 2 - Médio porte","Médio porte (>20 mil e <100 mil)"
"1814","Santa Luzia do Itanhy","Sergipe",13616,2277,"Menor porte",4,17.57,"Cluster 2",16.92,4,"Cluster 2 - Menor porte","Menor porte (<20 mil)"
"1815","Santa Rosa de Lima","Sergipe",3937,952,"Menor porte",0,0,"Cluster 2",16.92,2,"Cluster 2 - Menor porte","Menor porte (<20 mil)"
"1816","Santana do São Francisco","Sergipe",7346,1247,"Menor porte",0,0,"Cluster 2",16.92,2,"Cluster 2 - Menor porte","Menor porte (<20 mil)"
"1817","Santo Amaro das Brotas","Sergipe",11092,2955,"Menor porte",0,0,"Cluster 2",16.92,5,"Cluster 2 - Menor porte","Menor porte (<20 mil)"
"1818","São Cristóvão","Sergipe",95612,30517,"Médio porte",4,1.31,"Cluster 3",4.29,13,"Cluster 3 - Médio porte","Médio porte (>20 mil e <100 mil)"
"1819","São Domingos","Sergipe",10327,3623,"Menor porte",0,0,"Cluster 2",16.92,6,"Cluster 2 - Menor porte","Menor porte (<20 mil)"
"1820","São Francisco","Sergipe",3243,949,"Menor porte",1,10.54,"Cluster 2",16.92,2,"Cluster 2 - Menor porte","Menor porte (<20 mil)"
"1821","São Miguel do Aleixo","Sergipe",3434,1023,"Menor porte",0,0,"Cluster 2",16.92,2,"Cluster 2 - Menor porte","Menor porte (<20 mil)"
"1822","Simão Dias","Sergipe",42578,19499,"Médio porte",1,0.51,"Cluster 3",4.29,8,"Cluster 3 - Médio porte","Médio porte (>20 mil e <100 mil)"
"1823","Siriri","Sergipe",7834,1873,"Menor porte",1,5.34,"Cluster 2",16.92,3,"Cluster 2 - Menor porte","Menor porte (<20 mil)"
"1824","Telha","Sergipe",3274,1029,"Menor porte",0,0,"Cluster 2",16.92,2,"Cluster 2 - Menor porte","Menor porte (<20 mil)"
"1825","Tobias Barreto","Sergipe",50905,23167,"Médio porte",1,0.43,"Cluster 2",5.66,13,"Cluster 2 - Médio porte","Médio porte (>20 mil e <100 mil)"
"1826","Tomar do Geru","Sergipe",12012,3307,"Menor porte",0,0,"Cluster 2",16.92,6,"Cluster 2 - Menor porte","Menor porte (<20 mil)"
"1827","Umbaúba","Sergipe",23917,10442,"Médio porte",4,3.83,"Cluster 2",5.66,6,"Cluster 2 - Médio porte","Médio porte (>20 mil e <100 mil)"
"1828","Abaíra","Bahia",7301,2568,"Menor porte",0,0,"Cluster 2",16.92,4,"Cluster 2 - Menor porte","Menor porte (<20 mil)"
"1829","Abaré","Bahia",17639,2977,"Médio porte",1,3.36,"Cluster 2",5.66,2,"Cluster 2 - Médio porte","Médio porte (>20 mil e <100 mil)"
"1830","Acajutiba","Bahia",13795,3235,"Menor porte",0,0,"Cluster 2",16.92,5,"Cluster 2 - Menor porte","Menor porte (<20 mil)"
"1831","Adustina","Bahia",14201,2436,"Menor porte",0,0,"Cluster 2",16.92,4,"Cluster 2 - Menor porte","Menor porte (<20 mil)"
"1832","Água Fria","Bahia",14497,2680,"Menor porte",0,0,"Cluster 2",16.92,5,"Cluster 2 - Menor porte","Menor porte (<20 mil)"
"1833","Aiquara","Bahia",4447,663,"Menor porte",0,0,"Cluster 2",16.92,1,"Cluster 2 - Menor porte","Menor porte (<20 mil)"
"1834","Alagoinhas","Bahia",151055,66774,"Maior porte",24,3.59,"Cluster 3",3.72,25,"Cluster 3 - Maior porte","Maior porte (>100 mil)"
"1835","Alcobaça","Bahia",24530,5145,"Médio porte",2,3.89,"Cluster 2",5.66,3,"Cluster 2 - Médio porte","Médio porte (>20 mil e <100 mil)"
"1836","Almadina","Bahia",5218,872,"Menor porte",0,0,"Cluster 2",16.92,1,"Cluster 2 - Menor porte","Menor porte (<20 mil)"
"1837","Amargosa","Bahia",36521,14386,"Médio porte",0,0,"Cluster 3",4.29,6,"Cluster 3 - Médio porte","Médio porte (>20 mil e <100 mil)"
"1838","Amélia Rodrigues","Bahia",24138,7805,"Médio porte",0,0,"Cluster 3",4.29,3,"Cluster 3 - Médio porte","Médio porte (>20 mil e <100 mil)"
"1839","América Dourada","Bahia",15137,2985,"Menor porte",0,0,"Cluster 2",16.92,5,"Cluster 2 - Menor porte","Menor porte (<20 mil)"
"1840","Anagé","Bahia",25438,3875,"Médio porte",1,2.58,"Cluster 2",5.66,2,"Cluster 2 - Médio porte","Médio porte (>20 mil e <100 mil)"
"1841","Andaraí","Bahia",13080,2190,"Menor porte",0,0,"Cluster 2",16.92,4,"Cluster 2 - Menor porte","Menor porte (<20 mil)"
"1842","Andorinha","Bahia",15012,4014,"Menor porte",0,0,"Cluster 2",16.92,7,"Cluster 2 - Menor porte","Menor porte (<20 mil)"
"1843","Angical","Bahia",13732,2851,"Menor porte",0,0,"Cluster 2",16.92,5,"Cluster 2 - Menor porte","Menor porte (<20 mil)"
"1844","Anguera","Bahia",11031,1880,"Menor porte",0,0,"Cluster 2",16.92,3,"Cluster 2 - Menor porte","Menor porte (<20 mil)"
"1845","Antas","Bahia",14752,3108,"Menor porte",0,0,"Cluster 2",16.92,5,"Cluster 2 - Menor porte","Menor porte (<20 mil)"
"1846","Antônio Cardoso","Bahia",11146,1860,"Menor porte",0,0,"Cluster 2",16.92,3,"Cluster 2 - Menor porte","Menor porte (<20 mil)"
"1847","Antônio Gonçalves","Bahia",10862,2141,"Menor porte",0,0,"Cluster 2",16.92,4,"Cluster 2 - Menor porte","Menor porte (<20 mil)"
"1848","Aporá","Bahia",15922,3511,"Menor porte",0,0,"Cluster 2",16.92,6,"Cluster 2 - Menor porte","Menor porte (<20 mil)"
"1849","Apuarema","Bahia",6913,1490,"Menor porte",0,0,"Cluster 2",16.92,3,"Cluster 2 - Menor porte","Menor porte (<20 mil)"
"1850","Araçás","Bahia",11557,2603,"Menor porte",0,0,"Cluster 2",16.92,4,"Cluster 2 - Menor porte","Menor porte (<20 mil)"
"1851","Aracatu","Bahia",13936,3628,"Menor porte",0,0,"Cluster 2",16.92,6,"Cluster 2 - Menor porte","Menor porte (<20 mil)"
"1852","Araci","Bahia",48294,11056,"Médio porte",1,0.9,"Cluster 2",5.66,6,"Cluster 2 - Médio porte","Médio porte (>20 mil e <100 mil)"
"1853","Aramari","Bahia",9833,1743,"Menor porte",0,0,"Cluster 2",16.92,3,"Cluster 2 - Menor porte","Menor porte (<20 mil)"
"1854","Arataca","Bahia",10191,1358,"Menor porte",2,14.73,"Cluster 2",16.92,2,"Cluster 2 - Menor porte","Menor porte (<20 mil)"
"1855","Aratuípe","Bahia",8677,1712,"Menor porte",0,0,"Cluster 2",16.92,3,"Cluster 2 - Menor porte","Menor porte (<20 mil)"
"1856","Aurelino Leal","Bahia",11179,1838,"Menor porte",0,0,"Cluster 2",16.92,3,"Cluster 2 - Menor porte","Menor porte (<20 mil)"
"1857","Baianópolis","Bahia",13614,3103,"Menor porte",0,0,"Cluster 2",16.92,5,"Cluster 2 - Menor porte","Menor porte (<20 mil)"
"1858","Baixa Grande","Bahia",18220,4254,"Médio porte",0,0,"Cluster 2",5.66,2,"Cluster 2 - Médio porte","Médio porte (>20 mil e <100 mil)"
"1859","Banzaê","Bahia",11958,2253,"Menor porte",0,0,"Cluster 2",16.92,4,"Cluster 2 - Menor porte","Menor porte (<20 mil)"
"1860","Barra","Bahia",51092,8631,"Médio porte",0,0,"Cluster 2",5.66,5,"Cluster 2 - Médio porte","Médio porte (>20 mil e <100 mil)"
"1861","Barra da Estiva","Bahia",26026,9778,"Médio porte",0,0,"Cluster 3",4.29,4,"Cluster 3 - Médio porte","Médio porte (>20 mil e <100 mil)"
"1862","Barra do Choça","Bahia",36539,7197,"Médio porte",0,0,"Cluster 2",5.66,4,"Cluster 2 - Médio porte","Médio porte (>20 mil e <100 mil)"
"1863","Barra do Mendes","Bahia",13836,2688,"Menor porte",0,0,"Cluster 2",16.92,5,"Cluster 2 - Menor porte","Menor porte (<20 mil)"
"1864","Barra do Rocha","Bahia",5775,913,"Menor porte",0,0,"Cluster 2",16.92,2,"Cluster 2 - Menor porte","Menor porte (<20 mil)"
"1865","Barreiras","Bahia",159734,99364,"Maior porte",9,0.91,"Cluster 1",3.23,32,"Cluster 1 - Maior porte","Maior porte (>100 mil)"
"1866","Barro Alto","Bahia",13453,2684,"Menor porte",0,0,"Cluster 2",16.92,5,"Cluster 2 - Menor porte","Menor porte (<20 mil)"
"1867","Barro Preto","Bahia",5833,819,"Menor porte",0,0,"Cluster 2",16.92,1,"Cluster 2 - Menor porte","Menor porte (<20 mil)"
"1868","Barrocas","Bahia",15203,5680,"Menor porte",0,0,"Cluster 2",16.92,10,"Cluster 2 - Menor porte","Menor porte (<20 mil)"
"1869","Belmonte","Bahia",20121,3277,"Médio porte",0,0,"Cluster 2",5.66,2,"Cluster 2 - Médio porte","Médio porte (>20 mil e <100 mil)"
"1870","Belo Campo","Bahia",18412,3696,"Menor porte",0,0,"Cluster 2",16.92,6,"Cluster 2 - Menor porte","Menor porte (<20 mil)"
"1871","Biritinga","Bahia",15146,3055,"Menor porte",0,0,"Cluster 2",16.92,5,"Cluster 2 - Menor porte","Menor porte (<20 mil)"
"1872","Boa Nova","Bahia",13690,1806,"Menor porte",0,0,"Cluster 2",16.92,3,"Cluster 2 - Menor porte","Menor porte (<20 mil)"
"1873","Boa Vista do Tupim","Bahia",16873,3192,"Menor porte",0,0,"Cluster 2",16.92,5,"Cluster 2 - Menor porte","Menor porte (<20 mil)"
"1874","Bom Jesus da Lapa","Bahia",65550,26867,"Médio porte",0,0,"Cluster 3",4.29,12,"Cluster 3 - Médio porte","Médio porte (>20 mil e <100 mil)"
"1875","Bom Jesus da Serra","Bahia",9730,1412,"Menor porte",0,0,"Cluster 2",16.92,2,"Cluster 2 - Menor porte","Menor porte (<20 mil)"
"1876","Boninal","Bahia",13622,3911,"Menor porte",0,0,"Cluster 2",16.92,7,"Cluster 2 - Menor porte","Menor porte (<20 mil)"
"1877","Bonito","Bahia",15844,2603,"Menor porte",0,0,"Cluster 2",16.92,4,"Cluster 2 - Menor porte","Menor porte (<20 mil)"
"1878","Boquira","Bahia",19322,5636,"Médio porte",0,0,"Cluster 2",5.66,3,"Cluster 2 - Médio porte","Médio porte (>20 mil e <100 mil)"
"1879","Botuporã","Bahia",11024,2769,"Menor porte",0,0,"Cluster 2",16.92,5,"Cluster 2 - Menor porte","Menor porte (<20 mil)"
"1880","Brejões","Bahia",12943,3000,"Menor porte",0,0,"Cluster 2",16.92,5,"Cluster 2 - Menor porte","Menor porte (<20 mil)"
"1881","Brejolândia","Bahia",9108,2348,"Menor porte",0,0,"Cluster 2",16.92,4,"Cluster 2 - Menor porte","Menor porte (<20 mil)"
"1882","Brotas de Macaúbas","Bahia",11765,2463,"Menor porte",0,0,"Cluster 2",16.92,4,"Cluster 2 - Menor porte","Menor porte (<20 mil)"
"1883","Brumado","Bahia",70510,45995,"Médio porte",8,1.74,"Cluster 3",4.29,20,"Cluster 3 - Médio porte","Médio porte (>20 mil e <100 mil)"
"1884","Buerarema","Bahia",14804,4106,"Menor porte",2,4.87,"Cluster 2",16.92,7,"Cluster 2 - Menor porte","Menor porte (<20 mil)"
"1885","Buritirama","Bahia",19589,1974,"Médio porte",0,0,"Cluster 2",5.66,1,"Cluster 2 - Médio porte","Médio porte (>20 mil e <100 mil)"
"1886","Caatiba","Bahia",6205,1188,"Menor porte",0,0,"Cluster 2",16.92,2,"Cluster 2 - Menor porte","Menor porte (<20 mil)"
"1887","Cabaceiras do Paraguaçu","Bahia",16559,3078,"Menor porte",0,0,"Cluster 2",16.92,5,"Cluster 2 - Menor porte","Menor porte (<20 mil)"
"1888","Cachoeira","Bahia",29250,6681,"Médio porte",2,2.99,"Cluster 2",5.66,4,"Cluster 2 - Médio porte","Médio porte (>20 mil e <100 mil)"
"1889","Caculé","Bahia",22462,9307,"Médio porte",0,0,"Cluster 3",4.29,4,"Cluster 3 - Médio porte","Médio porte (>20 mil e <100 mil)"
"1890","Caém","Bahia",10384,2151,"Menor porte",1,4.65,"Cluster 2",16.92,4,"Cluster 2 - Menor porte","Menor porte (<20 mil)"
"1891","Caetanos","Bahia",11266,1712,"Menor porte",0,0,"Cluster 2",16.92,3,"Cluster 2 - Menor porte","Menor porte (<20 mil)"
"1892","Caetité","Bahia",52012,21123,"Médio porte",0,0,"Cluster 3",4.29,9,"Cluster 3 - Médio porte","Médio porte (>20 mil e <100 mil)"
"1893","Cafarnaum","Bahia",17466,4047,"Menor porte",0,0,"Cluster 2",16.92,7,"Cluster 2 - Menor porte","Menor porte (<20 mil)"
"1894","Cairu","Bahia",17761,1149,"Menor porte",0,0,"Cluster 2",16.92,2,"Cluster 2 - Menor porte","Menor porte (<20 mil)"
"1895","Caldeirão Grande","Bahia",13080,2722,"Menor porte",0,0,"Cluster 2",16.92,5,"Cluster 2 - Menor porte","Menor porte (<20 mil)"
"1896","Camacan","Bahia",22579,7128,"Médio porte",2,2.81,"Cluster 2",5.66,4,"Cluster 2 - Médio porte","Médio porte (>20 mil e <100 mil)"
"1897","Camaçari","Bahia",300372,113099,"Maior porte",14,1.24,"Cluster 1",3.23,37,"Cluster 1 - Maior porte","Maior porte (>100 mil)"
"1898","Camamu","Bahia",30469,7302,"Médio porte",0,0,"Cluster 2",5.66,4,"Cluster 2 - Médio porte","Médio porte (>20 mil e <100 mil)"
"1899","Campo Alegre de Lourdes","Bahia",30671,2343,"Médio porte",0,0,"Cluster 2",5.66,1,"Cluster 2 - Médio porte","Médio porte (>20 mil e <100 mil)"
"1900","Campo Formoso","Bahia",71377,21098,"Médio porte",0,0,"Cluster 2",5.66,12,"Cluster 2 - Médio porte","Médio porte (>20 mil e <100 mil)"
"1901","Canápolis","Bahia",10225,2287,"Menor porte",0,0,"Cluster 2",16.92,4,"Cluster 2 - Menor porte","Menor porte (<20 mil)"
"1902","Canarana","Bahia",24206,6713,"Médio porte",0,0,"Cluster 2",5.66,4,"Cluster 2 - Médio porte","Médio porte (>20 mil e <100 mil)"
"1903","Canavieiras","Bahia",32683,6912,"Médio porte",0,0,"Cluster 2",5.66,4,"Cluster 2 - Médio porte","Médio porte (>20 mil e <100 mil)"
"1904","Candeal","Bahia",7772,1217,"Menor porte",0,0,"Cluster 2",16.92,2,"Cluster 2 - Menor porte","Menor porte (<20 mil)"
"1905","Candeias","Bahia",72382,31081,"Médio porte",5,1.61,"Cluster 3",4.29,13,"Cluster 3 - Médio porte","Médio porte (>20 mil e <100 mil)"
"1906","Candiba","Bahia",13016,3661,"Menor porte",0,0,"Cluster 2",16.92,6,"Cluster 2 - Menor porte","Menor porte (<20 mil)"
"1907","Cândido Sales","Bahia",25247,6763,"Médio porte",4,5.91,"Cluster 2",5.66,4,"Cluster 2 - Médio porte","Médio porte (>20 mil e <100 mil)"
"1908","Cansanção","Bahia",37439,9152,"Médio porte",0,0,"Cluster 2",5.66,5,"Cluster 2 - Médio porte","Médio porte (>20 mil e <100 mil)"
"1909","Canudos","Bahia",16105,3500,"Menor porte",0,0,"Cluster 2",16.92,6,"Cluster 2 - Menor porte","Menor porte (<20 mil)"
"1910","Capela do Alto Alegre","Bahia",10744,3156,"Menor porte",0,0,"Cluster 2",16.92,5,"Cluster 2 - Menor porte","Menor porte (<20 mil)"
"1911","Capim Grosso","Bahia",33235,18486,"Médio porte",0,0,"Cluster 3",4.29,8,"Cluster 3 - Médio porte","Médio porte (>20 mil e <100 mil)"
"1912","Caraíbas","Bahia",9940,1606,"Menor porte",0,0,"Cluster 2",16.92,3,"Cluster 2 - Menor porte","Menor porte (<20 mil)"
"1913","Caravelas","Bahia",20580,3704,"Médio porte",0,0,"Cluster 2",5.66,2,"Cluster 2 - Médio porte","Médio porte (>20 mil e <100 mil)"
"1914","Cardeal da Silva","Bahia",8365,1572,"Menor porte",0,0,"Cluster 2",16.92,3,"Cluster 2 - Menor porte","Menor porte (<20 mil)"
"1915","Carinhanha","Bahia",28869,6516,"Médio porte",0,0,"Cluster 2",5.66,4,"Cluster 2 - Médio porte","Médio porte (>20 mil e <100 mil)"
"1916","Casa Nova","Bahia",72086,17207,"Médio porte",0,0,"Cluster 2",5.66,10,"Cluster 2 - Médio porte","Médio porte (>20 mil e <100 mil)"
"1917","Castro Alves","Bahia",24712,6582,"Médio porte",0,0,"Cluster 2",5.66,4,"Cluster 2 - Médio porte","Médio porte (>20 mil e <100 mil)"
"1918","Catolândia","Bahia",3434,589,"Menor porte",0,0,"Cluster 2",16.92,1,"Cluster 2 - Menor porte","Menor porte (<20 mil)"
"1919","Catu","Bahia",48148,19161,"Médio porte",12,6.26,"Cluster 3",4.29,8,"Cluster 3 - Médio porte","Médio porte (>20 mil e <100 mil)"
"1920","Caturama","Bahia",8841,2285,"Menor porte",0,0,"Cluster 2",16.92,4,"Cluster 2 - Menor porte","Menor porte (<20 mil)"
"1921","Central","Bahia",16348,3991,"Menor porte",0,0,"Cluster 2",16.92,7,"Cluster 2 - Menor porte","Menor porte (<20 mil)"
"1922","Chorrochó","Bahia",10579,1513,"Menor porte",0,0,"Cluster 2",16.92,3,"Cluster 2 - Menor porte","Menor porte (<20 mil)"
"1923","Cícero Dantas","Bahia",30749,11717,"Médio porte",0,0,"Cluster 2",5.66,7,"Cluster 2 - Médio porte","Médio porte (>20 mil e <100 mil)"
"1924","Cipó","Bahia",17230,7033,"Menor porte",12,17.06,"Cluster 2",16.92,12,"Cluster 2 - Menor porte","Menor porte (<20 mil)"
"1925","Coaraci","Bahia",17333,4610,"Menor porte",0,0,"Cluster 2",16.92,8,"Cluster 2 - Menor porte","Menor porte (<20 mil)"
"1926","Cocos","Bahia",19151,5895,"Menor porte",0,0,"Cluster 2",16.92,10,"Cluster 2 - Menor porte","Menor porte (<20 mil)"
"1927","Conceição da Feira","Bahia",20800,6072,"Médio porte",5,8.23,"Cluster 3",4.29,3,"Cluster 3 - Médio porte","Médio porte (>20 mil e <100 mil)"
"1928","Conceição do Almeida","Bahia",15794,4183,"Menor porte",0,0,"Cluster 2",16.92,7,"Cluster 2 - Menor porte","Menor porte (<20 mil)"
"1929","Conceição do Coité","Bahia",67825,28999,"Médio porte",2,0.69,"Cluster 3",4.29,12,"Cluster 3 - Médio porte","Médio porte (>20 mil e <100 mil)"
"1930","Conceição do Jacuípe","Bahia",35308,14792,"Médio porte",10,6.76,"Cluster 1",2.7,4,"Cluster 1 - Médio porte","Médio porte (>20 mil e <100 mil)"
"1931","Conde","Bahia",23654,4344,"Médio porte",0,0,"Cluster 2",5.66,2,"Cluster 2 - Médio porte","Médio porte (>20 mil e <100 mil)"
"1932","Condeúba","Bahia",17053,4205,"Menor porte",0,0,"Cluster 2",16.92,7,"Cluster 2 - Menor porte","Menor porte (<20 mil)"
"1933","Contendas do Sincorá","Bahia",4333,1051,"Menor porte",0,0,"Cluster 2",16.92,2,"Cluster 2 - Menor porte","Menor porte (<20 mil)"
"1934","Coração de Maria","Bahia",26692,7344,"Médio porte",0,0,"Cluster 2",5.66,4,"Cluster 2 - Médio porte","Médio porte (>20 mil e <100 mil)"
"1935","Cordeiros","Bahia",7546,1908,"Menor porte",0,0,"Cluster 2",16.92,3,"Cluster 2 - Menor porte","Menor porte (<20 mil)"
"1936","Coribe","Bahia",13990,3746,"Menor porte",0,0,"Cluster 2",16.92,6,"Cluster 2 - Menor porte","Menor porte (<20 mil)"
"1937","Coronel João Sá","Bahia",17.056,2717,"Médio porte",0,0,"Cluster 2",5.66,2,"Cluster 2 - Médio porte","Médio porte (>20 mil e <100 mil)"
"1938","Correntina","Bahia",32457,11582,"Médio porte",0,0,"Cluster 3",4.29,5,"Cluster 3 - Médio porte","Médio porte (>20 mil e <100 mil)"
"1939","Cotegipe","Bahia",13063,2595,"Menor porte",0,0,"Cluster 2",16.92,4,"Cluster 2 - Menor porte","Menor porte (<20 mil)"
"1940","Cravolândia","Bahia",4415,790,"Menor porte",0,0,"Cluster 2",16.92,1,"Cluster 2 - Menor porte","Menor porte (<20 mil)"
"1941","Crisópolis","Bahia",19729,4683,"Médio porte",0,0,"Cluster 2",5.66,3,"Cluster 2 - Médio porte","Médio porte (>20 mil e <100 mil)"
"1942","Cristópolis","Bahia",13993,3319,"Menor porte",0,0,"Cluster 2",16.92,6,"Cluster 2 - Menor porte","Menor porte (<20 mil)"
"1943","Cruz das Almas","Bahia",60348,35546,"Médio porte",11,3.09,"Cluster 3",4.29,15,"Cluster 3 - Médio porte","Médio porte (>20 mil e <100 mil)"
"1944","Curaçá","Bahia",34180,4823,"Médio porte",0,0,"Cluster 2",5.66,3,"Cluster 2 - Médio porte","Médio porte (>20 mil e <100 mil)"
"1945","Dário Meira","Bahia",10820,1546,"Menor porte",0,0,"Cluster 2",16.92,3,"Cluster 2 - Menor porte","Menor porte (<20 mil)"
"1946","Dias d'Ávila","Bahia",71485,26075,"Médio porte",2,0.77,"Cluster 3",4.29,11,"Cluster 3 - Médio porte","Médio porte (>20 mil e <100 mil)"
"1947","Dom Basílio","Bahia",11884,5444,"Menor porte",0,0,"Cluster 2",16.92,9,"Cluster 2 - Menor porte","Menor porte (<20 mil)"
"1948","Dom Macedo Costa","Bahia",4407,1243,"Menor porte",0,0,"Cluster 2",16.92,2,"Cluster 2 - Menor porte","Menor porte (<20 mil)"
"1949","Elísio Medrado","Bahia",7808,2185,"Menor porte",0,0,"Cluster 2",16.92,4,"Cluster 2 - Menor porte","Menor porte (<20 mil)"
"1950","Encruzilhada","Bahia",19107,3706,"Menor porte",0,0,"Cluster 2",16.92,6,"Cluster 2 - Menor porte","Menor porte (<20 mil)"
"1951","Entre Rios","Bahia",38098,11053,"Médio porte",1,0.9,"Cluster 2",5.66,6,"Cluster 2 - Médio porte","Médio porte (>20 mil e <100 mil)"
"1952","Érico Cardoso","Bahia",10604,2656,"Menor porte",0,0,"Cluster 2",16.92,4,"Cluster 2 - Menor porte","Menor porte (<20 mil)"
"1953","Esplanada","Bahia",32554,8301,"Médio porte",4,4.82,"Cluster 2",5.66,5,"Cluster 2 - Médio porte","Médio porte (>20 mil e <100 mil)"
"1954","Euclides da Cunha","Bahia",61456,18353,"Médio porte",2,1.09,"Cluster 2",5.66,10,"Cluster 2 - Médio porte","Médio porte (>20 mil e <100 mil)"
"1955","Eunápolis","Bahia",113710,58854,"Maior porte",31,5.27,"Cluster 3",3.72,22,"Cluster 3 - Maior porte","Maior porte (>100 mil)"
"1956","Fátima","Bahia",17896,3039,"Menor porte",0,0,"Cluster 2",16.92,5,"Cluster 2 - Menor porte","Menor porte (<20 mil)"
"1957","Feira da Mata","Bahia",5631,1265,"Menor porte",0,0,"Cluster 2",16.92,2,"Cluster 2 - Menor porte","Menor porte (<20 mil)"
"1958","Feira de Santana","Bahia",616272,342906,"Maior porte",77,2.25,"Cluster 1",3.23,111,"Cluster 1 - Maior porte","Maior porte (>100 mil)"
"1959","Filadélfia","Bahia",17897,4732,"Menor porte",1,2.11,"Cluster 2",16.92,8,"Cluster 2 - Menor porte","Menor porte (<20 mil)"
"1960","Firmino Alves","Bahia",4873,902,"Menor porte",0,0,"Cluster 2",16.92,2,"Cluster 2 - Menor porte","Menor porte (<20 mil)"
"1961","Floresta Azul","Bahia",11059,1719,"Menor porte",0,0,"Cluster 2",16.92,3,"Cluster 2 - Menor porte","Menor porte (<20 mil)"
"1962","Formosa do Rio Preto","Bahia",25899,6501,"Médio porte",0,0,"Cluster 3",4.29,3,"Cluster 3 - Médio porte","Médio porte (>20 mil e <100 mil)"
"1963","Gandu","Bahia",32178,12328,"Médio porte",8,6.49,"Cluster 3",4.29,5,"Cluster 3 - Médio porte","Médio porte (>20 mil e <100 mil)"
"1964","Gavião","Bahia",4360,1186,"Menor porte",0,0,"Cluster 2",16.92,2,"Cluster 2 - Menor porte","Menor porte (<20 mil)"
"1965","Gentio do Ouro","Bahia",10884,2060,"Menor porte",0,0,"Cluster 2",16.92,3,"Cluster 2 - Menor porte","Menor porte (<20 mil)"
"1966","Glória","Bahia",15524,4277,"Menor porte",0,0,"Cluster 2",16.92,7,"Cluster 2 - Menor porte","Menor porte (<20 mil)"
"1967","Gongogi","Bahia",5555,834,"Menor porte",0,0,"Cluster 2",16.92,1,"Cluster 2 - Menor porte","Menor porte (<20 mil)"
"1968","Governador Mangabeira","Bahia",20605,8300,"Médio porte",3,3.61,"Cluster 3",4.29,4,"Cluster 3 - Médio porte","Médio porte (>20 mil e <100 mil)"
"1969","Guajeru","Bahia",8050,1453,"Menor porte",0,0,"Cluster 2",16.92,2,"Cluster 2 - Menor porte","Menor porte (<20 mil)"
"1970","Guanambi","Bahia",87817,57252,"Médio porte",0,0,"Cluster 3",4.29,25,"Cluster 3 - Médio porte","Médio porte (>20 mil e <100 mil)"
"1971","Guaratinga","Bahia",19049,4439,"Médio porte",0,0,"Cluster 2",5.66,3,"Cluster 2 - Médio porte","Médio porte (>20 mil e <100 mil)"
"1972","Heliópolis","Bahia",12687,2145,"Menor porte",0,0,"Cluster 2",16.92,4,"Cluster 2 - Menor porte","Menor porte (<20 mil)"
"1973","Iaçu","Bahia",24607,6367,"Médio porte",0,0,"Cluster 2",5.66,4,"Cluster 2 - Médio porte","Médio porte (>20 mil e <100 mil)"
"1974","Ibiassucê","Bahia",10429,3144,"Médio porte",0,0,"Cluster 2",5.66,2,"Cluster 2 - Médio porte","Médio porte (>20 mil e <100 mil)"
"1975","Ibicaraí","Bahia",21665,5777,"Médio porte",0,0,"Cluster 2",5.66,3,"Cluster 2 - Médio porte","Médio porte (>20 mil e <100 mil)"
"1976","Ibicoara","Bahia",20785,6536,"Menor porte",0,0,"Cluster 2",16.92,11,"Cluster 2 - Menor porte","Menor porte (<20 mil)"
"1977","Ibicuí","Bahia",13934,3208,"Menor porte",0,0,"Cluster 2",16.92,5,"Cluster 2 - Menor porte","Menor porte (<20 mil)"
"1978","Ibipeba","Bahia",16603,3103,"Menor porte",0,0,"Cluster 2",16.92,5,"Cluster 2 - Menor porte","Menor porte (<20 mil)"
"1979","Ibipitanga","Bahia",13863,5274,"Menor porte",0,0,"Cluster 2",16.92,9,"Cluster 2 - Menor porte","Menor porte (<20 mil)"
"1980","Ibiquera","Bahia",3725,625,"Menor porte",0,0,"Cluster 2",16.92,1,"Cluster 2 - Menor porte","Menor porte (<20 mil)"
"1981","Ibirapitanga","Bahia",25344,3292,"Médio porte",5,15.19,"Cluster 2",5.66,2,"Cluster 2 - Médio porte","Médio porte (>20 mil e <100 mil)"
"1982","Ibirapuã","Bahia",8896,2534,"Menor porte",0,0,"Cluster 2",16.92,4,"Cluster 2 - Menor porte","Menor porte (<20 mil)"
"1983","Ibirataia","Bahia",18792,5072,"Menor porte",0,0,"Cluster 2",16.92,9,"Cluster 2 - Menor porte","Menor porte (<20 mil)"
"1984","Ibitiara","Bahia",14637,4868,"Menor porte",0,0,"Cluster 2",16.92,8,"Cluster 2 - Menor porte","Menor porte (<20 mil)"
"1985","Ibititá","Bahia",16969,3560,"Menor porte",0,0,"Cluster 2",16.92,6,"Cluster 2 - Menor porte","Menor porte (<20 mil)"
"1986","Ibotirama","Bahia",26309,12378,"Médio porte",1,0.81,"Cluster 3",4.29,5,"Cluster 3 - Médio porte","Médio porte (>20 mil e <100 mil)"
"1987","Ichu","Bahia",6190,2122,"Menor porte",0,0,"Cluster 2",16.92,4,"Cluster 2 - Menor porte","Menor porte (<20 mil)"
"1988","Igaporã","Bahia",15527,3574,"Menor porte",0,0,"Cluster 2",16.92,6,"Cluster 2 - Menor porte","Menor porte (<20 mil)"
"1989","Igrapiúna","Bahia",13151,2055,"Menor porte",0,0,"Cluster 2",16.92,3,"Cluster 2 - Menor porte","Menor porte (<20 mil)"
"1990","Iguaí","Bahia",21491,4224,"Médio porte",0,0,"Cluster 2",5.66,2,"Cluster 2 - Médio porte","Médio porte (>20 mil e <100 mil)"
"1991","Ilhéus","Bahia",178649,53233,"Maior porte",21,3.94,"Cluster 3",3.72,20,"Cluster 3 - Maior porte","Maior porte (>100 mil)"
"1992","Inhambupe","Bahia",33790,10908,"Médio porte",9,8.25,"Cluster 2",5.66,6,"Cluster 2 - Médio porte","Médio porte (>20 mil e <100 mil)"
"1993","Ipecaetá","Bahia",13709,2095,"Menor porte",0,0,"Cluster 2",16.92,4,"Cluster 2 - Menor porte","Menor porte (<20 mil)"
"1994","Ipiaú","Bahia",40706,17534,"Médio porte",0,0,"Cluster 3",4.29,8,"Cluster 3 - Médio porte","Médio porte (>20 mil e <100 mil)"
"1995","Ipirá","Bahia",56876,20454,"Médio porte",1,0.49,"Cluster 2",5.66,12,"Cluster 2 - Médio porte","Médio porte (>20 mil e <100 mil)"
"1996","Ipupiara","Bahia",9935,3083,"Menor porte",0,0,"Cluster 2",16.92,5,"Cluster 2 - Menor porte","Menor porte (<20 mil)"
"1997","Irajuba","Bahia",6101,1371,"Menor porte",0,0,"Cluster 2",16.92,2,"Cluster 2 - Menor porte","Menor porte (<20 mil)"
"1998","Iramaia","Bahia",10752,1613,"Menor porte",0,0,"Cluster 2",16.92,3,"Cluster 2 - Menor porte","Menor porte (<20 mil)"
"1999","Iraquara","Bahia",23879,5925,"Médio porte",0,0,"Cluster 2",5.66,3,"Cluster 2 - Médio porte","Médio porte (>20 mil e <100 mil)"
"2000","Irará","Bahia",28043,8842,"Médio porte",0,0,"Cluster 2",5.66,5,"Cluster 2 - Médio porte","Médio porte (>20 mil e <100 mil)"
"2001","Irecê","Bahia",74507,42622,"Médio porte",2,0.47,"Cluster 3",4.29,18,"Cluster 3 - Médio porte","Médio porte (>20 mil e <100 mil)"
"2002","Itabela","Bahia",28165,10702,"Médio porte",4,3.74,"Cluster 2",5.66,6,"Cluster 2 - Médio porte","Médio porte (>20 mil e <100 mil)"
"2003","Itaberaba","Bahia",65073,29365,"Médio porte",7,2.38,"Cluster 3",4.29,13,"Cluster 3 - Médio porte","Médio porte (>20 mil e <100 mil)"
"2004","Itabuna","Bahia",186708,90359,"Maior porte",19,2.1,"Cluster 3",3.72,34,"Cluster 3 - Maior porte","Maior porte (>100 mil)"
"2005","Itacaré","Bahia",27704,4257,"Médio porte",0,0,"Cluster 2",5.66,2,"Cluster 2 - Médio porte","Médio porte (>20 mil e <100 mil)"
"2006","Itaeté","Bahia",13472,3073,"Menor porte",0,0,"Cluster 2",16.92,5,"Cluster 2 - Menor porte","Menor porte (<20 mil)"
"2007","Itagi","Bahia",13803,2358,"Menor porte",0,0,"Cluster 2",16.92,4,"Cluster 2 - Menor porte","Menor porte (<20 mil)"
"2008","Itagibá","Bahia",15310,2779,"Menor porte",0,0,"Cluster 2",16.92,5,"Cluster 2 - Menor porte","Menor porte (<20 mil)"
"2009","Itagimirim","Bahia",6347,1681,"Menor porte",0,0,"Cluster 2",16.92,3,"Cluster 2 - Menor porte","Menor porte (<20 mil)"
"2010","Itaguaçu da Bahia","Bahia",12311,1950,"Menor porte",0,0,"Cluster 2",16.92,3,"Cluster 2 - Menor porte","Menor porte (<20 mil)"
"2011","Itaju do Colônia","Bahia",6037,1023,"Menor porte",0,0,"Cluster 2",16.92,2,"Cluster 2 - Menor porte","Menor porte (<20 mil)"
"2012","Itajuípe","Bahia",18781,4802,"Médio porte",0,0,"Cluster 2",5.66,3,"Cluster 2 - Médio porte","Médio porte (>20 mil e <100 mil)"
"2013","Itamaraju","Bahia",59605,27355,"Médio porte",14,5.12,"Cluster 3",4.29,12,"Cluster 3 - Médio porte","Médio porte (>20 mil e <100 mil)"
"2014","Itamari","Bahia",7051,1819,"Menor porte",0,0,"Cluster 2",16.92,3,"Cluster 2 - Menor porte","Menor porte (<20 mil)"
"2015","Itambé","Bahia",24394,3860,"Médio porte",0,0,"Cluster 2",5.66,2,"Cluster 2 - Médio porte","Médio porte (>20 mil e <100 mil)"
"2016","Itanagra","Bahia",5914,835,"Menor porte",0,0,"Cluster 2",16.92,1,"Cluster 2 - Menor porte","Menor porte (<20 mil)"
"2017","Itanhém","Bahia",17813,5853,"Menor porte",0,0,"Cluster 2",16.92,10,"Cluster 2 - Menor porte","Menor porte (<20 mil)"
"2018","Itaparica","Bahia",19789,3794,"Médio porte",0,0,"Cluster 3",4.29,2,"Cluster 3 - Médio porte","Médio porte (>20 mil e <100 mil)"
"2019","Itapé","Bahia",10341,1923,"Menor porte",0,0,"Cluster 2",16.92,3,"Cluster 2 - Menor porte","Menor porte (<20 mil)"
"2020","Itapebi","Bahia",9174,1692,"Menor porte",0,0,"Cluster 2",16.92,3,"Cluster 2 - Menor porte","Menor porte (<20 mil)"
"2021","Itapetinga","Bahia",65897,23855,"Médio porte",0,0,"Cluster 3",4.29,10,"Cluster 3 - Médio porte","Médio porte (>20 mil e <100 mil)"
"2022","Itapicuru","Bahia",31679,3184,"Médio porte",0,0,"Cluster 2",5.66,2,"Cluster 2 - Médio porte","Médio porte (>20 mil e <100 mil)"
"2023","Itapitanga","Bahia",10279,1131,"Menor porte",0,0,"Cluster 2",16.92,2,"Cluster 2 - Menor porte","Menor porte (<20 mil)"
"2024","Itaquara","Bahia",8153,1283,"Menor porte",0,0,"Cluster 2",16.92,2,"Cluster 2 - Menor porte","Menor porte (<20 mil)"
"2025","Itarantim","Bahia",17052,3980,"Menor porte",0,0,"Cluster 2",16.92,7,"Cluster 2 - Menor porte","Menor porte (<20 mil)"
"2026","Itatim","Bahia",15737,5704,"Menor porte",0,0,"Cluster 2",16.92,10,"Cluster 2 - Menor porte","Menor porte (<20 mil)"
"2027","Itiruçu","Bahia",10999,3279,"Menor porte",0,0,"Cluster 2",16.92,6,"Cluster 2 - Menor porte","Menor porte (<20 mil)"
"2028","Itiúba","Bahia",33872,8009,"Médio porte",0,0,"Cluster 2",5.66,5,"Cluster 2 - Médio porte","Médio porte (>20 mil e <100 mil)"
"2029","Itororó","Bahia",16617,4241,"Médio porte",0,0,"Cluster 2",5.66,2,"Cluster 2 - Médio porte","Médio porte (>20 mil e <100 mil)"
"2030","Ituaçu","Bahia",17914,5601,"Menor porte",2,3.57,"Cluster 2",16.92,9,"Cluster 2 - Menor porte","Menor porte (<20 mil)"
"2031","Ituberá","Bahia",21902,7012,"Médio porte",0,0,"Cluster 2",5.66,4,"Cluster 2 - Médio porte","Médio porte (>20 mil e <100 mil)"
"2032","Iuiu","Bahia",11118,2553,"Menor porte",0,0,"Cluster 2",16.92,4,"Cluster 2 - Menor porte","Menor porte (<20 mil)"
"2033","Jaborandi","Bahia",9275,2616,"Menor porte",0,0,"Cluster 3",8.89,2,"Cluster 3 - Menor porte","Menor porte (<20 mil)"
"2034","Jacaraci","Bahia",14436,2777,"Menor porte",0,0,"Cluster 2",16.92,5,"Cluster 2 - Menor porte","Menor porte (<20 mil)"
"2035","Jacobina","Bahia",82590,37708,"Médio porte",1,0.27,"Cluster 3",4.29,16,"Cluster 3 - Médio porte","Médio porte (>20 mil e <100 mil)"
"2036","Jaguaquara","Bahia",45964,16643,"Médio porte",2,1.2,"Cluster 2",5.66,9,"Cluster 2 - Médio porte","Médio porte (>20 mil e <100 mil)"
"2037","Jaguarari","Bahia",32703,10356,"Médio porte",0,0,"Cluster 3",4.29,4,"Cluster 3 - Médio porte","Médio porte (>20 mil e <100 mil)"
"2038","Jaguaripe","Bahia",17659,2514,"Menor porte",1,3.98,"Cluster 2",16.92,4,"Cluster 2 - Menor porte","Menor porte (<20 mil)"
"2039","Jandaíra","Bahia",9285,1092,"Menor porte",0,0,"Cluster 2",16.92,2,"Cluster 2 - Menor porte","Menor porte (<20 mil)"
"2040","Jequié","Bahia",158813,79393,"Maior porte",10,1.26,"Cluster 3",3.72,30,"Cluster 3 - Maior porte","Maior porte (>100 mil)"
"2041","Jeremoabo","Bahia",37626,11128,"Médio porte",0,0,"Cluster 2",5.66,6,"Cluster 2 - Médio porte","Médio porte (>20 mil e <100 mil)"
"2042","Jiquiriçá","Bahia",13629,4408,"Menor porte",0,0,"Cluster 2",16.92,7,"Cluster 2 - Menor porte","Menor porte (<20 mil)"
"2043","Jitaúna","Bahia",14355,2570,"Menor porte",2,7.78,"Cluster 2",16.92,4,"Cluster 2 - Menor porte","Menor porte (<20 mil)"
"2044","João Dourado","Bahia",24854,6666,"Médio porte",0,0,"Cluster 2",5.66,4,"Cluster 2 - Médio porte","Médio porte (>20 mil e <100 mil)"
"2045","Juazeiro","Bahia",237821,125021,"Maior porte",35,2.8,"Cluster 3",3.72,47,"Cluster 3 - Maior porte","Maior porte (>100 mil)"
"2046","Jucuruçu","Bahia",9655,1868,"Menor porte",0,0,"Cluster 2",16.92,3,"Cluster 2 - Menor porte","Menor porte (<20 mil)"
"2047","Jussara","Bahia",16354,4199,"Menor porte",0,0,"Cluster 2",16.92,7,"Cluster 2 - Menor porte","Menor porte (<20 mil)"
"2048","Jussari","Bahia",5888,1066,"Menor porte",0,0,"Cluster 2",16.92,2,"Cluster 2 - Menor porte","Menor porte (<20 mil)"
"2049","Jussiape","Bahia",7379,2674,"Menor porte",0,0,"Cluster 2",16.92,5,"Cluster 2 - Menor porte","Menor porte (<20 mil)"
"2050","Lafaiete Coutinho","Bahia",4075,829,"Menor porte",0,0,"Cluster 2",16.92,1,"Cluster 2 - Menor porte","Menor porte (<20 mil)"
"2051","Lagoa Real","Bahia",14105,2713,"Menor porte",0,0,"Cluster 2",16.92,5,"Cluster 2 - Menor porte","Menor porte (<20 mil)"
"2052","Laje","Bahia",21052,6211,"Médio porte",3,4.83,"Cluster 2",5.66,4,"Cluster 2 - Médio porte","Médio porte (>20 mil e <100 mil)"
"2053","Lajedão","Bahia",3845,1047,"Menor porte",0,0,"Cluster 2",16.92,2,"Cluster 2 - Menor porte","Menor porte (<20 mil)"
"2054","Lajedinho","Bahia",3527,652,"Menor porte",0,0,"Cluster 2",16.92,1,"Cluster 2 - Menor porte","Menor porte (<20 mil)"
"2055","Lajedo do Tabocal","Bahia",7494,1665,"Menor porte",0,0,"Cluster 2",16.92,3,"Cluster 2 - Menor porte","Menor porte (<20 mil)"
"2056","Lamarão","Bahia",9015,1249,"Menor porte",0,0,"Cluster 2",16.92,2,"Cluster 2 - Menor porte","Menor porte (<20 mil)"
"2057","Lapão","Bahia",25736,6545,"Médio porte",0,0,"Cluster 2",5.66,4,"Cluster 2 - Médio porte","Médio porte (>20 mil e <100 mil)"
"2058","Lauro de Freitas","Bahia",203331,94099,"Maior porte",35,3.72,"Cluster 1",3.23,30,"Cluster 1 - Maior porte","Maior porte (>100 mil)"
"2059","Lençóis","Bahia",10774,3341,"Menor porte",4,11.97,"Cluster 2",16.92,6,"Cluster 2 - Menor porte","Menor porte (<20 mil)"
"2060","Licínio de Almeida","Bahia",11834,3519,"Menor porte",0,0,"Cluster 2",16.92,6,"Cluster 2 - Menor porte","Menor porte (<20 mil)"
"2061","Livramento de Nossa Senhora","Bahia",43903,21661,"Médio porte",0,0,"Cluster 3",4.29,9,"Cluster 3 - Médio porte","Médio porte (>20 mil e <100 mil)"
"2062","Luís Eduardo Magalhães","Bahia",107909,75580,"Médio porte",15,1.98,"Cluster 1",2.7,20,"Cluster 1 - Médio porte","Médio porte (>20 mil e <100 mil)"
"2063","Macajuba","Bahia",10454,1907,"Menor porte",0,0,"Cluster 2",16.92,3,"Cluster 2 - Menor porte","Menor porte (<20 mil)"
"2064","Macarani","Bahia",21599,4019,"Menor porte",0,0,"Cluster 2",16.92,7,"Cluster 2 - Menor porte","Menor porte (<20 mil)"
"2065","Macaúbas","Bahia",41859,15116,"Médio porte",0,0,"Cluster 2",5.66,9,"Cluster 2 - Médio porte","Médio porte (>20 mil e <100 mil)"
"2066","Macururé","Bahia",7256,947,"Menor porte",0,0,"Cluster 2",16.92,2,"Cluster 2 - Menor porte","Menor porte (<20 mil)"
"2067","Madre de Deus","Bahia",18504,4083,"Médio porte",0,0,"Cluster 3",4.29,2,"Cluster 3 - Médio porte","Médio porte (>20 mil e <100 mil)"
"2068","Maetinga","Bahia",6973,1280,"Menor porte",0,0,"Cluster 2",16.92,2,"Cluster 2 - Menor porte","Menor porte (<20 mil)"
"2069","Maiquinique","Bahia",8731,2007,"Menor porte",0,0,"Cluster 2",16.92,3,"Cluster 2 - Menor porte","Menor porte (<20 mil)"
"2070","Mairi","Bahia",17674,3738,"Menor porte",0,0,"Cluster 2",16.92,6,"Cluster 2 - Menor porte","Menor porte (<20 mil)"
"2071","Malhada","Bahia",15398,3091,"Menor porte",0,0,"Cluster 2",16.92,5,"Cluster 2 - Menor porte","Menor porte (<20 mil)"
"2072","Malhada de Pedras","Bahia",8670,2959,"Menor porte",0,0,"Cluster 2",16.92,5,"Cluster 2 - Menor porte","Menor porte (<20 mil)"
"2073","Manoel Vitorino","Bahia",13860,2212,"Menor porte",0,0,"Cluster 2",16.92,4,"Cluster 2 - Menor porte","Menor porte (<20 mil)"
"2074","Mansidão","Bahia",13919,817,"Menor porte",0,0,"Cluster 2",16.92,1,"Cluster 2 - Menor porte","Menor porte (<20 mil)"
"2075","Maracás","Bahia",27620,8280,"Médio porte",0,0,"Cluster 3",4.29,4,"Cluster 3 - Médio porte","Médio porte (>20 mil e <100 mil)"
"2076","Maragogipe","Bahia",35859,7796,"Médio porte",0,0,"Cluster 2",5.66,4,"Cluster 2 - Médio porte","Médio porte (>20 mil e <100 mil)"
"2077","Maraú","Bahia",24527,2232,"Médio porte",1,4.48,"Cluster 2",5.66,1,"Cluster 2 - Médio porte","Médio porte (>20 mil e <100 mil)"
"2078","Marcionílio Souza","Bahia",9267,1916,"Menor porte",0,0,"Cluster 2",16.92,3,"Cluster 2 - Menor porte","Menor porte (<20 mil)"
"2079","Mascote","Bahia",13544,1896,"Menor porte",2,10.55,"Cluster 2",16.92,3,"Cluster 2 - Menor porte","Menor porte (<20 mil)"
"2080","Mata de São João","Bahia",42566,13569,"Médio porte",5,3.68,"Cluster 3",4.29,6,"Cluster 3 - Médio porte","Médio porte (>20 mil e <100 mil)"
"2081","Matina","Bahia",10330,2038,"Menor porte",0,0,"Cluster 2",16.92,3,"Cluster 2 - Menor porte","Menor porte (<20 mil)"
"2082","Medeiros Neto","Bahia",22194,7883,"Médio porte",0,0,"Cluster 3",4.29,3,"Cluster 3 - Médio porte","Médio porte (>20 mil e <100 mil)"
"2083","Miguel Calmon","Bahia",24661,6891,"Médio porte",0,0,"Cluster 2",5.66,4,"Cluster 2 - Médio porte","Médio porte (>20 mil e <100 mil)"
"2084","Milagres","Bahia",11071,3148,"Menor porte",0,0,"Cluster 2",16.92,5,"Cluster 2 - Menor porte","Menor porte (<20 mil)"
"2085","Mirangaba","Bahia",15734,2924,"Menor porte",0,0,"Cluster 2",16.92,5,"Cluster 2 - Menor porte","Menor porte (<20 mil)"
"2086","Mirante","Bahia",10187,1478,"Menor porte",0,0,"Cluster 2",16.92,3,"Cluster 2 - Menor porte","Menor porte (<20 mil)"
"2087","Monte Santo","Bahia",47780,10012,"Médio porte",0,0,"Cluster 2",5.66,6,"Cluster 2 - Médio porte","Médio porte (>20 mil e <100 mil)"
"2088","Morpará","Bahia",7996,877,"Menor porte",0,0,"Cluster 2",16.92,1,"Cluster 2 - Menor porte","Menor porte (<20 mil)"
"2089","Morro do Chapéu","Bahia",33594,7646,"Médio porte",0,0,"Cluster 2",5.66,4,"Cluster 2 - Médio porte","Médio porte (>20 mil e <100 mil)"
"2090","Mortugaba","Bahia",11143,3373,"Menor porte",0,0,"Cluster 2",16.92,6,"Cluster 2 - Menor porte","Menor porte (<20 mil)"
"2091","Mucugê","Bahia",12137,4090,"Menor porte",0,0,"Cluster 3",8.89,4,"Cluster 3 - Menor porte","Menor porte (<20 mil)"
"2092","Mucuri","Bahia",37977,10408,"Médio porte",6,5.76,"Cluster 3",4.29,4,"Cluster 3 - Médio porte","Médio porte (>20 mil e <100 mil)"
"2093","Mulungu do Morro","Bahia",13152,2329,"Menor porte",0,0,"Cluster 2",16.92,4,"Cluster 2 - Menor porte","Menor porte (<20 mil)"
"2094","Mundo Novo","Bahia",17305,3737,"Médio porte",0,0,"Cluster 2",5.66,2,"Cluster 2 - Médio porte","Médio porte (>20 mil e <100 mil)"
"2095","Muniz Ferreira","Bahia",7190,2004,"Menor porte",1,4.99,"Cluster 2",16.92,3,"Cluster 2 - Menor porte","Menor porte (<20 mil)"
"2096","Muquém do São Francisco","Bahia",10443,1431,"Menor porte",0,0,"Cluster 2",16.92,2,"Cluster 2 - Menor porte","Menor porte (<20 mil)"
"2097","Muritiba","Bahia",28707,8431,"Médio porte",2,2.37,"Cluster 3",4.29,4,"Cluster 3 - Médio porte","Médio porte (>20 mil e <100 mil)"
"2098","Mutuípe","Bahia",20037,10062,"Médio porte",0,0,"Cluster 3",4.29,4,"Cluster 3 - Médio porte","Médio porte (>20 mil e <100 mil)"
"2099","Nazaré","Bahia",27060,9007,"Médio porte",0,0,"Cluster 3",4.29,4,"Cluster 3 - Médio porte","Médio porte (>20 mil e <100 mil)"
"2100","Nilo Peçanha","Bahia",12063,2294,"Menor porte",0,0,"Cluster 2",16.92,4,"Cluster 2 - Menor porte","Menor porte (<20 mil)"
"2101","Nordestina","Bahia",18523,2377,"Menor porte",0,0,"Cluster 2",16.92,4,"Cluster 2 - Menor porte","Menor porte (<20 mil)"
"2102","Nova Canaã","Bahia",13715,2175,"Menor porte",0,0,"Cluster 2",16.92,4,"Cluster 2 - Menor porte","Menor porte (<20 mil)"
"2103","Nova Fátima","Bahia",7967,2585,"Menor porte",0,0,"Cluster 2",16.92,4,"Cluster 2 - Menor porte","Menor porte (<20 mil)"
"2104","Nova Ibiá","Bahia",6501,1133,"Menor porte",0,0,"Cluster 2",16.92,2,"Cluster 2 - Menor porte","Menor porte (<20 mil)"
"2105","Nova Itarana","Bahia",7780,1239,"Menor porte",0,0,"Cluster 2",16.92,2,"Cluster 2 - Menor porte","Menor porte (<20 mil)"
"2106","Nova Redenção","Bahia",7538,1340,"Menor porte",0,0,"Cluster 2",16.92,2,"Cluster 2 - Menor porte","Menor porte (<20 mil)"
"2107","Nova Soure","Bahia",24236,5613,"Médio porte",3,5.34,"Cluster 2",5.66,3,"Cluster 2 - Médio porte","Médio porte (>20 mil e <100 mil)"
"2108","Nova Viçosa","Bahia",39509,10340,"Médio porte",0,0,"Cluster 3",4.29,4,"Cluster 3 - Médio porte","Médio porte (>20 mil e <100 mil)"
"2109","Novo Horizonte","Bahia",11162,4333,"Menor porte",0,0,"Cluster 2",16.92,7,"Cluster 2 - Menor porte","Menor porte (<20 mil)"
"2110","Novo Triunfo","Bahia",11101,1835,"Menor porte",0,0,"Cluster 2",16.92,3,"Cluster 2 - Menor porte","Menor porte (<20 mil)"
"2111","Olindina","Bahia",22633,5895,"Médio porte",12,20.36,"Cluster 2",5.66,3,"Cluster 2 - Médio porte","Médio porte (>20 mil e <100 mil)"
"2112","Oliveira dos Brejinhos","Bahia",20715,5747,"Médio porte",1,1.74,"Cluster 2",5.66,3,"Cluster 2 - Médio porte","Médio porte (>20 mil e <100 mil)"
"2113","Ouriçangas","Bahia",7716,977,"Menor porte",0,0,"Cluster 2",16.92,2,"Cluster 2 - Menor porte","Menor porte (<20 mil)"
"2114","Ourolândia","Bahia",19243,4415,"Menor porte",0,0,"Cluster 2",16.92,7,"Cluster 2 - Menor porte","Menor porte (<20 mil)"
"2115","Palmas de Monte Alto","Bahia",20078,5098,"Médio porte",0,0,"Cluster 2",5.66,3,"Cluster 2 - Médio porte","Médio porte (>20 mil e <100 mil)"
"2116","Palmeiras","Bahia",10339,3029,"Menor porte",0,0,"Cluster 2",16.92,5,"Cluster 2 - Menor porte","Menor porte (<20 mil)"
"2117","Paramirim","Bahia",20351,8304,"Médio porte",0,0,"Cluster 3",4.29,4,"Cluster 3 - Médio porte","Médio porte (>20 mil e <100 mil)"
"2118","Paratinga","Bahia",29252,4895,"Médio porte",0,0,"Cluster 2",5.66,3,"Cluster 2 - Médio porte","Médio porte (>20 mil e <100 mil)"
"2119","Paripiranga","Bahia",26604,9027,"Médio porte",0,0,"Cluster 2",5.66,5,"Cluster 2 - Médio porte","Médio porte (>20 mil e <100 mil)"
"2120","Pau Brasil","Bahia",9370,2227,"Menor porte",0,0,"Cluster 2",16.92,4,"Cluster 2 - Menor porte","Menor porte (<20 mil)"
"2121","Paulo Afonso","Bahia",112870,64221,"Maior porte",5,0.78,"Cluster 3",3.72,24,"Cluster 3 - Maior porte","Maior porte (>100 mil)"
"2122","Pé de Serra","Bahia",13243,3451,"Menor porte",0,0,"Cluster 2",16.92,6,"Cluster 2 - Menor porte","Menor porte (<20 mil)"
"2123","Pedrão","Bahia",6235,868,"Menor porte",0,0,"Cluster 2",16.92,1,"Cluster 2 - Menor porte","Menor porte (<20 mil)"
"2124","Pedro Alexandre","Bahia",13954,1493,"Menor porte",0,0,"Cluster 2",16.92,3,"Cluster 2 - Menor porte","Menor porte (<20 mil)"
"2125","Piatã","Bahia",20086,5849,"Menor porte",0,0,"Cluster 2",16.92,10,"Cluster 2 - Menor porte","Menor porte (<20 mil)"
"2126","Pilão Arcado","Bahia",35357,2827,"Médio porte",0,0,"Cluster 2",5.66,2,"Cluster 2 - Médio porte","Médio porte (>20 mil e <100 mil)"
"2127","Pindaí","Bahia",14731,3765,"Menor porte",0,0,"Cluster 2",16.92,6,"Cluster 2 - Menor porte","Menor porte (<20 mil)"
"2128","Pindobaçu","Bahia",19083,4743,"Médio porte",0,0,"Cluster 2",5.66,3,"Cluster 2 - Médio porte","Médio porte (>20 mil e <100 mil)"
"2129","Pintadas","Bahia",10325,2891,"Menor porte",0,0,"Cluster 2",16.92,5,"Cluster 2 - Menor porte","Menor porte (<20 mil)"
"2130","Piraí do Norte","Bahia",10974,2774,"Menor porte",0,0,"Cluster 2",16.92,5,"Cluster 2 - Menor porte","Menor porte (<20 mil)"
"2131","Piripá","Bahia",9171,2520,"Menor porte",0,0,"Cluster 2",16.92,4,"Cluster 2 - Menor porte","Menor porte (<20 mil)"
"2132","Piritiba","Bahia",17566,4337,"Médio porte",0,0,"Cluster 2",5.66,2,"Cluster 2 - Médio porte","Médio porte (>20 mil e <100 mil)"
"2133","Planaltino","Bahia",8022,1748,"Menor porte",0,0,"Cluster 2",16.92,3,"Cluster 2 - Menor porte","Menor porte (<20 mil)"
"2134","Planalto","Bahia",23334,5398,"Médio porte",0,0,"Cluster 2",5.66,3,"Cluster 2 - Médio porte","Médio porte (>20 mil e <100 mil)"
"2135","Poções","Bahia",48293,16438,"Médio porte",0,0,"Cluster 2",5.66,9,"Cluster 2 - Médio porte","Médio porte (>20 mil e <100 mil)"
"2136","Pojuca","Bahia",32136,13223,"Médio porte",2,1.51,"Cluster 3",4.29,6,"Cluster 3 - Médio porte","Médio porte (>20 mil e <100 mil)"
"2137","Ponto Novo","Bahia",17938,4362,"Menor porte",0,0,"Cluster 2",16.92,7,"Cluster 2 - Menor porte","Menor porte (<20 mil)"
"2138","Porto Seguro","Bahia",168326,64300,"Maior porte",24,3.73,"Cluster 3",3.72,24,"Cluster 3 - Maior porte","Maior porte (>100 mil)"
"2139","Potiraguá","Bahia",10274,1746,"Menor porte",0,0,"Cluster 2",16.92,3,"Cluster 2 - Menor porte","Menor porte (<20 mil)"
"2140","Prado","Bahia",35003,6921,"Médio porte",0,0,"Cluster 2",5.66,4,"Cluster 2 - Médio porte","Médio porte (>20 mil e <100 mil)"
"2141","Presidente Dutra","Bahia",15130,4634,"Menor porte",0,0,"Cluster 2",16.92,8,"Cluster 2 - Menor porte","Menor porte (<20 mil)"
"2142","Presidente Jânio Quadros","Bahia",12621,1872,"Menor porte",0,0,"Cluster 2",16.92,3,"Cluster 2 - Menor porte","Menor porte (<20 mil)"
"2143","Presidente Tancredo Neves","Bahia",27734,8610,"Médio porte",6,6.97,"Cluster 2",5.66,5,"Cluster 2 - Médio porte","Médio porte (>20 mil e <100 mil)"
"2144","Queimadas","Bahia",25988,5890,"Médio porte",0,0,"Cluster 2",5.66,3,"Cluster 2 - Médio porte","Médio porte (>20 mil e <100 mil)"
"2145","Quijingue","Bahia",25272,3739,"Médio porte",0,0,"Cluster 2",5.66,2,"Cluster 2 - Médio porte","Médio porte (>20 mil e <100 mil)"
"2146","Quixabeira","Bahia",9461,2751,"Menor porte",0,0,"Cluster 2",16.92,5,"Cluster 2 - Menor porte","Menor porte (<20 mil)"
"2147","Rafael Jambeiro","Bahia",19662,4005,"Médio porte",0,0,"Cluster 2",5.66,2,"Cluster 2 - Médio porte","Médio porte (>20 mil e <100 mil)"
"2148","Remanso","Bahia",40586,10440,"Médio porte",0,0,"Cluster 2",5.66,6,"Cluster 2 - Médio porte","Médio porte (>20 mil e <100 mil)"
"2149","Retirolândia","Bahia",13651,4893,"Menor porte",1,2.04,"Cluster 2",16.92,8,"Cluster 2 - Menor porte","Menor porte (<20 mil)"
"2150","Riachão das Neves","Bahia",21642,3890,"Médio porte",0,0,"Cluster 2",5.66,2,"Cluster 2 - Médio porte","Médio porte (>20 mil e <100 mil)"
"2151","Riachão do Jacuípe","Bahia",33386,12668,"Médio porte",2,1.58,"Cluster 3",4.29,5,"Cluster 3 - Médio porte","Médio porte (>20 mil e <100 mil)"
"2152","Riacho de Santana","Bahia",30711,8227,"Médio porte",0,0,"Cluster 2",5.66,5,"Cluster 2 - Médio porte","Médio porte (>20 mil e <100 mil)"
"2153","Ribeira do Amparo","Bahia",14064,2753,"Menor porte",0,0,"Cluster 2",16.92,5,"Cluster 2 - Menor porte","Menor porte (<20 mil)"
"2154","Ribeira do Pombal","Bahia",53566,21840,"Médio porte",11,5.04,"Cluster 2",5.66,12,"Cluster 2 - Médio porte","Médio porte (>20 mil e <100 mil)"
"2155","Ribeirão do Largo","Bahia",9740,1008,"Menor porte",0,0,"Cluster 2",16.92,2,"Cluster 2 - Menor porte","Menor porte (<20 mil)"
"2156","Rio de Contas","Bahia",13184,4533,"Menor porte",0,0,"Cluster 2",16.92,8,"Cluster 2 - Menor porte","Menor porte (<20 mil)"
"2157","Rio do Antônio","Bahia",13146,3512,"Menor porte",0,0,"Cluster 2",16.92,6,"Cluster 2 - Menor porte","Menor porte (<20 mil)"
"2158","Rio do Pires","Bahia",10497,4093,"Menor porte",0,0,"Cluster 2",16.92,7,"Cluster 2 - Menor porte","Menor porte (<20 mil)"
"2159","Rio Real","Bahia",35362,12878,"Médio porte",3,2.33,"Cluster 2",5.66,7,"Cluster 2 - Médio porte","Médio porte (>20 mil e <100 mil)"
"2160","Rodelas","Bahia",10308,2635,"Médio porte",0,0,"Cluster 2",5.66,1,"Cluster 2 - Médio porte","Médio porte (>20 mil e <100 mil)"
"2161","Ruy Barbosa","Bahia",28282,8322,"Médio porte",0,0,"Cluster 2",5.66,5,"Cluster 2 - Médio porte","Médio porte (>20 mil e <100 mil)"
"2162","Salinas da Margarida","Bahia",14987,1612,"Menor porte",0,0,"Cluster 2",16.92,3,"Cluster 2 - Menor porte","Menor porte (<20 mil)"
"2163","Salvador","Bahia",2417678,1036885,"Maior porte",244,2.35,"Cluster 1",3.23,335,"Cluster 1 - Maior porte","Maior porte (>100 mil)"
"2164","Santa Bárbara","Bahia",20952,5046,"Médio porte",0,0,"Cluster 2",5.66,3,"Cluster 2 - Médio porte","Médio porte (>20 mil e <100 mil)"
"2165","Santa Brígida","Bahia",14965,2833,"Menor porte",0,0,"Cluster 2",16.92,5,"Cluster 2 - Menor porte","Menor porte (<20 mil)"
"2166","Santa Cruz Cabrália","Bahia",29185,8289,"Médio porte",7,8.44,"Cluster 3",4.29,4,"Cluster 3 - Médio porte","Médio porte (>20 mil e <100 mil)"
"2167","Santa Cruz da Vitória","Bahia",4681,714,"Menor porte",0,0,"Cluster 2",16.92,1,"Cluster 2 - Menor porte","Menor porte (<20 mil)"
"2168","Santa Inês","Bahia",10300,1939,"Menor porte",0,0,"Cluster 2",16.92,3,"Cluster 2 - Menor porte","Menor porte (<20 mil)"
"2169","Santa Luzia","Bahia",13896,1900,"Menor porte",0,0,"Cluster 2",16.92,3,"Cluster 2 - Menor porte","Menor porte (<20 mil)"
"2170","Santa Maria da Vitória","Bahia",38604,16067,"Médio porte",0,0,"Cluster 3",4.29,7,"Cluster 3 - Médio porte","Médio porte (>20 mil e <100 mil)"
"2171","Santa Rita de Cássia","Bahia",27390,5462,"Médio porte",0,0,"Cluster 2",5.66,3,"Cluster 2 - Médio porte","Médio porte (>20 mil e <100 mil)"
"2172","Santa Terezinha","Bahia",10441,1891,"Menor porte",0,0,"Cluster 2",16.92,3,"Cluster 2 - Menor porte","Menor porte (<20 mil)"
"2173","Santaluz","Bahia",37834,10127,"Médio porte",0,0,"Cluster 2",5.66,6,"Cluster 2 - Médio porte","Médio porte (>20 mil e <100 mil)"
"2174","Santana","Bahia",24755,8522,"Médio porte",0,0,"Cluster 2",5.66,5,"Cluster 2 - Médio porte","Médio porte (>20 mil e <100 mil)"
"2175","Santanópolis","Bahia",8716,2026,"Menor porte",0,0,"Cluster 2",16.92,3,"Cluster 2 - Menor porte","Menor porte (<20 mil)"
"2176","Santo Amaro","Bahia",56012,12767,"Médio porte",0,0,"Cluster 2",5.66,7,"Cluster 2 - Médio porte","Médio porte (>20 mil e <100 mil)"
"2177","Santo Antônio de Jesus","Bahia",103055,62629,"Maior porte",10,1.6,"Cluster 1",3.23,20,"Cluster 1 - Maior porte","Maior porte (>100 mil)"
"2178","Santo Estêvão","Bahia",52276,23113,"Médio porte",0,0,"Cluster 3",4.29,10,"Cluster 3 - Médio porte","Médio porte (>20 mil e <100 mil)"
"2179","São Desidério","Bahia",32828,10016,"Médio porte",0,0,"Cluster 3",4.29,4,"Cluster 3 - Médio porte","Médio porte (>20 mil e <100 mil)"
"2180","São Domingos","Bahia",8426,2544,"Menor porte",0,0,"Cluster 2",16.92,4,"Cluster 2 - Menor porte","Menor porte (<20 mil)"
"2181","São Felipe","Bahia",20283,7206,"Médio porte",0,0,"Cluster 3",4.29,3,"Cluster 3 - Médio porte","Médio porte (>20 mil e <100 mil)"
"2182","São Félix","Bahia",11026,3152,"Menor porte",0,0,"Cluster 2",16.92,5,"Cluster 2 - Menor porte","Menor porte (<20 mil)"
"2183","São Félix do Coribe","Bahia",15194,6926,"Menor porte",0,0,"Cluster 3",8.89,6,"Cluster 3 - Menor porte","Menor porte (<20 mil)"
"2184","São Francisco do Conde","Bahia",38733,9226,"Médio porte",2,2.17,"Cluster 1",2.7,2,"Cluster 1 - Médio porte","Médio porte (>20 mil e <100 mil)"
"2185","São Gabriel","Bahia",18600,4773,"Menor porte",0,0,"Cluster 2",16.92,8,"Cluster 2 - Menor porte","Menor porte (<20 mil)"
"2186","São Gonçalo dos Campos","Bahia",39513,9790,"Médio porte",2,2.04,"Cluster 3",4.29,4,"Cluster 3 - Médio porte","Médio porte (>20 mil e <100 mil)"
"2187","São José da Vitória","Bahia",5315,1138,"Menor porte",2,17.57,"Cluster 2",16.92,2,"Cluster 2 - Menor porte","Menor porte (<20 mil)"
"2188","São José do Jacuípe","Bahia",10187,2896,"Menor porte",0,0,"Cluster 2",16.92,5,"Cluster 2 - Menor porte","Menor porte (<20 mil)"
"2189","São Miguel das Matas","Bahia",10334,2690,"Menor porte",0,0,"Cluster 2",16.92,5,"Cluster 2 - Menor porte","Menor porte (<20 mil)"
"2190","São Sebastião do Passé","Bahia",40958,11138,"Médio porte",0,0,"Cluster 3",4.29,5,"Cluster 3 - Médio porte","Médio porte (>20 mil e <100 mil)"
"2191","Sapeaçu","Bahia",17963,5981,"Menor porte",7,11.7,"Cluster 2",16.92,10,"Cluster 2 - Menor porte","Menor porte (<20 mil)"
"2192","Sátiro Dias","Bahia",16008,2677,"Menor porte",0,0,"Cluster 2",16.92,5,"Cluster 2 - Menor porte","Menor porte (<20 mil)"
"2193","Saubara","Bahia",11438,1711,"Menor porte",0,0,"Cluster 2",16.92,3,"Cluster 2 - Menor porte","Menor porte (<20 mil)"
"2194","Saúde","Bahia",10478,2962,"Menor porte",0,0,"Cluster 2",16.92,5,"Cluster 2 - Menor porte","Menor porte (<20 mil)"
"2195","Seabra","Bahia",46160,24447,"Médio porte",6,2.45,"Cluster 3",4.29,10,"Cluster 3 - Médio porte","Médio porte (>20 mil e <100 mil)"
"2196","Sebastião Laranjeiras","Bahia",9360,1864,"Menor porte",0,0,"Cluster 2",16.92,3,"Cluster 2 - Menor porte","Menor porte (<20 mil)"
"2197","Senhor do Bonfim","Bahia",74523,30523,"Médio porte",5,1.64,"Cluster 3",4.29,13,"Cluster 3 - Médio porte","Médio porte (>20 mil e <100 mil)"
"2198","Sento Sé","Bahia",38154,4142,"Médio porte",0,0,"Cluster 2",5.66,2,"Cluster 2 - Médio porte","Médio porte (>20 mil e <100 mil)"
"2199","Serra do Ramalho","Bahia",34222,7562,"Médio porte",0,0,"Cluster 2",5.66,4,"Cluster 2 - Médio porte","Médio porte (>20 mil e <100 mil)"
"2200","Serra Dourada","Bahia",17066,4246,"Menor porte",0,0,"Cluster 2",16.92,7,"Cluster 2 - Menor porte","Menor porte (<20 mil)"
"2201","Serra Preta","Bahia",17996,3465,"Menor porte",0,0,"Cluster 2",16.92,6,"Cluster 2 - Menor porte","Menor porte (<20 mil)"
"2202","Serrinha","Bahia",80435,38232,"Médio porte",6,1.57,"Cluster 3",4.29,16,"Cluster 3 - Médio porte","Médio porte (>20 mil e <100 mil)"
"2203","Serrolândia","Bahia",13335,4054,"Menor porte",0,0,"Cluster 2",16.92,7,"Cluster 2 - Menor porte","Menor porte (<20 mil)"
"2204","Simões Filho","Bahia",114559,46988,"Maior porte",2,0.43,"Cluster 3",3.72,18,"Cluster 3 - Maior porte","Maior porte (>100 mil)"
"2205","Sítio do Mato","Bahia",13408,1822,"Menor porte",0,0,"Cluster 2",16.92,3,"Cluster 2 - Menor porte","Menor porte (<20 mil)"
"2206","Sítio do Quinto","Bahia",13786,2596,"Menor porte",0,0,"Cluster 2",16.92,4,"Cluster 2 - Menor porte","Menor porte (<20 mil)"
"2207","Sobradinho","Bahia",25475,6523,"Médio porte",0,0,"Cluster 3",4.29,3,"Cluster 3 - Médio porte","Médio porte (>20 mil e <100 mil)"
"2208","Souto Soares","Bahia",17054,3997,"Menor porte",0,0,"Cluster 2",16.92,7,"Cluster 2 - Menor porte","Menor porte (<20 mil)"
"2209","Tabocas do Brejo Velho","Bahia",11979,2447,"Menor porte",0,0,"Cluster 2",16.92,4,"Cluster 2 - Menor porte","Menor porte (<20 mil)"
"2210","Tanhaçu","Bahia",21006,7292,"Médio porte",1,1.37,"Cluster 2",5.66,4,"Cluster 2 - Médio porte","Médio porte (>20 mil e <100 mil)"
"2211","Tanque Novo","Bahia",17158,5805,"Menor porte",0,0,"Cluster 2",16.92,10,"Cluster 2 - Menor porte","Menor porte (<20 mil)"
"2212","Tanquinho","Bahia",7717,1696,"Menor porte",0,0,"Cluster 2",16.92,3,"Cluster 2 - Menor porte","Menor porte (<20 mil)"
"2213","Taperoá","Bahia",18044,4287,"Médio porte",0,0,"Cluster 2",5.66,2,"Cluster 2 - Médio porte","Médio porte (>20 mil e <100 mil)"
"2214","Tapiramutá","Bahia",15818,2388,"Menor porte",0,0,"Cluster 2",16.92,4,"Cluster 2 - Menor porte","Menor porte (<20 mil)"
"2215","Teixeira de Freitas","Bahia",145216,78421,"Maior porte",12,1.53,"Cluster 3",3.72,29,"Cluster 3 - Maior porte","Maior porte (>100 mil)"
"2216","Teodoro Sampaio","Bahia",7110,1053,"Menor porte",0,0,"Cluster 2",16.92,2,"Cluster 2 - Menor porte","Menor porte (<20 mil)"
"2217","Teofilândia","Bahia",21176,6213,"Médio porte",2,3.22,"Cluster 2",5.66,4,"Cluster 2 - Médio porte","Médio porte (>20 mil e <100 mil)"
"2218","Teolândia","Bahia",15332,3683,"Menor porte",2,5.43,"Cluster 2",16.92,6,"Cluster 2 - Menor porte","Menor porte (<20 mil)"
"2219","Terra Nova","Bahia",10798,1702,"Menor porte",0,0,"Cluster 2",16.92,3,"Cluster 2 - Menor porte","Menor porte (<20 mil)"
"2220","Tremedal","Bahia",16277,3289,"Menor porte",1,3.04,"Cluster 2",16.92,6,"Cluster 2 - Menor porte","Menor porte (<20 mil)"
"2221","Tucano","Bahia",48736,14967,"Médio porte",4,2.67,"Cluster 2",5.66,8,"Cluster 2 - Médio porte","Médio porte (>20 mil e <100 mil)"
"2222","Uauá","Bahia",24665,5940,"Médio porte",0,0,"Cluster 2",5.66,3,"Cluster 2 - Médio porte","Médio porte (>20 mil e <100 mil)"
"2223","Ubaíra","Bahia",18626,5247,"Menor porte",0,0,"Cluster 2",16.92,9,"Cluster 2 - Menor porte","Menor porte (<20 mil)"
"2224","Ubaitaba","Bahia",17596,6166,"Menor porte",4,6.49,"Cluster 2",16.92,10,"Cluster 2 - Menor porte","Menor porte (<20 mil)"
"2225","Ubatã","Bahia",16094,5049,"Médio porte",0,0,"Cluster 2",5.66,3,"Cluster 2 - Médio porte","Médio porte (>20 mil e <100 mil)"
"2226","Uibaí","Bahia",13432,3635,"Menor porte",0,0,"Cluster 2",16.92,6,"Cluster 2 - Menor porte","Menor porte (<20 mil)"
"2227","Umburanas","Bahia",13642,2523,"Menor porte",0,0,"Cluster 2",16.92,4,"Cluster 2 - Menor porte","Menor porte (<20 mil)"
"2228","Una","Bahia",18131,4420,"Menor porte",0,0,"Cluster 2",16.92,7,"Cluster 2 - Menor porte","Menor porte (<20 mil)"
"2229","Urandi","Bahia",15355,5922,"Menor porte",0,0,"Cluster 2",16.92,10,"Cluster 2 - Menor porte","Menor porte (<20 mil)"
"2230","Uruçuca","Bahia",21420,5207,"Médio porte",3,5.76,"Cluster 2",5.66,3,"Cluster 2 - Médio porte","Médio porte (>20 mil e <100 mil)"
"2231","Utinga","Bahia",16277,3716,"Menor porte",0,0,"Cluster 2",16.92,6,"Cluster 2 - Menor porte","Menor porte (<20 mil)"
"2232","Valença","Bahia",85655,32240,"Médio porte",2,0.62,"Cluster 3",4.29,14,"Cluster 3 - Médio porte","Médio porte (>20 mil e <100 mil)"
"2233","Valente","Bahia",24362,8335,"Médio porte",0,0,"Cluster 3",4.29,4,"Cluster 3 - Médio porte","Médio porte (>20 mil e <100 mil)"
"2234","Várzea da Roça","Bahia",13800,3389,"Menor porte",0,0,"Cluster 2",16.92,6,"Cluster 2 - Menor porte","Menor porte (<20 mil)"
"2235","Várzea do Poço","Bahia",8101,2787,"Menor porte",0,0,"Cluster 2",16.92,5,"Cluster 2 - Menor porte","Menor porte (<20 mil)"
"2236","Várzea Nova","Bahia",13377,3374,"Menor porte",0,0,"Cluster 2",16.92,6,"Cluster 2 - Menor porte","Menor porte (<20 mil)"
"2237","Varzedo","Bahia",9913,2590,"Menor porte",0,0,"Cluster 2",16.92,4,"Cluster 2 - Menor porte","Menor porte (<20 mil)"
"2238","Vera Cruz","Bahia",42529,7838,"Médio porte",3,3.83,"Cluster 2",5.66,4,"Cluster 2 - Médio porte","Médio porte (>20 mil e <100 mil)"
"2239","Vereda","Bahia",6003,1526,"Menor porte",0,0,"Cluster 2",16.92,3,"Cluster 2 - Menor porte","Menor porte (<20 mil)"
"2240","Vitória da Conquista","Bahia",370879,178561,"Maior porte",7,0.39,"Cluster 3",3.72,67,"Cluster 3 - Maior porte","Maior porte (>100 mil)"
"2241","Wagner","Bahia",9503,1419,"Menor porte",0,0,"Cluster 2",16.92,2,"Cluster 2 - Menor porte","Menor porte (<20 mil)"
"2242","Wanderley","Bahia",12968,2949,"Menor porte",0,0,"Cluster 2",16.92,5,"Cluster 2 - Menor porte","Menor porte (<20 mil)"
"2243","Wenceslau Guimarães","Bahia",24474,4598,"Médio porte",3,6.52,"Cluster 2",5.66,3,"Cluster 2 - Médio porte","Médio porte (>20 mil e <100 mil)"
"2244","Xique-Xique","Bahia",44757,11127,"Médio porte",0,0,"Cluster 2",5.66,6,"Cluster 2 - Médio porte","Médio porte (>20 mil e <100 mil)"
"2245","Abadia dos Dourados","Minas Gerais",6272,4966,"Menor porte",0,0,"Cluster 3",8.89,4,"Cluster 3 - Menor porte","Menor porte (<20 mil)"
"2246","Abaeté","Minas Gerais",22675,14847,"Médio porte",0,0,"Cluster 1",2.7,4,"Cluster 1 - Médio porte","Médio porte (>20 mil e <100 mil)"
"2247","Abre Campo","Minas Gerais",13927,7417,"Menor porte",1,1.35,"Cluster 3",8.89,7,"Cluster 3 - Menor porte","Menor porte (<20 mil)"
"2248","Acaiaca","Minas Gerais",3909,2126,"Menor porte",3,14.11,"Cluster 3",8.89,2,"Cluster 3 - Menor porte","Menor porte (<20 mil)"
"2249","Açucena","Minas Gerais",8943,4064,"Menor porte",4,9.84,"Cluster 2",16.92,7,"Cluster 2 - Menor porte","Menor porte (<20 mil)"
"2250","Água Boa","Minas Gerais",12589,5001,"Menor porte",1,2,"Cluster 2",16.92,8,"Cluster 2 - Menor porte","Menor porte (<20 mil)"
"2251","Água Comprida","Minas Gerais",2108,1108,"Menor porte",3,27.08,"Cluster 1",8.51,1,"Cluster 1 - Menor porte","Menor porte (<20 mil)"
"2252","Aguanil","Minas Gerais",4357,2021,"Menor porte",8,39.58,"Cluster 3",8.89,2,"Cluster 3 - Menor porte","Menor porte (<20 mil)"
"2253","Águas Formosas","Minas Gerais",18448,6986,"Menor porte",3,4.29,"Cluster 3",8.89,6,"Cluster 3 - Menor porte","Menor porte (<20 mil)"
"2254","Águas Vermelhas","Minas Gerais",14037,3023,"Menor porte",0,0,"Cluster 2",16.92,5,"Cluster 2 - Menor porte","Menor porte (<20 mil)"
"2255","Aimorés","Minas Gerais",25269,11035,"Médio porte",2,1.81,"Cluster 3",4.29,5,"Cluster 3 - Médio porte","Médio porte (>20 mil e <100 mil)"
"2256","Aiuruoca","Minas Gerais",6233,3844,"Menor porte",1,2.6,"Cluster 3",8.89,3,"Cluster 3 - Menor porte","Menor porte (<20 mil)"
"2257","Alagoa","Minas Gerais",2749,1364,"Menor porte",0,0,"Cluster 3",8.89,1,"Cluster 3 - Menor porte","Menor porte (<20 mil)"
"2258","Albertina","Minas Gerais",2952,2153,"Menor porte",0,0,"Cluster 3",8.89,2,"Cluster 3 - Menor porte","Menor porte (<20 mil)"
"2259","Além Paraíba","Minas Gerais",30717,27798,"Médio porte",2,0.72,"Cluster 1",2.7,8,"Cluster 1 - Médio porte","Médio porte (>20 mil e <100 mil)"
"2260","Alfenas","Minas Gerais",78970,53861,"Médio porte",4,0.74,"Cluster 1",2.7,15,"Cluster 1 - Médio porte","Médio porte (>20 mil e <100 mil)"
"2261","Alfredo Vasconcelos","Minas Gerais",6931,3924,"Menor porte",0,0,"Cluster 3",8.89,3,"Cluster 3 - Menor porte","Menor porte (<20 mil)"
"2262","Almenara","Minas Gerais",40364,17164,"Médio porte",2,1.17,"Cluster 3",4.29,7,"Cluster 3 - Médio porte","Médio porte (>20 mil e <100 mil)"
"2263","Alpercata","Minas Gerais",6903,2385,"Menor porte",4,16.77,"Cluster 2",16.92,4,"Cluster 2 - Menor porte","Menor porte (<20 mil)"
"2264","Alpinópolis","Minas Gerais",18300,14782,"Menor porte",2,1.35,"Cluster 1",8.51,13,"Cluster 1 - Menor porte","Menor porte (<20 mil)"
"2265","Alterosa","Minas Gerais",13915,10008,"Menor porte",0,0,"Cluster 3",8.89,9,"Cluster 3 - Menor porte","Menor porte (<20 mil)"
"2266","Alto Caparaó","Minas Gerais",5795,3734,"Menor porte",0,0,"Cluster 3",8.89,3,"Cluster 3 - Menor porte","Menor porte (<20 mil)"
"2267","Alto Jequitibá","Minas Gerais",8397,5698,"Menor porte",1,1.76,"Cluster 3",8.89,5,"Cluster 3 - Menor porte","Menor porte (<20 mil)"
"2268","Alto Rio Doce","Minas Gerais",10891,5840,"Menor porte",0,0,"Cluster 3",8.89,5,"Cluster 3 - Menor porte","Menor porte (<20 mil)"
"2269","Alvarenga","Minas Gerais",3975,2281,"Menor porte",0,0,"Cluster 3",8.89,2,"Cluster 3 - Menor porte","Menor porte (<20 mil)"
"2270","Alvinópolis","Minas Gerais",15059,7222,"Menor porte",1,1.38,"Cluster 3",8.89,6,"Cluster 3 - Menor porte","Menor porte (<20 mil)"
"2271","Alvorada de Minas","Minas Gerais",4159,1687,"Menor porte",0,0,"Cluster 2",16.92,3,"Cluster 2 - Menor porte","Menor porte (<20 mil)"
"2272","Amparo do Serra","Minas Gerais",4541,2171,"Menor porte",0,0,"Cluster 3",8.89,2,"Cluster 3 - Menor porte","Menor porte (<20 mil)"
"2273","Andradas","Minas Gerais",40553,31539,"Médio porte",3,0.95,"Cluster 1",2.7,9,"Cluster 1 - Médio porte","Médio porte (>20 mil e <100 mil)"
"2274","Andrelândia","Minas Gerais",11927,5876,"Menor porte",0,0,"Cluster 3",8.89,5,"Cluster 3 - Menor porte","Menor porte (<20 mil)"
"2275","Angelândia","Minas Gerais",7718,3600,"Menor porte",0,0,"Cluster 2",16.92,6,"Cluster 2 - Menor porte","Menor porte (<20 mil)"
"2276","Antônio Carlos","Minas Gerais",11095,5599,"Menor porte",0,0,"Cluster 3",8.89,5,"Cluster 3 - Menor porte","Menor porte (<20 mil)"
"2277","Antônio Dias","Minas Gerais",9219,3799,"Menor porte",0,0,"Cluster 3",8.89,3,"Cluster 3 - Menor porte","Menor porte (<20 mil)"
"2278","Antônio Prado de Minas","Minas Gerais",1538,924,"Menor porte",0,0,"Cluster 3",8.89,1,"Cluster 3 - Menor porte","Menor porte (<20 mil)"
"2279","Araçaí","Minas Gerais",2181,750,"Menor porte",0,0,"Cluster 3",8.89,1,"Cluster 3 - Menor porte","Menor porte (<20 mil)"
"2280","Aracitaba","Minas Gerais",2049,730,"Menor porte",0,0,"Cluster 3",8.89,1,"Cluster 3 - Menor porte","Menor porte (<20 mil)"
"2281","Araçuaí","Minas Gerais",34297,15667,"Médio porte",2,1.28,"Cluster 3",4.29,7,"Cluster 3 - Médio porte","Médio porte (>20 mil e <100 mil)"
"2282","Araguari","Minas Gerais",117808,94687,"Maior porte",11,1.16,"Cluster 2",3.54,34,"Cluster 2 - Maior porte","Maior porte (>100 mil)"
"2283","Arantina","Minas Gerais",2915,1453,"Menor porte",0,0,"Cluster 3",8.89,1,"Cluster 3 - Menor porte","Menor porte (<20 mil)"
"2284","Araponga","Minas Gerais",8048,4484,"Menor porte",0,0,"Cluster 2",16.92,8,"Cluster 2 - Menor porte","Menor porte (<20 mil)"
"2285","Araporã","Minas Gerais",8479,4456,"Menor porte",2,4.49,"Cluster 1",8.51,4,"Cluster 1 - Menor porte","Menor porte (<20 mil)"
"2286","Arapuá","Minas Gerais",2631,2047,"Menor porte",0,0,"Cluster 1",8.51,2,"Cluster 1 - Menor porte","Menor porte (<20 mil)"
"2287","Araújos","Minas Gerais",9199,5257,"Menor porte",0,0,"Cluster 3",8.89,5,"Cluster 3 - Menor porte","Menor porte (<20 mil)"
"2288","Araxá","Minas Gerais",111691,79046,"Maior porte",37,4.68,"Cluster 2",3.54,28,"Cluster 2 - Maior porte","Maior porte (>100 mil)"
"2289","Arceburgo","Minas Gerais",9177,5858,"Menor porte",0,0,"Cluster 3",8.89,5,"Cluster 3 - Menor porte","Menor porte (<20 mil)"
"2290","Arcos","Minas Gerais",41416,33816,"Médio porte",4,1.18,"Cluster 1",2.7,9,"Cluster 1 - Médio porte","Médio porte (>20 mil e <100 mil)"
"2291","Areado","Minas Gerais",13881,8970,"Menor porte",0,0,"Cluster 3",8.89,8,"Cluster 3 - Menor porte","Menor porte (<20 mil)"
"2292","Argirita","Minas Gerais",2688,1018,"Menor porte",0,0,"Cluster 3",8.89,1,"Cluster 3 - Menor porte","Menor porte (<20 mil)"
"2293","Aricanduva","Minas Gerais",4719,1832,"Menor porte",0,0,"Cluster 2",16.92,3,"Cluster 2 - Menor porte","Menor porte (<20 mil)"
"2294","Arinos","Minas Gerais",17272,7351,"Menor porte",2,2.72,"Cluster 3",8.89,7,"Cluster 3 - Menor porte","Menor porte (<20 mil)"
"2295","Astolfo Dutra","Minas Gerais",14138,7475,"Menor porte",4,5.35,"Cluster 3",8.89,7,"Cluster 3 - Menor porte","Menor porte (<20 mil)"
"2296","Ataléia","Minas Gerais",13736,3671,"Menor porte",1,2.72,"Cluster 2",16.92,6,"Cluster 2 - Menor porte","Menor porte (<20 mil)"
"2297","Augusto de Lima","Minas Gerais",4538,1576,"Menor porte",3,19.04,"Cluster 2",16.92,3,"Cluster 2 - Menor porte","Menor porte (<20 mil)"
"2298","Baependi","Minas Gerais",18366,12059,"Menor porte",1,0.83,"Cluster 3",8.89,11,"Cluster 3 - Menor porte","Menor porte (<20 mil)"
"2299","Baldim","Minas Gerais",7492,3847,"Menor porte",0,0,"Cluster 3",8.89,3,"Cluster 3 - Menor porte","Menor porte (<20 mil)"
"2300","Bambuí","Minas Gerais",23546,16563,"Médio porte",0,0,"Cluster 1",2.7,4,"Cluster 1 - Médio porte","Médio porte (>20 mil e <100 mil)"
"2301","Bandeira","Minas Gerais",4741,1085,"Menor porte",0,0,"Cluster 2",16.92,2,"Cluster 2 - Menor porte","Menor porte (<20 mil)"
"2302","Bandeira do Sul","Minas Gerais",5943,3576,"Menor porte",2,5.59,"Cluster 3",8.89,3,"Cluster 3 - Menor porte","Menor porte (<20 mil)"
"2303","Barão de Cocais","Minas Gerais",30778,18616,"Médio porte",3,1.61,"Cluster 1",2.7,5,"Cluster 1 - Médio porte","Médio porte (>20 mil e <100 mil)"
"2304","Barão de Monte Alto","Minas Gerais",4964,1899,"Menor porte",0,0,"Cluster 3",8.89,2,"Cluster 3 - Menor porte","Menor porte (<20 mil)"
"2305","Barbacena","Minas Gerais",125317,75328,"Maior porte",12,1.59,"Cluster 1",3.23,24,"Cluster 1 - Maior porte","Maior porte (>100 mil)"
"2306","Barra Longa","Minas Gerais",5666,2503,"Menor porte",0,0,"Cluster 3",8.89,2,"Cluster 3 - Menor porte","Menor porte (<20 mil)"
"2307","Barroso","Minas Gerais",20080,11988,"Médio porte",0,0,"Cluster 1",2.7,3,"Cluster 1 - Médio porte","Médio porte (>20 mil e <100 mil)"
"2308","Bela Vista de Minas","Minas Gerais",10167,4959,"Menor porte",3,6.05,"Cluster 3",8.89,4,"Cluster 3 - Menor porte","Menor porte (<20 mil)"
"2309","Belmiro Braga","Minas Gerais",3244,1322,"Menor porte",0,0,"Cluster 3",8.89,1,"Cluster 3 - Menor porte","Menor porte (<20 mil)"
"2310","Belo Horizonte","Minas Gerais",2315560,2696745,"Maior porte",248,0.92,"Cluster 2",3.54,955,"Cluster 2 - Maior porte","Maior porte (>100 mil)"
"2311","Belo Oriente","Minas Gerais",23928,11777,"Médio porte",8,6.79,"Cluster 1",2.7,3,"Cluster 1 - Médio porte","Médio porte (>20 mil e <100 mil)"
"2312","Belo Vale","Minas Gerais",8627,5496,"Menor porte",0,0,"Cluster 3",8.89,5,"Cluster 3 - Menor porte","Menor porte (<20 mil)"
"2313","Berilo","Minas Gerais",9826,4228,"Menor porte",1,2.37,"Cluster 2",16.92,7,"Cluster 2 - Menor porte","Menor porte (<20 mil)"
"2314","Berizal","Minas Gerais",4201,1822,"Menor porte",0,0,"Cluster 2",16.92,3,"Cluster 2 - Menor porte","Menor porte (<20 mil)"
"2315","Bertópolis","Minas Gerais",4451,875,"Menor porte",0,0,"Cluster 2",16.92,1,"Cluster 2 - Menor porte","Menor porte (<20 mil)"
"2316","Betim","Minas Gerais",411846,229547,"Maior porte",24,1.05,"Cluster 1",3.23,74,"Cluster 1 - Maior porte","Maior porte (>100 mil)"
"2317","Bias Fortes","Minas Gerais",3361,1291,"Menor porte",0,0,"Cluster 2",16.92,2,"Cluster 2 - Menor porte","Menor porte (<20 mil)"
"2318","Bicas","Minas Gerais",13978,8690,"Menor porte",0,0,"Cluster 1",8.51,7,"Cluster 1 - Menor porte","Menor porte (<20 mil)"
"2319","Biquinhas","Minas Gerais",2383,1737,"Menor porte",0,0,"Cluster 3",8.89,2,"Cluster 3 - Menor porte","Menor porte (<20 mil)"
"2320","Boa Esperança","Minas Gerais",39848,26070,"Médio porte",0,0,"Cluster 1",2.7,7,"Cluster 1 - Médio porte","Médio porte (>20 mil e <100 mil)"
"2321","Bocaina de Minas","Minas Gerais",5348,3556,"Menor porte",0,0,"Cluster 3",8.89,3,"Cluster 3 - Menor porte","Menor porte (<20 mil)"
"2322","Bocaiúva","Minas Gerais",48032,27177,"Médio porte",7,2.58,"Cluster 3",4.29,12,"Cluster 3 - Médio porte","Médio porte (>20 mil e <100 mil)"
"2323","Bom Despacho","Minas Gerais",51737,35941,"Médio porte",3,0.83,"Cluster 1",2.7,10,"Cluster 1 - Médio porte","Médio porte (>20 mil e <100 mil)"
"2324","Bom Jardim de Minas","Minas Gerais",6783,4206,"Menor porte",0,0,"Cluster 3",8.89,4,"Cluster 3 - Menor porte","Menor porte (<20 mil)"
"2325","Bom Jesus da Penha","Minas Gerais",4474,3969,"Menor porte",0,0,"Cluster 1",8.51,3,"Cluster 1 - Menor porte","Menor porte (<20 mil)"
"2326","Bom Jesus do Amparo","Minas Gerais",5631,3250,"Menor porte",2,6.15,"Cluster 3",8.89,3,"Cluster 3 - Menor porte","Menor porte (<20 mil)"
"2327","Bom Jesus do Galho","Minas Gerais",14536,6087,"Menor porte",0,0,"Cluster 2",16.92,10,"Cluster 2 - Menor porte","Menor porte (<20 mil)"
"2328","Bom Repouso","Minas Gerais",12649,8536,"Menor porte",0,0,"Cluster 3",8.89,8,"Cluster 3 - Menor porte","Menor porte (<20 mil)"
"2329","Bom Sucesso","Minas Gerais",17151,8479,"Menor porte",1,1.18,"Cluster 3",8.89,8,"Cluster 3 - Menor porte","Menor porte (<20 mil)"
"2330","Bonfim","Minas Gerais",7434,4776,"Menor porte",0,0,"Cluster 3",8.89,4,"Cluster 3 - Menor porte","Menor porte (<20 mil)"
"2331","Bonfinópolis de Minas","Minas Gerais",5528,3151,"Menor porte",1,3.17,"Cluster 3",8.89,3,"Cluster 3 - Menor porte","Menor porte (<20 mil)"
"2332","Bonito de Minas","Minas Gerais",10204,1771,"Menor porte",0,0,"Cluster 2",16.92,3,"Cluster 2 - Menor porte","Menor porte (<20 mil)"
"2333","Borda da Mata","Minas Gerais",17404,11701,"Menor porte",3,2.56,"Cluster 3",8.89,10,"Cluster 3 - Menor porte","Menor porte (<20 mil)"
"2334","Botelhos","Minas Gerais",14828,10118,"Menor porte",1,0.99,"Cluster 3",8.89,9,"Cluster 3 - Menor porte","Menor porte (<20 mil)"
"2335","Botumirim","Minas Gerais",5790,1593,"Menor porte",0,0,"Cluster 2",16.92,3,"Cluster 2 - Menor porte","Menor porte (<20 mil)"
"2336","Brás Pires","Minas Gerais",4260,2513,"Menor porte",0,0,"Cluster 3",8.89,2,"Cluster 3 - Menor porte","Menor porte (<20 mil)"
"2337","Brasilândia de Minas","Minas Gerais",15020,8418,"Menor porte",1,1.19,"Cluster 3",8.89,7,"Cluster 3 - Menor porte","Menor porte (<20 mil)"
"2338","Brasília de Minas","Minas Gerais",32025,14419,"Médio porte",1,0.69,"Cluster 3",4.29,6,"Cluster 3 - Médio porte","Médio porte (>20 mil e <100 mil)"
"2339","Braúnas","Minas Gerais",4441,1673,"Menor porte",0,0,"Cluster 3",8.89,1,"Cluster 3 - Menor porte","Menor porte (<20 mil)"
"2340","Brazópolis","Minas Gerais",14246,8679,"Menor porte",0,0,"Cluster 3",8.89,8,"Cluster 3 - Menor porte","Menor porte (<20 mil)"
"2341","Brumadinho","Minas Gerais",38915,26780,"Médio porte",4,1.49,"Cluster 1",2.7,7,"Cluster 1 - Médio porte","Médio porte (>20 mil e <100 mil)"
"2342","Bueno Brandão","Minas Gerais",10911,8975,"Menor porte",0,0,"Cluster 3",8.89,8,"Cluster 3 - Menor porte","Menor porte (<20 mil)"
"2343","Buenópolis","Minas Gerais",9150,4401,"Menor porte",2,4.54,"Cluster 3",8.89,4,"Cluster 3 - Menor porte","Menor porte (<20 mil)"
"2344","Bugre","Minas Gerais",4041,1590,"Menor porte",0,0,"Cluster 2",16.92,3,"Cluster 2 - Menor porte","Menor porte (<20 mil)"
"2345","Buritis","Minas Gerais",24030,11757,"Médio porte",1,0.85,"Cluster 3",4.29,5,"Cluster 3 - Médio porte","Médio porte (>20 mil e <100 mil)"
"2346","Buritizeiro","Minas Gerais",23910,11586,"Médio porte",4,3.45,"Cluster 3",4.29,5,"Cluster 3 - Médio porte","Médio porte (>20 mil e <100 mil)"
"2347","Cabeceira Grande","Minas Gerais",6627,1410,"Menor porte",0,0,"Cluster 2",16.92,2,"Cluster 2 - Menor porte","Menor porte (<20 mil)"
"2348","Cabo Verde","Minas Gerais",11410,6866,"Menor porte",0,0,"Cluster 3",8.89,6,"Cluster 3 - Menor porte","Menor porte (<20 mil)"
"2349","Cachoeira da Prata","Minas Gerais",3693,1766,"Menor porte",1,5.66,"Cluster 3",8.89,2,"Cluster 3 - Menor porte","Menor porte (<20 mil)"
"2350","Cachoeira de Minas","Minas Gerais",11883,5743,"Menor porte",2,3.48,"Cluster 3",8.89,5,"Cluster 3 - Menor porte","Menor porte (<20 mil)"
"2351","Cachoeira de Pajeú","Minas Gerais",9110,2131,"Menor porte",5,23.46,"Cluster 2",16.92,4,"Cluster 2 - Menor porte","Menor porte (<20 mil)"
"2352","Cachoeira Dourada","Minas Gerais",2315,1309,"Menor porte",0,0,"Cluster 3",8.89,1,"Cluster 3 - Menor porte","Menor porte (<20 mil)"
"2353","Caetanópolis","Minas Gerais",11435,5803,"Menor porte",1,1.72,"Cluster 3",8.89,5,"Cluster 3 - Menor porte","Menor porte (<20 mil)"
"2354","Caeté","Minas Gerais",38776,26396,"Médio porte",3,1.14,"Cluster 1",2.7,7,"Cluster 1 - Médio porte","Médio porte (>20 mil e <100 mil)"
"2355","Caiana","Minas Gerais",5304,2370,"Menor porte",0,0,"Cluster 3",8.89,2,"Cluster 3 - Menor porte","Menor porte (<20 mil)"
"2356","Cajuri","Minas Gerais",4088,2056,"Menor porte",0,0,"Cluster 3",8.89,2,"Cluster 3 - Menor porte","Menor porte (<20 mil)"
"2357","Caldas","Minas Gerais",14217,8789,"Menor porte",0,0,"Cluster 3",8.89,8,"Cluster 3 - Menor porte","Menor porte (<20 mil)"
"2358","Camacho","Minas Gerais",2838,1871,"Menor porte",0,0,"Cluster 3",8.89,2,"Cluster 3 - Menor porte","Menor porte (<20 mil)"
"2359","Camanducaia","Minas Gerais",26097,16513,"Médio porte",2,1.21,"Cluster 1",2.7,4,"Cluster 1 - Médio porte","Médio porte (>20 mil e <100 mil)"
"2360","Cambuí","Minas Gerais",29536,22133,"Médio porte",1,0.45,"Cluster 1",2.7,6,"Cluster 1 - Médio porte","Médio porte (>20 mil e <100 mil)"
"2361","Cambuquira","Minas Gerais",12313,7104,"Menor porte",1,1.41,"Cluster 3",8.89,6,"Cluster 3 - Menor porte","Menor porte (<20 mil)"
"2362","Campanário","Minas Gerais",2923,1088,"Menor porte",0,0,"Cluster 2",16.92,2,"Cluster 2 - Menor porte","Menor porte (<20 mil)"
"2363","Campanha","Minas Gerais",15935,9769,"Menor porte",0,0,"Cluster 3",8.89,9,"Cluster 3 - Menor porte","Menor porte (<20 mil)"
"2364","Campestre","Minas Gerais",20696,17283,"Médio porte",2,1.16,"Cluster 1",2.7,5,"Cluster 1 - Médio porte","Médio porte (>20 mil e <100 mil)"
"2365","Campina Verde","Minas Gerais",18011,10757,"Menor porte",5,4.65,"Cluster 3",8.89,10,"Cluster 3 - Menor porte","Menor porte (<20 mil)"
"2366","Campo Azul","Minas Gerais",3714,935,"Menor porte",0,0,"Cluster 2",16.92,2,"Cluster 2 - Menor porte","Menor porte (<20 mil)"
"2367","Campo Belo","Minas Gerais",52277,36348,"Médio porte",3,0.83,"Cluster 1",2.7,10,"Cluster 1 - Médio porte","Médio porte (>20 mil e <100 mil)"
"2368","Campo do Meio","Minas Gerais",11377,6052,"Menor porte",0,0,"Cluster 3",8.89,5,"Cluster 3 - Menor porte","Menor porte (<20 mil)"
"2369","Campo Florido","Minas Gerais",8466,4343,"Menor porte",0,0,"Cluster 1",8.51,4,"Cluster 1 - Menor porte","Menor porte (<20 mil)"
"2370","Campos Altos","Minas Gerais",12979,8672,"Menor porte",2,2.31,"Cluster 3",8.89,8,"Cluster 3 - Menor porte","Menor porte (<20 mil)"
"2371","Campos Gerais","Minas Gerais",26105,14589,"Médio porte",0,0,"Cluster 3",4.29,6,"Cluster 3 - Médio porte","Médio porte (>20 mil e <100 mil)"
"2372","Cana Verde","Minas Gerais",5272,3209,"Menor porte",0,0,"Cluster 3",8.89,3,"Cluster 3 - Menor porte","Menor porte (<20 mil)"
"2373","Canaã","Minas Gerais",4715,2892,"Menor porte",0,0,"Cluster 3",8.89,3,"Cluster 3 - Menor porte","Menor porte (<20 mil)"
"2374","Canápolis","Minas Gerais",10608,6135,"Menor porte",1,1.63,"Cluster 3",8.89,5,"Cluster 3 - Menor porte","Menor porte (<20 mil)"
"2375","Candeias","Minas Gerais",14001,9914,"Menor porte",0,0,"Cluster 3",8.89,9,"Cluster 3 - Menor porte","Menor porte (<20 mil)"
"2376","Cantagalo","Minas Gerais",3974,1845,"Menor porte",0,0,"Cluster 2",16.92,3,"Cluster 2 - Menor porte","Menor porte (<20 mil)"
"2377","Caparaó","Minas Gerais",5048,3138,"Menor porte",1,3.19,"Cluster 3",8.89,3,"Cluster 3 - Menor porte","Menor porte (<20 mil)"
"2378","Capela Nova","Minas Gerais",4362,2606,"Menor porte",0,0,"Cluster 3",8.89,2,"Cluster 3 - Menor porte","Menor porte (<20 mil)"
"2379","Capelinha","Minas Gerais",39626,27940,"Médio porte",5,1.79,"Cluster 3",4.29,12,"Cluster 3 - Médio porte","Médio porte (>20 mil e <100 mil)"
"2380","Capetinga","Minas Gerais",6562,3870,"Menor porte",0,0,"Cluster 3",8.89,3,"Cluster 3 - Menor porte","Menor porte (<20 mil)"
"2381","Capim Branco","Minas Gerais",10663,5204,"Menor porte",0,0,"Cluster 3",8.89,5,"Cluster 3 - Menor porte","Menor porte (<20 mil)"
"2382","Capinópolis","Minas Gerais",14655,10127,"Menor porte",2,1.97,"Cluster 3",8.89,9,"Cluster 3 - Menor porte","Menor porte (<20 mil)"
"2383","Capitão Andrade","Minas Gerais",4585,2788,"Menor porte",0,0,"Cluster 3",8.89,2,"Cluster 3 - Menor porte","Menor porte (<20 mil)"
"2384","Capitão Enéas","Minas Gerais",14108,4634,"Menor porte",0,0,"Cluster 2",16.92,8,"Cluster 2 - Menor porte","Menor porte (<20 mil)"
"2385","Capitólio","Minas Gerais",10380,7903,"Menor porte",1,1.27,"Cluster 1",8.51,7,"Cluster 1 - Menor porte","Menor porte (<20 mil)"
"2386","Caputira","Minas Gerais",8936,6207,"Menor porte",0,0,"Cluster 3",8.89,6,"Cluster 3 - Menor porte","Menor porte (<20 mil)"
"2387","Caraí","Minas Gerais",19548,4455,"Médio porte",1,2.24,"Cluster 2",5.66,3,"Cluster 2 - Médio porte","Médio porte (>20 mil e <100 mil)"
"2388","Caranaíba","Minas Gerais",2933,1205,"Menor porte",0,0,"Cluster 2",16.92,2,"Cluster 2 - Menor porte","Menor porte (<20 mil)"
"2389","Carandaí","Minas Gerais",23812,15963,"Médio porte",2,1.25,"Cluster 1",2.7,4,"Cluster 1 - Médio porte","Médio porte (>20 mil e <100 mil)"
"2390","Carangola","Minas Gerais",31240,17235,"Médio porte",0,0,"Cluster 3",4.29,7,"Cluster 3 - Médio porte","Médio porte (>20 mil e <100 mil)"
"2391","Caratinga","Minas Gerais",87360,50541,"Médio porte",14,2.77,"Cluster 3",4.29,22,"Cluster 3 - Médio porte","Médio porte (>20 mil e <100 mil)"
"2392","Carbonita","Minas Gerais",8512,5700,"Menor porte",0,0,"Cluster 3",8.89,5,"Cluster 3 - Menor porte","Menor porte (<20 mil)"
"2393","Careaçu","Minas Gerais",6816,3318,"Menor porte",0,0,"Cluster 3",8.89,3,"Cluster 3 - Menor porte","Menor porte (<20 mil)"
"2394","Carlos Chagas","Minas Gerais",18615,6659,"Menor porte",4,6.01,"Cluster 3",8.89,6,"Cluster 3 - Menor porte","Menor porte (<20 mil)"
"2395","Carmésia","Minas Gerais",2605,2772,"Menor porte",0,0,"Cluster 1",8.51,2,"Cluster 1 - Menor porte","Menor porte (<20 mil)"
"2396","Carmo da Cachoeira","Minas Gerais",11547,5417,"Menor porte",1,1.85,"Cluster 3",8.89,5,"Cluster 3 - Menor porte","Menor porte (<20 mil)"
"2397","Carmo da Mata","Minas Gerais",11019,7649,"Menor porte",0,0,"Cluster 3",8.89,7,"Cluster 3 - Menor porte","Menor porte (<20 mil)"
"2398","Carmo de Minas","Minas Gerais",13797,5445,"Menor porte",4,7.35,"Cluster 3",8.89,5,"Cluster 3 - Menor porte","Menor porte (<20 mil)"
"2399","Carmo do Cajuru","Minas Gerais",23479,15412,"Médio porte",4,2.6,"Cluster 1",2.7,4,"Cluster 1 - Médio porte","Médio porte (>20 mil e <100 mil)"
"2400","Carmo do Paranaíba","Minas Gerais",29011,23383,"Médio porte",1,0.43,"Cluster 1",2.7,6,"Cluster 1 - Médio porte","Médio porte (>20 mil e <100 mil)"
"2401","Carmo do Rio Claro","Minas Gerais",20954,13523,"Médio porte",3,2.22,"Cluster 1",2.7,4,"Cluster 1 - Médio porte","Médio porte (>20 mil e <100 mil)"
"2402","Carmópolis de Minas","Minas Gerais",18003,12818,"Menor porte",2,1.56,"Cluster 3",8.89,11,"Cluster 3 - Menor porte","Menor porte (<20 mil)"
"2403","Carneirinho","Minas Gerais",9422,6020,"Menor porte",1,1.66,"Cluster 1",8.51,5,"Cluster 1 - Menor porte","Menor porte (<20 mil)"
"2404","Carrancas","Minas Gerais",4049,2089,"Menor porte",0,0,"Cluster 3",8.89,2,"Cluster 3 - Menor porte","Menor porte (<20 mil)"
"2405","Carvalhópolis","Minas Gerais",3341,2170,"Menor porte",0,0,"Cluster 3",8.89,2,"Cluster 3 - Menor porte","Menor porte (<20 mil)"
"2406","Carvalhos","Minas Gerais",4422,2527,"Menor porte",0,0,"Cluster 3",8.89,2,"Cluster 3 - Menor porte","Menor porte (<20 mil)"
"2407","Casa Grande","Minas Gerais",2214,1196,"Menor porte",0,0,"Cluster 3",8.89,1,"Cluster 3 - Menor porte","Menor porte (<20 mil)"
"2408","Cascalho Rico","Minas Gerais",2712,1241,"Menor porte",1,8.06,"Cluster 3",8.89,1,"Cluster 3 - Menor porte","Menor porte (<20 mil)"
"2409","Cássia","Minas Gerais",17155,11760,"Menor porte",0,0,"Cluster 3",8.89,10,"Cluster 3 - Menor porte","Menor porte (<20 mil)"
"2410","Cataguases","Minas Gerais",66261,41081,"Médio porte",2,0.49,"Cluster 1",2.7,11,"Cluster 1 - Médio porte","Médio porte (>20 mil e <100 mil)"
"2411","Catas Altas","Minas Gerais",5473,3115,"Menor porte",3,9.63,"Cluster 1",8.51,3,"Cluster 1 - Menor porte","Menor porte (<20 mil)"
"2412","Catas Altas da Noruega","Minas Gerais",3110,1597,"Menor porte",2,12.52,"Cluster 2",16.92,3,"Cluster 2 - Menor porte","Menor porte (<20 mil)"
"2413","Catuji","Minas Gerais",7030,2182,"Menor porte",5,22.91,"Cluster 2",16.92,4,"Cluster 2 - Menor porte","Menor porte (<20 mil)"
"2414","Catuti","Minas Gerais",4739,4803,"Menor porte",0,0,"Cluster 2",16.92,8,"Cluster 2 - Menor porte","Menor porte (<20 mil)"
"2415","Caxambu","Minas Gerais",21056,12649,"Médio porte",2,1.58,"Cluster 1",2.7,3,"Cluster 1 - Médio porte","Médio porte (>20 mil e <100 mil)"
"2416","Cedro do Abaeté","Minas Gerais",1081,513,"Menor porte",0,0,"Cluster 3",8.89,0,"Cluster 3 - Menor porte","Menor porte (<20 mil)"
"2417","Central de Minas","Minas Gerais",6171,4019,"Menor porte",2,4.98,"Cluster 3",8.89,4,"Cluster 3 - Menor porte","Menor porte (<20 mil)"
"2418","Centralina","Minas Gerais",10207,4025,"Menor porte",3,7.45,"Cluster 3",8.89,4,"Cluster 3 - Menor porte","Menor porte (<20 mil)"
"2419","Chácara","Minas Gerais",3075,1327,"Menor porte",0,0,"Cluster 3",8.89,1,"Cluster 3 - Menor porte","Menor porte (<20 mil)"
"2420","Chalé","Minas Gerais",6075,4255,"Menor porte",0,0,"Cluster 3",8.89,4,"Cluster 3 - Menor porte","Menor porte (<20 mil)"
"2421","Chapada do Norte","Minas Gerais",10337,2476,"Menor porte",0,0,"Cluster 2",16.92,4,"Cluster 2 - Menor porte","Menor porte (<20 mil)"
"2422","Chapada Gaúcha","Minas Gerais",12355,4577,"Menor porte",0,0,"Cluster 2",16.92,8,"Cluster 2 - Menor porte","Menor porte (<20 mil)"
"2423","Chiador","Minas Gerais",2800,2298,"Menor porte",0,0,"Cluster 1",8.51,2,"Cluster 1 - Menor porte","Menor porte (<20 mil)"
"2424","Cipotânea","Minas Gerais",5581,3738,"Menor porte",0,0,"Cluster 2",16.92,6,"Cluster 2 - Menor porte","Menor porte (<20 mil)"
"2425","Claraval","Minas Gerais",4658,2509,"Menor porte",2,7.97,"Cluster 3",8.89,2,"Cluster 3 - Menor porte","Menor porte (<20 mil)"
"2426","Claro dos Poções","Minas Gerais",7166,2316,"Menor porte",0,0,"Cluster 3",8.89,2,"Cluster 3 - Menor porte","Menor porte (<20 mil)"
"2427","Cláudio","Minas Gerais",30159,22095,"Médio porte",9,4.07,"Cluster 1",2.7,6,"Cluster 1 - Médio porte","Médio porte (>20 mil e <100 mil)"
"2428","Coimbra","Minas Gerais",7117,4393,"Menor porte",0,0,"Cluster 3",8.89,4,"Cluster 3 - Menor porte","Menor porte (<20 mil)"
"2429","Coluna","Minas Gerais",8163,4320,"Menor porte",0,0,"Cluster 2",16.92,7,"Cluster 2 - Menor porte","Menor porte (<20 mil)"
"2430","Comendador Gomes","Minas Gerais",2773,1342,"Menor porte",0,0,"Cluster 3",8.89,1,"Cluster 3 - Menor porte","Menor porte (<20 mil)"
"2431","Comercinho","Minas Gerais",6660,2114,"Menor porte",0,0,"Cluster 2",16.92,4,"Cluster 2 - Menor porte","Menor porte (<20 mil)"
"2432","Conceição da Aparecida","Minas Gerais",10371,7237,"Menor porte",0,0,"Cluster 3",8.89,6,"Cluster 3 - Menor porte","Menor porte (<20 mil)"
"2433","Conceição da Barra de Minas","Minas Gerais",3560,2228,"Menor porte",0,0,"Cluster 3",8.89,2,"Cluster 3 - Menor porte","Menor porte (<20 mil)"
"2434","Conceição das Alagoas","Minas Gerais",28381,14630,"Médio porte",0,0,"Cluster 1",2.7,4,"Cluster 1 - Médio porte","Médio porte (>20 mil e <100 mil)"
"2435","Conceição das Pedras","Minas Gerais",2772,1799,"Menor porte",0,0,"Cluster 3",8.89,2,"Cluster 3 - Menor porte","Menor porte (<20 mil)"
"2436","Conceição de Ipanema","Minas Gerais",4409,2263,"Menor porte",1,4.42,"Cluster 3",8.89,2,"Cluster 3 - Menor porte","Menor porte (<20 mil)"
"2437","Conceição do Mato Dentro","Minas Gerais",23163,9508,"Menor porte",1,1.05,"Cluster 1",8.51,8,"Cluster 1 - Menor porte","Menor porte (<20 mil)"
"2438","Conceição do Pará","Minas Gerais",5415,3277,"Menor porte",2,6.1,"Cluster 1",8.51,3,"Cluster 1 - Menor porte","Menor porte (<20 mil)"
"2439","Conceição do Rio Verde","Minas Gerais",12541,5959,"Menor porte",2,3.36,"Cluster 3",8.89,5,"Cluster 3 - Menor porte","Menor porte (<20 mil)"
"2440","Conceição dos Ouros","Minas Gerais",10880,5885,"Menor porte",0,0,"Cluster 3",8.89,5,"Cluster 3 - Menor porte","Menor porte (<20 mil)"
"2441","Cônego Marinho","Minas Gerais",7237,1644,"Menor porte",1,6.08,"Cluster 2",16.92,3,"Cluster 2 - Menor porte","Menor porte (<20 mil)"
"2442","Confins","Minas Gerais",7350,5729,"Menor porte",0,0,"Cluster 1",8.51,5,"Cluster 1 - Menor porte","Menor porte (<20 mil)"
"2443","Congonhal","Minas Gerais",11083,7344,"Menor porte",1,1.36,"Cluster 3",8.89,7,"Cluster 3 - Menor porte","Menor porte (<20 mil)"
"2444","Congonhas","Minas Gerais",52890,33281,"Médio porte",6,1.8,"Cluster 1",2.7,9,"Cluster 1 - Médio porte","Médio porte (>20 mil e <100 mil)"
"2445","Congonhas do Norte","Minas Gerais",4831,1786,"Menor porte",0,0,"Cluster 2",16.92,3,"Cluster 2 - Menor porte","Menor porte (<20 mil)"
"2446","Conquista","Minas Gerais",6694,3765,"Menor porte",0,0,"Cluster 1",8.51,3,"Cluster 1 - Menor porte","Menor porte (<20 mil)"
"2447","Conselheiro Lafaiete","Minas Gerais",131621,84311,"Maior porte",12,1.42,"Cluster 1",3.23,27,"Cluster 1 - Maior porte","Maior porte (>100 mil)"
"2448","Conselheiro Pena","Minas Gerais",20824,10462,"Médio porte",0,0,"Cluster 3",4.29,4,"Cluster 3 - Médio porte","Médio porte (>20 mil e <100 mil)"
"2449","Consolação","Minas Gerais",1563,679,"Menor porte",0,0,"Cluster 3",8.89,1,"Cluster 3 - Menor porte","Menor porte (<20 mil)"
"2450","Contagem","Minas Gerais",621863,349156,"Maior porte",124,3.55,"Cluster 1",3.23,113,"Cluster 1 - Maior porte","Maior porte (>100 mil)"
"2451","Coqueiral","Minas Gerais",9023,5190,"Menor porte",0,0,"Cluster 3",8.89,5,"Cluster 3 - Menor porte","Menor porte (<20 mil)"
"2452","Coração de Jesus","Minas Gerais",25377,8919,"Médio porte",0,0,"Cluster 3",4.29,4,"Cluster 3 - Médio porte","Médio porte (>20 mil e <100 mil)"
"2453","Cordisburgo","Minas Gerais",7547,3550,"Menor porte",0,0,"Cluster 3",8.89,3,"Cluster 3 - Menor porte","Menor porte (<20 mil)"
"2454","Cordislândia","Minas Gerais",3200,1561,"Menor porte",0,0,"Cluster 3",8.89,1,"Cluster 3 - Menor porte","Menor porte (<20 mil)"
"2455","Corinto","Minas Gerais",23532,13042,"Médio porte",5,3.83,"Cluster 3",4.29,6,"Cluster 3 - Médio porte","Médio porte (>20 mil e <100 mil)"
"2456","Coroaci","Minas Gerais",10884,3562,"Menor porte",0,0,"Cluster 2",16.92,6,"Cluster 2 - Menor porte","Menor porte (<20 mil)"
"2457","Coromandel","Minas Gerais",28894,21214,"Médio porte",1,0.47,"Cluster 1",2.7,6,"Cluster 1 - Médio porte","Médio porte (>20 mil e <100 mil)"
"2458","Coronel Fabriciano","Minas Gerais",104736,55140,"Maior porte",0,0,"Cluster 1",3.23,18,"Cluster 1 - Maior porte","Maior porte (>100 mil)"
"2459","Coronel Murta","Minas Gerais",8200,2817,"Menor porte",1,3.55,"Cluster 2",16.92,5,"Cluster 2 - Menor porte","Menor porte (<20 mil)"
"2460","Coronel Pacheco","Minas Gerais",2762,865,"Menor porte",6,69.36,"Cluster 3",8.89,1,"Cluster 3 - Menor porte","Menor porte (<20 mil)"
"2461","Coronel Xavier Chaves","Minas Gerais",3486,1614,"Menor porte",1,6.2,"Cluster 3",8.89,1,"Cluster 3 - Menor porte","Menor porte (<20 mil)"
"2462","Córrego Danta","Minas Gerais",2960,1671,"Menor porte",2,11.97,"Cluster 3",8.89,1,"Cluster 3 - Menor porte","Menor porte (<20 mil)"
"2463","Córrego do Bom Jesus","Minas Gerais",4272,2419,"Menor porte",0,0,"Cluster 3",8.89,2,"Cluster 3 - Menor porte","Menor porte (<20 mil)"
"2464","Córrego Fundo","Minas Gerais",6133,4318,"Menor porte",0,0,"Cluster 3",8.89,4,"Cluster 3 - Menor porte","Menor porte (<20 mil)"
"2465","Córrego Novo","Minas Gerais",2875,1180,"Menor porte",0,0,"Cluster 3",8.89,1,"Cluster 3 - Menor porte","Menor porte (<20 mil)"
"2466","Couto de Magalhães de Minas","Minas Gerais",4245,1833,"Menor porte",0,0,"Cluster 3",8.89,2,"Cluster 3 - Menor porte","Menor porte (<20 mil)"
"2467","Crisólita","Minas Gerais",5265,1103,"Menor porte",0,0,"Cluster 2",16.92,2,"Cluster 2 - Menor porte","Menor porte (<20 mil)"
"2468","Cristais","Minas Gerais",12197,7915,"Menor porte",0,0,"Cluster 3",8.89,7,"Cluster 3 - Menor porte","Menor porte (<20 mil)"
"2469","Cristália","Minas Gerais",5121,2118,"Menor porte",0,0,"Cluster 2",16.92,4,"Cluster 2 - Menor porte","Menor porte (<20 mil)"
"2470","Cristiano Otoni","Minas Gerais",4667,3456,"Menor porte",0,0,"Cluster 3",8.89,3,"Cluster 3 - Menor porte","Menor porte (<20 mil)"
"2471","Cristina","Minas Gerais",10374,4579,"Menor porte",1,2.18,"Cluster 3",8.89,4,"Cluster 3 - Menor porte","Menor porte (<20 mil)"
"2472","Crucilândia","Minas Gerais",5434,3670,"Menor porte",0,0,"Cluster 3",8.89,3,"Cluster 3 - Menor porte","Menor porte (<20 mil)"
"2473","Cruzeiro da Fortaleza","Minas Gerais",3521,2321,"Menor porte",0,0,"Cluster 3",8.89,2,"Cluster 3 - Menor porte","Menor porte (<20 mil)"
"2474","Cruzília","Minas Gerais",15362,10101,"Menor porte",0,0,"Cluster 3",8.89,9,"Cluster 3 - Menor porte","Menor porte (<20 mil)"
"2475","Cuparaque","Minas Gerais",3983,2107,"Menor porte",0,0,"Cluster 3",8.89,2,"Cluster 3 - Menor porte","Menor porte (<20 mil)"
"2476","Curral de Dentro","Minas Gerais",7406,2716,"Menor porte",0,0,"Cluster 2",16.92,5,"Cluster 2 - Menor porte","Menor porte (<20 mil)"
"2477","Curvelo","Minas Gerais",80665,53984,"Médio porte",13,2.41,"Cluster 1",2.7,15,"Cluster 1 - Médio porte","Médio porte (>20 mil e <100 mil)"
"2478","Datas","Minas Gerais",5465,2171,"Menor porte",0,0,"Cluster 2",16.92,4,"Cluster 2 - Menor porte","Menor porte (<20 mil)"
"2479","Delfim Moreira","Minas Gerais",7952,3253,"Menor porte",2,6.15,"Cluster 3",8.89,3,"Cluster 3 - Menor porte","Menor porte (<20 mil)"
"2480","Delfinópolis","Minas Gerais",8393,3888,"Menor porte",0,0,"Cluster 3",8.89,3,"Cluster 3 - Menor porte","Menor porte (<20 mil)"
"2481","Delta","Minas Gerais",10494,7543,"Menor porte",2,2.65,"Cluster 3",8.89,7,"Cluster 3 - Menor porte","Menor porte (<20 mil)"
"2482","Descoberto","Minas Gerais",4928,2427,"Menor porte",0,0,"Cluster 3",8.89,2,"Cluster 3 - Menor porte","Menor porte (<20 mil)"
"2483","Desterro de Entre Rios","Minas Gerais",7653,5342,"Menor porte",0,0,"Cluster 3",8.89,5,"Cluster 3 - Menor porte","Menor porte (<20 mil)"
"2484","Desterro do Melo","Minas Gerais",2994,2288,"Menor porte",0,0,"Cluster 3",8.89,2,"Cluster 3 - Menor porte","Menor porte (<20 mil)"
"2485","Diamantina","Minas Gerais",47702,26165,"Médio porte",10,3.82,"Cluster 3",4.29,11,"Cluster 3 - Médio porte","Médio porte (>20 mil e <100 mil)"
"2486","Diogo de Vasconcelos","Minas Gerais",3549,1615,"Menor porte",0,0,"Cluster 2",16.92,3,"Cluster 2 - Menor porte","Menor porte (<20 mil)"
"2487","Dionísio","Minas Gerais",6847,2781,"Menor porte",0,0,"Cluster 3",8.89,2,"Cluster 3 - Menor porte","Menor porte (<20 mil)"
"2488","Divinésia","Minas Gerais",4226,1781,"Menor porte",0,0,"Cluster 3",8.89,2,"Cluster 3 - Menor porte","Menor porte (<20 mil)"
"2489","Divino","Minas Gerais",20706,12688,"Menor porte",0,0,"Cluster 3",8.89,11,"Cluster 3 - Menor porte","Menor porte (<20 mil)"
"2490","Divino das Laranjeiras","Minas Gerais",4178,1643,"Menor porte",2,12.17,"Cluster 3",8.89,1,"Cluster 3 - Menor porte","Menor porte (<20 mil)"
"2491","Divinolândia de Minas","Minas Gerais",6516,3931,"Menor porte",0,0,"Cluster 3",8.89,3,"Cluster 3 - Menor porte","Menor porte (<20 mil)"
"2492","Divinópolis","Minas Gerais",231091,159479,"Maior porte",9,0.56,"Cluster 1",3.23,52,"Cluster 1 - Maior porte","Maior porte (>100 mil)"
"2493","Divisa Alegre","Minas Gerais",6321,1635,"Menor porte",4,24.46,"Cluster 2",16.92,3,"Cluster 2 - Menor porte","Menor porte (<20 mil)"
"2494","Divisa Nova","Minas Gerais",5851,3319,"Menor porte",0,0,"Cluster 3",8.89,3,"Cluster 3 - Menor porte","Menor porte (<20 mil)"
"2495","Divisópolis","Minas Gerais",10213,1696,"Menor porte",1,5.9,"Cluster 2",16.92,3,"Cluster 2 - Menor porte","Menor porte (<20 mil)"
"2496","Dom Bosco","Minas Gerais",3697,1647,"Menor porte",0,0,"Cluster 3",8.89,1,"Cluster 3 - Menor porte","Menor porte (<20 mil)"
"2497","Dom Cavati","Minas Gerais",4904,3407,"Menor porte",0,0,"Cluster 3",8.89,3,"Cluster 3 - Menor porte","Menor porte (<20 mil)"
"2498","Dom Joaquim","Minas Gerais",4899,1630,"Menor porte",0,0,"Cluster 2",16.92,3,"Cluster 2 - Menor porte","Menor porte (<20 mil)"
"2499","Dom Silvério","Minas Gerais",5228,2808,"Menor porte",0,0,"Cluster 3",8.89,2,"Cluster 3 - Menor porte","Menor porte (<20 mil)"
"2500","Dom Viçoso","Minas Gerais",3095,1568,"Menor porte",0,0,"Cluster 3",8.89,1,"Cluster 3 - Menor porte","Menor porte (<20 mil)"
"2501","Dona Eusébia","Minas Gerais",NA,4119,"Menor porte",0,0,"Cluster 3",8.89,4,"Cluster 3 - Menor porte","Menor porte (<20 mil)"
"2502","Dores de Campos","Minas Gerais",10007,6538,"Menor porte",0,0,"Cluster 3",8.89,6,"Cluster 3 - Menor porte","Menor porte (<20 mil)"
"2503","Dores de Guanhães","Minas Gerais",5029,2158,"Menor porte",2,9.27,"Cluster 3",8.89,2,"Cluster 3 - Menor porte","Menor porte (<20 mil)"
"2504","Dores do Indaiá","Minas Gerais",12630,8676,"Menor porte",0,0,"Cluster 3",8.89,8,"Cluster 3 - Menor porte","Menor porte (<20 mil)"
"2505","Dores do Turvo","Minas Gerais",4987,3749,"Menor porte",0,0,"Cluster 3",8.89,3,"Cluster 3 - Menor porte","Menor porte (<20 mil)"
"2506","Doresópolis","Minas Gerais",1461,725,"Menor porte",0,0,"Cluster 3",8.89,1,"Cluster 3 - Menor porte","Menor porte (<20 mil)"
"2507","Douradoquara","Minas Gerais",1829,994,"Menor porte",2,20.12,"Cluster 3",8.89,1,"Cluster 3 - Menor porte","Menor porte (<20 mil)"
"2508","Durandé","Minas Gerais",7817,4537,"Menor porte",0,0,"Cluster 3",8.89,4,"Cluster 3 - Menor porte","Menor porte (<20 mil)"
"2509","Elói Mendes","Minas Gerais",26336,15517,"Médio porte",3,1.93,"Cluster 3",4.29,7,"Cluster 3 - Médio porte","Médio porte (>20 mil e <100 mil)"
"2510","Engenheiro Caldas","Minas Gerais",13622,4466,"Menor porte",2,4.48,"Cluster 3",8.89,4,"Cluster 3 - Menor porte","Menor porte (<20 mil)"
"2511","Engenheiro Navarro","Minas Gerais",6354,2502,"Menor porte",0,0,"Cluster 3",8.89,2,"Cluster 3 - Menor porte","Menor porte (<20 mil)"
"2512","Entre Folhas","Minas Gerais",5179,3063,"Menor porte",0,0,"Cluster 3",8.89,3,"Cluster 3 - Menor porte","Menor porte (<20 mil)"
"2513","Entre Rios de Minas","Minas Gerais",14746,10733,"Menor porte",7,6.52,"Cluster 3",8.89,10,"Cluster 3 - Menor porte","Menor porte (<20 mil)"
"2514","Ervália","Minas Gerais",20255,13824,"Menor porte",0,0,"Cluster 3",8.89,12,"Cluster 3 - Menor porte","Menor porte (<20 mil)"
"2515","Esmeraldas","Minas Gerais",85598,25199,"Médio porte",9,3.57,"Cluster 3",4.29,11,"Cluster 3 - Médio porte","Médio porte (>20 mil e <100 mil)"
"2516","Espera Feliz","Minas Gerais",24102,15325,"Médio porte",2,1.31,"Cluster 3",4.29,7,"Cluster 3 - Médio porte","Médio porte (>20 mil e <100 mil)"
"2517","Espinosa","Minas Gerais",30443,18609,"Médio porte",2,1.07,"Cluster 3",4.29,8,"Cluster 3 - Médio porte","Médio porte (>20 mil e <100 mil)"
"2518","Espírito Santo do Dourado","Minas Gerais",6611,3588,"Menor porte",1,2.79,"Cluster 3",8.89,3,"Cluster 3 - Menor porte","Menor porte (<20 mil)"
"2519","Estiva","Minas Gerais",11502,7768,"Menor porte",1,1.29,"Cluster 3",8.89,7,"Cluster 3 - Menor porte","Menor porte (<20 mil)"
"2520","Estrela Dalva","Minas Gerais",2186,970,"Menor porte",0,0,"Cluster 3",8.89,1,"Cluster 3 - Menor porte","Menor porte (<20 mil)"
"2521","Estrela do Indaiá","Minas Gerais",2772,1670,"Menor porte",0,0,"Cluster 3",8.89,1,"Cluster 3 - Menor porte","Menor porte (<20 mil)"
"2522","Estrela do Sul","Minas Gerais",6840,3121,"Menor porte",3,9.61,"Cluster 3",8.89,3,"Cluster 3 - Menor porte","Menor porte (<20 mil)"
"2523","Eugenópolis","Minas Gerais",10801,5676,"Menor porte",2,3.52,"Cluster 3",8.89,5,"Cluster 3 - Menor porte","Menor porte (<20 mil)"
"2524","Ewbank da Câmara","Minas Gerais",3875,1148,"Menor porte",3,26.13,"Cluster 3",8.89,1,"Cluster 3 - Menor porte","Menor porte (<20 mil)"
"2525","Extrema","Minas Gerais",53482,28524,"Médio porte",0,0,"Cluster 1",2.7,8,"Cluster 1 - Médio porte","Médio porte (>20 mil e <100 mil)"
"2526","Fama","Minas Gerais",2578,764,"Menor porte",0,0,"Cluster 3",8.89,1,"Cluster 3 - Menor porte","Menor porte (<20 mil)"
"2527","Faria Lemos","Minas Gerais",3188,1237,"Menor porte",0,0,"Cluster 3",8.89,1,"Cluster 3 - Menor porte","Menor porte (<20 mil)"
"2528","Felício dos Santos","Minas Gerais",5133,2556,"Menor porte",0,0,"Cluster 3",8.89,2,"Cluster 3 - Menor porte","Menor porte (<20 mil)"
"2529","Felisburgo","Minas Gerais",6489,2459,"Menor porte",0,0,"Cluster 2",16.92,4,"Cluster 2 - Menor porte","Menor porte (<20 mil)"
"2530","Felixlândia","Minas Gerais",13978,7354,"Menor porte",1,1.36,"Cluster 3",8.89,7,"Cluster 3 - Menor porte","Menor porte (<20 mil)"
"2531","Fernandes Tourinho","Minas Gerais",2789,1280,"Menor porte",0,0,"Cluster 2",16.92,2,"Cluster 2 - Menor porte","Menor porte (<20 mil)"
"2532","Ferros","Minas Gerais",9590,4782,"Menor porte",5,10.46,"Cluster 3",8.89,4,"Cluster 3 - Menor porte","Menor porte (<20 mil)"
"2533","Fervedouro","Minas Gerais",10445,5900,"Menor porte",0,0,"Cluster 2",16.92,10,"Cluster 2 - Menor porte","Menor porte (<20 mil)"
"2534","Florestal","Minas Gerais",8045,6278,"Menor porte",0,0,"Cluster 3",8.89,6,"Cluster 3 - Menor porte","Menor porte (<20 mil)"
"2535","Formiga","Minas Gerais",68248,54360,"Médio porte",2,0.37,"Cluster 1",2.7,15,"Cluster 1 - Médio porte","Médio porte (>20 mil e <100 mil)"
"2536","Formoso","Minas Gerais",7949,1988,"Menor porte",0,0,"Cluster 2",16.92,3,"Cluster 2 - Menor porte","Menor porte (<20 mil)"
"2537","Fortaleza de Minas","Minas Gerais",3477,2149,"Menor porte",0,0,"Cluster 3",8.89,2,"Cluster 3 - Menor porte","Menor porte (<20 mil)"
"2538","Fortuna de Minas","Minas Gerais",3093,1345,"Menor porte",0,0,"Cluster 3",8.89,1,"Cluster 3 - Menor porte","Menor porte (<20 mil)"
"2539","Francisco Badaró","Minas Gerais",7366,2950,"Menor porte",0,0,"Cluster 2",16.92,5,"Cluster 2 - Menor porte","Menor porte (<20 mil)"
"2540","Francisco Dumont","Minas Gerais",4503,2234,"Menor porte",0,0,"Cluster 2",16.92,4,"Cluster 2 - Menor porte","Menor porte (<20 mil)"
"2541","Francisco Sá","Minas Gerais",23476,9320,"Médio porte",15,16.09,"Cluster 3",4.29,4,"Cluster 3 - Médio porte","Médio porte (>20 mil e <100 mil)"
"2542","Franciscópolis","Minas Gerais",5034,1346,"Menor porte",0,0,"Cluster 2",16.92,2,"Cluster 2 - Menor porte","Menor porte (<20 mil)"
"2543","Frei Gaspar","Minas Gerais",5640,1623,"Menor porte",0,0,"Cluster 2",16.92,3,"Cluster 2 - Menor porte","Menor porte (<20 mil)"
"2544","Frei Inocêncio","Minas Gerais",8226,3576,"Menor porte",3,8.39,"Cluster 3",8.89,3,"Cluster 3 - Menor porte","Menor porte (<20 mil)"
"2545","Frei Lagonegro","Minas Gerais",3391,1376,"Menor porte",0,0,"Cluster 2",16.92,2,"Cluster 2 - Menor porte","Menor porte (<20 mil)"
"2546","Fronteira","Minas Gerais",14540,8625,"Menor porte",0,0,"Cluster 1",8.51,7,"Cluster 1 - Menor porte","Menor porte (<20 mil)"
"2547","Fronteira dos Vales","Minas Gerais",4345,1012,"Menor porte",0,0,"Cluster 2",16.92,2,"Cluster 2 - Menor porte","Menor porte (<20 mil)"
"2548","Fruta de Leite","Minas Gerais",4647,1293,"Menor porte",6,46.4,"Cluster 2",16.92,2,"Cluster 2 - Menor porte","Menor porte (<20 mil)"
"2549","Frutal","Minas Gerais",58588,51108,"Médio porte",1,0.2,"Cluster 1",2.7,14,"Cluster 1 - Médio porte","Médio porte (>20 mil e <100 mil)"
"2550","Funilândia","Minas Gerais",4686,1787,"Menor porte",0,0,"Cluster 3",8.89,2,"Cluster 3 - Menor porte","Menor porte (<20 mil)"
"2551","Galiléia","Minas Gerais",6222,2380,"Menor porte",0,0,"Cluster 3",8.89,2,"Cluster 3 - Menor porte","Menor porte (<20 mil)"
"2552","Gameleiras","Minas Gerais",4793,1810,"Menor porte",0,0,"Cluster 3",8.89,2,"Cluster 3 - Menor porte","Menor porte (<20 mil)"
"2553","Glaucilândia","Minas Gerais",2928,884,"Menor porte",0,0,"Cluster 2",16.92,1,"Cluster 2 - Menor porte","Menor porte (<20 mil)"
"2554","Goiabeira","Minas Gerais",2830,1699,"Menor porte",0,0,"Cluster 3",8.89,2,"Cluster 3 - Menor porte","Menor porte (<20 mil)"
"2555","Goianá","Minas Gerais",4053,1982,"Menor porte",0,0,"Cluster 3",8.89,2,"Cluster 3 - Menor porte","Menor porte (<20 mil)"
"2556","Gonçalves","Minas Gerais",4727,2974,"Menor porte",1,3.36,"Cluster 3",8.89,3,"Cluster 3 - Menor porte","Menor porte (<20 mil)"
"2557","Gonzaga","Minas Gerais",5230,3468,"Menor porte",0,0,"Cluster 3",8.89,3,"Cluster 3 - Menor porte","Menor porte (<20 mil)"
"2558","Gouveia","Minas Gerais",11331,5824,"Menor porte",3,5.15,"Cluster 3",8.89,5,"Cluster 3 - Menor porte","Menor porte (<20 mil)"
"2559","Governador Valadares","Minas Gerais",257171,156772,"Maior porte",72,4.59,"Cluster 1",3.23,51,"Cluster 1 - Maior porte","Maior porte (>100 mil)"
"2560","Grão Mogol","Minas Gerais",13901,4268,"Menor porte",9,21.09,"Cluster 2",16.92,7,"Cluster 2 - Menor porte","Menor porte (<20 mil)"
"2561","Grupiara","Minas Gerais",1392,701,"Menor porte",0,0,"Cluster 3",8.89,1,"Cluster 3 - Menor porte","Menor porte (<20 mil)"
"2562","Guanhães","Minas Gerais",32244,21989,"Médio porte",4,1.82,"Cluster 1",2.7,6,"Cluster 1 - Médio porte","Médio porte (>20 mil e <100 mil)"
"2563","Guapé","Minas Gerais",13772,8892,"Menor porte",0,0,"Cluster 3",8.89,8,"Cluster 3 - Menor porte","Menor porte (<20 mil)"
"2564","Guaraciaba","Minas Gerais",9753,4814,"Menor porte",0,0,"Cluster 3",8.89,4,"Cluster 3 - Menor porte","Menor porte (<20 mil)"
"2565","Guaraciama","Minas Gerais",5051,2286,"Menor porte",0,0,"Cluster 3",8.89,2,"Cluster 3 - Menor porte","Menor porte (<20 mil)"
"2566","Guaranésia","Minas Gerais",19150,13262,"Menor porte",0,0,"Cluster 1",8.51,11,"Cluster 1 - Menor porte","Menor porte (<20 mil)"
"2567","Guarani","Minas Gerais",7714,3309,"Menor porte",0,0,"Cluster 3",8.89,3,"Cluster 3 - Menor porte","Menor porte (<20 mil)"
"2568","Guarará","Minas Gerais",3149,1982,"Menor porte",1,5.05,"Cluster 3",8.89,2,"Cluster 3 - Menor porte","Menor porte (<20 mil)"
"2569","Guarda-Mor","Minas Gerais",6539,4197,"Menor porte",0,0,"Cluster 1",8.51,4,"Cluster 1 - Menor porte","Menor porte (<20 mil)"
"2570","Guaxupé","Minas Gerais",50911,37264,"Médio porte",4,1.07,"Cluster 1",2.7,10,"Cluster 1 - Médio porte","Médio porte (>20 mil e <100 mil)"
"2571","Guidoval","Minas Gerais",7131,4356,"Menor porte",0,0,"Cluster 3",8.89,4,"Cluster 3 - Menor porte","Menor porte (<20 mil)"
"2572","Guimarânia","Minas Gerais",8478,4854,"Menor porte",0,0,"Cluster 3",8.89,4,"Cluster 3 - Menor porte","Menor porte (<20 mil)"
"2573","Guiricema","Minas Gerais",7778,5938,"Menor porte",0,0,"Cluster 3",8.89,5,"Cluster 3 - Menor porte","Menor porte (<20 mil)"
"2574","Gurinhatã","Minas Gerais",5192,2604,"Menor porte",0,0,"Cluster 3",8.89,2,"Cluster 3 - Menor porte","Menor porte (<20 mil)"
"2575","Heliodora","Minas Gerais",6134,3097,"Menor porte",0,0,"Cluster 3",8.89,3,"Cluster 3 - Menor porte","Menor porte (<20 mil)"
"2576","Iapu","Minas Gerais",12030,5094,"Menor porte",0,0,"Cluster 3",8.89,5,"Cluster 3 - Menor porte","Menor porte (<20 mil)"
"2577","Ibertioga","Minas Gerais",5198,2247,"Menor porte",0,0,"Cluster 3",8.89,2,"Cluster 3 - Menor porte","Menor porte (<20 mil)"
"2578","Ibiá","Minas Gerais",22229,14321,"Médio porte",4,2.79,"Cluster 1",2.7,4,"Cluster 1 - Médio porte","Médio porte (>20 mil e <100 mil)"
"2579","Ibiaí","Minas Gerais",6286,2321,"Menor porte",1,4.31,"Cluster 2",16.92,4,"Cluster 2 - Menor porte","Menor porte (<20 mil)"
"2580","Ibiracatu","Minas Gerais",5081,1650,"Menor porte",0,0,"Cluster 2",16.92,3,"Cluster 2 - Menor porte","Menor porte (<20 mil)"
"2581","Ibiraci","Minas Gerais",10948,6890,"Menor porte",0,0,"Cluster 3",8.89,6,"Cluster 3 - Menor porte","Menor porte (<20 mil)"
"2582","Ibirité","Minas Gerais",170537,81239,"Maior porte",0,0,"Cluster 3",3.72,30,"Cluster 3 - Maior porte","Maior porte (>100 mil)"
"2583","Ibitiúra de Minas","Minas Gerais",3365,2312,"Menor porte",1,4.33,"Cluster 3",8.89,2,"Cluster 3 - Menor porte","Menor porte (<20 mil)"
"2584","Ibituruna","Minas Gerais",2698,1000,"Menor porte",0,0,"Cluster 3",8.89,1,"Cluster 3 - Menor porte","Menor porte (<20 mil)"
"2585","Icaraí de Minas","Minas Gerais",10677,2433,"Menor porte",0,0,"Cluster 2",16.92,4,"Cluster 2 - Menor porte","Menor porte (<20 mil)"
"2586","Igarapé","Minas Gerais",45847,28084,"Médio porte",0,0,"Cluster 3",4.29,12,"Cluster 3 - Médio porte","Médio porte (>20 mil e <100 mil)"
"2587","Igaratinga","Minas Gerais",10830,7093,"Menor porte",2,2.82,"Cluster 3",8.89,6,"Cluster 3 - Menor porte","Menor porte (<20 mil)"
"2588","Iguatama","Minas Gerais",6826,4282,"Menor porte",0,0,"Cluster 1",8.51,4,"Cluster 1 - Menor porte","Menor porte (<20 mil)"
"2589","Ijaci","Minas Gerais",7003,4061,"Menor porte",2,4.92,"Cluster 1",8.51,3,"Cluster 1 - Menor porte","Menor porte (<20 mil)"
"2590","Ilicínea","Minas Gerais",12741,8635,"Menor porte",0,0,"Cluster 3",8.89,8,"Cluster 3 - Menor porte","Menor porte (<20 mil)"
"2591","Imbé de Minas","Minas Gerais",6986,3368,"Menor porte",0,0,"Cluster 2",16.92,6,"Cluster 2 - Menor porte","Menor porte (<20 mil)"
"2592","Inconfidentes","Minas Gerais",7301,4467,"Menor porte",3,6.72,"Cluster 3",8.89,4,"Cluster 3 - Menor porte","Menor porte (<20 mil)"
"2593","Indaiabira","Minas Gerais",6346,2366,"Menor porte",1,4.23,"Cluster 2",16.92,4,"Cluster 2 - Menor porte","Menor porte (<20 mil)"
"2594","Indianópolis","Minas Gerais",6171,3377,"Menor porte",0,0,"Cluster 3",8.89,3,"Cluster 3 - Menor porte","Menor porte (<20 mil)"
"2595","Ingaí","Minas Gerais",2580,987,"Menor porte",1,10.13,"Cluster 3",8.89,1,"Cluster 3 - Menor porte","Menor porte (<20 mil)"
"2596","Inhapim","Minas Gerais",22692,14321,"Médio porte",7,4.89,"Cluster 3",4.29,6,"Cluster 3 - Médio porte","Médio porte (>20 mil e <100 mil)"
"2597","Inhaúma","Minas Gerais",6239,2672,"Menor porte",0,0,"Cluster 3",8.89,2,"Cluster 3 - Menor porte","Menor porte (<20 mil)"
"2598","Inimutaba","Minas Gerais",7371,2819,"Menor porte",1,3.55,"Cluster 3",8.89,3,"Cluster 3 - Menor porte","Menor porte (<20 mil)"
"2599","Ipaba","Minas Gerais",17136,6513,"Menor porte",0,0,"Cluster 2",16.92,11,"Cluster 2 - Menor porte","Menor porte (<20 mil)"
"2600","Ipanema","Minas Gerais",19522,12456,"Médio porte",1,0.8,"Cluster 3",4.29,5,"Cluster 3 - Médio porte","Médio porte (>20 mil e <100 mil)"
"2601","Ipatinga","Minas Gerais",227731,164028,"Maior porte",2,0.12,"Cluster 2",3.54,58,"Cluster 2 - Maior porte","Maior porte (>100 mil)"
"2602","Ipiaçu","Minas Gerais",3775,2380,"Menor porte",0,0,"Cluster 3",8.89,2,"Cluster 3 - Menor porte","Menor porte (<20 mil)"
"2603","Ipuiúna","Minas Gerais",9135,8177,"Menor porte",0,0,"Cluster 3",8.89,7,"Cluster 3 - Menor porte","Menor porte (<20 mil)"
"2604","Iraí de Minas","Minas Gerais",7180,5177,"Menor porte",1,1.93,"Cluster 1",8.51,4,"Cluster 1 - Menor porte","Menor porte (<20 mil)"
"2605","Itabira","Minas Gerais",113343,70790,"Maior porte",7,0.99,"Cluster 2",3.54,25,"Cluster 2 - Maior porte","Maior porte (>100 mil)"
"2606","Itabirinha","Minas Gerais",10362,7406,"Menor porte",0,0,"Cluster 3",8.89,7,"Cluster 3 - Menor porte","Menor porte (<20 mil)"
"2607","Itabirito","Minas Gerais",53365,38607,"Médio porte",7,1.81,"Cluster 1",2.7,10,"Cluster 1 - Médio porte","Médio porte (>20 mil e <100 mil)"
"2608","Itacambira","Minas Gerais",4252,408,"Menor porte",0,0,"Cluster 2",16.92,1,"Cluster 2 - Menor porte","Menor porte (<20 mil)"
"2609","Itacarambi","Minas Gerais",17208,7023,"Menor porte",1,1.42,"Cluster 3",8.89,6,"Cluster 3 - Menor porte","Menor porte (<20 mil)"
"2610","Itaguara","Minas Gerais",13846,11251,"Menor porte",2,1.78,"Cluster 1",8.51,10,"Cluster 1 - Menor porte","Menor porte (<20 mil)"
"2611","Itaipé","Minas Gerais",10463,4322,"Menor porte",0,0,"Cluster 2",16.92,7,"Cluster 2 - Menor porte","Menor porte (<20 mil)"
"2612","Itajubá","Minas Gerais",93073,53690,"Médio porte",0,0,"Cluster 1",2.7,15,"Cluster 1 - Médio porte","Médio porte (>20 mil e <100 mil)"
"2613","Itamarandiba","Minas Gerais",32948,22715,"Médio porte",0,0,"Cluster 3",4.29,10,"Cluster 3 - Médio porte","Médio porte (>20 mil e <100 mil)"
"2614","Itamarati de Minas","Minas Gerais",3690,1783,"Menor porte",0,0,"Cluster 3",8.89,2,"Cluster 3 - Menor porte","Menor porte (<20 mil)"
"2615","Itambacuri","Minas Gerais",21042,7798,"Médio porte",2,2.56,"Cluster 3",4.29,3,"Cluster 3 - Médio porte","Médio porte (>20 mil e <100 mil)"
"2616","Itambé do Mato Dentro","Minas Gerais",2142,795,"Menor porte",0,0,"Cluster 3",8.89,1,"Cluster 3 - Menor porte","Menor porte (<20 mil)"
"2617","Itamogi","Minas Gerais",10770,7601,"Menor porte",0,0,"Cluster 3",8.89,7,"Cluster 3 - Menor porte","Menor porte (<20 mil)"
"2618","Itamonte","Minas Gerais",14786,9988,"Menor porte",0,0,"Cluster 1",8.51,8,"Cluster 1 - Menor porte","Menor porte (<20 mil)"
"2619","Itanhandu","Minas Gerais",15236,10230,"Menor porte",3,2.93,"Cluster 1",8.51,9,"Cluster 1 - Menor porte","Menor porte (<20 mil)"
"2620","Itanhomi","Minas Gerais",11128,6600,"Menor porte",0,0,"Cluster 3",8.89,6,"Cluster 3 - Menor porte","Menor porte (<20 mil)"
"2621","Itaobim","Minas Gerais",19151,7907,"Médio porte",8,10.12,"Cluster 3",4.29,3,"Cluster 3 - Médio porte","Médio porte (>20 mil e <100 mil)"
"2622","Itapagipe","Minas Gerais",13690,9023,"Menor porte",0,0,"Cluster 3",8.89,8,"Cluster 3 - Menor porte","Menor porte (<20 mil)"
"2623","Itapecerica","Minas Gerais",21046,11548,"Médio porte",3,2.6,"Cluster 3",4.29,5,"Cluster 3 - Médio porte","Médio porte (>20 mil e <100 mil)"
"2624","Itapeva","Minas Gerais",12596,7360,"Menor porte",0,0,"Cluster 1",8.51,6,"Cluster 1 - Menor porte","Menor porte (<20 mil)"
"2625","Itatiaiuçu","Minas Gerais",12966,7770,"Menor porte",2,2.57,"Cluster 1",8.51,7,"Cluster 1 - Menor porte","Menor porte (<20 mil)"
"2626","Itaú de Minas","Minas Gerais",14406,10305,"Menor porte",0,0,"Cluster 1",8.51,9,"Cluster 1 - Menor porte","Menor porte (<20 mil)"
"2627","Itaúna","Minas Gerais",97669,70384,"Médio porte",43,6.11,"Cluster 1",2.7,19,"Cluster 1 - Médio porte","Médio porte (>20 mil e <100 mil)"
"2628","Itaverava","Minas Gerais",5642,2341,"Menor porte",0,0,"Cluster 3",8.89,2,"Cluster 3 - Menor porte","Menor porte (<20 mil)"
"2629","Itinga","Minas Gerais",13745,3567,"Menor porte",0,0,"Cluster 2",16.92,6,"Cluster 2 - Menor porte","Menor porte (<20 mil)"
"2630","Itueta","Minas Gerais",6055,2783,"Menor porte",2,7.19,"Cluster 3",8.89,2,"Cluster 3 - Menor porte","Menor porte (<20 mil)"
"2631","Ituiutaba","Minas Gerais",102217,76769,"Maior porte",23,3,"Cluster 1",3.23,25,"Cluster 1 - Maior porte","Maior porte (>100 mil)"
"2632","Itumirim","Minas Gerais",6638,2990,"Menor porte",0,0,"Cluster 3",8.89,3,"Cluster 3 - Menor porte","Menor porte (<20 mil)"
"2633","Iturama","Minas Gerais",38295,31356,"Médio porte",6,1.91,"Cluster 1",2.7,8,"Cluster 1 - Médio porte","Médio porte (>20 mil e <100 mil)"
"2634","Itutinga","Minas Gerais",4217,2369,"Menor porte",0,0,"Cluster 1",8.51,2,"Cluster 1 - Menor porte","Menor porte (<20 mil)"
"2635","Jaboticatubas","Minas Gerais",20406,9169,"Médio porte",5,5.45,"Cluster 3",4.29,4,"Cluster 3 - Médio porte","Médio porte (>20 mil e <100 mil)"
"2636","Jacinto","Minas Gerais",11042,3028,"Menor porte",0,0,"Cluster 2",16.92,5,"Cluster 2 - Menor porte","Menor porte (<20 mil)"
"2637","Jacuí","Minas Gerais",7495,6450,"Menor porte",0,0,"Cluster 3",8.89,6,"Cluster 3 - Menor porte","Menor porte (<20 mil)"
"2638","Jacutinga","Minas Gerais",25525,18253,"Médio porte",6,3.29,"Cluster 1",2.7,5,"Cluster 1 - Médio porte","Médio porte (>20 mil e <100 mil)"
"2639","Jaguaraçu","Minas Gerais",3092,1454,"Menor porte",5,34.39,"Cluster 3",8.89,1,"Cluster 3 - Menor porte","Menor porte (<20 mil)"
"2640","Jaíba","Minas Gerais",37660,19081,"Médio porte",0,0,"Cluster 3",4.29,8,"Cluster 3 - Médio porte","Médio porte (>20 mil e <100 mil)"
"2641","Jampruca","Minas Gerais",4296,1051,"Menor porte",0,0,"Cluster 2",16.92,2,"Cluster 2 - Menor porte","Menor porte (<20 mil)"
"2642","Janaúba","Minas Gerais",70699,41655,"Médio porte",2,0.48,"Cluster 3",4.29,18,"Cluster 3 - Médio porte","Médio porte (>20 mil e <100 mil)"
"2643","Januária","Minas Gerais",65150,28259,"Médio porte",3,1.06,"Cluster 3",4.29,12,"Cluster 3 - Médio porte","Médio porte (>20 mil e <100 mil)"
"2644","Japaraíba","Minas Gerais",4506,2973,"Menor porte",0,0,"Cluster 3",8.89,3,"Cluster 3 - Menor porte","Menor porte (<20 mil)"
"2645","Japonvar","Minas Gerais",8127,2973,"Menor porte",0,0,"Cluster 2",16.92,5,"Cluster 2 - Menor porte","Menor porte (<20 mil)"
"2646","Jeceaba","Minas Gerais",6197,3343,"Menor porte",0,0,"Cluster 1",8.51,3,"Cluster 1 - Menor porte","Menor porte (<20 mil)"
"2647","Jenipapo de Minas","Minas Gerais",6100,2625,"Menor porte",0,0,"Cluster 2",16.92,4,"Cluster 2 - Menor porte","Menor porte (<20 mil)"
"2648","Jequeri","Minas Gerais",12419,6212,"Menor porte",0,0,"Cluster 3",8.89,6,"Cluster 3 - Menor porte","Menor porte (<20 mil)"
"2649","Jequitaí","Minas Gerais",6484,2950,"Menor porte",0,0,"Cluster 3",8.89,3,"Cluster 3 - Menor porte","Menor porte (<20 mil)"
"2650","Jequitibá","Minas Gerais",5883,2537,"Menor porte",3,11.82,"Cluster 3",8.89,2,"Cluster 3 - Menor porte","Menor porte (<20 mil)"
"2651","Jequitinhonha","Minas Gerais",24007,6821,"Médio porte",0,0,"Cluster 2",5.66,4,"Cluster 2 - Médio porte","Médio porte (>20 mil e <100 mil)"
"2652","Jesuânia","Minas Gerais",5138,2613,"Menor porte",0,0,"Cluster 3",8.89,2,"Cluster 3 - Menor porte","Menor porte (<20 mil)"
"2653","Joaíma","Minas Gerais",13888,4063,"Menor porte",2,4.92,"Cluster 2",16.92,7,"Cluster 2 - Menor porte","Menor porte (<20 mil)"
"2654","Joanésia","Minas Gerais",4329,1981,"Menor porte",0,0,"Cluster 3",8.89,2,"Cluster 3 - Menor porte","Menor porte (<20 mil)"
"2655","João Monlevade","Minas Gerais",80187,52784,"Médio porte",4,0.76,"Cluster 1",2.7,14,"Cluster 1 - Médio porte","Médio porte (>20 mil e <100 mil)"
"2656","João Pinheiro","Minas Gerais",46801,31382,"Médio porte",4,1.27,"Cluster 1",2.7,8,"Cluster 1 - Médio porte","Médio porte (>20 mil e <100 mil)"
"2657","Joaquim Felício","Minas Gerais",3854,1290,"Menor porte",0,0,"Cluster 2",16.92,2,"Cluster 2 - Menor porte","Menor porte (<20 mil)"
"2658","Jordânia","Minas Gerais",10304,2181,"Menor porte",0,0,"Cluster 2",16.92,4,"Cluster 2 - Menor porte","Menor porte (<20 mil)"
"2659","José Gonçalves de Minas","Minas Gerais",3969,2216,"Menor porte",0,0,"Cluster 3",8.89,2,"Cluster 3 - Menor porte","Menor porte (<20 mil)"
"2660","José Raydan","Minas Gerais",4268,1941,"Menor porte",0,0,"Cluster 2",16.92,3,"Cluster 2 - Menor porte","Menor porte (<20 mil)"
"2661","Josenópolis","Minas Gerais",3630,807,"Menor porte",0,0,"Cluster 2",16.92,1,"Cluster 2 - Menor porte","Menor porte (<20 mil)"
"2662","Juatuba","Minas Gerais",30716,15548,"Médio porte",4,2.57,"Cluster 1",2.7,4,"Cluster 1 - Médio porte","Médio porte (>20 mil e <100 mil)"
"2663","Juiz de Fora","Minas Gerais",540756,300486,"Maior porte",102,3.39,"Cluster 1",3.23,97,"Cluster 1 - Maior porte","Maior porte (>100 mil)"
"2664","Juramento","Minas Gerais",3768,751,"Menor porte",0,0,"Cluster 2",16.92,1,"Cluster 2 - Menor porte","Menor porte (<20 mil)"
"2665","Juruaia","Minas Gerais",11084,8368,"Menor porte",1,1.2,"Cluster 1",8.51,7,"Cluster 1 - Menor porte","Menor porte (<20 mil)"
"2666","Juvenília","Minas Gerais",5789,1102,"Menor porte",0,0,"Cluster 2",16.92,2,"Cluster 2 - Menor porte","Menor porte (<20 mil)"
"2667","Ladainha","Minas Gerais",14383,4408,"Menor porte",0,0,"Cluster 2",16.92,7,"Cluster 2 - Menor porte","Menor porte (<20 mil)"
"2668","Lagamar","Minas Gerais",6631,4103,"Menor porte",1,2.44,"Cluster 3",8.89,4,"Cluster 3 - Menor porte","Menor porte (<20 mil)"
"2669","Lagoa da Prata","Minas Gerais",51412,39314,"Médio porte",2,0.51,"Cluster 1",2.7,11,"Cluster 1 - Médio porte","Médio porte (>20 mil e <100 mil)"
"2670","Lagoa dos Patos","Minas Gerais",3313,1228,"Menor porte",0,0,"Cluster 2",16.92,2,"Cluster 2 - Menor porte","Menor porte (<20 mil)"
"2671","Lagoa Dourada","Minas Gerais",12769,9867,"Menor porte",2,2.03,"Cluster 3",8.89,9,"Cluster 3 - Menor porte","Menor porte (<20 mil)"
"2672","Lagoa Formosa","Minas Gerais",18904,13053,"Menor porte",2,1.53,"Cluster 3",8.89,12,"Cluster 3 - Menor porte","Menor porte (<20 mil)"
"2673","Lagoa Grande","Minas Gerais",8969,5144,"Menor porte",2,3.89,"Cluster 3",8.89,5,"Cluster 3 - Menor porte","Menor porte (<20 mil)"
"2674","Lagoa Santa","Minas Gerais",75145,39839,"Médio porte",5,1.26,"Cluster 1",2.7,11,"Cluster 1 - Médio porte","Médio porte (>20 mil e <100 mil)"
"2675","Lajinha","Minas Gerais",20835,12993,"Menor porte",2,1.54,"Cluster 3",8.89,12,"Cluster 3 - Menor porte","Menor porte (<20 mil)"
"2676","Lambari","Minas Gerais",20414,14654,"Médio porte",1,0.68,"Cluster 1",2.7,4,"Cluster 1 - Médio porte","Médio porte (>20 mil e <100 mil)"
"2677","Lamim","Minas Gerais",3184,1940,"Menor porte",0,0,"Cluster 3",8.89,2,"Cluster 3 - Menor porte","Menor porte (<20 mil)"
"2678","Laranjal","Minas Gerais",5963,3728,"Menor porte",0,0,"Cluster 3",8.89,3,"Cluster 3 - Menor porte","Menor porte (<20 mil)"
"2679","Lassance","Minas Gerais",7124,2241,"Menor porte",0,0,"Cluster 2",16.92,4,"Cluster 2 - Menor porte","Menor porte (<20 mil)"
"2680","Lavras","Minas Gerais",104761,72927,"Maior porte",6,0.82,"Cluster 1",3.23,24,"Cluster 1 - Maior porte","Maior porte (>100 mil)"
"2681","Leandro Ferreira","Minas Gerais",3199,1880,"Menor porte",0,0,"Cluster 3",8.89,2,"Cluster 3 - Menor porte","Menor porte (<20 mil)"
"2682","Leme do Prado","Minas Gerais",4341,2211,"Menor porte",0,0,"Cluster 3",8.89,2,"Cluster 3 - Menor porte","Menor porte (<20 mil)"
"2683","Leopoldina","Minas Gerais",51145,25872,"Médio porte",7,2.71,"Cluster 3",4.29,11,"Cluster 3 - Médio porte","Médio porte (>20 mil e <100 mil)"
"2684","Liberdade","Minas Gerais",4737,3307,"Menor porte",0,0,"Cluster 3",8.89,3,"Cluster 3 - Menor porte","Menor porte (<20 mil)"
"2685","Lima Duarte","Minas Gerais",17221,8205,"Menor porte",0,0,"Cluster 3",8.89,7,"Cluster 3 - Menor porte","Menor porte (<20 mil)"
"2686","Limeira do Oeste","Minas Gerais",8687,5255,"Menor porte",0,0,"Cluster 1",8.51,4,"Cluster 1 - Menor porte","Menor porte (<20 mil)"
"2687","Lontra","Minas Gerais",8790,2885,"Menor porte",0,0,"Cluster 2",16.92,5,"Cluster 2 - Menor porte","Menor porte (<20 mil)"
"2688","Luisburgo","Minas Gerais",6956,4752,"Menor porte",1,2.1,"Cluster 3",8.89,4,"Cluster 3 - Menor porte","Menor porte (<20 mil)"
"2689","Luislândia","Minas Gerais",6210,1414,"Menor porte",0,0,"Cluster 2",16.92,2,"Cluster 2 - Menor porte","Menor porte (<20 mil)"
"2690","Luminárias","Minas Gerais",5586,3622,"Menor porte",0,0,"Cluster 3",8.89,3,"Cluster 3 - Menor porte","Menor porte (<20 mil)"
"2691","Luz","Minas Gerais",17875,12602,"Menor porte",3,2.38,"Cluster 1",8.51,11,"Cluster 1 - Menor porte","Menor porte (<20 mil)"
"2692","Machacalis","Minas Gerais",6487,2426,"Menor porte",1,4.12,"Cluster 2",16.92,4,"Cluster 2 - Menor porte","Menor porte (<20 mil)"
"2693","Machado","Minas Gerais",37684,25445,"Médio porte",2,0.79,"Cluster 1",2.7,7,"Cluster 1 - Médio porte","Médio porte (>20 mil e <100 mil)"
"2694","Madre de Deus de Minas","Minas Gerais",5191,3113,"Menor porte",0,0,"Cluster 3",8.89,3,"Cluster 3 - Menor porte","Menor porte (<20 mil)"
"2695","Malacacheta","Minas Gerais",17516,7548,"Menor porte",0,0,"Cluster 2",16.92,13,"Cluster 2 - Menor porte","Menor porte (<20 mil)"
"2696","Mamonas","Minas Gerais",5997,3858,"Menor porte",0,0,"Cluster 3",8.89,3,"Cluster 3 - Menor porte","Menor porte (<20 mil)"
"2697","Manga","Minas Gerais",18886,6420,"Menor porte",0,0,"Cluster 2",16.92,11,"Cluster 2 - Menor porte","Menor porte (<20 mil)"
"2698","Manhuaçu","Minas Gerais",91886,50184,"Médio porte",8,1.59,"Cluster 3",4.29,22,"Cluster 3 - Médio porte","Médio porte (>20 mil e <100 mil)"
"2699","Manhumirim","Minas Gerais",20613,12954,"Médio porte",1,0.77,"Cluster 3",4.29,6,"Cluster 3 - Médio porte","Médio porte (>20 mil e <100 mil)"
"2700","Mantena","Minas Gerais",26535,20364,"Médio porte",1,0.49,"Cluster 1",2.7,6,"Cluster 1 - Médio porte","Médio porte (>20 mil e <100 mil)"
"2701","Mar de Espanha","Minas Gerais",12721,7320,"Menor porte",1,1.37,"Cluster 3",8.89,7,"Cluster 3 - Menor porte","Menor porte (<20 mil)"
"2702","Maravilhas","Minas Gerais",7333,6821,"Menor porte",1,1.47,"Cluster 3",8.89,6,"Cluster 3 - Menor porte","Menor porte (<20 mil)"
"2703","Maria da Fé","Minas Gerais",14247,6471,"Menor porte",0,0,"Cluster 3",8.89,6,"Cluster 3 - Menor porte","Menor porte (<20 mil)"
"2704","Mariana","Minas Gerais",61387,35074,"Médio porte",4,1.14,"Cluster 1",2.7,9,"Cluster 1 - Médio porte","Médio porte (>20 mil e <100 mil)"
"2705","Marilac","Minas Gerais",4224,1464,"Menor porte",2,13.66,"Cluster 2",16.92,2,"Cluster 2 - Menor porte","Menor porte (<20 mil)"
"2706","Mário Campos","Minas Gerais",15900,8770,"Menor porte",3,3.42,"Cluster 3",8.89,8,"Cluster 3 - Menor porte","Menor porte (<20 mil)"
"2707","Maripá de Minas","Minas Gerais",3387,1987,"Menor porte",0,0,"Cluster 3",8.89,2,"Cluster 3 - Menor porte","Menor porte (<20 mil)"
"2708","Marliéria","Minas Gerais",4592,1931,"Menor porte",0,0,"Cluster 3",8.89,2,"Cluster 3 - Menor porte","Menor porte (<20 mil)"
"2709","Marmelópolis","Minas Gerais",3200,1623,"Menor porte",0,0,"Cluster 3",8.89,1,"Cluster 3 - Menor porte","Menor porte (<20 mil)"
"2710","Martinho Campos","Minas Gerais",14003,10526,"Menor porte",1,0.95,"Cluster 3",8.89,9,"Cluster 3 - Menor porte","Menor porte (<20 mil)"
"2711","Martins Soares","Minas Gerais",8396,4591,"Menor porte",0,0,"Cluster 3",8.89,4,"Cluster 3 - Menor porte","Menor porte (<20 mil)"
"2712","Mata Verde","Minas Gerais",9112,2161,"Menor porte",0,0,"Cluster 2",16.92,4,"Cluster 2 - Menor porte","Menor porte (<20 mil)"
"2713","Materlândia","Minas Gerais",3963,1837,"Menor porte",1,5.44,"Cluster 2",16.92,3,"Cluster 2 - Menor porte","Menor porte (<20 mil)"
"2714","Mateus Leme","Minas Gerais",37841,18815,"Médio porte",2,1.06,"Cluster 1",2.7,5,"Cluster 1 - Médio porte","Médio porte (>20 mil e <100 mil)"
"2715","Mathias Lobato","Minas Gerais",3038,1023,"Menor porte",4,39.1,"Cluster 2",16.92,2,"Cluster 2 - Menor porte","Menor porte (<20 mil)"
"2716","Matias Barbosa","Minas Gerais",14121,9181,"Menor porte",0,0,"Cluster 1",8.51,8,"Cluster 1 - Menor porte","Menor porte (<20 mil)"
"2717","Matias Cardoso","Minas Gerais",8895,1879,"Menor porte",0,0,"Cluster 2",16.92,3,"Cluster 2 - Menor porte","Menor porte (<20 mil)"
"2718","Matipó","Minas Gerais",18552,8950,"Menor porte",0,0,"Cluster 3",8.89,8,"Cluster 3 - Menor porte","Menor porte (<20 mil)"
"2719","Mato Verde","Minas Gerais",12038,9320,"Menor porte",1,1.07,"Cluster 3",8.89,8,"Cluster 3 - Menor porte","Menor porte (<20 mil)"
"2720","Matozinhos","Minas Gerais",37618,22761,"Médio porte",0,0,"Cluster 1",2.7,6,"Cluster 1 - Médio porte","Médio porte (>20 mil e <100 mil)"
"2721","Matutina","Minas Gerais",3814,2462,"Menor porte",0,0,"Cluster 3",8.89,2,"Cluster 3 - Menor porte","Menor porte (<20 mil)"
"2722","Medeiros","Minas Gerais",3900,2524,"Menor porte",0,0,"Cluster 1",8.51,2,"Cluster 1 - Menor porte","Menor porte (<20 mil)"
"2723","Medina","Minas Gerais",20156,6186,"Médio porte",6,9.7,"Cluster 3",4.29,3,"Cluster 3 - Médio porte","Médio porte (>20 mil e <100 mil)"
"2724","Mendes Pimentel","Minas Gerais",5606,2931,"Menor porte",0,0,"Cluster 3",8.89,3,"Cluster 3 - Menor porte","Menor porte (<20 mil)"
"2725","Mercês","Minas Gerais",10373,6755,"Menor porte",5,7.4,"Cluster 3",8.89,6,"Cluster 3 - Menor porte","Menor porte (<20 mil)"
"2726","Mesquita","Minas Gerais",5040,2082,"Menor porte",0,0,"Cluster 3",8.89,2,"Cluster 3 - Menor porte","Menor porte (<20 mil)"
"2727","Minas Novas","Minas Gerais",24405,9537,"Médio porte",0,0,"Cluster 3",4.29,4,"Cluster 3 - Médio porte","Médio porte (>20 mil e <100 mil)"
"2728","Minduri","Minas Gerais",3741,2040,"Menor porte",0,0,"Cluster 3",8.89,2,"Cluster 3 - Menor porte","Menor porte (<20 mil)"
"2729","Mirabela","Minas Gerais",13651,7020,"Menor porte",3,4.27,"Cluster 3",8.89,6,"Cluster 3 - Menor porte","Menor porte (<20 mil)"
"2730","Miradouro","Minas Gerais",8968,5281,"Menor porte",3,5.68,"Cluster 3",8.89,5,"Cluster 3 - Menor porte","Menor porte (<20 mil)"
"2731","Miraí","Minas Gerais",13633,7677,"Menor porte",0,0,"Cluster 3",8.89,7,"Cluster 3 - Menor porte","Menor porte (<20 mil)"
"2732","Miravânia","Minas Gerais",3985,1035,"Menor porte",0,0,"Cluster 2",16.92,2,"Cluster 2 - Menor porte","Menor porte (<20 mil)"
"2733","Moeda","Minas Gerais",5125,3609,"Menor porte",1,2.77,"Cluster 3",8.89,3,"Cluster 3 - Menor porte","Menor porte (<20 mil)"
"2734","Moema","Minas Gerais",7548,6282,"Menor porte",2,3.18,"Cluster 1",8.51,5,"Cluster 1 - Menor porte","Menor porte (<20 mil)"
"2735","Monjolos","Minas Gerais",2169,280,"Menor porte",0,0,"Cluster 2",16.92,0,"Cluster 2 - Menor porte","Menor porte (<20 mil)"
"2736","Monsenhor Paulo","Minas Gerais",8340,4630,"Menor porte",0,0,"Cluster 3",8.89,4,"Cluster 3 - Menor porte","Menor porte (<20 mil)"
"2737","Montalvânia","Minas Gerais",14060,5702,"Menor porte",0,0,"Cluster 2",16.92,10,"Cluster 2 - Menor porte","Menor porte (<20 mil)"
"2738","Monte Alegre de Minas","Minas Gerais",20170,13837,"Médio porte",11,7.95,"Cluster 3",4.29,6,"Cluster 3 - Médio porte","Médio porte (>20 mil e <100 mil)"
"2739","Monte Azul","Minas Gerais",20328,12196,"Médio porte",0,0,"Cluster 3",4.29,5,"Cluster 3 - Médio porte","Médio porte (>20 mil e <100 mil)"
"2740","Monte Belo","Minas Gerais",13046,9931,"Menor porte",0,0,"Cluster 3",8.89,9,"Cluster 3 - Menor porte","Menor porte (<20 mil)"
"2741","Monte Carmelo","Minas Gerais",47692,40564,"Médio porte",0,0,"Cluster 1",2.7,11,"Cluster 1 - Médio porte","Médio porte (>20 mil e <100 mil)"
"2742","Monte Formoso","Minas Gerais",4381,1428,"Menor porte",0,0,"Cluster 2",16.92,2,"Cluster 2 - Menor porte","Menor porte (<20 mil)"
"2743","Monte Santo de Minas","Minas Gerais",20890,16352,"Médio porte",3,1.83,"Cluster 1",2.7,4,"Cluster 1 - Médio porte","Médio porte (>20 mil e <100 mil)"
"2744","Monte Sião","Minas Gerais",24089,19873,"Médio porte",3,1.51,"Cluster 1",2.7,5,"Cluster 1 - Médio porte","Médio porte (>20 mil e <100 mil)"
"2745","Montes Claros","Minas Gerais",414240,244121,"Maior porte",25,1.02,"Cluster 1",3.23,79,"Cluster 1 - Maior porte","Maior porte (>100 mil)"
"2746","Montezuma","Minas Gerais",6888,2898,"Menor porte",1,3.45,"Cluster 2",16.92,5,"Cluster 2 - Menor porte","Menor porte (<20 mil)"
"2747","Morada Nova de Minas","Minas Gerais",9067,4780,"Menor porte",0,0,"Cluster 3",8.89,4,"Cluster 3 - Menor porte","Menor porte (<20 mil)"
"2748","Morro da Garça","Minas Gerais",2411,873,"Menor porte",0,0,"Cluster 3",8.89,1,"Cluster 3 - Menor porte","Menor porte (<20 mil)"
"2749","Morro do Pilar","Minas Gerais",3133,1295,"Menor porte",0,0,"Cluster 2",16.92,2,"Cluster 2 - Menor porte","Menor porte (<20 mil)"
"2750","Munhoz","Minas Gerais",7547,5793,"Menor porte",0,0,"Cluster 3",8.89,5,"Cluster 3 - Menor porte","Menor porte (<20 mil)"
"2751","Muriaé","Minas Gerais",104108,61904,"Maior porte",17,2.75,"Cluster 1",3.23,20,"Cluster 1 - Maior porte","Maior porte (>100 mil)"
"2752","Mutum","Minas Gerais",27635,13677,"Médio porte",0,0,"Cluster 3",4.29,6,"Cluster 3 - Médio porte","Médio porte (>20 mil e <100 mil)"
"2753","Muzambinho","Minas Gerais",21891,18155,"Médio porte",0,0,"Cluster 1",2.7,5,"Cluster 1 - Médio porte","Médio porte (>20 mil e <100 mil)"
"2754","Nacip Raydan","Minas Gerais",2459,700,"Menor porte",0,0,"Cluster 2",16.92,1,"Cluster 2 - Menor porte","Menor porte (<20 mil)"
"2755","Nanuque","Minas Gerais",35038,22376,"Médio porte",1,0.45,"Cluster 3",4.29,10,"Cluster 3 - Médio porte","Médio porte (>20 mil e <100 mil)"
"2756","Naque","Minas Gerais",6303,2932,"Menor porte",1,3.41,"Cluster 3",8.89,3,"Cluster 3 - Menor porte","Menor porte (<20 mil)"
"2757","Natalândia","Minas Gerais",3520,1394,"Menor porte",1,7.17,"Cluster 3",8.89,1,"Cluster 3 - Menor porte","Menor porte (<20 mil)"
"2758","Natércia","Minas Gerais",4691,3004,"Menor porte",0,0,"Cluster 3",8.89,3,"Cluster 3 - Menor porte","Menor porte (<20 mil)"
"2759","Nazareno","Minas Gerais",8179,5708,"Menor porte",0,0,"Cluster 3",8.89,5,"Cluster 3 - Menor porte","Menor porte (<20 mil)"
"2760","Nepomuceno","Minas Gerais",25018,17212,"Médio porte",0,0,"Cluster 3",4.29,7,"Cluster 3 - Médio porte","Médio porte (>20 mil e <100 mil)"
"2761","Ninheira","Minas Gerais",10588,3232,"Menor porte",1,3.09,"Cluster 2",16.92,5,"Cluster 2 - Menor porte","Menor porte (<20 mil)"
"2762","Nova Belém","Minas Gerais",3151,1561,"Menor porte",0,0,"Cluster 2",16.92,3,"Cluster 2 - Menor porte","Menor porte (<20 mil)"
"2763","Nova Era","Minas Gerais",17438,9692,"Menor porte",5,5.16,"Cluster 3",8.89,9,"Cluster 3 - Menor porte","Menor porte (<20 mil)"
"2764","Nova Lima","Minas Gerais",111697,53773,"Médio porte",22,4.09,"Cluster 1",2.7,15,"Cluster 1 - Médio porte","Médio porte (>20 mil e <100 mil)"
"2765","Nova Módica","Minas Gerais",3663,987,"Menor porte",0,0,"Cluster 2",16.92,2,"Cluster 2 - Menor porte","Menor porte (<20 mil)"
"2766","Nova Ponte","Minas Gerais",14598,9996,"Menor porte",1,1,"Cluster 1",8.51,9,"Cluster 1 - Menor porte","Menor porte (<20 mil)"
"2767","Nova Porteirinha","Minas Gerais",6706,2819,"Menor porte",0,0,"Cluster 3",8.89,3,"Cluster 3 - Menor porte","Menor porte (<20 mil)"
"2768","Nova Resende","Minas Gerais",16387,16680,"Menor porte",0,0,"Cluster 1",8.51,14,"Cluster 1 - Menor porte","Menor porte (<20 mil)"
"2769","Nova Serrana","Minas Gerais",105552,58962,"Maior porte",2,0.34,"Cluster 1",3.23,19,"Cluster 1 - Maior porte","Maior porte (>100 mil)"
"2770","Nova União","Minas Gerais",5909,3758,"Menor porte",0,0,"Cluster 3",8.89,3,"Cluster 3 - Menor porte","Menor porte (<20 mil)"
"2771","Novo Cruzeiro","Minas Gerais",26975,11786,"Médio porte",0,0,"Cluster 2",5.66,7,"Cluster 2 - Médio porte","Médio porte (>20 mil e <100 mil)"
"2772","Novo Oriente de Minas","Minas Gerais",10275,2859,"Menor porte",0,0,"Cluster 2",16.92,5,"Cluster 2 - Menor porte","Menor porte (<20 mil)"
"2773","Novorizonte","Minas Gerais",4571,2193,"Menor porte",0,0,"Cluster 2",16.92,4,"Cluster 2 - Menor porte","Menor porte (<20 mil)"
"2774","Olaria","Minas Gerais",1945,954,"Menor porte",2,20.96,"Cluster 3",8.89,1,"Cluster 3 - Menor porte","Menor porte (<20 mil)"
"2775","Olhos-d'Água","Minas Gerais",5385,2915,"Menor porte",0,0,"Cluster 3",8.89,3,"Cluster 3 - Menor porte","Menor porte (<20 mil)"
"2776","Olímpio Noronha","Minas Gerais",2555,1033,"Menor porte",0,0,"Cluster 3",8.89,1,"Cluster 3 - Menor porte","Menor porte (<20 mil)"
"2777","Oliveira","Minas Gerais",39262,26455,"Médio porte",3,1.13,"Cluster 1",2.7,7,"Cluster 1 - Médio porte","Médio porte (>20 mil e <100 mil)"
"2778","Oliveira Fortes","Minas Gerais",2027,769,"Menor porte",0,0,"Cluster 3",8.89,1,"Cluster 3 - Menor porte","Menor porte (<20 mil)"
"2779","Onça de Pitangui","Minas Gerais",2969,1056,"Menor porte",0,0,"Cluster 3",8.89,1,"Cluster 3 - Menor porte","Menor porte (<20 mil)"
"2780","Oratórios","Minas Gerais",4917,2093,"Menor porte",1,4.78,"Cluster 3",8.89,2,"Cluster 3 - Menor porte","Menor porte (<20 mil)"
"2781","Orizânia","Minas Gerais",8437,4315,"Menor porte",0,0,"Cluster 2",16.92,7,"Cluster 2 - Menor porte","Menor porte (<20 mil)"
"2782","Ouro Branco","Minas Gerais",38724,25323,"Médio porte",3,1.18,"Cluster 1",2.7,7,"Cluster 1 - Médio porte","Médio porte (>20 mil e <100 mil)"
"2783","Ouro Fino","Minas Gerais",32094,23630,"Médio porte",3,1.27,"Cluster 1",2.7,6,"Cluster 1 - Médio porte","Médio porte (>20 mil e <100 mil)"
"2784","Ouro Preto","Minas Gerais",74821,42648,"Médio porte",7,1.64,"Cluster 1",2.7,12,"Cluster 1 - Médio porte","Médio porte (>20 mil e <100 mil)"
"2785","Ouro Verde de Minas","Minas Gerais",5757,2504,"Menor porte",0,0,"Cluster 2",16.92,4,"Cluster 2 - Menor porte","Menor porte (<20 mil)"
"2786","Padre Carvalho","Minas Gerais",5058,1304,"Menor porte",0,0,"Cluster 2",16.92,2,"Cluster 2 - Menor porte","Menor porte (<20 mil)"
"2787","Padre Paraíso","Minas Gerais",17334,8401,"Médio porte",4,4.76,"Cluster 3",4.29,4,"Cluster 3 - Médio porte","Médio porte (>20 mil e <100 mil)"
"2788","Pai Pedro","Minas Gerais",5551,1569,"Menor porte",0,0,"Cluster 2",16.92,3,"Cluster 2 - Menor porte","Menor porte (<20 mil)"
"2789","Paineiras","Minas Gerais",4224,2875,"Menor porte",1,3.48,"Cluster 3",8.89,3,"Cluster 3 - Menor porte","Menor porte (<20 mil)"
"2790","Pains","Minas Gerais",8142,5410,"Menor porte",3,5.55,"Cluster 1",8.51,5,"Cluster 1 - Menor porte","Menor porte (<20 mil)"
"2791","Paiva","Minas Gerais",1474,545,"Menor porte",0,0,"Cluster 3",8.89,0,"Cluster 3 - Menor porte","Menor porte (<20 mil)"
"2792","Palma","Minas Gerais",5707,2959,"Menor porte",0,0,"Cluster 3",8.89,3,"Cluster 3 - Menor porte","Menor porte (<20 mil)"
"2793","Palmópolis","Minas Gerais",6301,1978,"Menor porte",0,0,"Cluster 2",16.92,3,"Cluster 2 - Menor porte","Menor porte (<20 mil)"
"2794","Papagaios","Minas Gerais",13920,11031,"Menor porte",0,0,"Cluster 3",8.89,10,"Cluster 3 - Menor porte","Menor porte (<20 mil)"
"2795","Pará de Minas","Minas Gerais",97139,73403,"Médio porte",5,0.68,"Cluster 1",2.7,20,"Cluster 1 - Médio porte","Médio porte (>20 mil e <100 mil)"
"2796","Paracatu","Minas Gerais",94023,57309,"Médio porte",17,2.97,"Cluster 1",2.7,15,"Cluster 1 - Médio porte","Médio porte (>20 mil e <100 mil)"
"2797","Paraguaçu","Minas Gerais",21723,13883,"Médio porte",1,0.72,"Cluster 1",2.7,4,"Cluster 1 - Médio porte","Médio porte (>20 mil e <100 mil)"
"2798","Paraisópolis","Minas Gerais",20445,12278,"Médio porte",2,1.63,"Cluster 1",2.7,3,"Cluster 1 - Médio porte","Médio porte (>20 mil e <100 mil)"
"2799","Paraopeba","Minas Gerais",24107,15961,"Médio porte",0,0,"Cluster 1",2.7,4,"Cluster 1 - Médio porte","Médio porte (>20 mil e <100 mil)"
"2800","Passa Quatro","Minas Gerais",15515,9033,"Menor porte",5,5.54,"Cluster 3",8.89,8,"Cluster 3 - Menor porte","Menor porte (<20 mil)"
"2801","Passa Tempo","Minas Gerais",8473,5633,"Menor porte",2,3.55,"Cluster 1",8.51,5,"Cluster 1 - Menor porte","Menor porte (<20 mil)"
"2802","Passa Vinte","Minas Gerais",2233,3033,"Menor porte",0,0,"Cluster 1",8.51,3,"Cluster 1 - Menor porte","Menor porte (<20 mil)"
"2803","Passabém","Minas Gerais",1600,660,"Menor porte",0,0,"Cluster 3",8.89,1,"Cluster 3 - Menor porte","Menor porte (<20 mil)"
"2804","Passos","Minas Gerais",111939,82521,"Maior porte",7,0.85,"Cluster 1",3.23,27,"Cluster 1 - Maior porte","Maior porte (>100 mil)"
"2805","Patis","Minas Gerais",4837,1345,"Menor porte",0,0,"Cluster 2",16.92,2,"Cluster 2 - Menor porte","Menor porte (<20 mil)"
"2806","Patos de Minas","Minas Gerais",159235,126421,"Maior porte",26,2.06,"Cluster 2",3.54,45,"Cluster 2 - Maior porte","Maior porte (>100 mil)"
"2807","Patrocínio","Minas Gerais",89826,71264,"Médio porte",7,0.98,"Cluster 1",2.7,19,"Cluster 1 - Médio porte","Médio porte (>20 mil e <100 mil)"
"2808","Patrocínio do Muriaé","Minas Gerais",5576,3112,"Menor porte",0,0,"Cluster 3",8.89,3,"Cluster 3 - Menor porte","Menor porte (<20 mil)"
"2809","Paula Cândido","Minas Gerais",8659,4558,"Menor porte",0,0,"Cluster 3",8.89,4,"Cluster 3 - Menor porte","Menor porte (<20 mil)"
"2810","Paulistas","Minas Gerais",4389,1962,"Menor porte",0,0,"Cluster 2",16.92,3,"Cluster 2 - Menor porte","Menor porte (<20 mil)"
"2811","Pavão","Minas Gerais",8047,2053,"Menor porte",0,0,"Cluster 2",16.92,3,"Cluster 2 - Menor porte","Menor porte (<20 mil)"
"2812","Peçanha","Minas Gerais",17446,8058,"Menor porte",0,0,"Cluster 3",8.89,7,"Cluster 3 - Menor porte","Menor porte (<20 mil)"
"2813","Pedra Azul","Minas Gerais",24410,7507,"Médio porte",1,1.33,"Cluster 3",4.29,3,"Cluster 3 - Médio porte","Médio porte (>20 mil e <100 mil)"
"2814","Pedra Bonita","Minas Gerais",7320,4761,"Menor porte",0,0,"Cluster 3",8.89,4,"Cluster 3 - Menor porte","Menor porte (<20 mil)"
"2815","Pedra do Anta","Minas Gerais",3311,1806,"Menor porte",0,0,"Cluster 3",8.89,2,"Cluster 3 - Menor porte","Menor porte (<20 mil)"
"2816","Pedra do Indaiá","Minas Gerais",4112,2418,"Menor porte",3,12.41,"Cluster 3",8.89,2,"Cluster 3 - Menor porte","Menor porte (<20 mil)"
"2817","Pedra Dourada","Minas Gerais",2757,1106,"Menor porte",0,0,"Cluster 3",8.89,1,"Cluster 3 - Menor porte","Menor porte (<20 mil)"
"2818","Pedralva","Minas Gerais",10760,6514,"Menor porte",1,1.54,"Cluster 3",8.89,6,"Cluster 3 - Menor porte","Menor porte (<20 mil)"
"2819","Pedras de Maria da Cruz","Minas Gerais",10433,2429,"Menor porte",0,0,"Cluster 2",16.92,4,"Cluster 2 - Menor porte","Menor porte (<20 mil)"
"2820","Pedrinópolis","Minas Gerais",3344,1936,"Menor porte",0,0,"Cluster 3",8.89,2,"Cluster 3 - Menor porte","Menor porte (<20 mil)"
"2821","Pedro Leopoldo","Minas Gerais",62580,38830,"Médio porte",4,1.03,"Cluster 1",2.7,10,"Cluster 1 - Médio porte","Médio porte (>20 mil e <100 mil)"
"2822","Pedro Teixeira","Minas Gerais",1810,972,"Menor porte",0,0,"Cluster 3",8.89,1,"Cluster 3 - Menor porte","Menor porte (<20 mil)"
"2823","Pequeri","Minas Gerais",3351,1767,"Menor porte",0,0,"Cluster 3",8.89,2,"Cluster 3 - Menor porte","Menor porte (<20 mil)"
"2824","Pequi","Minas Gerais",4155,2966,"Menor porte",0,0,"Cluster 3",8.89,3,"Cluster 3 - Menor porte","Menor porte (<20 mil)"
"2825","Perdigão","Minas Gerais",12268,7307,"Menor porte",0,0,"Cluster 3",8.89,6,"Cluster 3 - Menor porte","Menor porte (<20 mil)"
"2826","Perdizes","Minas Gerais",17151,10191,"Menor porte",1,0.98,"Cluster 1",8.51,9,"Cluster 1 - Menor porte","Menor porte (<20 mil)"
"2827","Perdões","Minas Gerais",21384,15172,"Médio porte",0,0,"Cluster 1",2.7,4,"Cluster 1 - Médio porte","Médio porte (>20 mil e <100 mil)"
"2828","Periquito","Minas Gerais",6553,2081,"Menor porte",0,0,"Cluster 2",16.92,4,"Cluster 2 - Menor porte","Menor porte (<20 mil)"
"2829","Pescador","Minas Gerais",3570,964,"Menor porte",0,0,"Cluster 2",16.92,2,"Cluster 2 - Menor porte","Menor porte (<20 mil)"
"2830","Piau","Minas Gerais",2796,1598,"Menor porte",2,12.52,"Cluster 3",8.89,1,"Cluster 3 - Menor porte","Menor porte (<20 mil)"
"2831","Piedade de Caratinga","Minas Gerais",8529,5475,"Menor porte",0,0,"Cluster 3",8.89,5,"Cluster 3 - Menor porte","Menor porte (<20 mil)"
"2832","Piedade de Ponte Nova","Minas Gerais",3976,1716,"Menor porte",0,0,"Cluster 3",8.89,2,"Cluster 3 - Menor porte","Menor porte (<20 mil)"
"2833","Piedade do Rio Grande","Minas Gerais",4604,2213,"Menor porte",0,0,"Cluster 3",8.89,2,"Cluster 3 - Menor porte","Menor porte (<20 mil)"
"2834","Piedade dos Gerais","Minas Gerais",5019,3471,"Menor porte",0,0,"Cluster 3",8.89,3,"Cluster 3 - Menor porte","Menor porte (<20 mil)"
"2835","Pimenta","Minas Gerais",8563,6307,"Menor porte",1,1.59,"Cluster 3",8.89,6,"Cluster 3 - Menor porte","Menor porte (<20 mil)"
"2836","Pingo d'Água","Minas Gerais",NA,1411,"Menor porte",0,0,"Cluster 2",16.92,2,"Cluster 2 - Menor porte","Menor porte (<20 mil)"
"2837","Pintópolis","Minas Gerais",7084,1957,"Menor porte",0,0,"Cluster 2",16.92,3,"Cluster 2 - Menor porte","Menor porte (<20 mil)"
"2838","Piracema","Minas Gerais",6700,4606,"Menor porte",0,0,"Cluster 3",8.89,4,"Cluster 3 - Menor porte","Menor porte (<20 mil)"
"2839","Pirajuba","Minas Gerais",5537,3147,"Menor porte",0,0,"Cluster 1",8.51,3,"Cluster 1 - Menor porte","Menor porte (<20 mil)"
"2840","Piranga","Minas Gerais",17018,7862,"Menor porte",1,1.27,"Cluster 2",16.92,13,"Cluster 2 - Menor porte","Menor porte (<20 mil)"
"2841","Piranguçu","Minas Gerais",6041,2679,"Menor porte",2,7.47,"Cluster 3",8.89,2,"Cluster 3 - Menor porte","Menor porte (<20 mil)"
"2842","Piranguinho","Minas Gerais",9120,5282,"Menor porte",2,3.79,"Cluster 3",8.89,5,"Cluster 3 - Menor porte","Menor porte (<20 mil)"
"2843","Pirapetinga","Minas Gerais",11077,10298,"Menor porte",1,0.97,"Cluster 1",8.51,9,"Cluster 1 - Menor porte","Menor porte (<20 mil)"
"2844","Pirapora","Minas Gerais",55606,30954,"Médio porte",0,0,"Cluster 1",2.7,8,"Cluster 1 - Médio porte","Médio porte (>20 mil e <100 mil)"
"2845","Piraúba","Minas Gerais",11610,5372,"Menor porte",1,1.86,"Cluster 3",8.89,5,"Cluster 3 - Menor porte","Menor porte (<20 mil)"
"2846","Pitangui","Minas Gerais",26685,20084,"Médio porte",1,0.5,"Cluster 1",2.7,5,"Cluster 1 - Médio porte","Médio porte (>20 mil e <100 mil)"
"2847","Piumhi","Minas Gerais",36062,27616,"Médio porte",1,0.36,"Cluster 1",2.7,7,"Cluster 1 - Médio porte","Médio porte (>20 mil e <100 mil)"
"2848","Planura","Minas Gerais",11145,6154,"Menor porte",0,0,"Cluster 3",8.89,5,"Cluster 3 - Menor porte","Menor porte (<20 mil)"
"2849","Poço Fundo","Minas Gerais",16390,13601,"Menor porte",1,0.74,"Cluster 1",8.51,12,"Cluster 1 - Menor porte","Menor porte (<20 mil)"
"2850","Poços de Caldas","Minas Gerais",163742,123425,"Maior porte",56,4.54,"Cluster 2",3.54,44,"Cluster 2 - Maior porte","Maior porte (>100 mil)"
"2851","Pocrane","Minas Gerais",8350,4205,"Menor porte",0,0,"Cluster 3",8.89,4,"Cluster 3 - Menor porte","Menor porte (<20 mil)"
"2852","Pompéu","Minas Gerais",31047,16406,"Médio porte",2,1.22,"Cluster 3",4.29,7,"Cluster 3 - Médio porte","Médio porte (>20 mil e <100 mil)"
"2853","Ponte Nova","Minas Gerais",57776,35121,"Médio porte",4,1.14,"Cluster 1",2.7,9,"Cluster 1 - Médio porte","Médio porte (>20 mil e <100 mil)"
"2854","Ponto Chique","Minas Gerais",3747,1032,"Menor porte",0,0,"Cluster 2",16.92,2,"Cluster 2 - Menor porte","Menor porte (<20 mil)"
"2855","Ponto dos Volantes","Minas Gerais",10883,2752,"Menor porte",5,18.17,"Cluster 2",16.92,5,"Cluster 2 - Menor porte","Menor porte (<20 mil)"
"2856","Porteirinha","Minas Gerais",37438,23621,"Médio porte",2,0.85,"Cluster 3",4.29,10,"Cluster 3 - Médio porte","Médio porte (>20 mil e <100 mil)"
"2857","Porto Firme","Minas Gerais",10569,4802,"Menor porte",0,0,"Cluster 2",16.92,8,"Cluster 2 - Menor porte","Menor porte (<20 mil)"
"2858","Poté","Minas Gerais",13666,5489,"Menor porte",1,1.82,"Cluster 2",16.92,9,"Cluster 2 - Menor porte","Menor porte (<20 mil)"
"2859","Pouso Alegre","Minas Gerais",152217,102242,"Maior porte",38,3.72,"Cluster 2",3.54,36,"Cluster 2 - Maior porte","Maior porte (>100 mil)"
"2860","Pouso Alto","Minas Gerais",6566,3328,"Menor porte",2,6.01,"Cluster 1",8.51,3,"Cluster 1 - Menor porte","Menor porte (<20 mil)"
"2861","Prados","Minas Gerais",9048,5960,"Menor porte",1,1.68,"Cluster 3",8.89,5,"Cluster 3 - Menor porte","Menor porte (<20 mil)"
"2862","Prata","Minas Gerais",28342,17297,"Médio porte",2,1.16,"Cluster 1",2.7,5,"Cluster 1 - Médio porte","Médio porte (>20 mil e <100 mil)"
"2863","Pratápolis","Minas Gerais",8406,6892,"Menor porte",2,2.9,"Cluster 1",8.51,6,"Cluster 1 - Menor porte","Menor porte (<20 mil)"
"2864","Pratinha","Minas Gerais",3559,2595,"Menor porte",0,0,"Cluster 1",8.51,2,"Cluster 1 - Menor porte","Menor porte (<20 mil)"
"2865","Presidente Bernardes","Minas Gerais",4850,2602,"Menor porte",0,0,"Cluster 3",8.89,2,"Cluster 3 - Menor porte","Menor porte (<20 mil)"
"2866","Presidente Juscelino","Minas Gerais",3465,1302,"Menor porte",1,7.68,"Cluster 2",16.92,2,"Cluster 2 - Menor porte","Menor porte (<20 mil)"
"2867","Presidente Kubitschek","Minas Gerais",3071,1245,"Menor porte",1,8.03,"Cluster 2",16.92,2,"Cluster 2 - Menor porte","Menor porte (<20 mil)"
"2868","Presidente Olegário","Minas Gerais",18765,11120,"Menor porte",8,7.19,"Cluster 3",8.89,10,"Cluster 3 - Menor porte","Menor porte (<20 mil)"
"2869","Prudente de Morais","Minas Gerais",11466,5807,"Menor porte",1,1.72,"Cluster 3",8.89,5,"Cluster 3 - Menor porte","Menor porte (<20 mil)"
"2870","Quartel Geral","Minas Gerais",3179,1437,"Menor porte",0,0,"Cluster 3",8.89,1,"Cluster 3 - Menor porte","Menor porte (<20 mil)"
"2871","Queluzito","Minas Gerais",1770,963,"Menor porte",0,0,"Cluster 3",8.89,1,"Cluster 3 - Menor porte","Menor porte (<20 mil)"
"2872","Raposos","Minas Gerais",16279,8598,"Menor porte",2,2.33,"Cluster 3",8.89,8,"Cluster 3 - Menor porte","Menor porte (<20 mil)"
"2873","Raul Soares","Minas Gerais",23423,13245,"Médio porte",0,0,"Cluster 3",4.29,6,"Cluster 3 - Médio porte","Médio porte (>20 mil e <100 mil)"
"2874","Recreio","Minas Gerais",11007,4126,"Menor porte",0,0,"Cluster 3",8.89,4,"Cluster 3 - Menor porte","Menor porte (<20 mil)"
"2875","Reduto","Minas Gerais",7848,3825,"Menor porte",2,5.23,"Cluster 3",8.89,3,"Cluster 3 - Menor porte","Menor porte (<20 mil)"
"2876","Resende Costa","Minas Gerais",11230,7956,"Menor porte",0,0,"Cluster 3",8.89,7,"Cluster 3 - Menor porte","Menor porte (<20 mil)"
"2877","Resplendor","Minas Gerais",17226,9534,"Menor porte",2,2.1,"Cluster 3",8.89,8,"Cluster 3 - Menor porte","Menor porte (<20 mil)"
"2878","Ressaquinha","Minas Gerais",4548,2924,"Menor porte",0,0,"Cluster 1",8.51,2,"Cluster 1 - Menor porte","Menor porte (<20 mil)"
"2879","Riachinho","Minas Gerais",6863,2798,"Menor porte",0,0,"Cluster 2",16.92,5,"Cluster 2 - Menor porte","Menor porte (<20 mil)"
"2880","Riacho dos Machados","Minas Gerais",8756,3626,"Menor porte",0,0,"Cluster 3",8.89,3,"Cluster 3 - Menor porte","Menor porte (<20 mil)"
"2881","Ribeirão das Neves","Minas Gerais",329794,126673,"Maior porte",53,4.18,"Cluster 3",3.72,47,"Cluster 3 - Maior porte","Maior porte (>100 mil)"
"2882","Ribeirão Vermelho","Minas Gerais",4080,1479,"Menor porte",0,0,"Cluster 3",8.89,1,"Cluster 3 - Menor porte","Menor porte (<20 mil)"
"2883","Rio Acima","Minas Gerais",10261,5324,"Menor porte",0,0,"Cluster 3",8.89,5,"Cluster 3 - Menor porte","Menor porte (<20 mil)"
"2884","Rio Casca","Minas Gerais",12789,5712,"Menor porte",2,3.5,"Cluster 3",8.89,5,"Cluster 3 - Menor porte","Menor porte (<20 mil)"
"2885","Rio do Prado","Minas Gerais",4639,1250,"Menor porte",0,0,"Cluster 2",16.92,2,"Cluster 2 - Menor porte","Menor porte (<20 mil)"
"2886","Rio Doce","Minas Gerais",2484,1385,"Menor porte",1,7.22,"Cluster 3",8.89,1,"Cluster 3 - Menor porte","Menor porte (<20 mil)"
"2887","Rio Espera","Minas Gerais",5429,2892,"Menor porte",0,0,"Cluster 3",8.89,3,"Cluster 3 - Menor porte","Menor porte (<20 mil)"
"2888","Rio Manso","Minas Gerais",5568,3460,"Menor porte",0,0,"Cluster 3",8.89,3,"Cluster 3 - Menor porte","Menor porte (<20 mil)"
"2889","Rio Novo","Minas Gerais",8518,4447,"Menor porte",0,0,"Cluster 3",8.89,4,"Cluster 3 - Menor porte","Menor porte (<20 mil)"
"2890","Rio Paranaíba","Minas Gerais",14532,9862,"Menor porte",4,4.06,"Cluster 1",8.51,8,"Cluster 1 - Menor porte","Menor porte (<20 mil)"
"2891","Rio Pardo de Minas","Minas Gerais",28271,13653,"Médio porte",0,0,"Cluster 3",4.29,6,"Cluster 3 - Médio porte","Médio porte (>20 mil e <100 mil)"
"2892","Rio Piracicaba","Minas Gerais",14631,6875,"Menor porte",1,1.45,"Cluster 3",8.89,6,"Cluster 3 - Menor porte","Menor porte (<20 mil)"
"2893","Rio Pomba","Minas Gerais",17443,10827,"Menor porte",3,2.77,"Cluster 3",8.89,10,"Cluster 3 - Menor porte","Menor porte (<20 mil)"
"2894","Rio Preto","Minas Gerais",5141,7124,"Menor porte",0,0,"Cluster 1",8.51,6,"Cluster 1 - Menor porte","Menor porte (<20 mil)"
"2895","Rio Vermelho","Minas Gerais",12641,4841,"Menor porte",0,0,"Cluster 2",16.92,8,"Cluster 2 - Menor porte","Menor porte (<20 mil)"
"2896","Ritápolis","Minas Gerais",4994,2189,"Menor porte",0,0,"Cluster 3",8.89,2,"Cluster 3 - Menor porte","Menor porte (<20 mil)"
"2897","Rochedo de Minas","Minas Gerais",2291,1074,"Menor porte",2,18.62,"Cluster 3",8.89,1,"Cluster 3 - Menor porte","Menor porte (<20 mil)"
"2898","Rodeiro","Minas Gerais",8664,4901,"Menor porte",0,0,"Cluster 3",8.89,4,"Cluster 3 - Menor porte","Menor porte (<20 mil)"
"2899","Romaria","Minas Gerais",3386,1862,"Menor porte",0,0,"Cluster 3",8.89,2,"Cluster 3 - Menor porte","Menor porte (<20 mil)"
"2900","Rosário da Limeira","Minas Gerais",4734,2858,"Menor porte",0,0,"Cluster 3",8.89,3,"Cluster 3 - Menor porte","Menor porte (<20 mil)"
"2901","Rubelita","Minas Gerais",5679,1237,"Menor porte",5,40.42,"Cluster 2",16.92,2,"Cluster 2 - Menor porte","Menor porte (<20 mil)"
"2902","Rubim","Minas Gerais",10298,2579,"Menor porte",0,0,"Cluster 2",16.92,4,"Cluster 2 - Menor porte","Menor porte (<20 mil)"
"2903","Sabará","Minas Gerais",129380,58367,"Maior porte",11,1.88,"Cluster 1",3.23,19,"Cluster 1 - Maior porte","Maior porte (>100 mil)"
"2904","Sabinópolis","Minas Gerais",14240,7203,"Menor porte",0,0,"Cluster 3",8.89,6,"Cluster 3 - Menor porte","Menor porte (<20 mil)"
"2905","Sacramento","Minas Gerais",26670,19377,"Médio porte",0,0,"Cluster 1",2.7,5,"Cluster 1 - Médio porte","Médio porte (>20 mil e <100 mil)"
"2906","Salinas","Minas Gerais",40178,22586,"Médio porte",9,3.98,"Cluster 3",4.29,10,"Cluster 3 - Médio porte","Médio porte (>20 mil e <100 mil)"
"2907","Salto da Divisa","Minas Gerais",6110,802,"Menor porte",0,0,"Cluster 2",16.92,1,"Cluster 2 - Menor porte","Menor porte (<20 mil)"
"2908","Santa Bárbara","Minas Gerais",30466,16579,"Médio porte",4,2.41,"Cluster 3",4.29,7,"Cluster 3 - Médio porte","Médio porte (>20 mil e <100 mil)"
"2909","Santa Bárbara do Leste","Minas Gerais",8458,5390,"Menor porte",4,7.42,"Cluster 3",8.89,5,"Cluster 3 - Menor porte","Menor porte (<20 mil)"
"2910","Santa Bárbara do Monte Verde","Minas Gerais",3095,4134,"Menor porte",0,0,"Cluster 1",8.51,4,"Cluster 1 - Menor porte","Menor porte (<20 mil)"
"2911","Santa Bárbara do Tugúrio","Minas Gerais",4208,2356,"Menor porte",0,0,"Cluster 3",8.89,2,"Cluster 3 - Menor porte","Menor porte (<20 mil)"
"2912","Santa Cruz de Minas","Minas Gerais",8109,4418,"Menor porte",0,0,"Cluster 3",8.89,4,"Cluster 3 - Menor porte","Menor porte (<20 mil)"
"2913","Santa Cruz de Salinas","Minas Gerais",3910,1323,"Menor porte",0,0,"Cluster 2",16.92,2,"Cluster 2 - Menor porte","Menor porte (<20 mil)"
"2914","Santa Cruz do Escalvado","Minas Gerais",4673,2417,"Menor porte",0,0,"Cluster 3",8.89,2,"Cluster 3 - Menor porte","Menor porte (<20 mil)"
"2915","Santa Efigênia de Minas","Minas Gerais",4039,2256,"Menor porte",0,0,"Cluster 3",8.89,2,"Cluster 3 - Menor porte","Menor porte (<20 mil)"
"2916","Santa Fé de Minas","Minas Gerais",3522,582,"Menor porte",0,0,"Cluster 2",16.92,1,"Cluster 2 - Menor porte","Menor porte (<20 mil)"
"2917","Santa Helena de Minas","Minas Gerais",5938,1440,"Menor porte",0,0,"Cluster 2",16.92,2,"Cluster 2 - Menor porte","Menor porte (<20 mil)"
"2918","Santa Juliana","Minas Gerais",15734,10349,"Menor porte",0,0,"Cluster 1",8.51,9,"Cluster 1 - Menor porte","Menor porte (<20 mil)"
"2919","Santa Luzia","Minas Gerais",219132,94468,"Maior porte",36,3.81,"Cluster 3",3.72,35,"Cluster 3 - Maior porte","Maior porte (>100 mil)"
"2920","Santa Margarida","Minas Gerais",16395,10806,"Menor porte",0,0,"Cluster 3",8.89,10,"Cluster 3 - Menor porte","Menor porte (<20 mil)"
"2921","Santa Maria de Itabira","Minas Gerais",10485,5335,"Menor porte",5,9.37,"Cluster 3",8.89,5,"Cluster 3 - Menor porte","Menor porte (<20 mil)"
"2922","Santa Maria do Salto","Minas Gerais",4755,1137,"Menor porte",0,0,"Cluster 2",16.92,2,"Cluster 2 - Menor porte","Menor porte (<20 mil)"
"2923","Santa Maria do Suaçuí","Minas Gerais",12788,5364,"Menor porte",0,0,"Cluster 2",16.92,9,"Cluster 2 - Menor porte","Menor porte (<20 mil)"
"2924","Santa Rita de Caldas","Minas Gerais",8460,7169,"Menor porte",0,0,"Cluster 1",8.51,6,"Cluster 1 - Menor porte","Menor porte (<20 mil)"
"2925","Santa Rita de Ibitipoca","Minas Gerais",3301,1383,"Menor porte",0,0,"Cluster 3",8.89,1,"Cluster 3 - Menor porte","Menor porte (<20 mil)"
"2926","Santa Rita de Jacutinga","Minas Gerais",4755,2886,"Menor porte",0,0,"Cluster 3",8.89,3,"Cluster 3 - Menor porte","Menor porte (<20 mil)"
"2927","Santa Rita de Minas","Minas Gerais",6773,3302,"Menor porte",2,6.06,"Cluster 2",16.92,6,"Cluster 2 - Menor porte","Menor porte (<20 mil)"
"2928","Santa Rita do Itueto","Minas Gerais",5826,6543,"Menor porte",0,0,"Cluster 3",8.89,6,"Cluster 3 - Menor porte","Menor porte (<20 mil)"
"2929","Santa Rita do Sapucaí","Minas Gerais",40635,23952,"Médio porte",0,0,"Cluster 1",2.7,6,"Cluster 1 - Médio porte","Médio porte (>20 mil e <100 mil)"
"2930","Santa Rosa da Serra","Minas Gerais",3382,2272,"Menor porte",0,0,"Cluster 3",8.89,2,"Cluster 3 - Menor porte","Menor porte (<20 mil)"
"2931","Santa Vitória","Minas Gerais",20973,13509,"Menor porte",2,1.48,"Cluster 1",8.51,11,"Cluster 1 - Menor porte","Menor porte (<20 mil)"
"2932","Santana da Vargem","Minas Gerais",6691,4068,"Menor porte",1,2.46,"Cluster 3",8.89,4,"Cluster 3 - Menor porte","Menor porte (<20 mil)"
"2933","Santana de Cataguases","Minas Gerais",3489,1684,"Menor porte",0,0,"Cluster 3",8.89,1,"Cluster 3 - Menor porte","Menor porte (<20 mil)"
"2934","Santana de Pirapama","Minas Gerais",7030,2765,"Menor porte",0,0,"Cluster 2",16.92,5,"Cluster 2 - Menor porte","Menor porte (<20 mil)"
"2935","Santana do Deserto","Minas Gerais",3747,1843,"Menor porte",0,0,"Cluster 3",8.89,2,"Cluster 3 - Menor porte","Menor porte (<20 mil)"
"2936","Santana do Garambéu","Minas Gerais",2137,965,"Menor porte",0,0,"Cluster 3",8.89,1,"Cluster 3 - Menor porte","Menor porte (<20 mil)"
"2937","Santana do Jacaré","Minas Gerais",4214,2038,"Menor porte",0,0,"Cluster 3",8.89,2,"Cluster 3 - Menor porte","Menor porte (<20 mil)"
"2938","Santana do Manhuaçu","Minas Gerais",8987,5245,"Menor porte",1,1.91,"Cluster 3",8.89,5,"Cluster 3 - Menor porte","Menor porte (<20 mil)"
"2939","Santana do Paraíso","Minas Gerais",44800,13408,"Médio porte",4,2.98,"Cluster 3",4.29,6,"Cluster 3 - Médio porte","Médio porte (>20 mil e <100 mil)"
"2940","Santana do Riacho","Minas Gerais",5313,1962,"Menor porte",1,5.1,"Cluster 3",8.89,2,"Cluster 3 - Menor porte","Menor porte (<20 mil)"
"2941","Santana dos Montes","Minas Gerais",3469,1500,"Menor porte",0,0,"Cluster 3",8.89,1,"Cluster 3 - Menor porte","Menor porte (<20 mil)"
"2942","Santo Antônio do Amparo","Minas Gerais",17285,8331,"Menor porte",4,4.8,"Cluster 3",8.89,7,"Cluster 3 - Menor porte","Menor porte (<20 mil)"
"2943","Santo Antônio do Aventureiro","Minas Gerais",3769,2015,"Menor porte",0,0,"Cluster 3",8.89,2,"Cluster 3 - Menor porte","Menor porte (<20 mil)"
"2944","Santo Antônio do Grama","Minas Gerais",4229,1620,"Menor porte",0,0,"Cluster 3",8.89,1,"Cluster 3 - Menor porte","Menor porte (<20 mil)"
"2945","Santo Antônio do Itambé","Minas Gerais",3915,1418,"Menor porte",0,0,"Cluster 2",16.92,2,"Cluster 2 - Menor porte","Menor porte (<20 mil)"
"2946","Santo Antônio do Jacinto","Minas Gerais",10327,4070,"Menor porte",0,0,"Cluster 2",16.92,7,"Cluster 2 - Menor porte","Menor porte (<20 mil)"
"2947","Santo Antônio do Monte","Minas Gerais",27295,20696,"Médio porte",2,0.97,"Cluster 1",2.7,6,"Cluster 1 - Médio porte","Médio porte (>20 mil e <100 mil)"
"2948","Santo Antônio do Retiro","Minas Gerais",6629,2980,"Menor porte",1,3.36,"Cluster 2",16.92,5,"Cluster 2 - Menor porte","Menor porte (<20 mil)"
"2949","Santo Antônio do Rio Abaixo","Minas Gerais",1808,683,"Menor porte",0,0,"Cluster 3",8.89,1,"Cluster 3 - Menor porte","Menor porte (<20 mil)"
"2950","Santo Hipólito","Minas Gerais",2717,957,"Menor porte",0,0,"Cluster 2",16.92,2,"Cluster 2 - Menor porte","Menor porte (<20 mil)"
"2951","Santos Dumont","Minas Gerais",42406,21151,"Médio porte",7,3.31,"Cluster 1",2.7,6,"Cluster 1 - Médio porte","Médio porte (>20 mil e <100 mil)"
"2952","São Bento Abade","Minas Gerais",4713,2003,"Menor porte",0,0,"Cluster 3",8.89,2,"Cluster 3 - Menor porte","Menor porte (<20 mil)"
"2953","São Brás do Suaçuí","Minas Gerais",3989,2379,"Menor porte",1,4.2,"Cluster 3",8.89,2,"Cluster 3 - Menor porte","Menor porte (<20 mil)"
"2954","São Domingos das Dores","Minas Gerais",5626,3917,"Menor porte",1,2.55,"Cluster 3",8.89,3,"Cluster 3 - Menor porte","Menor porte (<20 mil)"
"2955","São Domingos do Prata","Minas Gerais",17392,9207,"Menor porte",1,1.09,"Cluster 3",8.89,8,"Cluster 3 - Menor porte","Menor porte (<20 mil)"
"2956","São Félix de Minas","Minas Gerais",3200,1618,"Menor porte",0,0,"Cluster 3",8.89,1,"Cluster 3 - Menor porte","Menor porte (<20 mil)"
"2957","São Francisco","Minas Gerais",52762,19981,"Médio porte",1,0.5,"Cluster 3",4.29,9,"Cluster 3 - Médio porte","Médio porte (>20 mil e <100 mil)"
"2958","São Francisco de Paula","Minas Gerais",6187,3840,"Menor porte",0,0,"Cluster 3",8.89,3,"Cluster 3 - Menor porte","Menor porte (<20 mil)"
"2959","São Francisco de Sales","Minas Gerais",5732,3240,"Menor porte",0,0,"Cluster 3",8.89,3,"Cluster 3 - Menor porte","Menor porte (<20 mil)"
"2960","São Francisco do Glória","Minas Gerais",4800,2347,"Menor porte",0,0,"Cluster 3",8.89,2,"Cluster 3 - Menor porte","Menor porte (<20 mil)"
"2961","São Geraldo","Minas Gerais",10282,4602,"Menor porte",0,0,"Cluster 3",8.89,4,"Cluster 3 - Menor porte","Menor porte (<20 mil)"
"2962","São Geraldo da Piedade","Minas Gerais",3305,1918,"Menor porte",0,0,"Cluster 2",16.92,3,"Cluster 2 - Menor porte","Menor porte (<20 mil)"
"2963","São Geraldo do Baixio","Minas Gerais",3143,1015,"Menor porte",0,0,"Cluster 2",16.92,2,"Cluster 2 - Menor porte","Menor porte (<20 mil)"
"2964","São Gonçalo do Abaeté","Minas Gerais",7375,3122,"Menor porte",0,0,"Cluster 3",8.89,3,"Cluster 3 - Menor porte","Menor porte (<20 mil)"
"2965","São Gonçalo do Pará","Minas Gerais",11770,8773,"Menor porte",2,2.28,"Cluster 3",8.89,8,"Cluster 3 - Menor porte","Menor porte (<20 mil)"
"2966","São Gonçalo do Rio Abaixo","Minas Gerais",11850,6475,"Menor porte",4,6.18,"Cluster 1",8.51,6,"Cluster 1 - Menor porte","Menor porte (<20 mil)"
"2967","São Gonçalo do Rio Preto","Minas Gerais",3032,1369,"Menor porte",0,0,"Cluster 3",8.89,1,"Cluster 3 - Menor porte","Menor porte (<20 mil)"
"2968","São Gonçalo do Sapucaí","Minas Gerais",23959,14317,"Médio porte",0,0,"Cluster 1",2.7,4,"Cluster 1 - Médio porte","Médio porte (>20 mil e <100 mil)"
"2969","São Gotardo","Minas Gerais",40910,28977,"Médio porte",4,1.38,"Cluster 1",2.7,8,"Cluster 1 - Médio porte","Médio porte (>20 mil e <100 mil)"
"2970","São João Batista do Glória","Minas Gerais",7652,5202,"Menor porte",0,0,"Cluster 1",8.51,4,"Cluster 1 - Menor porte","Menor porte (<20 mil)"
"2971","São João da Lagoa","Minas Gerais",4822,1433,"Menor porte",2,13.96,"Cluster 2",16.92,2,"Cluster 2 - Menor porte","Menor porte (<20 mil)"
"2972","São João da Mata","Minas Gerais",2914,2080,"Menor porte",1,4.81,"Cluster 3",8.89,2,"Cluster 3 - Menor porte","Menor porte (<20 mil)"
"2973","São João da Ponte","Minas Gerais",23930,7943,"Médio porte",0,0,"Cluster 2",5.66,4,"Cluster 2 - Médio porte","Médio porte (>20 mil e <100 mil)"
"2974","São João das Missões","Minas Gerais",13024,2398,"Menor porte",0,0,"Cluster 2",16.92,4,"Cluster 2 - Menor porte","Menor porte (<20 mil)"
"2975","São João del Rei","Minas Gerais",90225,59303,"Médio porte",10,1.69,"Cluster 1",2.7,16,"Cluster 1 - Médio porte","Médio porte (>20 mil e <100 mil)"
"2976","São João do Manhuaçu","Minas Gerais",11246,6995,"Menor porte",1,1.43,"Cluster 3",8.89,6,"Cluster 3 - Menor porte","Menor porte (<20 mil)"
"2977","São João do Manteninha","Minas Gerais",5331,3684,"Menor porte",1,2.71,"Cluster 3",8.89,3,"Cluster 3 - Menor porte","Menor porte (<20 mil)"
"2978","São João do Oriente","Minas Gerais",7070,3583,"Menor porte",0,0,"Cluster 3",8.89,3,"Cluster 3 - Menor porte","Menor porte (<20 mil)"
"2979","São João do Pacuí","Minas Gerais",3972,1040,"Menor porte",0,0,"Cluster 2",16.92,2,"Cluster 2 - Menor porte","Menor porte (<20 mil)"
"2980","São João do Paraíso","Minas Gerais",23910,11255,"Médio porte",1,0.89,"Cluster 3",4.29,5,"Cluster 3 - Médio porte","Médio porte (>20 mil e <100 mil)"
"2981","São João Evangelista","Minas Gerais",15315,8348,"Menor porte",3,3.59,"Cluster 3",8.89,7,"Cluster 3 - Menor porte","Menor porte (<20 mil)"
"2982","São João Nepomuceno","Minas Gerais",25565,14794,"Médio porte",1,0.68,"Cluster 3",4.29,6,"Cluster 3 - Médio porte","Médio porte (>20 mil e <100 mil)"
"2983","São Joaquim de Bicas","Minas Gerais",34348,15929,"Médio porte",0,0,"Cluster 3",4.29,7,"Cluster 3 - Médio porte","Médio porte (>20 mil e <100 mil)"
"2984","São José da Barra","Minas Gerais",7793,4112,"Menor porte",0,0,"Cluster 1",8.51,3,"Cluster 1 - Menor porte","Menor porte (<20 mil)"
"2985","São José da Lapa","Minas Gerais",26315,20812,"Médio porte",2,0.96,"Cluster 1",2.7,6,"Cluster 1 - Médio porte","Médio porte (>20 mil e <100 mil)"
"2986","São José da Safira","Minas Gerais",3806,1067,"Menor porte",0,0,"Cluster 2",16.92,2,"Cluster 2 - Menor porte","Menor porte (<20 mil)"
"2987","São José da Varginha","Minas Gerais",4536,2282,"Menor porte",0,0,"Cluster 3",8.89,2,"Cluster 3 - Menor porte","Menor porte (<20 mil)"
"2988","São José do Alegre","Minas Gerais",4133,1966,"Menor porte",0,0,"Cluster 3",8.89,2,"Cluster 3 - Menor porte","Menor porte (<20 mil)"
"2989","São José do Divino","Minas Gerais",3464,920,"Menor porte",0,0,"Cluster 3",8.89,1,"Cluster 3 - Menor porte","Menor porte (<20 mil)"
"2990","São José do Goiabal","Minas Gerais",5396,2562,"Menor porte",0,0,"Cluster 3",8.89,2,"Cluster 3 - Menor porte","Menor porte (<20 mil)"
"2991","São José do Jacuri","Minas Gerais",6197,2671,"Menor porte",0,0,"Cluster 2",16.92,5,"Cluster 2 - Menor porte","Menor porte (<20 mil)"
"2992","São José do Mantimento","Minas Gerais",2753,1722,"Menor porte",0,0,"Cluster 3",8.89,2,"Cluster 3 - Menor porte","Menor porte (<20 mil)"
"2993","São Lourenço","Minas Gerais",44798,29258,"Médio porte",0,0,"Cluster 1",2.7,8,"Cluster 1 - Médio porte","Médio porte (>20 mil e <100 mil)"
"2994","São Miguel do Anta","Minas Gerais",6334,3533,"Menor porte",0,0,"Cluster 3",8.89,3,"Cluster 3 - Menor porte","Menor porte (<20 mil)"
"2995","São Pedro da União","Minas Gerais",4885,4017,"Menor porte",0,0,"Cluster 1",8.51,3,"Cluster 1 - Menor porte","Menor porte (<20 mil)"
"2996","São Pedro do Suaçuí","Minas Gerais",5103,2006,"Menor porte",3,14.96,"Cluster 2",16.92,3,"Cluster 2 - Menor porte","Menor porte (<20 mil)"
"2997","São Pedro dos Ferros","Minas Gerais",7166,2747,"Menor porte",0,0,"Cluster 3",8.89,2,"Cluster 3 - Menor porte","Menor porte (<20 mil)"
"2998","São Romão","Minas Gerais",10315,2891,"Menor porte",0,0,"Cluster 2",16.92,5,"Cluster 2 - Menor porte","Menor porte (<20 mil)"
"2999","São Roque de Minas","Minas Gerais",7129,6064,"Menor porte",0,0,"Cluster 1",8.51,5,"Cluster 1 - Menor porte","Menor porte (<20 mil)"
"3000","São Sebastião da Bela Vista","Minas Gerais",6387,2685,"Menor porte",0,0,"Cluster 1",8.51,2,"Cluster 1 - Menor porte","Menor porte (<20 mil)"
"3001","São Sebastião da Vargem Alegre","Minas Gerais",3113,1824,"Menor porte",0,0,"Cluster 3",8.89,2,"Cluster 3 - Menor porte","Menor porte (<20 mil)"
"3002","São Sebastião do Anta","Minas Gerais",6194,3533,"Menor porte",0,0,"Cluster 3",8.89,3,"Cluster 3 - Menor porte","Menor porte (<20 mil)"
"3003","São Sebastião do Maranhão","Minas Gerais",10079,3424,"Menor porte",0,0,"Cluster 2",16.92,6,"Cluster 2 - Menor porte","Menor porte (<20 mil)"
"3004","São Sebastião do Oeste","Minas Gerais",8815,3794,"Menor porte",4,10.54,"Cluster 3",8.89,3,"Cluster 3 - Menor porte","Menor porte (<20 mil)"
"3005","São Sebastião do Paraíso","Minas Gerais",71796,54352,"Médio porte",14,2.58,"Cluster 1",2.7,15,"Cluster 1 - Médio porte","Médio porte (>20 mil e <100 mil)"
"3006","São Sebastião do Rio Preto","Minas Gerais",1259,521,"Menor porte",0,0,"Cluster 2",16.92,1,"Cluster 2 - Menor porte","Menor porte (<20 mil)"
"3007","São Sebastião do Rio Verde","Minas Gerais",2300,1049,"Menor porte",0,0,"Cluster 3",8.89,1,"Cluster 3 - Menor porte","Menor porte (<20 mil)"
"3008","São Thomé das Letras","Minas Gerais",NA,2442,"Menor porte",1,4.1,"Cluster 3",8.89,2,"Cluster 3 - Menor porte","Menor porte (<20 mil)"
"3009","São Tiago","Minas Gerais",11192,6705,"Menor porte",0,0,"Cluster 3",8.89,6,"Cluster 3 - Menor porte","Menor porte (<20 mil)"
"3010","São Tomás de Aquino","Minas Gerais",6740,3944,"Menor porte",0,0,"Cluster 3",8.89,4,"Cluster 3 - Menor porte","Menor porte (<20 mil)"
"3011","São Vicente de Minas","Minas Gerais",6804,3393,"Menor porte",0,0,"Cluster 3",8.89,3,"Cluster 3 - Menor porte","Menor porte (<20 mil)"
"3012","Sapucaí-Mirim","Minas Gerais",6311,4217,"Menor porte",1,2.37,"Cluster 3",8.89,4,"Cluster 3 - Menor porte","Menor porte (<20 mil)"
"3013","Sardoá","Minas Gerais",5104,3785,"Menor porte",0,0,"Cluster 3",8.89,3,"Cluster 3 - Menor porte","Menor porte (<20 mil)"
"3014","Sarzedo","Minas Gerais",36844,23644,"Médio porte",1,0.42,"Cluster 1",2.7,6,"Cluster 1 - Médio porte","Médio porte (>20 mil e <100 mil)"
"3015","Sem-Peixe","Minas Gerais",2433,1167,"Menor porte",0,0,"Cluster 3",8.89,1,"Cluster 3 - Menor porte","Menor porte (<20 mil)"
"3016","Senador Amaral","Minas Gerais",6206,4481,"Menor porte",0,0,"Cluster 3",8.89,4,"Cluster 3 - Menor porte","Menor porte (<20 mil)"
"3017","Senador Cortes","Minas Gerais",2240,992,"Menor porte",0,0,"Cluster 3",8.89,1,"Cluster 3 - Menor porte","Menor porte (<20 mil)"
"3018","Senador Firmino","Minas Gerais",7716,6576,"Menor porte",0,0,"Cluster 3",8.89,6,"Cluster 3 - Menor porte","Menor porte (<20 mil)"
"3019","Senador José Bento","Minas Gerais",2068,637,"Menor porte",0,0,"Cluster 3",8.89,1,"Cluster 3 - Menor porte","Menor porte (<20 mil)"
"3020","Senador Modestino Gonçalves","Minas Gerais",4008,1490,"Menor porte",0,0,"Cluster 2",16.92,3,"Cluster 2 - Menor porte","Menor porte (<20 mil)"
"3021","Senhora de Oliveira","Minas Gerais",5483,3176,"Menor porte",0,0,"Cluster 3",8.89,3,"Cluster 3 - Menor porte","Menor porte (<20 mil)"
"3022","Senhora do Porto","Minas Gerais",3067,1323,"Menor porte",3,22.68,"Cluster 2",16.92,2,"Cluster 2 - Menor porte","Menor porte (<20 mil)"
"3023","Senhora dos Remédios","Minas Gerais",10384,5880,"Menor porte",0,0,"Cluster 3",8.89,5,"Cluster 3 - Menor porte","Menor porte (<20 mil)"
"3024","Sericita","Minas Gerais",7345,5247,"Menor porte",0,0,"Cluster 3",8.89,5,"Cluster 3 - Menor porte","Menor porte (<20 mil)"
"3025","Seritinga","Minas Gerais",1819,952,"Menor porte",0,0,"Cluster 3",8.89,1,"Cluster 3 - Menor porte","Menor porte (<20 mil)"
"3026","Serra Azul de Minas","Minas Gerais",3792,1267,"Menor porte",0,0,"Cluster 2",16.92,2,"Cluster 2 - Menor porte","Menor porte (<20 mil)"
"3027","Serra da Saudade","Minas Gerais",833,438,"Menor porte",0,0,"Cluster 3",8.89,0,"Cluster 3 - Menor porte","Menor porte (<20 mil)"
"3028","Serra do Salitre","Minas Gerais",11801,7211,"Menor porte",5,6.93,"Cluster 3",8.89,6,"Cluster 3 - Menor porte","Menor porte (<20 mil)"
"3029","Serra dos Aimorés","Minas Gerais",6944,2283,"Menor porte",0,0,"Cluster 2",16.92,4,"Cluster 2 - Menor porte","Menor porte (<20 mil)"
"3030","Serrania","Minas Gerais",7621,3681,"Menor porte",0,0,"Cluster 3",8.89,3,"Cluster 3 - Menor porte","Menor porte (<20 mil)"
"3031","Serranópolis de Minas","Minas Gerais",4399,1555,"Menor porte",0,0,"Cluster 2",16.92,3,"Cluster 2 - Menor porte","Menor porte (<20 mil)"
"3032","Serranos","Minas Gerais",1990,1063,"Menor porte",0,0,"Cluster 3",8.89,1,"Cluster 3 - Menor porte","Menor porte (<20 mil)"
"3033","Serro","Minas Gerais",21952,8850,"Médio porte",1,1.13,"Cluster 3",4.29,4,"Cluster 3 - Médio porte","Médio porte (>20 mil e <100 mil)"
"3034","Sete Lagoas","Minas Gerais",227397,150274,"Maior porte",49,3.26,"Cluster 1",3.23,49,"Cluster 1 - Maior porte","Maior porte (>100 mil)"
"3035","Setubinha","Minas Gerais",9917,2176,"Menor porte",0,0,"Cluster 2",16.92,4,"Cluster 2 - Menor porte","Menor porte (<20 mil)"
"3036","Silveirânia","Minas Gerais",2323,1123,"Menor porte",0,0,"Cluster 3",8.89,1,"Cluster 3 - Menor porte","Menor porte (<20 mil)"
"3037","Silvianópolis","Minas Gerais",6179,3266,"Menor porte",3,9.19,"Cluster 3",8.89,3,"Cluster 3 - Menor porte","Menor porte (<20 mil)"
"3038","Simão Pereira","Minas Gerais",2947,2033,"Menor porte",4,19.68,"Cluster 1",8.51,2,"Cluster 1 - Menor porte","Menor porte (<20 mil)"
"3039","Simonésia","Minas Gerais",19750,13059,"Menor porte",0,0,"Cluster 3",8.89,12,"Cluster 3 - Menor porte","Menor porte (<20 mil)"
"3040","Sobrália","Minas Gerais",5137,2430,"Menor porte",0,0,"Cluster 3",8.89,2,"Cluster 3 - Menor porte","Menor porte (<20 mil)"
"3041","Soledade de Minas","Minas Gerais",5613,2632,"Menor porte",1,3.8,"Cluster 3",8.89,2,"Cluster 3 - Menor porte","Menor porte (<20 mil)"
"3042","Tabuleiro","Minas Gerais",4014,2058,"Menor porte",3,14.58,"Cluster 3",8.89,2,"Cluster 3 - Menor porte","Menor porte (<20 mil)"
"3043","Taiobeiras","Minas Gerais",33050,27849,"Médio porte",2,0.72,"Cluster 1",2.7,8,"Cluster 1 - Médio porte","Médio porte (>20 mil e <100 mil)"
"3044","Taparuba","Minas Gerais",3387,1402,"Menor porte",0,0,"Cluster 3",8.89,1,"Cluster 3 - Menor porte","Menor porte (<20 mil)"
"3045","Tapira","Minas Gerais",4118,2683,"Menor porte",1,3.73,"Cluster 1",8.51,2,"Cluster 1 - Menor porte","Menor porte (<20 mil)"
"3046","Tapiraí","Minas Gerais",1690,744,"Menor porte",0,0,"Cluster 3",8.89,1,"Cluster 3 - Menor porte","Menor porte (<20 mil)"
"3047","Taquaraçu de Minas","Minas Gerais",4224,2434,"Menor porte",0,0,"Cluster 3",8.89,2,"Cluster 3 - Menor porte","Menor porte (<20 mil)"
"3048","Tarumirim","Minas Gerais",14709,6333,"Menor porte",0,0,"Cluster 3",8.89,6,"Cluster 3 - Menor porte","Menor porte (<20 mil)"
"3049","Teixeiras","Minas Gerais",12255,7950,"Menor porte",0,0,"Cluster 3",8.89,7,"Cluster 3 - Menor porte","Menor porte (<20 mil)"
"3050","Teófilo Otoni","Minas Gerais",137418,67213,"Maior porte",41,6.1,"Cluster 3",3.72,25,"Cluster 3 - Maior porte","Maior porte (>100 mil)"
"3051","Timóteo","Minas Gerais",81579,50371,"Médio porte",0,0,"Cluster 1",2.7,14,"Cluster 1 - Médio porte","Médio porte (>20 mil e <100 mil)"
"3052","Tiradentes","Minas Gerais",7744,5761,"Menor porte",2,3.47,"Cluster 1",8.51,5,"Cluster 1 - Menor porte","Menor porte (<20 mil)"
"3053","Tiros","Minas Gerais",7883,5424,"Menor porte",0,0,"Cluster 1",8.51,5,"Cluster 1 - Menor porte","Menor porte (<20 mil)"
"3054","Tocantins","Minas Gerais",16185,10391,"Menor porte",1,0.96,"Cluster 3",8.89,9,"Cluster 3 - Menor porte","Menor porte (<20 mil)"
"3055","Tocos do Moji","Minas Gerais",3826,2770,"Menor porte",0,0,"Cluster 3",8.89,2,"Cluster 3 - Menor porte","Menor porte (<20 mil)"
"3056","Toledo","Minas Gerais",7214,3682,"Menor porte",2,5.43,"Cluster 3",8.89,3,"Cluster 3 - Menor porte","Menor porte (<20 mil)"
"3057","Tombos","Minas Gerais",8609,4976,"Menor porte",0,0,"Cluster 1",8.51,4,"Cluster 1 - Menor porte","Menor porte (<20 mil)"
"3058","Três Corações","Minas Gerais",75485,37983,"Médio porte",1,0.26,"Cluster 1",2.7,10,"Cluster 1 - Médio porte","Médio porte (>20 mil e <100 mil)"
"3059","Três Marias","Minas Gerais",28895,18322,"Médio porte",0,0,"Cluster 1",2.7,5,"Cluster 1 - Médio porte","Médio porte (>20 mil e <100 mil)"
"3060","Três Pontas","Minas Gerais",55255,34212,"Médio porte",1,0.29,"Cluster 1",2.7,9,"Cluster 1 - Médio porte","Médio porte (>20 mil e <100 mil)"
"3061","Tumiritinga","Minas Gerais",5886,1637,"Menor porte",0,0,"Cluster 2",16.92,3,"Cluster 2 - Menor porte","Menor porte (<20 mil)"
"3062","Tupaciguara","Minas Gerais",25470,20199,"Médio porte",7,3.47,"Cluster 1",2.7,5,"Cluster 1 - Médio porte","Médio porte (>20 mil e <100 mil)"
"3063","Turmalina","Minas Gerais",20000,14495,"Médio porte",4,2.76,"Cluster 3",4.29,6,"Cluster 3 - Médio porte","Médio porte (>20 mil e <100 mil)"
"3064","Turvolândia","Minas Gerais",4935,3317,"Menor porte",0,0,"Cluster 3",8.89,3,"Cluster 3 - Menor porte","Menor porte (<20 mil)"
"3065","Ubá","Minas Gerais",103365,75643,"Maior porte",3,0.4,"Cluster 1",3.23,24,"Cluster 1 - Maior porte","Maior porte (>100 mil)"
"3066","Ubaí","Minas Gerais",11708,3233,"Menor porte",0,0,"Cluster 2",16.92,5,"Cluster 2 - Menor porte","Menor porte (<20 mil)"
"3067","Ubaporanga","Minas Gerais",13017,6602,"Menor porte",2,3.03,"Cluster 3",8.89,6,"Cluster 3 - Menor porte","Menor porte (<20 mil)"
"3068","Uberaba","Minas Gerais",337836,251684,"Maior porte",8,0.32,"Cluster 2",3.54,89,"Cluster 2 - Maior porte","Maior porte (>100 mil)"
"3069","Uberlândia","Minas Gerais",713224,520833,"Maior porte",119,2.28,"Cluster 2",3.54,184,"Cluster 2 - Maior porte","Maior porte (>100 mil)"
"3070","Umburatiba","Minas Gerais",2684,631,"Menor porte",0,0,"Cluster 2",16.92,1,"Cluster 2 - Menor porte","Menor porte (<20 mil)"
"3071","Unaí","Minas Gerais",86619,61909,"Médio porte",9,1.45,"Cluster 1",2.7,17,"Cluster 1 - Médio porte","Médio porte (>20 mil e <100 mil)"
"3072","União de Minas","Minas Gerais",3828,1939,"Menor porte",0,0,"Cluster 3",8.89,2,"Cluster 3 - Menor porte","Menor porte (<20 mil)"
"3073","Uruana de Minas","Minas Gerais",3282,1050,"Menor porte",0,0,"Cluster 3",8.89,1,"Cluster 3 - Menor porte","Menor porte (<20 mil)"
"3074","Urucânia","Minas Gerais",10600,4470,"Menor porte",1,2.24,"Cluster 3",8.89,4,"Cluster 3 - Menor porte","Menor porte (<20 mil)"
"3075","Urucuia","Minas Gerais",17479,2981,"Menor porte",0,0,"Cluster 2",16.92,5,"Cluster 2 - Menor porte","Menor porte (<20 mil)"
"3076","Vargem Alegre","Minas Gerais",5780,2820,"Menor porte",0,0,"Cluster 3",8.89,3,"Cluster 3 - Menor porte","Menor porte (<20 mil)"
"3077","Vargem Bonita","Minas Gerais",2158,1088,"Menor porte",0,0,"Cluster 3",8.89,1,"Cluster 3 - Menor porte","Menor porte (<20 mil)"
"3078","Vargem Grande do Rio Pardo","Minas Gerais",4633,2181,"Menor porte",0,0,"Cluster 3",8.89,2,"Cluster 3 - Menor porte","Menor porte (<20 mil)"
"3079","Varginha","Minas Gerais",136467,90771,"Maior porte",5,0.55,"Cluster 2",3.54,32,"Cluster 2 - Maior porte","Maior porte (>100 mil)"
"3080","Varjão de Minas","Minas Gerais",6969,4183,"Menor porte",0,0,"Cluster 3",8.89,4,"Cluster 3 - Menor porte","Menor porte (<20 mil)"
"3081","Várzea da Palma","Minas Gerais",33744,17869,"Médio porte",3,1.68,"Cluster 3",4.29,8,"Cluster 3 - Médio porte","Médio porte (>20 mil e <100 mil)"
"3082","Varzelândia","Minas Gerais",18840,7950,"Menor porte",0,0,"Cluster 2",16.92,13,"Cluster 2 - Menor porte","Menor porte (<20 mil)"
"3083","Vazante","Minas Gerais",19975,15137,"Médio porte",2,1.32,"Cluster 1",2.7,4,"Cluster 1 - Médio porte","Médio porte (>20 mil e <100 mil)"
"3084","Verdelândia","Minas Gerais",7672,1985,"Menor porte",1,5.04,"Cluster 2",16.92,3,"Cluster 2 - Menor porte","Menor porte (<20 mil)"
"3085","Veredinha","Minas Gerais",5181,3208,"Menor porte",0,0,"Cluster 3",8.89,3,"Cluster 3 - Menor porte","Menor porte (<20 mil)"
"3086","Veríssimo","Minas Gerais",3411,971,"Menor porte",0,0,"Cluster 3",8.89,1,"Cluster 3 - Menor porte","Menor porte (<20 mil)"
"3087","Vermelho Novo","Minas Gerais",4899,3399,"Menor porte",0,0,"Cluster 3",8.89,3,"Cluster 3 - Menor porte","Menor porte (<20 mil)"
"3088","Vespasiano","Minas Gerais",129021,52908,"Maior porte",25,4.73,"Cluster 3",3.72,20,"Cluster 3 - Maior porte","Maior porte (>100 mil)"
"3089","Viçosa","Minas Gerais",76430,51035,"Médio porte",5,0.98,"Cluster 1",2.7,14,"Cluster 1 - Médio porte","Médio porte (>20 mil e <100 mil)"
"3090","Vieiras","Minas Gerais",3700,2337,"Menor porte",0,0,"Cluster 3",8.89,2,"Cluster 3 - Menor porte","Menor porte (<20 mil)"
"3091","Virgem da Lapa","Minas Gerais",11804,4314,"Menor porte",1,2.32,"Cluster 2",16.92,7,"Cluster 2 - Menor porte","Menor porte (<20 mil)"
"3092","Virgínia","Minas Gerais",8908,5042,"Menor porte",0,0,"Cluster 3",8.89,4,"Cluster 3 - Menor porte","Menor porte (<20 mil)"
"3093","Virginópolis","Minas Gerais",10314,6085,"Menor porte",2,3.29,"Cluster 3",8.89,5,"Cluster 3 - Menor porte","Menor porte (<20 mil)"
"3094","Virgolândia","Minas Gerais",4552,1829,"Menor porte",0,0,"Cluster 2",16.92,3,"Cluster 2 - Menor porte","Menor porte (<20 mil)"
"3095","Visconde do Rio Branco","Minas Gerais",39160,29345,"Médio porte",0,0,"Cluster 1",2.7,8,"Cluster 1 - Médio porte","Médio porte (>20 mil e <100 mil)"
"3096","Volta Grande","Minas Gerais",4443,1858,"Menor porte",1,5.38,"Cluster 3",8.89,2,"Cluster 3 - Menor porte","Menor porte (<20 mil)"
"3097","Wenceslau Braz","Minas Gerais",2356,1075,"Menor porte",0,0,"Cluster 3",8.89,1,"Cluster 3 - Menor porte","Menor porte (<20 mil)"
"3098","Afonso Cláudio","Espírito Santo",30684,23854,"Médio porte",3,1.26,"Cluster 1",2.7,6,"Cluster 1 - Médio porte","Médio porte (>20 mil e <100 mil)"
"3099","Água Doce do Norte","Espírito Santo",12042,6855,"Menor porte",0,0,"Cluster 3",8.89,6,"Cluster 3 - Menor porte","Menor porte (<20 mil)"
"3100","Águia Branca","Espírito Santo",9711,6906,"Menor porte",5,7.24,"Cluster 3",8.89,6,"Cluster 3 - Menor porte","Menor porte (<20 mil)"
"3101","Alegre","Espírito Santo",29177,16085,"Médio porte",4,2.49,"Cluster 3",4.29,7,"Cluster 3 - Médio porte","Médio porte (>20 mil e <100 mil)"
"3102","Alfredo Chaves","Espírito Santo",13836,11689,"Menor porte",0,0,"Cluster 1",8.51,10,"Cluster 1 - Menor porte","Menor porte (<20 mil)"
"3103","Alto Rio Novo","Espírito Santo",7434,4313,"Menor porte",0,0,"Cluster 3",8.89,4,"Cluster 3 - Menor porte","Menor porte (<20 mil)"
"3104","Anchieta","Espírito Santo",29984,15723,"Médio porte",9,5.72,"Cluster 3",4.29,7,"Cluster 3 - Médio porte","Médio porte (>20 mil e <100 mil)"
"3105","Apiacá","Espírito Santo",7223,5364,"Menor porte",0,0,"Cluster 3",8.89,5,"Cluster 3 - Menor porte","Menor porte (<20 mil)"
"3106","Aracruz","Espírito Santo",94765,54857,"Maior porte",12,2.19,"Cluster 1",3.23,18,"Cluster 1 - Maior porte","Maior porte (>100 mil)"
"3107","Atílio Vivacqua","Espírito Santo",NA,6602,"Menor porte",0,0,"Cluster 3",8.89,6,"Cluster 3 - Menor porte","Menor porte (<20 mil)"
"3108","Baixo Guandu","Espírito Santo",30674,25012,"Médio porte",2,0.8,"Cluster 1",2.7,7,"Cluster 1 - Médio porte","Médio porte (>20 mil e <100 mil)"
"3109","Barra de São Francisco","Espírito Santo",42498,28779,"Médio porte",4,1.39,"Cluster 3",4.29,12,"Cluster 3 - Médio porte","Médio porte (>20 mil e <100 mil)"
"3110","Boa Esperança","Espírito Santo",13608,7969,"Menor porte",0,0,"Cluster 3",8.89,7,"Cluster 3 - Menor porte","Menor porte (<20 mil)"
"3111","Bom Jesus do Norte","Espírito Santo",10254,14977,"Menor porte",0,0,"Cluster 1",8.51,13,"Cluster 1 - Menor porte","Menor porte (<20 mil)"
"3112","Brejetuba","Espírito Santo",12985,9043,"Menor porte",1,1.11,"Cluster 3",8.89,8,"Cluster 3 - Menor porte","Menor porte (<20 mil)"
"3113","Cachoeiro de Itapemirim","Espírito Santo",185786,130667,"Maior porte",13,0.99,"Cluster 1",3.23,42,"Cluster 1 - Maior porte","Maior porte (>100 mil)"
"3114","Cariacica","Espírito Santo",353491,196274,"Maior porte",36,1.83,"Cluster 1",3.23,63,"Cluster 1 - Maior porte","Maior porte (>100 mil)"
"3115","Castelo","Espírito Santo",36930,30594,"Médio porte",3,0.98,"Cluster 1",2.7,8,"Cluster 1 - Médio porte","Médio porte (>20 mil e <100 mil)"
"3116","Colatina","Espírito Santo",120033,77576,"Maior porte",17,2.19,"Cluster 1",3.23,25,"Cluster 1 - Maior porte","Maior porte (>100 mil)"
"3117","Conceição da Barra","Espírito Santo",27458,10722,"Médio porte",7,6.53,"Cluster 3",4.29,5,"Cluster 3 - Médio porte","Médio porte (>20 mil e <100 mil)"
"3118","Conceição do Castelo","Espírito Santo",11937,9842,"Menor porte",0,0,"Cluster 3",8.89,9,"Cluster 3 - Menor porte","Menor porte (<20 mil)"
"3119","Divino de São Lourenço","Espírito Santo",5083,3015,"Menor porte",0,0,"Cluster 3",8.89,3,"Cluster 3 - Menor porte","Menor porte (<20 mil)"
"3120","Domingos Martins","Espírito Santo",35416,30399,"Médio porte",11,3.62,"Cluster 1",2.7,8,"Cluster 1 - Médio porte","Médio porte (>20 mil e <100 mil)"
"3121","Dores do Rio Preto","Espírito Santo",6596,6021,"Menor porte",0,0,"Cluster 3",8.89,5,"Cluster 3 - Menor porte","Menor porte (<20 mil)"
"3122","Ecoporanga","Espírito Santo",21992,11223,"Médio porte",2,1.78,"Cluster 3",4.29,5,"Cluster 3 - Médio porte","Médio porte (>20 mil e <100 mil)"
"3123","Fundão","Espírito Santo",18014,9439,"Médio porte",3,3.18,"Cluster 3",4.29,4,"Cluster 3 - Médio porte","Médio porte (>20 mil e <100 mil)"
"3124","Governador Lindenberg","Espírito Santo",11009,8274,"Menor porte",0,0,"Cluster 3",8.89,7,"Cluster 3 - Menor porte","Menor porte (<20 mil)"
"3125","Guaçuí","Espírito Santo",29358,22749,"Médio porte",1,0.44,"Cluster 1",2.7,6,"Cluster 1 - Médio porte","Médio porte (>20 mil e <100 mil)"
"3126","Guarapari","Espírito Santo",124656,86615,"Maior porte",15,1.73,"Cluster 1",3.23,28,"Cluster 1 - Maior porte","Maior porte (>100 mil)"
"3127","Ibatiba","Espírito Santo",25380,21148,"Médio porte",8,3.78,"Cluster 3",4.29,9,"Cluster 3 - Médio porte","Médio porte (>20 mil e <100 mil)"
"3128","Ibiraçu","Espírito Santo",11723,6953,"Menor porte",0,0,"Cluster 3",8.89,6,"Cluster 3 - Menor porte","Menor porte (<20 mil)"
"3129","Ibitirama","Espírito Santo",9520,6119,"Menor porte",0,0,"Cluster 3",8.89,5,"Cluster 3 - Menor porte","Menor porte (<20 mil)"
"3130","Iconha","Espírito Santo",12326,13572,"Menor porte",0,0,"Cluster 1",8.51,12,"Cluster 1 - Menor porte","Menor porte (<20 mil)"
"3131","Irupi","Espírito Santo",13710,10290,"Menor porte",0,0,"Cluster 3",8.89,9,"Cluster 3 - Menor porte","Menor porte (<20 mil)"
"3132","Itaguaçu","Espírito Santo",13589,8994,"Menor porte",0,0,"Cluster 3",8.89,8,"Cluster 3 - Menor porte","Menor porte (<20 mil)"
"3133","Itapemirim","Espírito Santo",39832,19728,"Médio porte",5,2.53,"Cluster 1",2.7,5,"Cluster 1 - Médio porte","Médio porte (>20 mil e <100 mil)"
"3134","Itarana","Espírito Santo",10597,8811,"Menor porte",0,0,"Cluster 1",8.51,7,"Cluster 1 - Menor porte","Menor porte (<20 mil)"
"3135","Iúna","Espírito Santo",28590,19172,"Médio porte",0,0,"Cluster 3",4.29,8,"Cluster 3 - Médio porte","Médio porte (>20 mil e <100 mil)"
"3136","Jaguaré","Espírito Santo",28931,18307,"Médio porte",4,2.18,"Cluster 3",4.29,8,"Cluster 3 - Médio porte","Médio porte (>20 mil e <100 mil)"
"3137","Jerônimo Monteiro","Espírito Santo",11575,6734,"Menor porte",0,0,"Cluster 3",8.89,6,"Cluster 3 - Menor porte","Menor porte (<20 mil)"
"3138","João Neiva","Espírito Santo",14079,9159,"Menor porte",6,6.55,"Cluster 1",8.51,8,"Cluster 1 - Menor porte","Menor porte (<20 mil)"
"3139","Laranja da Terra","Espírito Santo",11094,9134,"Menor porte",0,0,"Cluster 3",8.89,8,"Cluster 3 - Menor porte","Menor porte (<20 mil)"
"3140","Linhares","Espírito Santo",166786,96606,"Maior porte",22,2.28,"Cluster 1",3.23,31,"Cluster 1 - Maior porte","Maior porte (>100 mil)"
"3141","Mantenópolis","Espírito Santo",12770,7687,"Menor porte",0,0,"Cluster 3",8.89,7,"Cluster 3 - Menor porte","Menor porte (<20 mil)"
"3142","Marataízes","Espírito Santo",41929,25426,"Médio porte",1,0.39,"Cluster 1",2.7,7,"Cluster 1 - Médio porte","Médio porte (>20 mil e <100 mil)"
"3143","Marechal Floriano","Espírito Santo",17641,14438,"Menor porte",8,5.54,"Cluster 1",8.51,12,"Cluster 1 - Menor porte","Menor porte (<20 mil)"
"3144","Marilândia","Espírito Santo",12387,9669,"Menor porte",0,0,"Cluster 3",8.89,9,"Cluster 3 - Menor porte","Menor porte (<20 mil)"
"3145","Mimoso do Sul","Espírito Santo",24475,15106,"Médio porte",8,5.3,"Cluster 3",4.29,6,"Cluster 3 - Médio porte","Médio porte (>20 mil e <100 mil)"
"3146","Montanha","Espírito Santo",18900,9187,"Menor porte",0,0,"Cluster 3",8.89,8,"Cluster 3 - Menor porte","Menor porte (<20 mil)"
"3147","Mucurici","Espírito Santo",5466,2555,"Menor porte",1,3.91,"Cluster 3",8.89,2,"Cluster 3 - Menor porte","Menor porte (<20 mil)"
"3148","Muniz Freire","Espírito Santo",18153,11571,"Menor porte",1,0.86,"Cluster 3",8.89,10,"Cluster 3 - Menor porte","Menor porte (<20 mil)"
"3149","Muqui","Espírito Santo",13745,8380,"Menor porte",0,0,"Cluster 3",8.89,7,"Cluster 3 - Menor porte","Menor porte (<20 mil)"
"3150","Nova Venécia","Espírito Santo",49065,30972,"Médio porte",11,3.55,"Cluster 1",2.7,8,"Cluster 1 - Médio porte","Médio porte (>20 mil e <100 mil)"
"3151","Pancas","Espírito Santo",18893,10150,"Médio porte",0,0,"Cluster 3",4.29,4,"Cluster 3 - Médio porte","Médio porte (>20 mil e <100 mil)"
"3152","Pedro Canário","Espírito Santo",21522,12321,"Médio porte",6,4.87,"Cluster 3",4.29,5,"Cluster 3 - Médio porte","Médio porte (>20 mil e <100 mil)"
"3153","Pinheiros","Espírito Santo",23915,10627,"Médio porte",1,0.94,"Cluster 3",4.29,5,"Cluster 3 - Médio porte","Médio porte (>20 mil e <100 mil)"
"3154","Piúma","Espírito Santo",22300,14395,"Médio porte",3,2.08,"Cluster 1",2.7,4,"Cluster 1 - Médio porte","Médio porte (>20 mil e <100 mil)"
"3155","Ponto Belo","Espírito Santo",6497,3189,"Menor porte",0,0,"Cluster 3",8.89,3,"Cluster 3 - Menor porte","Menor porte (<20 mil)"
"3156","Presidente Kennedy","Espírito Santo",13696,10209,"Menor porte",0,0,"Cluster 1",8.51,9,"Cluster 1 - Menor porte","Menor porte (<20 mil)"
"3157","Rio Bananal","Espírito Santo",19274,17117,"Menor porte",0,0,"Cluster 1",8.51,15,"Cluster 1 - Menor porte","Menor porte (<20 mil)"
"3158","Rio Novo do Sul","Espírito Santo",11069,8134,"Menor porte",4,4.92,"Cluster 3",8.89,7,"Cluster 3 - Menor porte","Menor porte (<20 mil)"
"3159","Santa Leopoldina","Espírito Santo",13106,8127,"Menor porte",0,0,"Cluster 3",8.89,7,"Cluster 3 - Menor porte","Menor porte (<20 mil)"
"3160","Santa Maria de Jetibá","Espírito Santo",41636,42480,"Médio porte",3,0.71,"Cluster 1",2.7,11,"Cluster 1 - Médio porte","Médio porte (>20 mil e <100 mil)"
"3161","Santa Teresa","Espírito Santo",22808,18510,"Médio porte",5,2.7,"Cluster 1",2.7,5,"Cluster 1 - Médio porte","Médio porte (>20 mil e <100 mil)"
"3162","São Domingos do Norte","Espírito Santo",8589,6278,"Menor porte",2,3.19,"Cluster 1",8.51,5,"Cluster 1 - Menor porte","Menor porte (<20 mil)"
"3163","São Gabriel da Palha","Espírito Santo",32252,25958,"Médio porte",1,0.39,"Cluster 1",2.7,7,"Cluster 1 - Médio porte","Médio porte (>20 mil e <100 mil)"
"3164","São José do Calçado","Espírito Santo",10878,6024,"Menor porte",0,0,"Cluster 3",8.89,5,"Cluster 3 - Menor porte","Menor porte (<20 mil)"
"3165","São Mateus","Espírito Santo",123752,65469,"Maior porte",19,2.9,"Cluster 1",3.23,21,"Cluster 1 - Maior porte","Maior porte (>100 mil)"
"3166","São Roque do Canaã","Espírito Santo",10886,8064,"Menor porte",1,1.24,"Cluster 3",8.89,7,"Cluster 3 - Menor porte","Menor porte (<20 mil)"
"3167","Serra","Espírito Santo",520653,252661,"Maior porte",56,2.22,"Cluster 1",3.23,82,"Cluster 1 - Maior porte","Maior porte (>100 mil)"
"3168","Sooretama","Espírito Santo",26502,11978,"Médio porte",9,7.51,"Cluster 3",4.29,5,"Cluster 3 - Médio porte","Médio porte (>20 mil e <100 mil)"
"3169","Vargem Alta","Espírito Santo",19563,13888,"Médio porte",2,1.44,"Cluster 3",4.29,6,"Cluster 3 - Médio porte","Médio porte (>20 mil e <100 mil)"
"3170","Venda Nova do Imigrante","Espírito Santo",23831,20920,"Médio porte",2,0.96,"Cluster 1",2.7,6,"Cluster 1 - Médio porte","Médio porte (>20 mil e <100 mil)"
"3171","Viana","Espírito Santo",73423,38462,"Médio porte",6,1.56,"Cluster 3",4.29,17,"Cluster 3 - Médio porte","Médio porte (>20 mil e <100 mil)"
"3172","Vila Pavão","Espírito Santo",8911,6714,"Menor porte",0,0,"Cluster 3",8.89,6,"Cluster 3 - Menor porte","Menor porte (<20 mil)"
"3173","Vila Valério","Espírito Santo",13728,12355,"Menor porte",1,0.81,"Cluster 1",8.51,11,"Cluster 1 - Menor porte","Menor porte (<20 mil)"
"3174","Vila Velha","Espírito Santo",467722,260654,"Maior porte",50,1.92,"Cluster 1",3.23,84,"Cluster 1 - Maior porte","Maior porte (>100 mil)"
"3175","Vitória","Espírito Santo",322869,211221,"Maior porte",2,0.09,"Cluster 2",3.54,75,"Cluster 2 - Maior porte","Maior porte (>100 mil)"
"3176","Angra dos Reis","Rio de Janeiro",167434,70865,"Maior porte",32,4.52,"Cluster 1",3.23,23,"Cluster 1 - Maior porte","Maior porte (>100 mil)"
"3177","Aperibé","Rio de Janeiro",11034,7240,"Menor porte",7,9.67,"Cluster 3",8.89,6,"Cluster 3 - Menor porte","Menor porte (<20 mil)"
"3178","Araruama","Rio de Janeiro",129671,75443,"Maior porte",38,5.04,"Cluster 1",3.23,24,"Cluster 1 - Maior porte","Maior porte (>100 mil)"
"3179","Areal","Rio de Janeiro",11828,7500,"Menor porte",0,0,"Cluster 3",8.89,7,"Cluster 3 - Menor porte","Menor porte (<20 mil)"
"3180","Armação dos Búzios","Rio de Janeiro",40006,25490,"Médio porte",17,6.67,"Cluster 1",2.7,7,"Cluster 1 - Médio porte","Médio porte (>20 mil e <100 mil)"
"3181","Arraial do Cabo","Rio de Janeiro",30986,14062,"Médio porte",0,0,"Cluster 1",2.7,4,"Cluster 1 - Médio porte","Médio porte (>20 mil e <100 mil)"
"3182","Barra do Piraí","Rio de Janeiro",92883,40800,"Maior porte",3,0.74,"Cluster 3",3.72,15,"Cluster 3 - Maior porte","Maior porte (>100 mil)"
"3183","Barra Mansa","Rio de Janeiro",169894,84418,"Maior porte",2,0.24,"Cluster 1",3.23,27,"Cluster 1 - Maior porte","Maior porte (>100 mil)"
"3184","Belford Roxo","Rio de Janeiro",483087,134913,"Maior porte",0,0,"Cluster 3",3.72,50,"Cluster 3 - Maior porte","Maior porte (>100 mil)"
"3185","Bom Jardim","Rio de Janeiro",28102,16956,"Médio porte",6,3.54,"Cluster 3",4.29,7,"Cluster 3 - Médio porte","Médio porte (>20 mil e <100 mil)"
"3186","Bom Jesus do Itabapoana","Rio de Janeiro",35173,16524,"Médio porte",3,1.82,"Cluster 3",4.29,7,"Cluster 3 - Médio porte","Médio porte (>20 mil e <100 mil)"
"3187","Cabo Frio","Rio de Janeiro",222161,123475,"Maior porte",35,2.83,"Cluster 1",3.23,40,"Cluster 1 - Maior porte","Maior porte (>100 mil)"
"3188","Cachoeiras de Macacu","Rio de Janeiro",56943,29280,"Médio porte",15,5.12,"Cluster 3",4.29,13,"Cluster 3 - Médio porte","Médio porte (>20 mil e <100 mil)"
"3189","Cambuci","Rio de Janeiro",14616,6333,"Menor porte",0,0,"Cluster 3",8.89,6,"Cluster 3 - Menor porte","Menor porte (<20 mil)"
"3190","Campos dos Goytacazes","Rio de Janeiro",483540,248200,"Maior porte",32,1.29,"Cluster 1",3.23,80,"Cluster 1 - Maior porte","Maior porte (>100 mil)"
"3191","Cantagalo","Rio de Janeiro",19390,9100,"Médio porte",0,0,"Cluster 3",4.29,4,"Cluster 3 - Médio porte","Médio porte (>20 mil e <100 mil)"
"3192","Carapebus","Rio de Janeiro",13847,5765,"Menor porte",0,0,"Cluster 3",8.89,5,"Cluster 3 - Menor porte","Menor porte (<20 mil)"
"3193","Cardoso Moreira","Rio de Janeiro",12958,5518,"Menor porte",0,0,"Cluster 3",8.89,5,"Cluster 3 - Menor porte","Menor porte (<20 mil)"
"3194","Carmo","Rio de Janeiro",17198,6680,"Menor porte",0,0,"Cluster 3",8.89,6,"Cluster 3 - Menor porte","Menor porte (<20 mil)"
"3195","Casimiro de Abreu","Rio de Janeiro",46110,19784,"Médio porte",17,8.59,"Cluster 1",2.7,5,"Cluster 1 - Médio porte","Médio porte (>20 mil e <100 mil)"
"3196","Comendador Levy Gasparian","Rio de Janeiro",8741,4854,"Menor porte",0,0,"Cluster 3",8.89,4,"Cluster 3 - Menor porte","Menor porte (<20 mil)"
"3197","Conceição de Macabu","Rio de Janeiro",21104,10666,"Médio porte",2,1.88,"Cluster 3",4.29,5,"Cluster 3 - Médio porte","Médio porte (>20 mil e <100 mil)"
"3198","Cordeiro","Rio de Janeiro",20783,11839,"Médio porte",0,0,"Cluster 1",2.7,3,"Cluster 1 - Médio porte","Médio porte (>20 mil e <100 mil)"
"3199","Duas Barras","Rio de Janeiro",10980,5177,"Menor porte",1,1.93,"Cluster 3",8.89,5,"Cluster 3 - Menor porte","Menor porte (<20 mil)"
"3200","Duque de Caxias","Rio de Janeiro",808161,330367,"Maior porte",9,0.27,"Cluster 3",3.72,123,"Cluster 3 - Maior porte","Maior porte (>100 mil)"
"3201","Engenheiro Paulo de Frontin","Rio de Janeiro",12242,6018,"Menor porte",0,0,"Cluster 3",8.89,5,"Cluster 3 - Menor porte","Menor porte (<20 mil)"
"3202","Guapimirim","Rio de Janeiro",51696,20991,"Médio porte",15,7.15,"Cluster 3",4.29,9,"Cluster 3 - Médio porte","Médio porte (>20 mil e <100 mil)"
"3203","Iguaba Grande","Rio de Janeiro",27920,14429,"Médio porte",15,10.4,"Cluster 1",2.7,4,"Cluster 1 - Médio porte","Médio porte (>20 mil e <100 mil)"
"3204","Itaboraí","Rio de Janeiro",224267,101212,"Maior porte",21,2.07,"Cluster 3",3.72,38,"Cluster 3 - Maior porte","Maior porte (>100 mil)"
"3205","Itaguaí","Rio de Janeiro",116841,58533,"Maior porte",12,2.05,"Cluster 1",3.23,19,"Cluster 1 - Maior porte","Maior porte (>100 mil)"
"3206","Italva","Rio de Janeiro",14073,7011,"Menor porte",0,0,"Cluster 3",8.89,6,"Cluster 3 - Menor porte","Menor porte (<20 mil)"
"3207","Itaocara","Rio de Janeiro",22919,16343,"Médio porte",8,4.9,"Cluster 1",2.7,4,"Cluster 1 - Médio porte","Médio porte (>20 mil e <100 mil)"
"3208","Itaperuna","Rio de Janeiro",101041,51440,"Maior porte",5,0.97,"Cluster 1",3.23,17,"Cluster 1 - Maior porte","Maior porte (>100 mil)"
"3209","Itatiaia","Rio de Janeiro",30908,8602,"Médio porte",2,2.33,"Cluster 1",2.7,2,"Cluster 1 - Médio porte","Médio porte (>20 mil e <100 mil)"
"3210","Japeri","Rio de Janeiro",96289,22743,"Maior porte",0,0,"Cluster 3",3.72,8,"Cluster 3 - Maior porte","Maior porte (>100 mil)"
"3211","Laje do Muriaé","Rio de Janeiro",7336,2460,"Menor porte",0,0,"Cluster 3",8.89,2,"Cluster 3 - Menor porte","Menor porte (<20 mil)"
"3212","Macaé","Rio de Janeiro",246391,127990,"Maior porte",57,4.45,"Cluster 1",3.23,41,"Cluster 1 - Maior porte","Maior porte (>100 mil)"
"3213","Macuco","Rio de Janeiro",5415,4285,"Menor porte",5,11.67,"Cluster 1",8.51,4,"Cluster 1 - Menor porte","Menor porte (<20 mil)"
"3214","Magé","Rio de Janeiro",228127,88563,"Maior porte",3,0.34,"Cluster 3",3.72,33,"Cluster 3 - Maior porte","Maior porte (>100 mil)"
"3215","Mangaratiba","Rio de Janeiro",41220,17485,"Médio porte",4,2.29,"Cluster 1",2.7,5,"Cluster 1 - Médio porte","Médio porte (>20 mil e <100 mil)"
"3216","Maricá","Rio de Janeiro",197277,86436,"Maior porte",31,3.59,"Cluster 2",3.54,31,"Cluster 2 - Maior porte","Maior porte (>100 mil)"
"3217","Mendes","Rio de Janeiro",17502,8401,"Menor porte",0,0,"Cluster 3",8.89,7,"Cluster 3 - Menor porte","Menor porte (<20 mil)"
"3218","Mesquita","Rio de Janeiro",167127,57555,"Maior porte",12,2.08,"Cluster 3",3.72,21,"Cluster 3 - Maior porte","Maior porte (>100 mil)"
"3219","Miguel Pereira","Rio de Janeiro",26582,18756,"Médio porte",14,7.46,"Cluster 1",2.7,5,"Cluster 1 - Médio porte","Médio porte (>20 mil e <100 mil)"
"3220","Miracema","Rio de Janeiro",26881,12686,"Médio porte",2,1.58,"Cluster 3",4.29,5,"Cluster 3 - Médio porte","Médio porte (>20 mil e <100 mil)"
"3221","Natividade","Rio de Janeiro",15074,6550,"Menor porte",0,0,"Cluster 3",8.89,6,"Cluster 3 - Menor porte","Menor porte (<20 mil)"
"3222","Nilópolis","Rio de Janeiro",146774,61948,"Maior porte",4,0.65,"Cluster 1",3.23,20,"Cluster 1 - Maior porte","Maior porte (>100 mil)"
"3223","Niterói","Rio de Janeiro",481749,290045,"Maior porte",14,0.48,"Cluster 2",3.54,103,"Cluster 2 - Maior porte","Maior porte (>100 mil)"
"3224","Nova Friburgo","Rio de Janeiro",189939,135825,"Maior porte",13,0.96,"Cluster 1",3.23,44,"Cluster 1 - Maior porte","Maior porte (>100 mil)"
"3225","Nova Iguaçu","Rio de Janeiro",785867,307092,"Maior porte",10,0.33,"Cluster 3",3.72,114,"Cluster 3 - Maior porte","Maior porte (>100 mil)"
"3226","Paracambi","Rio de Janeiro",41375,22343,"Médio porte",2,0.9,"Cluster 3",4.29,10,"Cluster 3 - Médio porte","Médio porte (>20 mil e <100 mil)"
"3227","Paraíba do Sul","Rio de Janeiro",42063,19012,"Médio porte",0,0,"Cluster 3",4.29,8,"Cluster 3 - Médio porte","Médio porte (>20 mil e <100 mil)"
"3228","Paraty","Rio de Janeiro",45243,14356,"Médio porte",0,0,"Cluster 3",4.29,6,"Cluster 3 - Médio porte","Médio porte (>20 mil e <100 mil)"
"3229","Paty do Alferes","Rio de Janeiro",29619,17385,"Médio porte",3,1.73,"Cluster 3",4.29,7,"Cluster 3 - Médio porte","Médio porte (>20 mil e <100 mil)"
"3230","Petrópolis","Rio de Janeiro",278881,186058,"Maior porte",9,0.48,"Cluster 1",3.23,60,"Cluster 1 - Maior porte","Maior porte (>100 mil)"
"3231","Pinheiral","Rio de Janeiro",24298,9416,"Médio porte",0,0,"Cluster 3",4.29,4,"Cluster 3 - Médio porte","Médio porte (>20 mil e <100 mil)"
"3232","Piraí","Rio de Janeiro",27474,11470,"Médio porte",13,11.33,"Cluster 1",2.7,3,"Cluster 1 - Médio porte","Médio porte (>20 mil e <100 mil)"
"3233","Porciúncula","Rio de Janeiro",17288,4464,"Menor porte",0,0,"Cluster 2",16.92,8,"Cluster 2 - Menor porte","Menor porte (<20 mil)"
"3234","Porto Real","Rio de Janeiro",20373,7390,"Menor porte",0,0,"Cluster 1",8.51,6,"Cluster 1 - Menor porte","Menor porte (<20 mil)"
"3235","Quatis","Rio de Janeiro",13682,5024,"Menor porte",0,0,"Cluster 3",8.89,4,"Cluster 3 - Menor porte","Menor porte (<20 mil)"
"3236","Queimados","Rio de Janeiro",140523,45786,"Maior porte",1,0.22,"Cluster 3",3.72,17,"Cluster 3 - Maior porte","Maior porte (>100 mil)"
"3237","Quissamã","Rio de Janeiro",22393,9696,"Médio porte",0,0,"Cluster 1",2.7,3,"Cluster 1 - Médio porte","Médio porte (>20 mil e <100 mil)"
"3238","Resende","Rio de Janeiro",129612,85048,"Maior porte",3,0.35,"Cluster 2",3.54,30,"Cluster 2 - Maior porte","Maior porte (>100 mil)"
"3239","Rio Bonito","Rio de Janeiro",56276,53613,"Médio porte",1,0.19,"Cluster 1",2.7,14,"Cluster 1 - Médio porte","Médio porte (>20 mil e <100 mil)"
"3240","Rio Claro","Rio de Janeiro",17401,6634,"Menor porte",4,6.03,"Cluster 3",8.89,6,"Cluster 3 - Menor porte","Menor porte (<20 mil)"
"3241","Rio das Flores","Rio de Janeiro",8954,3200,"Menor porte",0,0,"Cluster 3",8.89,3,"Cluster 3 - Menor porte","Menor porte (<20 mil)"
"3242","Rio das Ostras","Rio de Janeiro",156491,69854,"Maior porte",1,0.14,"Cluster 1",3.23,23,"Cluster 1 - Maior porte","Maior porte (>100 mil)"
"3243","Rio de Janeiro","Rio de Janeiro",6211223,3134989,"Maior porte",897,2.86,"Cluster 1",3.23,1013,"Cluster 1 - Maior porte","Maior porte (>100 mil)"
"3244","Santa Maria Madalena","Rio de Janeiro",10232,4093,"Menor porte",1,2.44,"Cluster 3",8.89,4,"Cluster 3 - Menor porte","Menor porte (<20 mil)"
"3245","Santo Antônio de Pádua","Rio de Janeiro",41325,23132,"Médio porte",15,6.48,"Cluster 1",2.7,6,"Cluster 1 - Médio porte","Médio porte (>20 mil e <100 mil)"
"3246","São Fidélis","Rio de Janeiro",38961,19387,"Médio porte",3,1.55,"Cluster 3",4.29,8,"Cluster 3 - Médio porte","Médio porte (>20 mil e <100 mil)"
"3247","São Francisco de Itabapoana","Rio de Janeiro",45059,17452,"Médio porte",2,1.15,"Cluster 3",4.29,7,"Cluster 3 - Médio porte","Médio porte (>20 mil e <100 mil)"
"3248","São Gonçalo","Rio de Janeiro",896744,363605,"Maior porte",52,1.43,"Cluster 3",3.72,135,"Cluster 3 - Maior porte","Maior porte (>100 mil)"
"3249","São João da Barra","Rio de Janeiro",36573,16683,"Médio porte",3,1.8,"Cluster 1",2.7,5,"Cluster 1 - Médio porte","Médio porte (>20 mil e <100 mil)"
"3250","São João de Meriti","Rio de Janeiro",440962,172866,"Maior porte",7,0.4,"Cluster 3",3.72,64,"Cluster 3 - Maior porte","Maior porte (>100 mil)"
"3251","São José de Ubá","Rio de Janeiro",7070,3561,"Menor porte",3,8.42,"Cluster 3",8.89,3,"Cluster 3 - Menor porte","Menor porte (<20 mil)"
"3252","São José do Vale do Rio Preto","Rio de Janeiro",22080,13379,"Médio porte",3,2.24,"Cluster 3",4.29,6,"Cluster 3 - Médio porte","Médio porte (>20 mil e <100 mil)"
"3253","São Pedro da Aldeia","Rio de Janeiro",104029,43822,"Maior porte",27,6.16,"Cluster 3",3.72,16,"Cluster 3 - Maior porte","Maior porte (>100 mil)"
"3254","São Sebastião do Alto","Rio de Janeiro",7750,4404,"Menor porte",2,4.54,"Cluster 3",8.89,4,"Cluster 3 - Menor porte","Menor porte (<20 mil)"
"3255","Sapucaia","Rio de Janeiro",17729,5284,"Menor porte",6,11.36,"Cluster 3",8.89,5,"Cluster 3 - Menor porte","Menor porte (<20 mil)"
"3256","Saquarema","Rio de Janeiro",89559,44759,"Médio porte",31,6.93,"Cluster 1",2.7,12,"Cluster 1 - Médio porte","Médio porte (>20 mil e <100 mil)"
"3257","Seropédica","Rio de Janeiro",80596,32645,"Médio porte",20,6.13,"Cluster 3",4.29,14,"Cluster 3 - Médio porte","Médio porte (>20 mil e <100 mil)"
"3258","Silva Jardim","Rio de Janeiro",21352,9065,"Médio porte",3,3.31,"Cluster 3",4.29,4,"Cluster 3 - Médio porte","Médio porte (>20 mil e <100 mil)"
"3259","Sumidouro","Rio de Janeiro",15206,9908,"Menor porte",0,0,"Cluster 3",8.89,9,"Cluster 3 - Menor porte","Menor porte (<20 mil)"
"3260","Tanguá","Rio de Janeiro",31086,11815,"Médio porte",0,0,"Cluster 3",4.29,5,"Cluster 3 - Médio porte","Médio porte (>20 mil e <100 mil)"
"3261","Teresópolis","Rio de Janeiro",165123,109846,"Maior porte",17,1.55,"Cluster 1",3.23,36,"Cluster 1 - Maior porte","Maior porte (>100 mil)"
"3262","Trajano de Moraes","Rio de Janeiro",10302,4173,"Menor porte",0,0,"Cluster 3",8.89,4,"Cluster 3 - Menor porte","Menor porte (<20 mil)"
"3263","Três Rios","Rio de Janeiro",78346,39752,"Médio porte",3,0.75,"Cluster 1",2.7,11,"Cluster 1 - Médio porte","Médio porte (>20 mil e <100 mil)"
"3264","Valença","Rio de Janeiro",68088,29295,"Médio porte",2,0.68,"Cluster 3",4.29,13,"Cluster 3 - Médio porte","Médio porte (>20 mil e <100 mil)"
"3265","Varre-Sai","Rio de Janeiro",10207,3631,"Menor porte",0,0,"Cluster 3",8.89,3,"Cluster 3 - Menor porte","Menor porte (<20 mil)"
"3266","Vassouras","Rio de Janeiro",33976,18311,"Médio porte",8,4.37,"Cluster 3",4.29,8,"Cluster 3 - Médio porte","Médio porte (>20 mil e <100 mil)"
"3267","Volta Redonda","Rio de Janeiro",261563,153758,"Maior porte",0,0,"Cluster 1",3.23,50,"Cluster 1 - Maior porte","Maior porte (>100 mil)"
"3268","Adamantina","São Paulo",34687,29786,"Médio porte",3,1.01,"Cluster 1",2.7,8,"Cluster 1 - Médio porte","Médio porte (>20 mil e <100 mil)"
"3269","Adolfo","São Paulo",4351,2886,"Menor porte",0,0,"Cluster 1",8.51,2,"Cluster 1 - Menor porte","Menor porte (<20 mil)"
"3270","Aguaí","São Paulo",32072,24566,"Médio porte",6,2.44,"Cluster 1",2.7,7,"Cluster 1 - Médio porte","Médio porte (>20 mil e <100 mil)"
"3271","Águas da Prata","São Paulo",7369,5351,"Menor porte",0,0,"Cluster 1",8.51,5,"Cluster 1 - Menor porte","Menor porte (<20 mil)"
"3272","Águas de Lindóia","São Paulo",17930,15599,"Menor porte",20,12.82,"Cluster 1",8.51,13,"Cluster 1 - Menor porte","Menor porte (<20 mil)"
"3273","Águas de Santa Bárbara","São Paulo",7177,4990,"Menor porte",0,0,"Cluster 1",8.51,4,"Cluster 1 - Menor porte","Menor porte (<20 mil)"
"3274","Águas de São Pedro","São Paulo",2780,3058,"Menor porte",1,3.27,"Cluster 1",8.51,3,"Cluster 1 - Menor porte","Menor porte (<20 mil)"
"3275","Agudos","São Paulo",37680,25556,"Médio porte",5,1.96,"Cluster 1",2.7,7,"Cluster 1 - Médio porte","Médio porte (>20 mil e <100 mil)"
"3276","Alambari","São Paulo",6141,3192,"Menor porte",3,9.4,"Cluster 3",8.89,3,"Cluster 3 - Menor porte","Menor porte (<20 mil)"
"3277","Alfredo Marcondes","São Paulo",4445,2810,"Menor porte",1,3.56,"Cluster 1",8.51,2,"Cluster 1 - Menor porte","Menor porte (<20 mil)"
"3278","Altair","São Paulo",3451,1892,"Menor porte",0,0,"Cluster 3",8.89,2,"Cluster 3 - Menor porte","Menor porte (<20 mil)"
"3279","Altinópolis","São Paulo",16818,11315,"Menor porte",2,1.77,"Cluster 1",8.51,10,"Cluster 1 - Menor porte","Menor porte (<20 mil)"
"3280","Alto Alegre","São Paulo",3841,2871,"Menor porte",0,0,"Cluster 1",8.51,2,"Cluster 1 - Menor porte","Menor porte (<20 mil)"
"3281","Alumínio","São Paulo",17301,10215,"Menor porte",0,0,"Cluster 1",8.51,9,"Cluster 1 - Menor porte","Menor porte (<20 mil)"
"3282","Álvares Florence","São Paulo",3915,2332,"Menor porte",0,0,"Cluster 1",8.51,2,"Cluster 1 - Menor porte","Menor porte (<20 mil)"
"3283","Álvares Machado","São Paulo",27255,18376,"Médio porte",0,0,"Cluster 1",2.7,5,"Cluster 1 - Médio porte","Médio porte (>20 mil e <100 mil)"
"3284","Álvaro de Carvalho","São Paulo",4808,1615,"Menor porte",0,0,"Cluster 3",8.89,1,"Cluster 3 - Menor porte","Menor porte (<20 mil)"
"3285","Alvinlândia","São Paulo",2885,1769,"Menor porte",0,0,"Cluster 3",8.89,2,"Cluster 3 - Menor porte","Menor porte (<20 mil)"
"3286","Americana","São Paulo",237240,199036,"Maior porte",44,2.21,"Cluster 2",3.54,70,"Cluster 2 - Maior porte","Maior porte (>100 mil)"
"3287","Américo Brasiliense","São Paulo",33019,27881,"Médio porte",3,1.08,"Cluster 1",2.7,8,"Cluster 1 - Médio porte","Médio porte (>20 mil e <100 mil)"
"3288","Américo de Campos","São Paulo",5870,4298,"Menor porte",0,0,"Cluster 1",8.51,4,"Cluster 1 - Menor porte","Menor porte (<20 mil)"
"3289","Amparo","São Paulo",68008,60295,"Médio porte",27,4.48,"Cluster 1",2.7,16,"Cluster 1 - Médio porte","Médio porte (>20 mil e <100 mil)"
"3290","Analândia","São Paulo",4589,3089,"Menor porte",1,3.24,"Cluster 1",8.51,3,"Cluster 1 - Menor porte","Menor porte (<20 mil)"
"3291","Andradina","São Paulo",59783,50631,"Médio porte",2,0.4,"Cluster 1",2.7,14,"Cluster 1 - Médio porte","Médio porte (>20 mil e <100 mil)"
"3292","Angatuba","São Paulo",24022,15620,"Médio porte",1,0.64,"Cluster 1",2.7,4,"Cluster 1 - Médio porte","Médio porte (>20 mil e <100 mil)"
"3293","Anhembi","São Paulo",5674,2876,"Menor porte",0,0,"Cluster 3",8.89,3,"Cluster 3 - Menor porte","Menor porte (<20 mil)"
"3294","Anhumas","São Paulo",4023,2356,"Menor porte",0,0,"Cluster 3",8.89,2,"Cluster 3 - Menor porte","Menor porte (<20 mil)"
"3295","Aparecida","São Paulo",32569,23236,"Médio porte",17,7.32,"Cluster 1",2.7,6,"Cluster 1 - Médio porte","Médio porte (>20 mil e <100 mil)"
"3296","Aparecida d'Oeste","São Paulo",4086,3572,"Menor porte",0,0,"Cluster 1",8.51,3,"Cluster 1 - Menor porte","Menor porte (<20 mil)"
"3297","Apiaí","São Paulo",24585,14019,"Médio porte",0,0,"Cluster 1",2.7,4,"Cluster 1 - Médio porte","Médio porte (>20 mil e <100 mil)"
"3298","Araçariguama","São Paulo",21522,13619,"Médio porte",5,3.67,"Cluster 1",2.7,4,"Cluster 1 - Médio porte","Médio porte (>20 mil e <100 mil)"
"3299","Araçatuba","São Paulo",200124,187243,"Maior porte",11,0.59,"Cluster 2",3.54,66,"Cluster 2 - Maior porte","Maior porte (>100 mil)"
"3300","Araçoiaba da Serra","São Paulo",32443,25985,"Médio porte",1,0.38,"Cluster 1",2.7,7,"Cluster 1 - Médio porte","Médio porte (>20 mil e <100 mil)"
"3301","Aramina","São Paulo",5420,3479,"Menor porte",0,0,"Cluster 1",8.51,3,"Cluster 1 - Menor porte","Menor porte (<20 mil)"
"3302","Arandu","São Paulo",6885,3371,"Menor porte",0,0,"Cluster 3",8.89,3,"Cluster 3 - Menor porte","Menor porte (<20 mil)"
"3303","Arapeí","São Paulo",2330,1256,"Menor porte",0,0,"Cluster 3",8.89,1,"Cluster 3 - Menor porte","Menor porte (<20 mil)"
"3304","Araraquara","São Paulo",242228,199882,"Maior porte",30,1.5,"Cluster 2",3.54,71,"Cluster 2 - Maior porte","Maior porte (>100 mil)"
"3305","Araras","São Paulo",130866,112982,"Maior porte",17,1.5,"Cluster 2",3.54,40,"Cluster 2 - Maior porte","Maior porte (>100 mil)"
"3306","Arco-Íris","São Paulo",2044,1130,"Menor porte",0,0,"Cluster 1",8.51,1,"Cluster 1 - Menor porte","Menor porte (<20 mil)"
"3307","Arealva","São Paulo",8130,5308,"Menor porte",0,0,"Cluster 1",8.51,5,"Cluster 1 - Menor porte","Menor porte (<20 mil)"
"3308","Areias","São Paulo",3577,1854,"Menor porte",0,0,"Cluster 3",8.89,2,"Cluster 3 - Menor porte","Menor porte (<20 mil)"
"3309","Areiópolis","São Paulo",10130,6100,"Menor porte",0,0,"Cluster 3",8.89,5,"Cluster 3 - Menor porte","Menor porte (<20 mil)"
"3310","Ariranha","São Paulo",7602,6392,"Menor porte",0,0,"Cluster 1",8.51,5,"Cluster 1 - Menor porte","Menor porte (<20 mil)"
"3311","Artur Nogueira","São Paulo",51456,43925,"Médio porte",1,0.23,"Cluster 1",2.7,12,"Cluster 1 - Médio porte","Médio porte (>20 mil e <100 mil)"
"3312","Arujá","São Paulo",86678,63831,"Médio porte",37,5.8,"Cluster 1",2.7,17,"Cluster 1 - Médio porte","Médio porte (>20 mil e <100 mil)"
"3313","Aspásia","São Paulo",1842,1298,"Menor porte",0,0,"Cluster 1",8.51,1,"Cluster 1 - Menor porte","Menor porte (<20 mil)"
"3314","Assis","São Paulo",101409,88800,"Maior porte",9,1.01,"Cluster 2",3.54,31,"Cluster 2 - Maior porte","Maior porte (>100 mil)"
"3315","Atibaia","São Paulo",158647,134857,"Maior porte",29,2.15,"Cluster 2",3.54,48,"Cluster 2 - Maior porte","Maior porte (>100 mil)"
"3316","Auriflama","São Paulo",13692,12307,"Menor porte",0,0,"Cluster 1",8.51,10,"Cluster 1 - Menor porte","Menor porte (<20 mil)"
"3317","Avaí","São Paulo",4483,2469,"Menor porte",0,0,"Cluster 1",8.51,2,"Cluster 1 - Menor porte","Menor porte (<20 mil)"
"3318","Avanhandava","São Paulo",11263,6735,"Menor porte",0,0,"Cluster 3",8.89,6,"Cluster 3 - Menor porte","Menor porte (<20 mil)"
"3319","Avaré","São Paulo",92805,72779,"Médio porte",30,4.12,"Cluster 1",2.7,20,"Cluster 1 - Médio porte","Médio porte (>20 mil e <100 mil)"
"3320","Bady Bassitt","São Paulo",27260,17668,"Menor porte",0,0,"Cluster 1",8.51,15,"Cluster 1 - Menor porte","Menor porte (<20 mil)"
"3321","Balbinos","São Paulo",3887,875,"Menor porte",0,0,"Cluster 2",16.92,1,"Cluster 2 - Menor porte","Menor porte (<20 mil)"
"3322","Bálsamo","São Paulo",9596,7489,"Menor porte",0,0,"Cluster 1",8.51,6,"Cluster 1 - Menor porte","Menor porte (<20 mil)"
"3323","Bananal","São Paulo",9969,5148,"Menor porte",0,0,"Cluster 3",8.89,5,"Cluster 3 - Menor porte","Menor porte (<20 mil)"
"3324","Barão de Antonina","São Paulo",3531,1674,"Menor porte",0,0,"Cluster 3",8.89,1,"Cluster 3 - Menor porte","Menor porte (<20 mil)"
"3325","Barbosa","São Paulo",5640,3685,"Menor porte",0,0,"Cluster 3",8.89,3,"Cluster 3 - Menor porte","Menor porte (<20 mil)"
"3326","Bariri","São Paulo",31595,27435,"Médio porte",4,1.46,"Cluster 1",2.7,7,"Cluster 1 - Médio porte","Médio porte (>20 mil e <100 mil)"
"3327","Barra Bonita","São Paulo",34346,30937,"Médio porte",6,1.94,"Cluster 1",2.7,8,"Cluster 1 - Médio porte","Médio porte (>20 mil e <100 mil)"
"3328","Barra do Chapéu","São Paulo",5179,2942,"Menor porte",0,0,"Cluster 3",8.89,3,"Cluster 3 - Menor porte","Menor porte (<20 mil)"
"3329","Barra do Turvo","São Paulo",6876,2241,"Menor porte",5,22.31,"Cluster 2",16.92,4,"Cluster 2 - Menor porte","Menor porte (<20 mil)"
"3330","Barretos","São Paulo",122485,107434,"Maior porte",14,1.3,"Cluster 2",3.54,38,"Cluster 2 - Maior porte","Maior porte (>100 mil)"
"3331","Barrinha","São Paulo",32092,18382,"Médio porte",0,0,"Cluster 1",2.7,5,"Cluster 1 - Médio porte","Médio porte (>20 mil e <100 mil)"
"3332","Barueri","São Paulo",316473,221033,"Maior porte",20,0.9,"Cluster 2",3.54,78,"Cluster 2 - Maior porte","Maior porte (>100 mil)"
"3333","Bastos","São Paulo",21503,18612,"Médio porte",0,0,"Cluster 1",2.7,5,"Cluster 1 - Médio porte","Médio porte (>20 mil e <100 mil)"
"3334","Batatais","São Paulo",58402,47236,"Médio porte",3,0.64,"Cluster 1",2.7,13,"Cluster 1 - Médio porte","Médio porte (>20 mil e <100 mil)"
"3335","Bauru","São Paulo",379146,303695,"Maior porte",39,1.28,"Cluster 2",3.54,108,"Cluster 2 - Maior porte","Maior porte (>100 mil)"
"3336","Bebedouro","São Paulo",76373,72012,"Médio porte",4,0.56,"Cluster 1",2.7,19,"Cluster 1 - Médio porte","Médio porte (>20 mil e <100 mil)"
"3337","Bento de Abreu","São Paulo",2606,1605,"Menor porte",0,0,"Cluster 1",8.51,1,"Cluster 1 - Menor porte","Menor porte (<20 mil)"
"3338","Bernardino de Campos","São Paulo",11607,8180,"Menor porte",0,0,"Cluster 1",8.51,7,"Cluster 1 - Menor porte","Menor porte (<20 mil)"
"3339","Bertioga","São Paulo",64188,33079,"Médio porte",21,6.35,"Cluster 1",2.7,9,"Cluster 1 - Médio porte","Médio porte (>20 mil e <100 mil)"
"3340","Bilac","São Paulo",7319,6246,"Menor porte",0,0,"Cluster 1",8.51,5,"Cluster 1 - Menor porte","Menor porte (<20 mil)"
"3341","Birigui","São Paulo",118979,110314,"Maior porte",0,0,"Cluster 2",3.54,39,"Cluster 2 - Maior porte","Maior porte (>100 mil)"
"3342","Biritiba Mirim","São Paulo",29683,15850,"Médio porte",0,0,"Cluster 3",4.29,7,"Cluster 3 - Médio porte","Médio porte (>20 mil e <100 mil)"
"3343","Boa Esperança do Sul","São Paulo",12978,8695,"Menor porte",6,6.9,"Cluster 3",8.89,8,"Cluster 3 - Menor porte","Menor porte (<20 mil)"
"3344","Bocaina","São Paulo",11259,8246,"Menor porte",0,0,"Cluster 1",8.51,7,"Cluster 1 - Menor porte","Menor porte (<20 mil)"
"3345","Bofete","São Paulo",10460,6711,"Menor porte",2,2.98,"Cluster 3",8.89,6,"Cluster 3 - Menor porte","Menor porte (<20 mil)"
"3346","Boituva","São Paulo",61081,54847,"Médio porte",6,1.09,"Cluster 1",2.7,15,"Cluster 1 - Médio porte","Médio porte (>20 mil e <100 mil)"
"3347","Bom Jesus dos Perdões","São Paulo",22006,18381,"Médio porte",0,0,"Cluster 1",2.7,5,"Cluster 1 - Médio porte","Médio porte (>20 mil e <100 mil)"
"3348","Bom Sucesso de Itararé","São Paulo",3555,2096,"Menor porte",0,0,"Cluster 3",8.89,2,"Cluster 3 - Menor porte","Menor porte (<20 mil)"
"3349","Borá","São Paulo",907,595,"Menor porte",0,0,"Cluster 1",8.51,1,"Cluster 1 - Menor porte","Menor porte (<20 mil)"
"3350","Boracéia","São Paulo",4715,3190,"Menor porte",3,9.4,"Cluster 1",8.51,3,"Cluster 1 - Menor porte","Menor porte (<20 mil)"
"3351","Borborema","São Paulo",14226,12336,"Menor porte",0,0,"Cluster 1",8.51,10,"Cluster 1 - Menor porte","Menor porte (<20 mil)"
"3352","Borebi","São Paulo",2713,1497,"Menor porte",0,0,"Cluster 3",8.89,1,"Cluster 3 - Menor porte","Menor porte (<20 mil)"
"3353","Botucatu","São Paulo",145155,114371,"Maior porte",11,0.96,"Cluster 2",3.54,40,"Cluster 2 - Maior porte","Maior porte (>100 mil)"
"3354","Bragança Paulista","São Paulo",176811,148775,"Maior porte",48,3.23,"Cluster 2",3.54,53,"Cluster 2 - Maior porte","Maior porte (>100 mil)"
"3355","Braúna","São Paulo",5356,3446,"Menor porte",0,0,"Cluster 3",8.89,3,"Cluster 3 - Menor porte","Menor porte (<20 mil)"
"3356","Brejo Alegre","São Paulo",2565,1741,"Menor porte",0,0,"Cluster 3",8.89,2,"Cluster 3 - Menor porte","Menor porte (<20 mil)"
"3357","Brodowski","São Paulo",25201,18479,"Médio porte",3,1.62,"Cluster 1",2.7,5,"Cluster 1 - Médio porte","Médio porte (>20 mil e <100 mil)"
"3358","Brotas","São Paulo",23898,19028,"Médio porte",3,1.58,"Cluster 1",2.7,5,"Cluster 1 - Médio porte","Médio porte (>20 mil e <100 mil)"
"3359","Buri","São Paulo",20250,12075,"Menor porte",0,0,"Cluster 3",8.89,11,"Cluster 3 - Menor porte","Menor porte (<20 mil)"
"3360","Buritama","São Paulo",17210,13337,"Menor porte",0,0,"Cluster 1",8.51,11,"Cluster 1 - Menor porte","Menor porte (<20 mil)"
"3361","Buritizal","São Paulo",4356,3508,"Menor porte",0,0,"Cluster 1",8.51,3,"Cluster 1 - Menor porte","Menor porte (<20 mil)"
"3362","Cabrália Paulista","São Paulo",4299,3022,"Menor porte",6,19.85,"Cluster 3",8.89,3,"Cluster 3 - Menor porte","Menor porte (<20 mil)"
"3363","Cabreúva","São Paulo",47011,34033,"Médio porte",6,1.76,"Cluster 1",2.7,9,"Cluster 1 - Médio porte","Médio porte (>20 mil e <100 mil)"
"3364","Caçapava","São Paulo",96202,64183,"Médio porte",4,0.62,"Cluster 1",2.7,17,"Cluster 1 - Médio porte","Médio porte (>20 mil e <100 mil)"
"3365","Cachoeira Paulista","São Paulo",31564,18009,"Médio porte",1,0.56,"Cluster 1",2.7,5,"Cluster 1 - Médio porte","Médio porte (>20 mil e <100 mil)"
"3366","Caconde","São Paulo",17101,12006,"Menor porte",0,0,"Cluster 3",8.89,11,"Cluster 3 - Menor porte","Menor porte (<20 mil)"
"3367","Cafelândia","São Paulo",16654,11705,"Menor porte",0,0,"Cluster 1",8.51,10,"Cluster 1 - Menor porte","Menor porte (<20 mil)"
"3368","Caiabu","São Paulo",3712,2326,"Menor porte",0,0,"Cluster 3",8.89,2,"Cluster 3 - Menor porte","Menor porte (<20 mil)"
"3369","Caieiras","São Paulo",95032,54673,"Maior porte",5,0.91,"Cluster 1",3.23,18,"Cluster 1 - Maior porte","Maior porte (>100 mil)"
"3370","Caiuá","São Paulo",5466,2149,"Menor porte",0,0,"Cluster 3",8.89,2,"Cluster 3 - Menor porte","Menor porte (<20 mil)"
"3371","Cajamar","São Paulo",92689,53863,"Médio porte",35,6.5,"Cluster 1",2.7,15,"Cluster 1 - Médio porte","Médio porte (>20 mil e <100 mil)"
"3372","Cajati","São Paulo",28515,17977,"Médio porte",3,1.67,"Cluster 1",2.7,5,"Cluster 1 - Médio porte","Médio porte (>20 mil e <100 mil)"
"3373","Cajobi","São Paulo",9133,6273,"Menor porte",0,0,"Cluster 3",8.89,6,"Cluster 3 - Menor porte","Menor porte (<20 mil)"
"3374","Cajuru","São Paulo",23830,17987,"Médio porte",0,0,"Cluster 1",2.7,5,"Cluster 1 - Médio porte","Médio porte (>20 mil e <100 mil)"
"3375","Campina do Monte Alegre","São Paulo",5954,3432,"Menor porte",0,0,"Cluster 3",8.89,3,"Cluster 3 - Menor porte","Menor porte (<20 mil)"
"3376","Campinas","São Paulo",1139047,967266,"Maior porte",440,4.55,"Cluster 2",3.54,342,"Cluster 2 - Maior porte","Maior porte (>100 mil)"
"3377","Campo Limpo Paulista","São Paulo",77632,52655,"Médio porte",11,2.09,"Cluster 1",2.7,14,"Cluster 1 - Médio porte","Médio porte (>20 mil e <100 mil)"
"3378","Campos do Jordão","São Paulo",46974,41280,"Médio porte",18,4.36,"Cluster 1",2.7,11,"Cluster 1 - Médio porte","Médio porte (>20 mil e <100 mil)"
"3379","Campos Novos Paulista","São Paulo",4888,2900,"Menor porte",0,0,"Cluster 3",8.89,3,"Cluster 3 - Menor porte","Menor porte (<20 mil)"
"3380","Cananéia","São Paulo",12289,4538,"Menor porte",0,0,"Cluster 3",8.89,4,"Cluster 3 - Menor porte","Menor porte (<20 mil)"
"3381","Canas","São Paulo",4931,2365,"Menor porte",1,4.23,"Cluster 3",8.89,2,"Cluster 3 - Menor porte","Menor porte (<20 mil)"
"3382","Cândido Mota","São Paulo",29449,23559,"Médio porte",0,0,"Cluster 1",2.7,6,"Cluster 1 - Médio porte","Médio porte (>20 mil e <100 mil)"
"3383","Cândido Rodrigues","São Paulo",2889,2114,"Menor porte",0,0,"Cluster 1",8.51,2,"Cluster 1 - Menor porte","Menor porte (<20 mil)"
"3384","Canitar","São Paulo",6283,2589,"Menor porte",0,0,"Cluster 3",8.89,2,"Cluster 3 - Menor porte","Menor porte (<20 mil)"
"3385","Capão Bonito","São Paulo",46337,30249,"Médio porte",2,0.66,"Cluster 1",2.7,8,"Cluster 1 - Médio porte","Médio porte (>20 mil e <100 mil)"
"3386","Capela do Alto","São Paulo",22866,14814,"Médio porte",2,1.35,"Cluster 1",2.7,4,"Cluster 1 - Médio porte","Médio porte (>20 mil e <100 mil)"
"3387","Capivari","São Paulo",50068,40680,"Médio porte",14,3.44,"Cluster 1",2.7,11,"Cluster 1 - Médio porte","Médio porte (>20 mil e <100 mil)"
"3388","Caraguatatuba","São Paulo",134873,82011,"Maior porte",44,5.37,"Cluster 1",3.23,27,"Cluster 1 - Maior porte","Maior porte (>100 mil)"
"3389","Carapicuíba","São Paulo",386984,219463,"Maior porte",34,1.55,"Cluster 1",3.23,71,"Cluster 1 - Maior porte","Maior porte (>100 mil)"
"3390","Cardoso","São Paulo",11345,8556,"Menor porte",0,0,"Cluster 1",8.51,7,"Cluster 1 - Menor porte","Menor porte (<20 mil)"
"3391","Casa Branca","São Paulo",28083,21411,"Médio porte",0,0,"Cluster 1",2.7,6,"Cluster 1 - Médio porte","Médio porte (>20 mil e <100 mil)"
"3392","Cássia dos Coqueiros","São Paulo",2799,1775,"Menor porte",0,0,"Cluster 1",8.51,2,"Cluster 1 - Menor porte","Menor porte (<20 mil)"
"3393","Castilho","São Paulo",19977,11749,"Médio porte",0,0,"Cluster 1",2.7,3,"Cluster 1 - Médio porte","Médio porte (>20 mil e <100 mil)"
"3394","Catanduva","São Paulo",115791,116767,"Maior porte",2,0.17,"Cluster 2",3.54,41,"Cluster 2 - Maior porte","Maior porte (>100 mil)"
"3395","Catiguá","São Paulo",7003,4476,"Menor porte",4,8.94,"Cluster 1",8.51,4,"Cluster 1 - Menor porte","Menor porte (<20 mil)"
"3396","Cedral","São Paulo",12618,8012,"Menor porte",0,0,"Cluster 1",8.51,7,"Cluster 1 - Menor porte","Menor porte (<20 mil)"
"3397","Cerqueira César","São Paulo",21469,14247,"Médio porte",0,0,"Cluster 1",2.7,4,"Cluster 1 - Médio porte","Médio porte (>20 mil e <100 mil)"
"3398","Cerquilho","São Paulo",44695,34967,"Médio porte",2,0.57,"Cluster 1",2.7,9,"Cluster 1 - Médio porte","Médio porte (>20 mil e <100 mil)"
"3399","Cesário Lange","São Paulo",19048,14383,"Menor porte",0,0,"Cluster 1",8.51,12,"Cluster 1 - Menor porte","Menor porte (<20 mil)"
"3400","Charqueada","São Paulo",15535,11141,"Menor porte",0,0,"Cluster 1",8.51,9,"Cluster 1 - Menor porte","Menor porte (<20 mil)"
"3401","Chavantes","São Paulo",12211,6627,"Menor porte",1,1.51,"Cluster 3",8.89,6,"Cluster 3 - Menor porte","Menor porte (<20 mil)"
"3402","Clementina","São Paulo",6982,5862,"Menor porte",0,0,"Cluster 1",8.51,5,"Cluster 1 - Menor porte","Menor porte (<20 mil)"
"3403","Colina","São Paulo",18486,13965,"Menor porte",2,1.43,"Cluster 1",8.51,12,"Cluster 1 - Menor porte","Menor porte (<20 mil)"
"3404","Colômbia","São Paulo",6629,4244,"Menor porte",2,4.71,"Cluster 1",8.51,4,"Cluster 1 - Menor porte","Menor porte (<20 mil)"
"3405","Conchal","São Paulo",28101,21441,"Médio porte",0,0,"Cluster 1",2.7,6,"Cluster 1 - Médio porte","Médio porte (>20 mil e <100 mil)"
"3406","Conchas","São Paulo",15232,12004,"Menor porte",2,1.67,"Cluster 1",8.51,10,"Cluster 1 - Menor porte","Menor porte (<20 mil)"
"3407","Cordeirópolis","São Paulo",24514,20382,"Médio porte",9,4.42,"Cluster 1",2.7,6,"Cluster 1 - Médio porte","Médio porte (>20 mil e <100 mil)"
"3408","Coroados","São Paulo",5400,3588,"Menor porte",0,0,"Cluster 3",8.89,3,"Cluster 3 - Menor porte","Menor porte (<20 mil)"
"3409","Coronel Macedo","São Paulo",4280,2264,"Menor porte",2,8.83,"Cluster 3",8.89,2,"Cluster 3 - Menor porte","Menor porte (<20 mil)"
"3410","Corumbataí","São Paulo",4195,3196,"Menor porte",9,28.16,"Cluster 1",8.51,3,"Cluster 1 - Menor porte","Menor porte (<20 mil)"
"3411","Cosmópolis","São Paulo",59773,44336,"Médio porte",0,0,"Cluster 1",2.7,12,"Cluster 1 - Médio porte","Médio porte (>20 mil e <100 mil)"
"3412","Cosmorama","São Paulo",8719,6559,"Menor porte",2,3.05,"Cluster 1",8.51,6,"Cluster 1 - Menor porte","Menor porte (<20 mil)"
"3413","Cotia","São Paulo",274413,171807,"Maior porte",37,2.15,"Cluster 2",3.54,61,"Cluster 2 - Maior porte","Maior porte (>100 mil)"
"3414","Cravinhos","São Paulo",33281,26571,"Médio porte",0,0,"Cluster 1",2.7,7,"Cluster 1 - Médio porte","Médio porte (>20 mil e <100 mil)"
"3415","Cristais Paulista","São Paulo",9272,5164,"Menor porte",0,0,"Cluster 3",8.89,5,"Cluster 3 - Menor porte","Menor porte (<20 mil)"
"3416","Cruzália","São Paulo",2108,1656,"Menor porte",0,0,"Cluster 1",8.51,1,"Cluster 1 - Menor porte","Menor porte (<20 mil)"
"3417","Cruzeiro","São Paulo",74961,47230,"Médio porte",4,0.85,"Cluster 1",2.7,13,"Cluster 1 - Médio porte","Médio porte (>20 mil e <100 mil)"
"3418","Cubatão","São Paulo",112476,63287,"Maior porte",23,3.63,"Cluster 2",3.54,22,"Cluster 2 - Maior porte","Maior porte (>100 mil)"
"3419","Cunha","São Paulo",22110,15429,"Médio porte",1,0.65,"Cluster 1",2.7,4,"Cluster 1 - Médio porte","Médio porte (>20 mil e <100 mil)"
"3420","Descalvado","São Paulo",31756,28156,"Médio porte",0,0,"Cluster 1",2.7,8,"Cluster 1 - Médio porte","Médio porte (>20 mil e <100 mil)"
"3421","Diadema","São Paulo",393237,239167,"Maior porte",40,1.67,"Cluster 1",3.23,77,"Cluster 1 - Maior porte","Maior porte (>100 mil)"
"3422","Dirce Reis","São Paulo",1620,1086,"Menor porte",0,0,"Cluster 1",8.51,1,"Cluster 1 - Menor porte","Menor porte (<20 mil)"
"3423","Divinolândia","São Paulo",11158,9836,"Menor porte",1,1.02,"Cluster 1",8.51,8,"Cluster 1 - Menor porte","Menor porte (<20 mil)"
"3424","Dobrada","São Paulo",8759,4830,"Menor porte",0,0,"Cluster 3",8.89,4,"Cluster 3 - Menor porte","Menor porte (<20 mil)"
"3425","Dois Córregos","São Paulo",24510,19725,"Médio porte",3,1.52,"Cluster 1",2.7,5,"Cluster 1 - Médio porte","Médio porte (>20 mil e <100 mil)"
"3426","Dolcinópolis","São Paulo",2207,1888,"Menor porte",0,0,"Cluster 1",8.51,2,"Cluster 1 - Menor porte","Menor porte (<20 mil)"
"3427","Dourado","São Paulo",8096,6574,"Menor porte",1,1.52,"Cluster 1",8.51,6,"Cluster 1 - Menor porte","Menor porte (<20 mil)"
"3428","Dracena","São Paulo",45474,39840,"Médio porte",9,2.26,"Cluster 1",2.7,11,"Cluster 1 - Médio porte","Médio porte (>20 mil e <100 mil)"
"3429","Duartina","São Paulo",12328,8665,"Menor porte",2,2.31,"Cluster 1",8.51,7,"Cluster 1 - Menor porte","Menor porte (<20 mil)"
"3430","Dumont","São Paulo",9471,6187,"Menor porte",1,1.62,"Cluster 1",8.51,5,"Cluster 1 - Menor porte","Menor porte (<20 mil)"
"3431","Echaporã","São Paulo",6205,3826,"Menor porte",8,20.91,"Cluster 1",8.51,3,"Cluster 1 - Menor porte","Menor porte (<20 mil)"
"3432","Eldorado","São Paulo",13069,6174,"Menor porte",1,1.62,"Cluster 3",8.89,5,"Cluster 3 - Menor porte","Menor porte (<20 mil)"
"3433","Elias Fausto","São Paulo",17699,10563,"Menor porte",0,0,"Cluster 3",8.89,9,"Cluster 3 - Menor porte","Menor porte (<20 mil)"
"3434","Elisiário","São Paulo",3138,1910,"Menor porte",0,0,"Cluster 3",8.89,2,"Cluster 3 - Menor porte","Menor porte (<20 mil)"
"3435","Embaúba","São Paulo",2323,1429,"Menor porte",0,0,"Cluster 3",8.89,1,"Cluster 3 - Menor porte","Menor porte (<20 mil)"
"3436","Embu das Artes","São Paulo",250691,134787,"Maior porte",62,4.6,"Cluster 1",3.23,44,"Cluster 1 - Maior porte","Maior porte (>100 mil)"
"3437","Embu-Guaçu","São Paulo",66970,44509,"Médio porte",0,0,"Cluster 1",2.7,12,"Cluster 1 - Médio porte","Médio porte (>20 mil e <100 mil)"
"3438","Emilianópolis","São Paulo",3014,1970,"Menor porte",0,0,"Cluster 3",8.89,2,"Cluster 3 - Menor porte","Menor porte (<20 mil)"
"3439","Engenheiro Coelho","São Paulo",19566,12518,"Médio porte",0,0,"Cluster 1",2.7,3,"Cluster 1 - Médio porte","Médio porte (>20 mil e <100 mil)"
"3440","Espírito Santo do Pinhal","São Paulo",39816,32880,"Médio porte",1,0.3,"Cluster 1",2.7,9,"Cluster 1 - Médio porte","Médio porte (>20 mil e <100 mil)"
"3441","Espírito Santo do Turvo","São Paulo",4157,2692,"Menor porte",0,0,"Cluster 3",8.89,2,"Cluster 3 - Menor porte","Menor porte (<20 mil)"
"3442","Estiva Gerbi","São Paulo",11295,8603,"Menor porte",0,0,"Cluster 1",8.51,7,"Cluster 1 - Menor porte","Menor porte (<20 mil)"
"3443","Estrela do Norte","São Paulo",2703,1400,"Menor porte",0,0,"Cluster 3",8.89,1,"Cluster 3 - Menor porte","Menor porte (<20 mil)"
"3444","Estrela d'Oeste","São Paulo",9417,7548,"Menor porte",0,0,"Cluster 1",8.51,6,"Cluster 1 - Menor porte","Menor porte (<20 mil)"
"3445","Euclides da Cunha Paulista","São Paulo",7924,5101,"Menor porte",0,0,"Cluster 3",8.89,5,"Cluster 3 - Menor porte","Menor porte (<20 mil)"
"3446","Fartura","São Paulo",16641,11013,"Menor porte",1,0.91,"Cluster 1",8.51,9,"Cluster 1 - Menor porte","Menor porte (<20 mil)"
"3447","Fernando Prestes","São Paulo",5942,4683,"Menor porte",4,8.54,"Cluster 1",8.51,4,"Cluster 1 - Menor porte","Menor porte (<20 mil)"
"3448","Fernandópolis","São Paulo",71186,67036,"Médio porte",2,0.3,"Cluster 1",2.7,18,"Cluster 1 - Médio porte","Médio porte (>20 mil e <100 mil)"
"3449","Fernão","São Paulo",1656,991,"Menor porte",0,0,"Cluster 3",8.89,1,"Cluster 3 - Menor porte","Menor porte (<20 mil)"
"3450","Ferraz de Vasconcelos","São Paulo",179198,81179,"Maior porte",8,0.99,"Cluster 3",3.72,30,"Cluster 3 - Maior porte","Maior porte (>100 mil)"
"3451","Flora Rica","São Paulo",1487,970,"Menor porte",0,0,"Cluster 1",8.51,1,"Cluster 1 - Menor porte","Menor porte (<20 mil)"
"3452","Floreal","São Paulo",2733,2145,"Menor porte",0,0,"Cluster 1",8.51,2,"Cluster 1 - Menor porte","Menor porte (<20 mil)"
"3453","Flórida Paulista","São Paulo",12958,7544,"Menor porte",1,1.33,"Cluster 3",8.89,7,"Cluster 3 - Menor porte","Menor porte (<20 mil)"
"3454","Florínea","São Paulo",3851,1700,"Menor porte",5,29.41,"Cluster 1",8.51,1,"Cluster 1 - Menor porte","Menor porte (<20 mil)"
"3455","Franca","São Paulo",352536,294854,"Maior porte",2,0.07,"Cluster 2",3.54,104,"Cluster 2 - Maior porte","Maior porte (>100 mil)"
"3456","Francisco Morato","São Paulo",165139,60551,"Maior porte",4,0.66,"Cluster 3",3.72,23,"Cluster 3 - Maior porte","Maior porte (>100 mil)"
"3457","Franco da Rocha","São Paulo",144849,69948,"Maior porte",7,1,"Cluster 1",3.23,23,"Cluster 1 - Maior porte","Maior porte (>100 mil)"
"3458","Gabriel Monteiro","São Paulo",2763,2051,"Menor porte",0,0,"Cluster 1",8.51,2,"Cluster 1 - Menor porte","Menor porte (<20 mil)"
"3459","Gália","São Paulo",6380,4241,"Menor porte",1,2.36,"Cluster 1",8.51,4,"Cluster 1 - Menor porte","Menor porte (<20 mil)"
"3460","Garça","São Paulo",42110,32255,"Médio porte",4,1.24,"Cluster 1",2.7,9,"Cluster 1 - Médio porte","Médio porte (>20 mil e <100 mil)"
"3461","Gastão Vidigal","São Paulo",3252,2602,"Menor porte",0,0,"Cluster 3",8.89,2,"Cluster 3 - Menor porte","Menor porte (<20 mil)"
"3462","Gavião Peixoto","São Paulo",4702,2465,"Menor porte",0,0,"Cluster 1",8.51,2,"Cluster 1 - Menor porte","Menor porte (<20 mil)"
"3463","General Salgado","São Paulo",10312,8313,"Menor porte",0,0,"Cluster 1",8.51,7,"Cluster 1 - Menor porte","Menor porte (<20 mil)"
"3464","Getulina","São Paulo",10232,5384,"Menor porte",0,0,"Cluster 3",8.89,5,"Cluster 3 - Menor porte","Menor porte (<20 mil)"
"3465","Glicério","São Paulo",4138,2689,"Menor porte",0,0,"Cluster 3",8.89,2,"Cluster 3 - Menor porte","Menor porte (<20 mil)"
"3466","Guaiçara","São Paulo",11239,6823,"Menor porte",1,1.47,"Cluster 3",8.89,6,"Cluster 3 - Menor porte","Menor porte (<20 mil)"
"3467","Guaimbê","São Paulo",5512,2892,"Menor porte",0,0,"Cluster 3",8.89,3,"Cluster 3 - Menor porte","Menor porte (<20 mil)"
"3468","Guaíra","São Paulo",39279,33849,"Médio porte",0,0,"Cluster 1",2.7,9,"Cluster 1 - Médio porte","Médio porte (>20 mil e <100 mil)"
"3469","Guapiaçu","São Paulo",21711,14760,"Médio porte",1,0.68,"Cluster 1",2.7,4,"Cluster 1 - Médio porte","Médio porte (>20 mil e <100 mil)"
"3470","Guapiara","São Paulo",17071,8705,"Menor porte",0,0,"Cluster 3",8.89,8,"Cluster 3 - Menor porte","Menor porte (<20 mil)"
"3471","Guará","São Paulo",18606,11568,"Médio porte",0,0,"Cluster 3",4.29,5,"Cluster 3 - Médio porte","Médio porte (>20 mil e <100 mil)"
"3472","Guaraçaí","São Paulo",7441,6127,"Menor porte",0,0,"Cluster 1",8.51,5,"Cluster 1 - Menor porte","Menor porte (<20 mil)"
"3473","Guaraci","São Paulo",10350,6736,"Menor porte",0,0,"Cluster 1",8.51,6,"Cluster 1 - Menor porte","Menor porte (<20 mil)"
"3474","Guarani d'Oeste","São Paulo",1968,1351,"Menor porte",0,0,"Cluster 1",8.51,1,"Cluster 1 - Menor porte","Menor porte (<20 mil)"
"3475","Guarantã","São Paulo",6427,3861,"Menor porte",0,0,"Cluster 3",8.89,3,"Cluster 3 - Menor porte","Menor porte (<20 mil)"
"3476","Guararapes","São Paulo",31043,25182,"Médio porte",0,0,"Cluster 1",2.7,7,"Cluster 1 - Médio porte","Médio porte (>20 mil e <100 mil)"
"3477","Guararema","São Paulo",31236,21763,"Médio porte",15,6.89,"Cluster 1",2.7,6,"Cluster 1 - Médio porte","Médio porte (>20 mil e <100 mil)"
"3478","Guaratinguetá","São Paulo",118044,81412,"Maior porte",9,1.11,"Cluster 2",3.54,29,"Cluster 2 - Maior porte","Maior porte (>100 mil)"
"3479","Guareí","São Paulo",15013,7826,"Menor porte",1,1.28,"Cluster 3",8.89,7,"Cluster 3 - Menor porte","Menor porte (<20 mil)"
"3480","Guariba","São Paulo",37498,24717,"Médio porte",1,0.4,"Cluster 1",2.7,7,"Cluster 1 - Médio porte","Médio porte (>20 mil e <100 mil)"
"3481","Guarujá","São Paulo",287634,160531,"Maior porte",32,1.99,"Cluster 1",3.23,52,"Cluster 1 - Maior porte","Maior porte (>100 mil)"
"3482","Guarulhos","São Paulo",1291771,788038,"Maior porte",312,3.96,"Cluster 1",3.23,255,"Cluster 1 - Maior porte","Maior porte (>100 mil)"
"3483","Guatapará","São Paulo",7320,4041,"Menor porte",2,4.95,"Cluster 1",8.51,3,"Cluster 1 - Menor porte","Menor porte (<20 mil)"
"3484","Guzolândia","São Paulo",4246,2840,"Menor porte",0,0,"Cluster 3",8.89,3,"Cluster 3 - Menor porte","Menor porte (<20 mil)"
"3485","Herculândia","São Paulo",9125,6462,"Menor porte",0,0,"Cluster 1",8.51,5,"Cluster 1 - Menor porte","Menor porte (<20 mil)"
"3486","Holambra","São Paulo",15094,12364,"Menor porte",0,0,"Cluster 1",8.51,11,"Cluster 1 - Menor porte","Menor porte (<20 mil)"
"3487","Hortolândia","São Paulo",236641,143763,"Maior porte",122,8.49,"Cluster 2",3.54,51,"Cluster 2 - Maior porte","Maior porte (>100 mil)"
"3488","Iacanga","São Paulo",10437,7877,"Menor porte",2,2.54,"Cluster 1",8.51,7,"Cluster 1 - Menor porte","Menor porte (<20 mil)"
"3489","Iacri","São Paulo",6131,3971,"Menor porte",3,7.55,"Cluster 1",8.51,3,"Cluster 1 - Menor porte","Menor porte (<20 mil)"
"3490","Iaras","São Paulo",8010,2863,"Menor porte",0,0,"Cluster 3",8.89,3,"Cluster 3 - Menor porte","Menor porte (<20 mil)"
"3491","Ibaté","São Paulo",32178,21891,"Médio porte",0,0,"Cluster 1",2.7,6,"Cluster 1 - Médio porte","Médio porte (>20 mil e <100 mil)"
"3492","Ibirá","São Paulo",11690,7907,"Menor porte",0,0,"Cluster 1",8.51,7,"Cluster 1 - Menor porte","Menor porte (<20 mil)"
"3493","Ibirarema","São Paulo",6385,4476,"Menor porte",0,0,"Cluster 3",8.89,4,"Cluster 3 - Menor porte","Menor porte (<20 mil)"
"3494","Ibitinga","São Paulo",60033,48788,"Médio porte",1,0.2,"Cluster 1",2.7,13,"Cluster 1 - Médio porte","Médio porte (>20 mil e <100 mil)"
"3495","Ibiúna","São Paulo",75605,59087,"Médio porte",16,2.71,"Cluster 1",2.7,16,"Cluster 1 - Médio porte","Médio porte (>20 mil e <100 mil)"
"3496","Icém","São Paulo",7819,5287,"Menor porte",0,0,"Cluster 3",8.89,5,"Cluster 3 - Menor porte","Menor porte (<20 mil)"
"3497","Iepê","São Paulo",7619,5334,"Menor porte",0,0,"Cluster 1",8.51,5,"Cluster 1 - Menor porte","Menor porte (<20 mil)"
"3498","Igaraçu do Tietê","São Paulo",23106,14878,"Médio porte",2,1.34,"Cluster 1",2.7,4,"Cluster 1 - Médio porte","Médio porte (>20 mil e <100 mil)"
"3499","Igarapava","São Paulo",26212,17244,"Médio porte",1,0.58,"Cluster 1",2.7,5,"Cluster 1 - Médio porte","Médio porte (>20 mil e <100 mil)"
"3500","Igaratá","São Paulo",10605,7418,"Menor porte",0,0,"Cluster 1",8.51,6,"Cluster 1 - Menor porte","Menor porte (<20 mil)"
"3501","Iguape","São Paulo",29115,12670,"Médio porte",4,3.16,"Cluster 1",2.7,3,"Cluster 1 - Médio porte","Médio porte (>20 mil e <100 mil)"
"3502","Ilha Comprida","São Paulo",13419,7295,"Menor porte",0,0,"Cluster 1",8.51,6,"Cluster 1 - Menor porte","Menor porte (<20 mil)"
"3503","Ilha Solteira","São Paulo",25549,21437,"Médio porte",0,0,"Cluster 1",2.7,6,"Cluster 1 - Médio porte","Médio porte (>20 mil e <100 mil)"
"3504","Ilhabela","São Paulo",34934,26076,"Médio porte",1,0.38,"Cluster 1",2.7,7,"Cluster 1 - Médio porte","Médio porte (>20 mil e <100 mil)"
"3505","Indaiatuba","São Paulo",255748,225424,"Maior porte",6,0.27,"Cluster 2",3.54,80,"Cluster 2 - Maior porte","Maior porte (>100 mil)"
"3506","Indiana","São Paulo",5090,3486,"Menor porte",5,14.34,"Cluster 1",8.51,3,"Cluster 1 - Menor porte","Menor porte (<20 mil)"
"3507","Indiaporã","São Paulo",4035,3066,"Menor porte",0,0,"Cluster 1",8.51,3,"Cluster 1 - Menor porte","Menor porte (<20 mil)"
"3508","Inúbia Paulista","São Paulo",3615,2419,"Menor porte",3,12.4,"Cluster 1",8.51,2,"Cluster 1 - Menor porte","Menor porte (<20 mil)"
"3509","Ipaussu","São Paulo",13712,7926,"Menor porte",1,1.26,"Cluster 3",8.89,7,"Cluster 3 - Menor porte","Menor porte (<20 mil)"
"3510","Iperó","São Paulo",36459,13654,"Médio porte",0,0,"Cluster 3",4.29,6,"Cluster 3 - Médio porte","Médio porte (>20 mil e <100 mil)"
"3511","Ipeúna","São Paulo",6831,5097,"Menor porte",2,3.92,"Cluster 1",8.51,4,"Cluster 1 - Menor porte","Menor porte (<20 mil)"
"3512","Ipiguá","São Paulo",6761,2940,"Menor porte",0,0,"Cluster 3",8.89,3,"Cluster 3 - Menor porte","Menor porte (<20 mil)"
"3513","Iporanga","São Paulo",4046,1390,"Menor porte",0,0,"Cluster 3",8.89,1,"Cluster 3 - Menor porte","Menor porte (<20 mil)"
"3514","Ipuã","São Paulo",14454,8975,"Menor porte",0,0,"Cluster 1",8.51,8,"Cluster 1 - Menor porte","Menor porte (<20 mil)"
"3515","Iracemápolis","São Paulo",21967,18345,"Médio porte",1,0.55,"Cluster 1",2.7,5,"Cluster 1 - Médio porte","Médio porte (>20 mil e <100 mil)"
"3516","Irapuã","São Paulo",6867,4606,"Menor porte",0,0,"Cluster 3",8.89,4,"Cluster 3 - Menor porte","Menor porte (<20 mil)"
"3517","Irapuru","São Paulo",7085,3724,"Menor porte",1,2.69,"Cluster 3",8.89,3,"Cluster 3 - Menor porte","Menor porte (<20 mil)"
"3518","Itaberá","São Paulo",17983,10988,"Menor porte",0,0,"Cluster 3",8.89,10,"Cluster 3 - Menor porte","Menor porte (<20 mil)"
"3519","Itaí","São Paulo",25180,16305,"Médio porte",4,2.45,"Cluster 1",2.7,4,"Cluster 1 - Médio porte","Médio porte (>20 mil e <100 mil)"
"3520","Itajobi","São Paulo",16989,13629,"Menor porte",0,0,"Cluster 1",8.51,12,"Cluster 1 - Menor porte","Menor porte (<20 mil)"
"3521","Itaju","São Paulo",3618,1835,"Menor porte",0,0,"Cluster 3",8.89,2,"Cluster 3 - Menor porte","Menor porte (<20 mil)"
"3522","Itanhaém","São Paulo",112476,57001,"Maior porte",1,0.18,"Cluster 1",3.23,18,"Cluster 1 - Maior porte","Maior porte (>100 mil)"
"3523","Itaoca","São Paulo",3422,1300,"Menor porte",0,0,"Cluster 3",8.89,1,"Cluster 3 - Menor porte","Menor porte (<20 mil)"
"3524","Itapecerica da Serra","São Paulo",158522,90294,"Maior porte",33,3.65,"Cluster 1",3.23,29,"Cluster 1 - Maior porte","Maior porte (>100 mil)"
"3525","Itapetininga","São Paulo",157790,114682,"Maior porte",2,0.17,"Cluster 1",3.23,37,"Cluster 1 - Maior porte","Maior porte (>100 mil)"
"3526","Itapeva","São Paulo",89728,70868,"Médio porte",4,0.56,"Cluster 1",2.7,19,"Cluster 1 - Médio porte","Médio porte (>20 mil e <100 mil)"
"3527","Itapevi","São Paulo",232297,117604,"Maior porte",15,1.28,"Cluster 1",3.23,38,"Cluster 1 - Maior porte","Maior porte (>100 mil)"
"3528","Itapira","São Paulo",72022,63660,"Médio porte",3,0.47,"Cluster 1",2.7,17,"Cluster 1 - Médio porte","Médio porte (>20 mil e <100 mil)"
"3529","Itapirapuã Paulista","São Paulo",4306,1882,"Menor porte",0,0,"Cluster 3",8.89,2,"Cluster 3 - Menor porte","Menor porte (<20 mil)"
"3530","Itápolis","São Paulo",39493,35972,"Médio porte",3,0.83,"Cluster 1",2.7,10,"Cluster 1 - Médio porte","Médio porte (>20 mil e <100 mil)"
"3531","Itaporanga","São Paulo",14085,8947,"Menor porte",2,2.24,"Cluster 3",8.89,8,"Cluster 3 - Menor porte","Menor porte (<20 mil)"
"3532","Itapuí","São Paulo",13659,8248,"Menor porte",2,2.42,"Cluster 1",8.51,7,"Cluster 1 - Menor porte","Menor porte (<20 mil)"
"3533","Itapura","São Paulo",3979,1949,"Menor porte",0,0,"Cluster 3",8.89,2,"Cluster 3 - Menor porte","Menor porte (<20 mil)"
"3534","Itaquaquecetuba","São Paulo",369275,154783,"Maior porte",45,2.91,"Cluster 3",3.72,58,"Cluster 3 - Maior porte","Maior porte (>100 mil)"
"3535","Itararé","São Paulo",44438,28883,"Médio porte",0,0,"Cluster 3",4.29,12,"Cluster 3 - Médio porte","Médio porte (>20 mil e <100 mil)"
"3536","Itariri","São Paulo",15528,5713,"Menor porte",4,7,"Cluster 3",8.89,5,"Cluster 3 - Menor porte","Menor porte (<20 mil)"
"3537","Itatiba","São Paulo",121590,95193,"Maior porte",14,1.47,"Cluster 2",3.54,34,"Cluster 2 - Maior porte","Maior porte (>100 mil)"
"3538","Itatinga","São Paulo",19070,11344,"Médio porte",0,0,"Cluster 3",4.29,5,"Cluster 3 - Médio porte","Médio porte (>20 mil e <100 mil)"
"3539","Itirapina","São Paulo",16148,10338,"Menor porte",6,5.8,"Cluster 1",8.51,9,"Cluster 1 - Menor porte","Menor porte (<20 mil)"
"3540","Itirapuã","São Paulo",5779,3470,"Menor porte",0,0,"Cluster 3",8.89,3,"Cluster 3 - Menor porte","Menor porte (<20 mil)"
"3541","Itobi","São Paulo",8046,5263,"Menor porte",0,0,"Cluster 3",8.89,5,"Cluster 3 - Menor porte","Menor porte (<20 mil)"
"3542","Itu","São Paulo",168240,141207,"Maior porte",13,0.92,"Cluster 2",3.54,50,"Cluster 2 - Maior porte","Maior porte (>100 mil)"
"3543","Itupeva","São Paulo",70616,48902,"Médio porte",1,0.2,"Cluster 1",2.7,13,"Cluster 1 - Médio porte","Médio porte (>20 mil e <100 mil)"
"3544","Ituverava","São Paulo",37571,30340,"Médio porte",5,1.65,"Cluster 1",2.7,8,"Cluster 1 - Médio porte","Médio porte (>20 mil e <100 mil)"
"3545","Jaborandi","São Paulo",6221,4593,"Menor porte",0,0,"Cluster 3",8.89,4,"Cluster 3 - Menor porte","Menor porte (<20 mil)"
"3546","Jaboticabal","São Paulo",71821,63577,"Médio porte",4,0.63,"Cluster 1",2.7,17,"Cluster 1 - Médio porte","Médio porte (>20 mil e <100 mil)"
"3547","Jacareí","São Paulo",240275,158097,"Maior porte",72,4.55,"Cluster 2",3.54,56,"Cluster 2 - Maior porte","Maior porte (>100 mil)"
"3548","Jaci","São Paulo",7613,5389,"Menor porte",1,1.86,"Cluster 1",8.51,5,"Cluster 1 - Menor porte","Menor porte (<20 mil)"
"3549","Jacupiranga","São Paulo",16097,10221,"Menor porte",0,0,"Cluster 3",8.89,9,"Cluster 3 - Menor porte","Menor porte (<20 mil)"
"3550","Jaguariúna","São Paulo",59347,47179,"Médio porte",1,0.21,"Cluster 1",2.7,13,"Cluster 1 - Médio porte","Médio porte (>20 mil e <100 mil)"
"3551","Jales","São Paulo",48776,50857,"Médio porte",0,0,"Cluster 1",2.7,14,"Cluster 1 - Médio porte","Médio porte (>20 mil e <100 mil)"
"3552","Jambeiro","São Paulo",6397,3484,"Menor porte",4,11.48,"Cluster 1",8.51,3,"Cluster 1 - Menor porte","Menor porte (<20 mil)"
"3553","Jandira","São Paulo",118045,65562,"Maior porte",0,0,"Cluster 1",3.23,21,"Cluster 1 - Maior porte","Maior porte (>100 mil)"
"3554","Jardinópolis","São Paulo",45282,29445,"Médio porte",2,0.68,"Cluster 1",2.7,8,"Cluster 1 - Médio porte","Médio porte (>20 mil e <100 mil)"
"3555","Jarinu","São Paulo",37535,24575,"Médio porte",1,0.41,"Cluster 1",2.7,7,"Cluster 1 - Médio porte","Médio porte (>20 mil e <100 mil)"
"3556","Jaú","São Paulo",133497,113609,"Maior porte",16,1.41,"Cluster 2",3.54,40,"Cluster 2 - Maior porte","Maior porte (>100 mil)"
"3557","Jeriquara","São Paulo",3863,2212,"Menor porte",0,0,"Cluster 1",8.51,2,"Cluster 1 - Menor porte","Menor porte (<20 mil)"
"3558","Joanópolis","São Paulo",12815,11723,"Menor porte",0,0,"Cluster 1",8.51,10,"Cluster 1 - Menor porte","Menor porte (<20 mil)"
"3559","João Ramalho","São Paulo",4371,2184,"Menor porte",1,4.58,"Cluster 3",8.89,2,"Cluster 3 - Menor porte","Menor porte (<20 mil)"
"3560","José Bonifácio","São Paulo",36633,33543,"Médio porte",3,0.89,"Cluster 1",2.7,9,"Cluster 1 - Médio porte","Médio porte (>20 mil e <100 mil)"
"3561","Júlio Mesquita","São Paulo",4254,2001,"Menor porte",2,10,"Cluster 3",8.89,2,"Cluster 3 - Menor porte","Menor porte (<20 mil)"
"3562","Jumirim","São Paulo",3056,1962,"Menor porte",1,5.1,"Cluster 1",8.51,2,"Cluster 1 - Menor porte","Menor porte (<20 mil)"
"3563","Jundiaí","São Paulo",443221,360971,"Maior porte",62,1.72,"Cluster 2",3.54,128,"Cluster 2 - Maior porte","Maior porte (>100 mil)"
"3564","Junqueirópolis","São Paulo",20448,14601,"Médio porte",2,1.37,"Cluster 1",2.7,4,"Cluster 1 - Médio porte","Médio porte (>20 mil e <100 mil)"
"3565","Juquiá","São Paulo",17154,9206,"Menor porte",7,7.6,"Cluster 3",8.89,8,"Cluster 3 - Menor porte","Menor porte (<20 mil)"
"3566","Juquitiba","São Paulo",27404,18977,"Médio porte",0,0,"Cluster 1",2.7,5,"Cluster 1 - Médio porte","Médio porte (>20 mil e <100 mil)"
"3567","Lagoinha","São Paulo",5083,4281,"Menor porte",0,0,"Cluster 1",8.51,4,"Cluster 1 - Menor porte","Menor porte (<20 mil)"
"3568","Laranjal Paulista","São Paulo",26261,21157,"Médio porte",2,0.95,"Cluster 1",2.7,6,"Cluster 1 - Médio porte","Médio porte (>20 mil e <100 mil)"
"3569","Lavínia","São Paulo",9689,3128,"Menor porte",0,0,"Cluster 3",8.89,3,"Cluster 3 - Menor porte","Menor porte (<20 mil)"
"3570","Lavrinhas","São Paulo",7171,3908,"Menor porte",3,7.68,"Cluster 3",8.89,3,"Cluster 3 - Menor porte","Menor porte (<20 mil)"
"3571","Leme","São Paulo",98161,81834,"Maior porte",0,0,"Cluster 2",3.54,29,"Cluster 2 - Maior porte","Maior porte (>100 mil)"
"3572","Lençóis Paulista","São Paulo",66505,56429,"Médio porte",7,1.24,"Cluster 1",2.7,15,"Cluster 1 - Médio porte","Médio porte (>20 mil e <100 mil)"
"3573","Limeira","São Paulo",291869,246648,"Maior porte",86,3.49,"Cluster 2",3.54,87,"Cluster 2 - Maior porte","Maior porte (>100 mil)"
"3574","Lindóia","São Paulo",7014,6015,"Menor porte",4,6.65,"Cluster 1",8.51,5,"Cluster 1 - Menor porte","Menor porte (<20 mil)"
"3575","Lins","São Paulo",74779,64931,"Médio porte",1,0.15,"Cluster 1",2.7,18,"Cluster 1 - Médio porte","Médio porte (>20 mil e <100 mil)"
"3576","Lorena","São Paulo",84855,52291,"Médio porte",8,1.53,"Cluster 1",2.7,14,"Cluster 1 - Médio porte","Médio porte (>20 mil e <100 mil)"
"3577","Lourdes","São Paulo",1950,1327,"Menor porte",0,0,"Cluster 3",8.89,1,"Cluster 3 - Menor porte","Menor porte (<20 mil)"
"3578","Louveira","São Paulo",51847,38108,"Médio porte",6,1.57,"Cluster 1",2.7,10,"Cluster 1 - Médio porte","Médio porte (>20 mil e <100 mil)"
"3579","Lucélia","São Paulo",20061,14145,"Médio porte",1,0.71,"Cluster 1",2.7,4,"Cluster 1 - Médio porte","Médio porte (>20 mil e <100 mil)"
"3580","Lucianópolis","São Paulo",2372,1490,"Menor porte",0,0,"Cluster 1",8.51,1,"Cluster 1 - Menor porte","Menor porte (<20 mil)"
"3581","Luís Antônio","São Paulo",12265,8189,"Menor porte",2,2.44,"Cluster 1",8.51,7,"Cluster 1 - Menor porte","Menor porte (<20 mil)"
"3582","Luiziânia","São Paulo",4701,2610,"Menor porte",0,0,"Cluster 3",8.89,2,"Cluster 3 - Menor porte","Menor porte (<20 mil)"
"3583","Lupércio","São Paulo",3981,2121,"Menor porte",0,0,"Cluster 3",8.89,2,"Cluster 3 - Menor porte","Menor porte (<20 mil)"
"3584","Lutécia","São Paulo",2661,1661,"Menor porte",0,0,"Cluster 1",8.51,1,"Cluster 1 - Menor porte","Menor porte (<20 mil)"
"3585","Macatuba","São Paulo",16829,12107,"Menor porte",2,1.65,"Cluster 1",8.51,10,"Cluster 1 - Menor porte","Menor porte (<20 mil)"
"3586","Macaubal","São Paulo",7481,6029,"Menor porte",0,0,"Cluster 1",8.51,5,"Cluster 1 - Menor porte","Menor porte (<20 mil)"
"3587","Macedônia","São Paulo",3963,2430,"Menor porte",0,0,"Cluster 1",8.51,2,"Cluster 1 - Menor porte","Menor porte (<20 mil)"
"3588","Magda","São Paulo",3165,2509,"Menor porte",0,0,"Cluster 1",8.51,2,"Cluster 1 - Menor porte","Menor porte (<20 mil)"
"3589","Mairinque","São Paulo",50027,35472,"Médio porte",0,0,"Cluster 1",2.7,10,"Cluster 1 - Médio porte","Médio porte (>20 mil e <100 mil)"
"3590","Mairiporã","São Paulo",93853,61240,"Maior porte",3,0.49,"Cluster 1",3.23,20,"Cluster 1 - Maior porte","Maior porte (>100 mil)"
"3591","Manduri","São Paulo",9871,7465,"Menor porte",0,0,"Cluster 1",8.51,6,"Cluster 1 - Menor porte","Menor porte (<20 mil)"
"3592","Marabá Paulista","São Paulo",4573,2054,"Menor porte",0,0,"Cluster 3",8.89,2,"Cluster 3 - Menor porte","Menor porte (<20 mil)"
"3593","Maracaí","São Paulo",12673,9944,"Menor porte",0,0,"Cluster 1",8.51,8,"Cluster 1 - Menor porte","Menor porte (<20 mil)"
"3594","Marapoama","São Paulo",3292,2899,"Menor porte",0,0,"Cluster 1",8.51,2,"Cluster 1 - Menor porte","Menor porte (<20 mil)"
"3595","Mariápolis","São Paulo",3513,1982,"Menor porte",0,0,"Cluster 3",8.89,2,"Cluster 3 - Menor porte","Menor porte (<20 mil)"
"3596","Marília","São Paulo",237627,187752,"Maior porte",90,4.79,"Cluster 2",3.54,66,"Cluster 2 - Maior porte","Maior porte (>100 mil)"
"3597","Marinópolis","São Paulo",1860,1457,"Menor porte",0,0,"Cluster 1",8.51,1,"Cluster 1 - Menor porte","Menor porte (<20 mil)"
"3598","Martinópolis","São Paulo",24881,16636,"Médio porte",4,2.4,"Cluster 1",2.7,4,"Cluster 1 - Médio porte","Médio porte (>20 mil e <100 mil)"
"3599","Matão","São Paulo",79033,74047,"Médio porte",2,0.27,"Cluster 1",2.7,20,"Cluster 1 - Médio porte","Médio porte (>20 mil e <100 mil)"
"3600","Mauá","São Paulo",418261,256619,"Maior porte",58,2.26,"Cluster 1",3.23,83,"Cluster 1 - Maior porte","Maior porte (>100 mil)"
"3601","Mendonça","São Paulo",6159,4286,"Menor porte",1,2.33,"Cluster 1",8.51,4,"Cluster 1 - Menor porte","Menor porte (<20 mil)"
"3602","Meridiano","São Paulo",4572,3659,"Menor porte",0,0,"Cluster 1",8.51,3,"Cluster 1 - Menor porte","Menor porte (<20 mil)"
"3603","Mesópolis","São Paulo",1952,1236,"Menor porte",0,0,"Cluster 1",8.51,1,"Cluster 1 - Menor porte","Menor porte (<20 mil)"
"3604","Miguelópolis","São Paulo",19441,13189,"Médio porte",1,0.76,"Cluster 1",2.7,4,"Cluster 1 - Médio porte","Médio porte (>20 mil e <100 mil)"
"3605","Mineiros do Tietê","São Paulo",11230,7860,"Menor porte",3,3.82,"Cluster 3",8.89,7,"Cluster 3 - Menor porte","Menor porte (<20 mil)"
"3606","Mira Estrela","São Paulo",3126,2122,"Menor porte",0,0,"Cluster 1",8.51,2,"Cluster 1 - Menor porte","Menor porte (<20 mil)"
"3607","Miracatu","São Paulo",18553,10821,"Menor porte",5,4.62,"Cluster 3",8.89,10,"Cluster 3 - Menor porte","Menor porte (<20 mil)"
"3608","Mirandópolis","São Paulo",27983,20155,"Médio porte",0,0,"Cluster 1",2.7,5,"Cluster 1 - Médio porte","Médio porte (>20 mil e <100 mil)"
"3609","Mirante do Paranapanema","São Paulo",15917,9912,"Menor porte",1,1.01,"Cluster 3",8.89,9,"Cluster 3 - Menor porte","Menor porte (<20 mil)"
"3610","Mirassol","São Paulo",63337,51026,"Médio porte",1,0.2,"Cluster 1",2.7,14,"Cluster 1 - Médio porte","Médio porte (>20 mil e <100 mil)"
"3611","Mirassolândia","São Paulo",4669,3050,"Menor porte",0,0,"Cluster 1",8.51,3,"Cluster 1 - Menor porte","Menor porte (<20 mil)"
"3612","Mococa","São Paulo",67681,50875,"Médio porte",0,0,"Cluster 1",2.7,14,"Cluster 1 - Médio porte","Médio porte (>20 mil e <100 mil)"
"3613","Mogi das Cruzes","São Paulo",451505,285644,"Maior porte",129,4.52,"Cluster 1",3.23,92,"Cluster 1 - Maior porte","Maior porte (>100 mil)"
"3614","Mogi Guaçu","São Paulo",153658,131296,"Maior porte",35,2.67,"Cluster 2",3.54,46,"Cluster 2 - Maior porte","Maior porte (>100 mil)"
"3615","Mogi Mirim","São Paulo",92558,80924,"Médio porte",24,2.97,"Cluster 1",2.7,22,"Cluster 1 - Médio porte","Médio porte (>20 mil e <100 mil)"
"3616","Mombuca","São Paulo",3722,2532,"Menor porte",0,0,"Cluster 1",8.51,2,"Cluster 1 - Menor porte","Menor porte (<20 mil)"
"3617","Monções","São Paulo",1937,1965,"Menor porte",0,0,"Cluster 1",8.51,2,"Cluster 1 - Menor porte","Menor porte (<20 mil)"
"3618","Mongaguá","São Paulo",61951,28524,"Médio porte",5,1.75,"Cluster 1",2.7,8,"Cluster 1 - Médio porte","Médio porte (>20 mil e <100 mil)"
"3619","Monte Alegre do Sul","São Paulo",8627,7057,"Menor porte",0,0,"Cluster 1",8.51,6,"Cluster 1 - Menor porte","Menor porte (<20 mil)"
"3620","Monte Alto","São Paulo",47574,45369,"Médio porte",2,0.44,"Cluster 1",2.7,12,"Cluster 1 - Médio porte","Médio porte (>20 mil e <100 mil)"
"3621","Monte Aprazível","São Paulo",22280,18631,"Médio porte",3,1.61,"Cluster 1",2.7,5,"Cluster 1 - Médio porte","Médio porte (>20 mil e <100 mil)"
"3622","Monte Azul Paulista","São Paulo",18151,15658,"Menor porte",1,0.64,"Cluster 1",8.51,13,"Cluster 1 - Menor porte","Menor porte (<20 mil)"
"3623","Monte Castelo","São Paulo",4222,2812,"Menor porte",0,0,"Cluster 1",8.51,2,"Cluster 1 - Menor porte","Menor porte (<20 mil)"
"3624","Monte Mor","São Paulo",64662,40097,"Médio porte",2,0.5,"Cluster 1",2.7,11,"Cluster 1 - Médio porte","Médio porte (>20 mil e <100 mil)"
"3625","Monteiro Lobato","São Paulo",4138,3437,"Menor porte",0,0,"Cluster 3",8.89,3,"Cluster 3 - Menor porte","Menor porte (<20 mil)"
"3626","Morro Agudo","São Paulo",27933,20854,"Médio porte",0,0,"Cluster 1",2.7,6,"Cluster 1 - Médio porte","Médio porte (>20 mil e <100 mil)"
"3627","Morungaba","São Paulo",13720,11751,"Menor porte",0,0,"Cluster 1",8.51,10,"Cluster 1 - Menor porte","Menor porte (<20 mil)"
"3628","Motuca","São Paulo",4034,2704,"Menor porte",0,0,"Cluster 3",8.89,2,"Cluster 3 - Menor porte","Menor porte (<20 mil)"
"3629","Murutinga do Sul","São Paulo",3737,2722,"Menor porte",0,0,"Cluster 3",8.89,2,"Cluster 3 - Menor porte","Menor porte (<20 mil)"
"3630","Nantes","São Paulo",2660,1347,"Menor porte",1,7.42,"Cluster 3",8.89,1,"Cluster 3 - Menor porte","Menor porte (<20 mil)"
"3631","Narandiba","São Paulo",5713,2951,"Menor porte",0,0,"Cluster 3",8.89,3,"Cluster 3 - Menor porte","Menor porte (<20 mil)"
"3632","Natividade da Serra","São Paulo",6999,3367,"Menor porte",0,0,"Cluster 3",8.89,3,"Cluster 3 - Menor porte","Menor porte (<20 mil)"
"3633","Nazaré Paulista","São Paulo",18217,14530,"Menor porte",0,0,"Cluster 3",8.89,13,"Cluster 3 - Menor porte","Menor porte (<20 mil)"
"3634","Neves Paulista","São Paulo",9699,6546,"Menor porte",0,0,"Cluster 1",8.51,6,"Cluster 1 - Menor porte","Menor porte (<20 mil)"
"3635","Nhandeara","São Paulo",9852,8274,"Menor porte",0,0,"Cluster 1",8.51,7,"Cluster 1 - Menor porte","Menor porte (<20 mil)"
"3636","Nipoã","São Paulo",4750,3368,"Menor porte",0,0,"Cluster 3",8.89,3,"Cluster 3 - Menor porte","Menor porte (<20 mil)"
"3637","Nova Aliança","São Paulo",6693,4549,"Menor porte",0,0,"Cluster 1",8.51,4,"Cluster 1 - Menor porte","Menor porte (<20 mil)"
"3638","Nova Campina","São Paulo",8497,3633,"Menor porte",0,0,"Cluster 2",16.92,6,"Cluster 2 - Menor porte","Menor porte (<20 mil)"
"3639","Nova Canaã Paulista","São Paulo",2032,1345,"Menor porte",0,0,"Cluster 1",8.51,1,"Cluster 1 - Menor porte","Menor porte (<20 mil)"
"3640","Nova Castilho","São Paulo",1062,836,"Menor porte",0,0,"Cluster 1",8.51,1,"Cluster 1 - Menor porte","Menor porte (<20 mil)"
"3641","Nova Europa","São Paulo",9311,6449,"Menor porte",1,1.55,"Cluster 1",8.51,5,"Cluster 1 - Menor porte","Menor porte (<20 mil)"
"3642","Nova Granada","São Paulo",19419,15332,"Médio porte",2,1.3,"Cluster 1",2.7,4,"Cluster 1 - Médio porte","Médio porte (>20 mil e <100 mil)"
"3643","Nova Guataporanga","São Paulo",2156,1478,"Menor porte",0,0,"Cluster 1",8.51,1,"Cluster 1 - Menor porte","Menor porte (<20 mil)"
"3644","Nova Independência","São Paulo",4609,2879,"Menor porte",0,0,"Cluster 1",8.51,2,"Cluster 1 - Menor porte","Menor porte (<20 mil)"
"3645","Nova Luzitânia","São Paulo",2837,1993,"Menor porte",0,0,"Cluster 3",8.89,2,"Cluster 3 - Menor porte","Menor porte (<20 mil)"
"3646","Nova Odessa","São Paulo",62019,49303,"Médio porte",2,0.41,"Cluster 1",2.7,13,"Cluster 1 - Médio porte","Médio porte (>20 mil e <100 mil)"
"3647","Novais","São Paulo",4412,2862,"Menor porte",0,0,"Cluster 3",8.89,3,"Cluster 3 - Menor porte","Menor porte (<20 mil)"
"3648","Novo Horizonte","São Paulo",38324,33193,"Médio porte",5,1.51,"Cluster 1",2.7,9,"Cluster 1 - Médio porte","Médio porte (>20 mil e <100 mil)"
"3649","Nuporanga","São Paulo",7391,5097,"Menor porte",0,0,"Cluster 1",8.51,4,"Cluster 1 - Menor porte","Menor porte (<20 mil)"
"3650","Ocauçu","São Paulo",4331,2888,"Menor porte",0,0,"Cluster 1",8.51,2,"Cluster 1 - Menor porte","Menor porte (<20 mil)"
"3651","Óleo","São Paulo",2512,1539,"Menor porte",0,0,"Cluster 1",8.51,1,"Cluster 1 - Menor porte","Menor porte (<20 mil)"
"3652","Olímpia","São Paulo",55074,45925,"Médio porte",3,0.65,"Cluster 1",2.7,12,"Cluster 1 - Médio porte","Médio porte (>20 mil e <100 mil)"
"3653","Onda Verde","São Paulo",4771,2708,"Menor porte",0,0,"Cluster 1",8.51,2,"Cluster 1 - Menor porte","Menor porte (<20 mil)"
"3654","Oriente","São Paulo",6085,3873,"Menor porte",3,7.75,"Cluster 1",8.51,3,"Cluster 1 - Menor porte","Menor porte (<20 mil)"
"3655","Orindiúva","São Paulo",6024,4910,"Menor porte",0,0,"Cluster 1",8.51,4,"Cluster 1 - Menor porte","Menor porte (<20 mil)"
"3656","Orlândia","São Paulo",38319,37151,"Médio porte",4,1.08,"Cluster 1",2.7,10,"Cluster 1 - Médio porte","Médio porte (>20 mil e <100 mil)"
"3657","Osasco","São Paulo",728615,469252,"Maior porte",36,0.77,"Cluster 2",3.54,166,"Cluster 2 - Maior porte","Maior porte (>100 mil)"
"3658","Oscar Bressane","São Paulo",2470,1626,"Menor porte",0,0,"Cluster 1",8.51,1,"Cluster 1 - Menor porte","Menor porte (<20 mil)"
"3659","Osvaldo Cruz","São Paulo",31272,26201,"Médio porte",1,0.38,"Cluster 1",2.7,7,"Cluster 1 - Médio porte","Médio porte (>20 mil e <100 mil)"
"3660","Ourinhos","São Paulo",103970,86464,"Maior porte",24,2.78,"Cluster 2",3.54,31,"Cluster 2 - Maior porte","Maior porte (>100 mil)"
"3661","Ouro Verde","São Paulo",7779,4721,"Menor porte",0,0,"Cluster 3",8.89,4,"Cluster 3 - Menor porte","Menor porte (<20 mil)"
"3662","Ouroeste","São Paulo",10294,7839,"Menor porte",0,0,"Cluster 1",8.51,7,"Cluster 1 - Menor porte","Menor porte (<20 mil)"
"3663","Pacaembu","São Paulo",14877,7892,"Menor porte",2,2.53,"Cluster 3",8.89,7,"Cluster 3 - Menor porte","Menor porte (<20 mil)"
"3664","Palestina","São Paulo",11476,7585,"Menor porte",1,1.32,"Cluster 1",8.51,6,"Cluster 1 - Menor porte","Menor porte (<20 mil)"
"3665","Palmares Paulista","São Paulo",9650,5423,"Menor porte",0,0,"Cluster 3",8.89,5,"Cluster 3 - Menor porte","Menor porte (<20 mil)"
"3666","Palmeira d'Oeste","São Paulo",8903,8099,"Menor porte",0,0,"Cluster 1",8.51,7,"Cluster 1 - Menor porte","Menor porte (<20 mil)"
"3667","Palmital","São Paulo",19594,17181,"Médio porte",3,1.75,"Cluster 1",2.7,5,"Cluster 1 - Médio porte","Médio porte (>20 mil e <100 mil)"
"3668","Panorama","São Paulo",14964,11124,"Menor porte",0,0,"Cluster 1",8.51,9,"Cluster 1 - Menor porte","Menor porte (<20 mil)"
"3669","Paraguaçu Paulista","São Paulo",41120,33118,"Médio porte",6,1.81,"Cluster 1",2.7,9,"Cluster 1 - Médio porte","Médio porte (>20 mil e <100 mil)"
"3670","Paraibuna","São Paulo",17667,12110,"Menor porte",12,9.91,"Cluster 3",8.89,11,"Cluster 3 - Menor porte","Menor porte (<20 mil)"
"3671","Paraíso","São Paulo",6099,4630,"Menor porte",0,0,"Cluster 1",8.51,4,"Cluster 1 - Menor porte","Menor porte (<20 mil)"
"3672","Paranapanema","São Paulo",19395,13008,"Médio porte",2,1.54,"Cluster 1",2.7,4,"Cluster 1 - Médio porte","Médio porte (>20 mil e <100 mil)"
"3673","Paranapuã","São Paulo",4031,3190,"Menor porte",0,0,"Cluster 1",8.51,3,"Cluster 1 - Menor porte","Menor porte (<20 mil)"
"3674","Parapuã","São Paulo",10580,7545,"Menor porte",2,2.65,"Cluster 1",8.51,6,"Cluster 1 - Menor porte","Menor porte (<20 mil)"
"3675","Pardinho","São Paulo",7153,4986,"Menor porte",4,8.02,"Cluster 1",8.51,4,"Cluster 1 - Menor porte","Menor porte (<20 mil)"
"3676","Pariquera-Açu","São Paulo",19233,11321,"Menor porte",0,0,"Cluster 3",8.89,10,"Cluster 3 - Menor porte","Menor porte (<20 mil)"
"3677","Parisi","São Paulo",2892,1870,"Menor porte",0,0,"Cluster 1",8.51,2,"Cluster 1 - Menor porte","Menor porte (<20 mil)"
"3678","Patrocínio Paulista","São Paulo",14512,8821,"Menor porte",0,0,"Cluster 1",8.51,8,"Cluster 1 - Menor porte","Menor porte (<20 mil)"
"3679","Paulicéia","São Paulo",7955,6169,"Menor porte",0,0,"Cluster 1",8.51,5,"Cluster 1 - Menor porte","Menor porte (<20 mil)"
"3680","Paulínia","São Paulo",110537,90116,"Maior porte",23,2.55,"Cluster 2",3.54,32,"Cluster 2 - Maior porte","Maior porte (>100 mil)"
"3681","Paulistânia","São Paulo",2090,1146,"Menor porte",0,0,"Cluster 3",8.89,1,"Cluster 3 - Menor porte","Menor porte (<20 mil)"
"3682","Paulo de Faria","São Paulo",7400,4648,"Menor porte",0,0,"Cluster 3",8.89,4,"Cluster 3 - Menor porte","Menor porte (<20 mil)"
"3683","Pederneiras","São Paulo",44827,36377,"Médio porte",5,1.37,"Cluster 1",2.7,10,"Cluster 1 - Médio porte","Médio porte (>20 mil e <100 mil)"
"3684","Pedra Bela","São Paulo",6557,5218,"Menor porte",0,0,"Cluster 1",8.51,4,"Cluster 1 - Menor porte","Menor porte (<20 mil)"
"3685","Pedranópolis","São Paulo",2787,2032,"Menor porte",0,0,"Cluster 1",8.51,2,"Cluster 1 - Menor porte","Menor porte (<20 mil)"
"3686","Pedregulho","São Paulo",15525,10643,"Menor porte",1,0.94,"Cluster 1",8.51,9,"Cluster 1 - Menor porte","Menor porte (<20 mil)"
"3687","Pedreira","São Paulo",43112,39556,"Médio porte",1,0.25,"Cluster 1",2.7,11,"Cluster 1 - Médio porte","Médio porte (>20 mil e <100 mil)"
"3688","Pedrinhas Paulista","São Paulo",2804,2575,"Menor porte",0,0,"Cluster 1",8.51,2,"Cluster 1 - Menor porte","Menor porte (<20 mil)"
"3689","Pedro de Toledo","São Paulo",11281,4500,"Menor porte",4,8.89,"Cluster 3",8.89,4,"Cluster 3 - Menor porte","Menor porte (<20 mil)"
"3690","Penápolis","São Paulo",61679,57294,"Médio porte",0,0,"Cluster 1",2.7,15,"Cluster 1 - Médio porte","Médio porte (>20 mil e <100 mil)"
"3691","Pereira Barreto","São Paulo",24095,18833,"Médio porte",0,0,"Cluster 1",2.7,5,"Cluster 1 - Médio porte","Médio porte (>20 mil e <100 mil)"
"3692","Pereiras","São Paulo",8737,4746,"Menor porte",0,0,"Cluster 3",8.89,4,"Cluster 3 - Menor porte","Menor porte (<20 mil)"
"3693","Peruíbe","São Paulo",68352,43278,"Médio porte",0,0,"Cluster 1",2.7,12,"Cluster 1 - Médio porte","Médio porte (>20 mil e <100 mil)"
"3694","Piacatu","São Paulo",5519,3744,"Menor porte",0,0,"Cluster 3",8.89,3,"Cluster 3 - Menor porte","Menor porte (<20 mil)"
"3695","Piedade","São Paulo",52970,42396,"Médio porte",20,4.72,"Cluster 1",2.7,11,"Cluster 1 - Médio porte","Médio porte (>20 mil e <100 mil)"
"3696","Pilar do Sul","São Paulo",27619,26517,"Médio porte",1,0.38,"Cluster 1",2.7,7,"Cluster 1 - Médio porte","Médio porte (>20 mil e <100 mil)"
"3697","Pindamonhangaba","São Paulo",165428,106469,"Maior porte",20,1.88,"Cluster 2",3.54,38,"Cluster 2 - Maior porte","Maior porte (>100 mil)"
"3698","Pindorama","São Paulo",14542,10064,"Menor porte",0,0,"Cluster 1",8.51,9,"Cluster 1 - Menor porte","Menor porte (<20 mil)"
"3699","Pinhalzinho","São Paulo",15224,11983,"Menor porte",3,2.5,"Cluster 1",8.51,10,"Cluster 1 - Menor porte","Menor porte (<20 mil)"
"3700","Piquerobi","São Paulo",3264,2084,"Menor porte",0,0,"Cluster 3",8.89,2,"Cluster 3 - Menor porte","Menor porte (<20 mil)"
"3701","Piquete","São Paulo",12490,7048,"Menor porte",3,4.26,"Cluster 3",8.89,6,"Cluster 3 - Menor porte","Menor porte (<20 mil)"
"3702","Piracaia","São Paulo",26029,22133,"Médio porte",3,1.36,"Cluster 1",2.7,6,"Cluster 1 - Médio porte","Médio porte (>20 mil e <100 mil)"
"3703","Piracicaba","São Paulo",423323,346248,"Maior porte",67,1.94,"Cluster 2",3.54,123,"Cluster 2 - Maior porte","Maior porte (>100 mil)"
"3704","Piraju","São Paulo",29436,22924,"Médio porte",3,1.31,"Cluster 1",2.7,6,"Cluster 1 - Médio porte","Médio porte (>20 mil e <100 mil)"
"3705","Pirajuí","São Paulo",22431,14279,"Médio porte",0,0,"Cluster 1",2.7,4,"Cluster 1 - Médio porte","Médio porte (>20 mil e <100 mil)"
"3706","Pirangi","São Paulo",10885,8688,"Menor porte",2,2.3,"Cluster 1",8.51,7,"Cluster 1 - Menor porte","Menor porte (<20 mil)"
"3707","Pirapora do Bom Jesus","São Paulo",18370,10135,"Menor porte",0,0,"Cluster 3",8.89,9,"Cluster 3 - Menor porte","Menor porte (<20 mil)"
"3708","Pirapozinho","São Paulo",25348,18507,"Médio porte",0,0,"Cluster 1",2.7,5,"Cluster 1 - Médio porte","Médio porte (>20 mil e <100 mil)"
"3709","Pirassununga","São Paulo",73545,63599,"Médio porte",5,0.79,"Cluster 1",2.7,17,"Cluster 1 - Médio porte","Médio porte (>20 mil e <100 mil)"
"3710","Piratininga","São Paulo",15108,10191,"Menor porte",1,0.98,"Cluster 1",8.51,9,"Cluster 1 - Menor porte","Menor porte (<20 mil)"
"3711","Pitangueiras","São Paulo",33674,23415,"Médio porte",5,2.14,"Cluster 1",2.7,6,"Cluster 1 - Médio porte","Médio porte (>20 mil e <100 mil)"
"3712","Planalto","São Paulo",4389,3533,"Menor porte",0,0,"Cluster 1",8.51,3,"Cluster 1 - Menor porte","Menor porte (<20 mil)"
"3713","Platina","São Paulo",3025,1738,"Menor porte",0,0,"Cluster 3",8.89,2,"Cluster 3 - Menor porte","Menor porte (<20 mil)"
"3714","Poá","São Paulo",103765,60145,"Maior porte",8,1.33,"Cluster 1",3.23,19,"Cluster 1 - Maior porte","Maior porte (>100 mil)"
"3715","Poloni","São Paulo",5592,4068,"Menor porte",0,0,"Cluster 1",8.51,3,"Cluster 1 - Menor porte","Menor porte (<20 mil)"
"3716","Pompéia","São Paulo",20196,15887,"Médio porte",0,0,"Cluster 1",2.7,4,"Cluster 1 - Médio porte","Médio porte (>20 mil e <100 mil)"
"3717","Pongaí","São Paulo",3395,2636,"Menor porte",8,30.35,"Cluster 1",8.51,2,"Cluster 1 - Menor porte","Menor porte (<20 mil)"
"3718","Pontal","São Paulo",37607,23724,"Médio porte",0,0,"Cluster 3",4.29,10,"Cluster 3 - Médio porte","Médio porte (>20 mil e <100 mil)"
"3719","Pontalinda","São Paulo",4127,2134,"Menor porte",0,0,"Cluster 3",8.89,2,"Cluster 3 - Menor porte","Menor porte (<20 mil)"
"3720","Pontes Gestal","São Paulo",2387,1770,"Menor porte",0,0,"Cluster 1",8.51,2,"Cluster 1 - Menor porte","Menor porte (<20 mil)"
"3721","Populina","São Paulo",4127,2803,"Menor porte",0,0,"Cluster 1",8.51,2,"Cluster 1 - Menor porte","Menor porte (<20 mil)"
"3722","Porangaba","São Paulo",10451,6350,"Menor porte",3,4.72,"Cluster 3",8.89,6,"Cluster 3 - Menor porte","Menor porte (<20 mil)"
"3723","Porto Feliz","São Paulo",56497,40263,"Médio porte",2,0.5,"Cluster 1",2.7,11,"Cluster 1 - Médio porte","Médio porte (>20 mil e <100 mil)"
"3724","Porto Ferreira","São Paulo",52649,46943,"Médio porte",3,0.64,"Cluster 1",2.7,13,"Cluster 1 - Médio porte","Médio porte (>20 mil e <100 mil)"
"3725","Potim","São Paulo",20392,8295,"Médio porte",0,0,"Cluster 3",4.29,4,"Cluster 3 - Médio porte","Médio porte (>20 mil e <100 mil)"
"3726","Potirendaba","São Paulo",18496,14716,"Menor porte",0,0,"Cluster 1",8.51,13,"Cluster 1 - Menor porte","Menor porte (<20 mil)"
"3727","Pracinha","São Paulo",2578,847,"Menor porte",0,0,"Cluster 2",16.92,1,"Cluster 2 - Menor porte","Menor porte (<20 mil)"
"3728","Pradópolis","São Paulo",17078,11881,"Médio porte",1,0.84,"Cluster 1",2.7,3,"Cluster 1 - Médio porte","Médio porte (>20 mil e <100 mil)"
"3729","Praia Grande","São Paulo",349935,176885,"Maior porte",11,0.62,"Cluster 1",3.23,57,"Cluster 1 - Maior porte","Maior porte (>100 mil)"
"3730","Pratânia","São Paulo",5126,4550,"Menor porte",0,0,"Cluster 1",8.51,4,"Cluster 1 - Menor porte","Menor porte (<20 mil)"
"3731","Presidente Alves","São Paulo",3804,2495,"Menor porte",0,0,"Cluster 3",8.89,2,"Cluster 3 - Menor porte","Menor porte (<20 mil)"
"3732","Presidente Bernardes","São Paulo",14490,9555,"Menor porte",0,0,"Cluster 1",8.51,8,"Cluster 1 - Menor porte","Menor porte (<20 mil)"
"3733","Presidente Epitácio","São Paulo",39505,32536,"Médio porte",0,0,"Cluster 1",2.7,9,"Cluster 1 - Médio porte","Médio porte (>20 mil e <100 mil)"
"3734","Presidente Prudente","São Paulo",225668,187184,"Maior porte",34,1.82,"Cluster 2",3.54,66,"Cluster 2 - Maior porte","Maior porte (>100 mil)"
"3735","Presidente Venceslau","São Paulo",35201,30524,"Médio porte",2,0.66,"Cluster 1",2.7,8,"Cluster 1 - Médio porte","Médio porte (>20 mil e <100 mil)"
"3736","Promissão","São Paulo",35131,27939,"Médio porte",0,0,"Cluster 1",2.7,8,"Cluster 1 - Médio porte","Médio porte (>20 mil e <100 mil)"
"3737","Quadra","São Paulo",3405,1900,"Menor porte",0,0,"Cluster 3",8.89,2,"Cluster 3 - Menor porte","Menor porte (<20 mil)"
"3738","Quatá","São Paulo",13163,9064,"Menor porte",3,3.31,"Cluster 1",8.51,8,"Cluster 1 - Menor porte","Menor porte (<20 mil)"
"3739","Queiroz","São Paulo",3265,1663,"Menor porte",0,0,"Cluster 1",8.51,1,"Cluster 1 - Menor porte","Menor porte (<20 mil)"
"3740","Queluz","São Paulo",9159,4682,"Menor porte",0,0,"Cluster 3",8.89,4,"Cluster 3 - Menor porte","Menor porte (<20 mil)"
"3741","Quintana","São Paulo",7038,4233,"Menor porte",0,0,"Cluster 1",8.51,4,"Cluster 1 - Menor porte","Menor porte (<20 mil)"
"3742","Rafard","São Paulo",8965,7042,"Menor porte",0,0,"Cluster 1",8.51,6,"Cluster 1 - Menor porte","Menor porte (<20 mil)"
"3743","Rancharia","São Paulo",28588,21792,"Médio porte",4,1.84,"Cluster 1",2.7,6,"Cluster 1 - Médio porte","Médio porte (>20 mil e <100 mil)"
"3744","Redenção da Serra","São Paulo",4494,2562,"Menor porte",0,0,"Cluster 3",8.89,2,"Cluster 3 - Menor porte","Menor porte (<20 mil)"
"3745","Regente Feijó","São Paulo",20145,14468,"Médio porte",3,2.07,"Cluster 1",2.7,4,"Cluster 1 - Médio porte","Médio porte (>20 mil e <100 mil)"
"3746","Reginópolis","São Paulo",7662,3820,"Menor porte",0,0,"Cluster 3",8.89,3,"Cluster 3 - Menor porte","Menor porte (<20 mil)"
"3747","Registro","São Paulo",59947,40162,"Médio porte",0,0,"Cluster 1",2.7,11,"Cluster 1 - Médio porte","Médio porte (>20 mil e <100 mil)"
"3748","Restinga","São Paulo",6404,4237,"Menor porte",2,4.72,"Cluster 3",8.89,4,"Cluster 3 - Menor porte","Menor porte (<20 mil)"
"3749","Ribeira","São Paulo",3132,1191,"Menor porte",0,0,"Cluster 3",8.89,1,"Cluster 3 - Menor porte","Menor porte (<20 mil)"
"3750","Ribeirão Bonito","São Paulo",10989,7983,"Menor porte",1,1.25,"Cluster 3",8.89,7,"Cluster 3 - Menor porte","Menor porte (<20 mil)"
"3751","Ribeirão Branco","São Paulo",18627,7969,"Menor porte",0,0,"Cluster 3",8.89,7,"Cluster 3 - Menor porte","Menor porte (<20 mil)"
"3752","Ribeirão Corrente","São Paulo",4608,2913,"Menor porte",0,0,"Cluster 3",8.89,3,"Cluster 3 - Menor porte","Menor porte (<20 mil)"
"3753","Ribeirão do Sul","São Paulo",4677,3321,"Menor porte",0,0,"Cluster 1",8.51,3,"Cluster 1 - Menor porte","Menor porte (<20 mil)"
"3754","Ribeirão dos Índios","São Paulo",2025,1395,"Menor porte",0,0,"Cluster 3",8.89,1,"Cluster 3 - Menor porte","Menor porte (<20 mil)"
"3755","Ribeirão Grande","São Paulo",7450,4308,"Menor porte",0,0,"Cluster 3",8.89,4,"Cluster 3 - Menor porte","Menor porte (<20 mil)"
"3756","Ribeirão Pires","São Paulo",115559,76798,"Maior porte",17,2.21,"Cluster 1",3.23,25,"Cluster 1 - Maior porte","Maior porte (>100 mil)"
"3757","Ribeirão Preto","São Paulo",698642,584520,"Maior porte",21,0.36,"Cluster 2",3.54,207,"Cluster 2 - Maior porte","Maior porte (>100 mil)"
"3758","Rifaina","São Paulo",4049,3033,"Menor porte",1,3.3,"Cluster 1",8.51,3,"Cluster 1 - Menor porte","Menor porte (<20 mil)"
"3759","Rincão","São Paulo",9098,6474,"Menor porte",0,0,"Cluster 3",8.89,6,"Cluster 3 - Menor porte","Menor porte (<20 mil)"
"3760","Rinópolis","São Paulo",9259,7443,"Menor porte",1,1.34,"Cluster 1",8.51,6,"Cluster 1 - Menor porte","Menor porte (<20 mil)"
"3761","Rio Claro","São Paulo",201418,187735,"Maior porte",106,5.65,"Cluster 2",3.54,66,"Cluster 2 - Maior porte","Maior porte (>100 mil)"
"3762","Rio das Pedras","São Paulo",31328,23548,"Médio porte",0,0,"Cluster 1",2.7,6,"Cluster 1 - Médio porte","Médio porte (>20 mil e <100 mil)"
"3763","Rio Grande da Serra","São Paulo",44170,22015,"Médio porte",1,0.45,"Cluster 3",4.29,9,"Cluster 3 - Médio porte","Médio porte (>20 mil e <100 mil)"
"3764","Riolândia","São Paulo",10309,5002,"Menor porte",0,0,"Cluster 3",8.89,4,"Cluster 3 - Menor porte","Menor porte (<20 mil)"
"3765","Riversul","São Paulo",5599,2894,"Menor porte",0,0,"Cluster 3",8.89,3,"Cluster 3 - Menor porte","Menor porte (<20 mil)"
"3766","Rosana","São Paulo",17440,10929,"Menor porte",0,0,"Cluster 1",8.51,9,"Cluster 1 - Menor porte","Menor porte (<20 mil)"
"3767","Roseira","São Paulo",10832,6335,"Menor porte",0,0,"Cluster 1",8.51,5,"Cluster 1 - Menor porte","Menor porte (<20 mil)"
"3768","Rubiácea","São Paulo",2700,1517,"Menor porte",0,0,"Cluster 3",8.89,1,"Cluster 3 - Menor porte","Menor porte (<20 mil)"
"3769","Rubinéia","São Paulo",3833,2749,"Menor porte",0,0,"Cluster 1",8.51,2,"Cluster 1 - Menor porte","Menor porte (<20 mil)"
"3770","Sabino","São Paulo",5112,3312,"Menor porte",0,0,"Cluster 3",8.89,3,"Cluster 3 - Menor porte","Menor porte (<20 mil)"
"3771","Sagres","São Paulo",2474,1243,"Menor porte",0,0,"Cluster 3",8.89,1,"Cluster 3 - Menor porte","Menor porte (<20 mil)"
"3772","Sales","São Paulo",6437,4146,"Menor porte",0,0,"Cluster 1",8.51,4,"Cluster 1 - Menor porte","Menor porte (<20 mil)"
"3773","Sales Oliveira","São Paulo",11411,8305,"Menor porte",5,6.02,"Cluster 1",8.51,7,"Cluster 1 - Menor porte","Menor porte (<20 mil)"
"3774","Salesópolis","São Paulo",15202,12541,"Menor porte",1,0.8,"Cluster 1",8.51,11,"Cluster 1 - Menor porte","Menor porte (<20 mil)"
"3775","Salmourão","São Paulo",4808,2243,"Menor porte",0,0,"Cluster 3",8.89,2,"Cluster 3 - Menor porte","Menor porte (<20 mil)"
"3776","Saltinho","São Paulo",8161,6715,"Menor porte",0,0,"Cluster 1",8.51,6,"Cluster 1 - Menor porte","Menor porte (<20 mil)"
"3777","Salto","São Paulo",134319,89645,"Maior porte",0,0,"Cluster 2",3.54,32,"Cluster 2 - Maior porte","Maior porte (>100 mil)"
"3778","Salto de Pirapora","São Paulo",43748,29226,"Médio porte",0,0,"Cluster 1",2.7,8,"Cluster 1 - Médio porte","Médio porte (>20 mil e <100 mil)"
"3779","Salto Grande","São Paulo",9050,5161,"Menor porte",0,0,"Cluster 3",8.89,5,"Cluster 3 - Menor porte","Menor porte (<20 mil)"
"3780","Sandovalina","São Paulo",3645,2429,"Menor porte",0,0,"Cluster 1",8.51,2,"Cluster 1 - Menor porte","Menor porte (<20 mil)"
"3781","Santa Adélia","São Paulo",14018,12186,"Menor porte",0,0,"Cluster 1",8.51,10,"Cluster 1 - Menor porte","Menor porte (<20 mil)"
"3782","Santa Albertina","São Paulo",6393,4739,"Menor porte",0,0,"Cluster 1",8.51,4,"Cluster 1 - Menor porte","Menor porte (<20 mil)"
"3783","Santa Bárbara d'Oeste","São Paulo",183347,155878,"Maior porte",42,2.69,"Cluster 2",3.54,55,"Cluster 2 - Maior porte","Maior porte (>100 mil)"
"3784","Santa Branca","São Paulo",13975,8094,"Menor porte",0,0,"Cluster 3",8.89,7,"Cluster 3 - Menor porte","Menor porte (<20 mil)"
"3785","Santa Clara d'Oeste","São Paulo",2598,1708,"Menor porte",0,0,"Cluster 1",8.51,1,"Cluster 1 - Menor porte","Menor porte (<20 mil)"
"3786","Santa Cruz da Conceição","São Paulo",4277,3304,"Menor porte",3,9.08,"Cluster 1",8.51,3,"Cluster 1 - Menor porte","Menor porte (<20 mil)"
"3787","Santa Cruz da Esperança","São Paulo",2116,1153,"Menor porte",0,0,"Cluster 3",8.89,1,"Cluster 3 - Menor porte","Menor porte (<20 mil)"
"3788","Santa Cruz das Palmeiras","São Paulo",28864,20852,"Médio porte",0,0,"Cluster 1",2.7,6,"Cluster 1 - Médio porte","Médio porte (>20 mil e <100 mil)"
"3789","Santa Cruz do Rio Pardo","São Paulo",46442,38968,"Médio porte",6,1.54,"Cluster 1",2.7,11,"Cluster 1 - Médio porte","Médio porte (>20 mil e <100 mil)"
"3790","Santa Ernestina","São Paulo",6118,3710,"Menor porte",0,0,"Cluster 1",8.51,3,"Cluster 1 - Menor porte","Menor porte (<20 mil)"
"3791","Santa Fé do Sul","São Paulo",34794,31071,"Médio porte",0,0,"Cluster 1",2.7,8,"Cluster 1 - Médio porte","Médio porte (>20 mil e <100 mil)"
"3792","Santa Gertrudes","São Paulo",23611,19167,"Médio porte",4,2.09,"Cluster 1",2.7,5,"Cluster 1 - Médio porte","Médio porte (>20 mil e <100 mil)"
"3793","Santa Isabel","São Paulo",53174,35175,"Médio porte",8,2.27,"Cluster 1",2.7,10,"Cluster 1 - Médio porte","Médio porte (>20 mil e <100 mil)"
"3794","Santa Lúcia","São Paulo",7149,4727,"Menor porte",0,0,"Cluster 3",8.89,4,"Cluster 3 - Menor porte","Menor porte (<20 mil)"
"3795","Santa Maria da Serra","São Paulo",5243,4222,"Menor porte",3,7.11,"Cluster 3",8.89,4,"Cluster 3 - Menor porte","Menor porte (<20 mil)"
"3796","Santa Mercedes","São Paulo",2956,1970,"Menor porte",2,10.15,"Cluster 1",8.51,2,"Cluster 1 - Menor porte","Menor porte (<20 mil)"
"3797","Santa Rita do Passa Quatro","São Paulo",24833,20878,"Médio porte",2,0.96,"Cluster 1",2.7,6,"Cluster 1 - Médio porte","Médio porte (>20 mil e <100 mil)"
"3798","Santa Rita d'Oeste","São Paulo",2733,1945,"Menor porte",0,0,"Cluster 1",8.51,2,"Cluster 1 - Menor porte","Menor porte (<20 mil)"
"3799","Santa Rosa de Viterbo","São Paulo",23411,18221,"Médio porte",0,0,"Cluster 1",2.7,5,"Cluster 1 - Médio porte","Médio porte (>20 mil e <100 mil)"
"3800","Santa Salete","São Paulo",1645,1387,"Menor porte",0,0,"Cluster 1",8.51,1,"Cluster 1 - Menor porte","Menor porte (<20 mil)"
"3801","Santana da Ponte Pensa","São Paulo",1670,1200,"Menor porte",0,0,"Cluster 1",8.51,1,"Cluster 1 - Menor porte","Menor porte (<20 mil)"
"3802","Santana de Parnaíba","São Paulo",154105,98527,"Maior porte",55,5.58,"Cluster 2",3.54,35,"Cluster 2 - Maior porte","Maior porte (>100 mil)"
"3803","Santo Anastácio","São Paulo",17963,15545,"Médio porte",0,0,"Cluster 1",2.7,4,"Cluster 1 - Médio porte","Médio porte (>20 mil e <100 mil)"
"3804","Santo André","São Paulo",748919,580671,"Maior porte",51,0.88,"Cluster 2",3.54,206,"Cluster 2 - Maior porte","Maior porte (>100 mil)"
"3805","Santo Antônio da Alegria","São Paulo",6775,4101,"Menor porte",0,0,"Cluster 3",8.89,4,"Cluster 3 - Menor porte","Menor porte (<20 mil)"
"3806","Santo Antônio de Posse","São Paulo",23244,18178,"Médio porte",0,0,"Cluster 1",2.7,5,"Cluster 1 - Médio porte","Médio porte (>20 mil e <100 mil)"
"3807","Santo Antônio do Aracanguá","São Paulo",8379,4904,"Menor porte",0,0,"Cluster 1",8.51,4,"Cluster 1 - Menor porte","Menor porte (<20 mil)"
"3808","Santo Antônio do Jardim","São Paulo",6126,4220,"Menor porte",0,0,"Cluster 1",8.51,4,"Cluster 1 - Menor porte","Menor porte (<20 mil)"
"3809","Santo Antônio do Pinhal","São Paulo",7133,5890,"Menor porte",7,11.88,"Cluster 1",8.51,5,"Cluster 1 - Menor porte","Menor porte (<20 mil)"
"3810","Santo Expedito","São Paulo",3000,1654,"Menor porte",0,0,"Cluster 3",8.89,1,"Cluster 3 - Menor porte","Menor porte (<20 mil)"
"3811","Santópolis do Aguapeí","São Paulo",3899,2232,"Menor porte",0,0,"Cluster 3",8.89,2,"Cluster 3 - Menor porte","Menor porte (<20 mil)"
"3812","Santos","São Paulo",418608,284562,"Maior porte",76,2.67,"Cluster 2",3.54,101,"Cluster 2 - Maior porte","Maior porte (>100 mil)"
"3813","São Bento do Sapucaí","São Paulo",11674,7882,"Menor porte",1,1.27,"Cluster 1",8.51,7,"Cluster 1 - Menor porte","Menor porte (<20 mil)"
"3814","São Bernardo do Campo","São Paulo",810729,644797,"Maior porte",98,1.52,"Cluster 2",3.54,228,"Cluster 2 - Maior porte","Maior porte (>100 mil)"
"3815","São Caetano do Sul","São Paulo",165655,147809,"Maior porte",22,1.49,"Cluster 2",3.54,52,"Cluster 2 - Maior porte","Maior porte (>100 mil)"
"3816","São Carlos","São Paulo",254857,202676,"Maior porte",62,3.06,"Cluster 2",3.54,72,"Cluster 2 - Maior porte","Maior porte (>100 mil)"
"3817","São Francisco","São Paulo",2602,1972,"Menor porte",0,0,"Cluster 1",8.51,2,"Cluster 1 - Menor porte","Menor porte (<20 mil)"
"3818","São João da Boa Vista","São Paulo",92547,80194,"Médio porte",0,0,"Cluster 1",2.7,22,"Cluster 1 - Médio porte","Médio porte (>20 mil e <100 mil)"
"3819","São João das Duas Pontes","São Paulo",2580,1553,"Menor porte",0,0,"Cluster 3",8.89,1,"Cluster 3 - Menor porte","Menor porte (<20 mil)"
"3820","São João de Iracema","São Paulo",1846,1120,"Menor porte",0,0,"Cluster 1",8.51,1,"Cluster 1 - Menor porte","Menor porte (<20 mil)"
"3821","São João do Pau d'Alho","São Paulo",2242,1630,"Menor porte",0,0,"Cluster 1",8.51,1,"Cluster 1 - Menor porte","Menor porte (<20 mil)"
"3822","São Joaquim da Barra","São Paulo",48558,39303,"Médio porte",5,1.27,"Cluster 1",2.7,11,"Cluster 1 - Médio porte","Médio porte (>20 mil e <100 mil)"
"3823","São José da Bela Vista","São Paulo",7626,3543,"Menor porte",0,0,"Cluster 3",8.89,3,"Cluster 3 - Menor porte","Menor porte (<20 mil)"
"3824","São José do Barreiro","São Paulo",3853,1897,"Menor porte",0,0,"Cluster 3",8.89,2,"Cluster 3 - Menor porte","Menor porte (<20 mil)"
"3825","São José do Rio Pardo","São Paulo",52205,42345,"Médio porte",0,0,"Cluster 1",2.7,11,"Cluster 1 - Médio porte","Médio porte (>20 mil e <100 mil)"
"3826","São José do Rio Preto","São Paulo",480393,431209,"Maior porte",77,1.79,"Cluster 2",3.54,153,"Cluster 2 - Maior porte","Maior porte (>100 mil)"
"3827","São José dos Campos","São Paulo",697054,483879,"Maior porte",100,2.07,"Cluster 2",3.54,171,"Cluster 2 - Maior porte","Maior porte (>100 mil)"
"3828","São Lourenço da Serra","São Paulo",16067,10005,"Menor porte",2,2,"Cluster 3",8.89,9,"Cluster 3 - Menor porte","Menor porte (<20 mil)"
"3829","São Luiz do Paraitinga","São Paulo",10337,7428,"Menor porte",0,0,"Cluster 3",8.89,7,"Cluster 3 - Menor porte","Menor porte (<20 mil)"
"3830","São Manuel","São Paulo",37289,30021,"Médio porte",0,0,"Cluster 1",2.7,8,"Cluster 1 - Médio porte","Médio porte (>20 mil e <100 mil)"
"3831","São Miguel Arcanjo","São Paulo",32039,20518,"Médio porte",0,0,"Cluster 1",2.7,6,"Cluster 1 - Médio porte","Médio porte (>20 mil e <100 mil)"
"3832","São Paulo","São Paulo",11451999,9460584,"Maior porte",1555,1.64,"Cluster 2",3.54,3350,"Cluster 2 - Maior porte","Maior porte (>100 mil)"
"3833","São Pedro","São Paulo",38256,30056,"Médio porte",8,2.66,"Cluster 1",2.7,8,"Cluster 1 - Médio porte","Médio porte (>20 mil e <100 mil)"
"3834","São Pedro do Turvo","São Paulo",7217,4661,"Menor porte",0,0,"Cluster 3",8.89,4,"Cluster 3 - Menor porte","Menor porte (<20 mil)"
"3835","São Roque","São Paulo",79484,57870,"Médio porte",6,1.04,"Cluster 1",2.7,16,"Cluster 1 - Médio porte","Médio porte (>20 mil e <100 mil)"
"3836","São Sebastião","São Paulo",81595,45428,"Médio porte",59,12.99,"Cluster 1",2.7,12,"Cluster 1 - Médio porte","Médio porte (>20 mil e <100 mil)"
"3837","São Sebastião da Grama","São Paulo",10441,7035,"Menor porte",0,0,"Cluster 3",8.89,6,"Cluster 3 - Menor porte","Menor porte (<20 mil)"
"3838","São Simão","São Paulo",13442,9798,"Menor porte",4,4.08,"Cluster 1",8.51,8,"Cluster 1 - Menor porte","Menor porte (<20 mil)"
"3839","São Vicente","São Paulo",329911,160808,"Maior porte",21,1.31,"Cluster 1",3.23,52,"Cluster 1 - Maior porte","Maior porte (>100 mil)"
"3840","Sarapuí","São Paulo",10369,7138,"Menor porte",0,0,"Cluster 3",8.89,6,"Cluster 3 - Menor porte","Menor porte (<20 mil)"
"3841","Sarutaiá","São Paulo",3704,2189,"Menor porte",0,0,"Cluster 3",8.89,2,"Cluster 3 - Menor porte","Menor porte (<20 mil)"
"3842","Sebastianópolis do Sul","São Paulo",3130,3466,"Menor porte",0,0,"Cluster 1",8.51,3,"Cluster 1 - Menor porte","Menor porte (<20 mil)"
"3843","Serra Azul","São Paulo",12746,5263,"Menor porte",0,0,"Cluster 3",8.89,5,"Cluster 3 - Menor porte","Menor porte (<20 mil)"
"3844","Serra Negra","São Paulo",29894,24129,"Médio porte",3,1.24,"Cluster 1",2.7,7,"Cluster 1 - Médio porte","Médio porte (>20 mil e <100 mil)"
"3845","Serrana","São Paulo",43909,27399,"Médio porte",2,0.73,"Cluster 1",2.7,7,"Cluster 1 - Médio porte","Médio porte (>20 mil e <100 mil)"
"3846","Sertãozinho","São Paulo",126887,105747,"Maior porte",10,0.95,"Cluster 2",3.54,37,"Cluster 2 - Maior porte","Maior porte (>100 mil)"
"3847","Sete Barras","São Paulo",12730,6833,"Menor porte",0,0,"Cluster 3",8.89,6,"Cluster 3 - Menor porte","Menor porte (<20 mil)"
"3848","Severínia","São Paulo",14576,9911,"Menor porte",2,2.02,"Cluster 3",8.89,9,"Cluster 3 - Menor porte","Menor porte (<20 mil)"
"3849","Silveiras","São Paulo",6186,3621,"Menor porte",2,5.52,"Cluster 3",8.89,3,"Cluster 3 - Menor porte","Menor porte (<20 mil)"
"3850","Socorro","São Paulo",40122,36154,"Médio porte",2,0.55,"Cluster 1",2.7,10,"Cluster 1 - Médio porte","Médio porte (>20 mil e <100 mil)"
"3851","Sorocaba","São Paulo",723682,536548,"Maior porte",112,2.09,"Cluster 2",3.54,190,"Cluster 2 - Maior porte","Maior porte (>100 mil)"
"3852","Sud Mennucci","São Paulo",7355,4818,"Menor porte",0,0,"Cluster 1",8.51,4,"Cluster 1 - Menor porte","Menor porte (<20 mil)"
"3853","Sumaré","São Paulo",279545,200597,"Maior porte",17,0.85,"Cluster 2",3.54,71,"Cluster 2 - Maior porte","Maior porte (>100 mil)"
"3854","Suzanápolis","São Paulo",3408,2574,"Menor porte",0,0,"Cluster 1",8.51,2,"Cluster 1 - Menor porte","Menor porte (<20 mil)"
"3855","Suzano","São Paulo",307429,165178,"Maior porte",23,1.39,"Cluster 1",3.23,53,"Cluster 1 - Maior porte","Maior porte (>100 mil)"
"3856","Tabapuã","São Paulo",11323,9163,"Menor porte",0,0,"Cluster 1",8.51,8,"Cluster 1 - Menor porte","Menor porte (<20 mil)"
"3857","Tabatinga","São Paulo",14769,11665,"Menor porte",0,0,"Cluster 3",8.89,10,"Cluster 3 - Menor porte","Menor porte (<20 mil)"
"3858","Taboão da Serra","São Paulo",273542,151614,"Maior porte",49,3.23,"Cluster 1",3.23,49,"Cluster 1 - Maior porte","Maior porte (>100 mil)"
"3859","Taciba","São Paulo",6260,3634,"Menor porte",1,2.75,"Cluster 3",8.89,3,"Cluster 3 - Menor porte","Menor porte (<20 mil)"
"3860","Taguaí","São Paulo",12669,6403,"Menor porte",1,1.56,"Cluster 3",8.89,6,"Cluster 3 - Menor porte","Menor porte (<20 mil)"
"3861","Taiaçu","São Paulo",5677,3680,"Menor porte",0,0,"Cluster 3",8.89,3,"Cluster 3 - Menor porte","Menor porte (<20 mil)"
"3862","Taiúva","São Paulo",6548,3949,"Menor porte",2,5.06,"Cluster 1",8.51,3,"Cluster 1 - Menor porte","Menor porte (<20 mil)"
"3863","Tambaú","São Paulo",21435,17498,"Médio porte",1,0.57,"Cluster 1",2.7,5,"Cluster 1 - Médio porte","Médio porte (>20 mil e <100 mil)"
"3864","Tanabi","São Paulo",25265,20178,"Médio porte",3,1.49,"Cluster 1",2.7,5,"Cluster 1 - Médio porte","Médio porte (>20 mil e <100 mil)"
"3865","Tapiraí","São Paulo",7996,4400,"Menor porte",0,0,"Cluster 3",8.89,4,"Cluster 3 - Menor porte","Menor porte (<20 mil)"
"3866","Tapiratiba","São Paulo",11816,7743,"Menor porte",0,0,"Cluster 1",8.51,7,"Cluster 1 - Menor porte","Menor porte (<20 mil)"
"3867","Taquaral","São Paulo",2619,1528,"Menor porte",0,0,"Cluster 3",8.89,1,"Cluster 3 - Menor porte","Menor porte (<20 mil)"
"3868","Taquaritinga","São Paulo",52260,44085,"Médio porte",0,0,"Cluster 1",2.7,12,"Cluster 1 - Médio porte","Médio porte (>20 mil e <100 mil)"
"3869","Taquarituba","São Paulo",24350,18033,"Médio porte",0,0,"Cluster 1",2.7,5,"Cluster 1 - Médio porte","Médio porte (>20 mil e <100 mil)"
"3870","Taquarivaí","São Paulo",6876,2898,"Menor porte",0,0,"Cluster 3",8.89,3,"Cluster 3 - Menor porte","Menor porte (<20 mil)"
"3871","Tarabai","São Paulo",6536,4116,"Menor porte",0,0,"Cluster 3",8.89,4,"Cluster 3 - Menor porte","Menor porte (<20 mil)"
"3872","Tarumã","São Paulo",14882,9468,"Menor porte",3,3.17,"Cluster 1",8.51,8,"Cluster 1 - Menor porte","Menor porte (<20 mil)"
"3873","Tatuí","São Paulo",123942,98516,"Maior porte",5,0.51,"Cluster 2",3.54,35,"Cluster 2 - Maior porte","Maior porte (>100 mil)"
"3874","Taubaté","São Paulo",310739,234077,"Maior porte",123,5.25,"Cluster 2",3.54,83,"Cluster 2 - Maior porte","Maior porte (>100 mil)"
"3875","Tejupá","São Paulo",4127,1710,"Menor porte",0,0,"Cluster 3",8.89,2,"Cluster 3 - Menor porte","Menor porte (<20 mil)"
"3876","Teodoro Sampaio","São Paulo",22173,15035,"Médio porte",7,4.66,"Cluster 1",2.7,4,"Cluster 1 - Médio porte","Médio porte (>20 mil e <100 mil)"
"3877","Terra Roxa","São Paulo",7904,5424,"Menor porte",0,0,"Cluster 3",8.89,5,"Cluster 3 - Menor porte","Menor porte (<20 mil)"
"3878","Tietê","São Paulo",37663,30947,"Médio porte",0,0,"Cluster 1",2.7,8,"Cluster 1 - Médio porte","Médio porte (>20 mil e <100 mil)"
"3879","Timburi","São Paulo",2464,1489,"Menor porte",0,0,"Cluster 3",8.89,1,"Cluster 3 - Menor porte","Menor porte (<20 mil)"
"3880","Torre de Pedra","São Paulo",2046,1587,"Menor porte",0,0,"Cluster 3",8.89,1,"Cluster 3 - Menor porte","Menor porte (<20 mil)"
"3881","Torrinha","São Paulo",9335,8524,"Menor porte",2,2.35,"Cluster 1",8.51,7,"Cluster 1 - Menor porte","Menor porte (<20 mil)"
"3882","Trabiju","São Paulo",1682,997,"Menor porte",0,0,"Cluster 3",8.89,1,"Cluster 3 - Menor porte","Menor porte (<20 mil)"
"3883","Tremembé","São Paulo",51173,25091,"Médio porte",3,1.2,"Cluster 1",2.7,7,"Cluster 1 - Médio porte","Médio porte (>20 mil e <100 mil)"
"3884","Três Fronteiras","São Paulo",6804,4727,"Menor porte",0,0,"Cluster 1",8.51,4,"Cluster 1 - Menor porte","Menor porte (<20 mil)"
"3885","Tuiuti","São Paulo",6778,4325,"Menor porte",0,0,"Cluster 3",8.89,4,"Cluster 3 - Menor porte","Menor porte (<20 mil)"
"3886","Tupã","São Paulo",63928,60382,"Médio porte",4,0.66,"Cluster 1",2.7,16,"Cluster 1 - Médio porte","Médio porte (>20 mil e <100 mil)"
"3887","Tupi Paulista","São Paulo",15854,11410,"Menor porte",3,2.63,"Cluster 1",8.51,10,"Cluster 1 - Menor porte","Menor porte (<20 mil)"
"3888","Turiúba","São Paulo",1818,1329,"Menor porte",0,0,"Cluster 1",8.51,1,"Cluster 1 - Menor porte","Menor porte (<20 mil)"
"3889","Turmalina","São Paulo",1669,1338,"Menor porte",0,0,"Cluster 1",8.51,1,"Cluster 1 - Menor porte","Menor porte (<20 mil)"
"3890","Ubarana","São Paulo",5365,3498,"Menor porte",0,0,"Cluster 1",8.51,3,"Cluster 1 - Menor porte","Menor porte (<20 mil)"
"3891","Ubatuba","São Paulo",92981,62453,"Médio porte",13,2.08,"Cluster 1",2.7,17,"Cluster 1 - Médio porte","Médio porte (>20 mil e <100 mil)"
"3892","Ubirajara","São Paulo",5132,3211,"Menor porte",0,0,"Cluster 1",8.51,3,"Cluster 1 - Menor porte","Menor porte (<20 mil)"
"3893","Uchoa","São Paulo",10394,7267,"Menor porte",0,0,"Cluster 1",8.51,6,"Cluster 1 - Menor porte","Menor porte (<20 mil)"
"3894","União Paulista","São Paulo",1603,1222,"Menor porte",0,0,"Cluster 1",8.51,1,"Cluster 1 - Menor porte","Menor porte (<20 mil)"
"3895","Urânia","São Paulo",8833,7817,"Menor porte",0,0,"Cluster 1",8.51,7,"Cluster 1 - Menor porte","Menor porte (<20 mil)"
"3896","Uru","São Paulo",1387,878,"Menor porte",0,0,"Cluster 1",8.51,1,"Cluster 1 - Menor porte","Menor porte (<20 mil)"
"3897","Urupês","São Paulo",13744,11806,"Menor porte",0,0,"Cluster 1",8.51,10,"Cluster 1 - Menor porte","Menor porte (<20 mil)"
"3898","Valentim Gentil","São Paulo",14098,10908,"Menor porte",0,0,"Cluster 1",8.51,9,"Cluster 1 - Menor porte","Menor porte (<20 mil)"
"3899","Valinhos","São Paulo",126373,112578,"Maior porte",45,4,"Cluster 2",3.54,40,"Cluster 2 - Maior porte","Maior porte (>100 mil)"
"3900","Valparaíso","São Paulo",24241,14179,"Médio porte",0,0,"Cluster 1",2.7,4,"Cluster 1 - Médio porte","Médio porte (>20 mil e <100 mil)"
"3901","Vargem","São Paulo",10512,9004,"Menor porte",0,0,"Cluster 3",8.89,8,"Cluster 3 - Menor porte","Menor porte (<20 mil)"
"3902","Vargem Grande do Sul","São Paulo",40133,31768,"Médio porte",0,0,"Cluster 1",2.7,9,"Cluster 1 - Médio porte","Médio porte (>20 mil e <100 mil)"
"3903","Vargem Grande Paulista","São Paulo",50415,37104,"Médio porte",0,0,"Cluster 1",2.7,10,"Cluster 1 - Médio porte","Médio porte (>20 mil e <100 mil)"
"3904","Várzea Paulista","São Paulo",115771,79233,"Maior porte",11,1.39,"Cluster 1",3.23,26,"Cluster 1 - Maior porte","Maior porte (>100 mil)"
"3905","Vera Cruz","São Paulo",10176,7196,"Menor porte",2,2.78,"Cluster 1",8.51,6,"Cluster 1 - Menor porte","Menor porte (<20 mil)"
"3906","Vinhedo","São Paulo",76540,69113,"Médio porte",49,7.09,"Cluster 1",2.7,19,"Cluster 1 - Médio porte","Médio porte (>20 mil e <100 mil)"
"3907","Viradouro","São Paulo",17414,13349,"Menor porte",0,0,"Cluster 1",8.51,11,"Cluster 1 - Menor porte","Menor porte (<20 mil)"
"3908","Vista Alegre do Alto","São Paulo",8109,6040,"Menor porte",0,0,"Cluster 1",8.51,5,"Cluster 1 - Menor porte","Menor porte (<20 mil)"
"3909","Vitória Brasil","São Paulo",1794,1267,"Menor porte",0,0,"Cluster 1",8.51,1,"Cluster 1 - Menor porte","Menor porte (<20 mil)"
"3910","Votorantim","São Paulo",127923,83375,"Maior porte",0,0,"Cluster 1",3.23,27,"Cluster 1 - Maior porte","Maior porte (>100 mil)"
"3911","Votuporanga","São Paulo",96634,95102,"Médio porte",32,3.36,"Cluster 1",2.7,26,"Cluster 1 - Médio porte","Médio porte (>20 mil e <100 mil)"
"3912","Zacarias","São Paulo",2692,1863,"Menor porte",0,0,"Cluster 1",8.51,2,"Cluster 1 - Menor porte","Menor porte (<20 mil)"
"3913","Abatiá","Paraná",7241,4865,"Menor porte",0,0,"Cluster 3",8.89,4,"Cluster 3 - Menor porte","Menor porte (<20 mil)"
"3914","Adrianópolis","Paraná",6256,3528,"Menor porte",0,0,"Cluster 3",8.89,3,"Cluster 3 - Menor porte","Menor porte (<20 mil)"
"3915","Agudos do Sul","Paraná",10233,8079,"Menor porte",0,0,"Cluster 3",8.89,7,"Cluster 3 - Menor porte","Menor porte (<20 mil)"
"3916","Almirante Tamandaré","Paraná",119825,69912,"Maior porte",0,0,"Cluster 3",3.72,26,"Cluster 3 - Maior porte","Maior porte (>100 mil)"
"3917","Altamira do Paraná","Paraná",3590,2362,"Menor porte",0,0,"Cluster 1",8.51,2,"Cluster 1 - Menor porte","Menor porte (<20 mil)"
"3918","Alto Paraíso","Paraná",3055,2139,"Menor porte",0,0,"Cluster 1",8.51,2,"Cluster 1 - Menor porte","Menor porte (<20 mil)"
"3919","Alto Paraná","Paraná",13909,9351,"Menor porte",0,0,"Cluster 3",8.89,8,"Cluster 3 - Menor porte","Menor porte (<20 mil)"
"3920","Alto Piquiri","Paraná",9727,6415,"Menor porte",0,0,"Cluster 3",8.89,6,"Cluster 3 - Menor porte","Menor porte (<20 mil)"
"3921","Altônia","Paraná",18742,15582,"Médio porte",0,0,"Cluster 1",2.7,4,"Cluster 1 - Médio porte","Médio porte (>20 mil e <100 mil)"
"3922","Alvorada do Sul","Paraná",10326,6713,"Menor porte",0,0,"Cluster 3",8.89,6,"Cluster 3 - Menor porte","Menor porte (<20 mil)"
"3923","Amaporã","Paraná",4762,2898,"Menor porte",0,0,"Cluster 3",8.89,3,"Cluster 3 - Menor porte","Menor porte (<20 mil)"
"3924","Ampére","Paraná",19620,15904,"Menor porte",0,0,"Cluster 1",8.51,14,"Cluster 1 - Menor porte","Menor porte (<20 mil)"
"3925","Anahy","Paraná",2918,2213,"Menor porte",0,0,"Cluster 1",8.51,2,"Cluster 1 - Menor porte","Menor porte (<20 mil)"
"3926","Andirá","Paraná",19878,15960,"Menor porte",0,0,"Cluster 1",8.51,14,"Cluster 1 - Menor porte","Menor porte (<20 mil)"
"3927","Ângulo","Paraná",3235,2107,"Menor porte",0,0,"Cluster 1",8.51,2,"Cluster 1 - Menor porte","Menor porte (<20 mil)"
"3928","Antonina","Paraná",18091,6328,"Menor porte",0,0,"Cluster 3",8.89,6,"Cluster 3 - Menor porte","Menor porte (<20 mil)"
"3929","Antônio Olinto","Paraná",7018,4811,"Menor porte",3,6.24,"Cluster 3",8.89,4,"Cluster 3 - Menor porte","Menor porte (<20 mil)"
"3930","Apucarana","Paraná",130134,98038,"Maior porte",0,0,"Cluster 1",3.23,32,"Cluster 1 - Maior porte","Maior porte (>100 mil)"
"3931","Arapongas","Paraná",119138,100050,"Maior porte",0,0,"Cluster 2",3.54,35,"Cluster 2 - Maior porte","Maior porte (>100 mil)"
"3932","Arapoti","Paraná",25777,17913,"Médio porte",0,0,"Cluster 1",2.7,5,"Cluster 1 - Médio porte","Médio porte (>20 mil e <100 mil)"
"3933","Arapuã","Paraná",3527,2536,"Menor porte",0,0,"Cluster 1",8.51,2,"Cluster 1 - Menor porte","Menor porte (<20 mil)"
"3934","Araruna","Paraná",14485,10364,"Menor porte",0,0,"Cluster 1",8.51,9,"Cluster 1 - Menor porte","Menor porte (<20 mil)"
"3935","Araucária","Paraná",151666,102257,"Maior porte",14,1.37,"Cluster 2",3.54,36,"Cluster 2 - Maior porte","Maior porte (>100 mil)"
"3936","Ariranha do Ivaí","Paraná",2329,1589,"Menor porte",0,0,"Cluster 1",8.51,1,"Cluster 1 - Menor porte","Menor porte (<20 mil)"
"3937","Assaí","Paraná",13797,12208,"Menor porte",0,0,"Cluster 1",8.51,10,"Cluster 1 - Menor porte","Menor porte (<20 mil)"
"3938","Assis Chateaubriand","Paraná",36808,30999,"Médio porte",0,0,"Cluster 1",2.7,8,"Cluster 1 - Médio porte","Médio porte (>20 mil e <100 mil)"
"3939","Astorga","Paraná",25475,20420,"Médio porte",0,0,"Cluster 1",2.7,6,"Cluster 1 - Médio porte","Médio porte (>20 mil e <100 mil)"
"3940","Atalaia","Paraná",3980,3140,"Menor porte",0,0,"Cluster 1",8.51,3,"Cluster 1 - Menor porte","Menor porte (<20 mil)"
"3941","Balsa Nova","Paraná",13395,9660,"Menor porte",0,0,"Cluster 1",8.51,8,"Cluster 1 - Menor porte","Menor porte (<20 mil)"
"3942","Bandeirantes","Paraná",31273,23810,"Médio porte",0,0,"Cluster 1",2.7,6,"Cluster 1 - Médio porte","Médio porte (>20 mil e <100 mil)"
"3943","Barbosa Ferraz","Paraná",10795,7544,"Menor porte",0,0,"Cluster 3",8.89,7,"Cluster 3 - Menor porte","Menor porte (<20 mil)"
"3944","Barra do Jacaré","Paraná",2814,1885,"Menor porte",0,0,"Cluster 1",8.51,2,"Cluster 1 - Menor porte","Menor porte (<20 mil)"
"3945","Barracão","Paraná",9759,10583,"Menor porte",4,3.78,"Cluster 1",8.51,9,"Cluster 1 - Menor porte","Menor porte (<20 mil)"
"3946","Bela Vista da Caroba","Paraná",4031,2784,"Menor porte",0,0,"Cluster 1",8.51,2,"Cluster 1 - Menor porte","Menor porte (<20 mil)"
"3947","Bela Vista do Paraíso","Paraná",14833,13023,"Menor porte",0,0,"Cluster 1",8.51,11,"Cluster 1 - Menor porte","Menor porte (<20 mil)"
"3948","Bituruna","Paraná",15533,11872,"Menor porte",0,0,"Cluster 3",8.89,11,"Cluster 3 - Menor porte","Menor porte (<20 mil)"
"3949","Boa Esperança","Paraná",4558,3891,"Menor porte",0,0,"Cluster 1",8.51,3,"Cluster 1 - Menor porte","Menor porte (<20 mil)"
"3950","Boa Esperança do Iguaçu","Paraná",2455,2015,"Menor porte",0,0,"Cluster 1",8.51,2,"Cluster 1 - Menor porte","Menor porte (<20 mil)"
"3951","Boa Ventura de São Roque","Paraná",6170,4117,"Menor porte",0,0,"Cluster 3",8.89,4,"Cluster 3 - Menor porte","Menor porte (<20 mil)"
"3952","Boa Vista da Aparecida","Paraná",7924,5557,"Menor porte",0,0,"Cluster 3",8.89,5,"Cluster 3 - Menor porte","Menor porte (<20 mil)"
"3953","Bocaiúva do Sul","Paraná",13299,8756,"Menor porte",1,1.14,"Cluster 3",8.89,8,"Cluster 3 - Menor porte","Menor porte (<20 mil)"
"3954","Bom Jesus do Sul","Paraná",3980,2339,"Menor porte",0,0,"Cluster 3",8.89,2,"Cluster 3 - Menor porte","Menor porte (<20 mil)"
"3955","Bom Sucesso","Paraná",6581,3740,"Menor porte",0,0,"Cluster 3",8.89,3,"Cluster 3 - Menor porte","Menor porte (<20 mil)"
"3956","Bom Sucesso do Sul","Paraná",3202,2417,"Menor porte",0,0,"Cluster 1",8.51,2,"Cluster 1 - Menor porte","Menor porte (<20 mil)"
"3957","Borrazópolis","Paraná",7735,6503,"Menor porte",0,0,"Cluster 1",8.51,6,"Cluster 1 - Menor porte","Menor porte (<20 mil)"
"3958","Braganey","Paraná",4854,3862,"Menor porte",0,0,"Cluster 1",8.51,3,"Cluster 1 - Menor porte","Menor porte (<20 mil)"
"3959","Brasilândia do Sul","Paraná",3708,2444,"Menor porte",0,0,"Cluster 1",8.51,2,"Cluster 1 - Menor porte","Menor porte (<20 mil)"
"3960","Cafeara","Paraná",2627,1737,"Menor porte",0,0,"Cluster 3",8.89,2,"Cluster 3 - Menor porte","Menor porte (<20 mil)"
"3961","Cafelândia","Paraná",18997,15698,"Menor porte",0,0,"Cluster 1",8.51,13,"Cluster 1 - Menor porte","Menor porte (<20 mil)"
"3962","Cafezal do Sul","Paraná",4473,2939,"Menor porte",0,0,"Cluster 1",8.51,3,"Cluster 1 - Menor porte","Menor porte (<20 mil)"
"3963","Califórnia","Paraná",8710,7321,"Menor porte",0,0,"Cluster 1",8.51,6,"Cluster 1 - Menor porte","Menor porte (<20 mil)"
"3964","Cambará","Paraná",23212,19109,"Médio porte",0,0,"Cluster 1",2.7,5,"Cluster 1 - Médio porte","Médio porte (>20 mil e <100 mil)"
"3965","Cambé","Paraná",107208,77643,"Maior porte",0,0,"Cluster 1",3.23,25,"Cluster 1 - Maior porte","Maior porte (>100 mil)"
"3966","Cambira","Paraná",9460,6770,"Menor porte",0,0,"Cluster 1",8.51,6,"Cluster 1 - Menor porte","Menor porte (<20 mil)"
"3967","Campina da Lagoa","Paraná",15723,11435,"Menor porte",0,0,"Cluster 1",8.51,10,"Cluster 1 - Menor porte","Menor porte (<20 mil)"
"3968","Campina do Simão","Paraná",3936,2287,"Menor porte",0,0,"Cluster 3",8.89,2,"Cluster 3 - Menor porte","Menor porte (<20 mil)"
"3969","Campina Grande do Sul","Paraná",47825,32028,"Médio porte",4,1.25,"Cluster 1",2.7,9,"Cluster 1 - Médio porte","Médio porte (>20 mil e <100 mil)"
"3970","Campo Bonito","Paraná",4027,2753,"Menor porte",0,0,"Cluster 1",8.51,2,"Cluster 1 - Menor porte","Menor porte (<20 mil)"
"3971","Campo do Tenente","Paraná",7508,4605,"Menor porte",0,0,"Cluster 3",8.89,4,"Cluster 3 - Menor porte","Menor porte (<20 mil)"
"3972","Campo Largo","Paraná",136327,94806,"Maior porte",0,0,"Cluster 1",3.23,31,"Cluster 1 - Maior porte","Maior porte (>100 mil)"
"3973","Campo Magro","Paraná",30160,17664,"Médio porte",0,0,"Cluster 3",4.29,8,"Cluster 3 - Médio porte","Médio porte (>20 mil e <100 mil)"
"3974","Campo Mourão","Paraná",99432,82816,"Médio porte",6,0.72,"Cluster 1",2.7,22,"Cluster 1 - Médio porte","Médio porte (>20 mil e <100 mil)"
"3975","Cândido de Abreu","Paraná",15244,9246,"Menor porte",0,0,"Cluster 3",8.89,8,"Cluster 3 - Menor porte","Menor porte (<20 mil)"
"3976","Candói","Paraná",14973,10146,"Menor porte",3,2.96,"Cluster 3",8.89,9,"Cluster 3 - Menor porte","Menor porte (<20 mil)"
"3977","Cantagalo","Paraná",10922,6823,"Menor porte",0,0,"Cluster 3",8.89,6,"Cluster 3 - Menor porte","Menor porte (<20 mil)"
"3978","Capanema","Paraná",20481,15265,"Menor porte",0,0,"Cluster 1",8.51,13,"Cluster 1 - Menor porte","Menor porte (<20 mil)"
"3979","Capitão Leônidas Marques","Paraná",14648,13056,"Menor porte",0,0,"Cluster 1",8.51,11,"Cluster 1 - Menor porte","Menor porte (<20 mil)"
"3980","Carambeí","Paraná",23283,16990,"Médio porte",2,1.18,"Cluster 1",2.7,5,"Cluster 1 - Médio porte","Médio porte (>20 mil e <100 mil)"
"3981","Carlópolis","Paraná",16905,11159,"Menor porte",0,0,"Cluster 1",8.51,9,"Cluster 1 - Menor porte","Menor porte (<20 mil)"
"3982","Cascavel","Paraná",348051,282277,"Maior porte",70,2.48,"Cluster 2",3.54,100,"Cluster 2 - Maior porte","Maior porte (>100 mil)"
"3983","Castro","Paraná",73075,52831,"Médio porte",0,0,"Cluster 1",2.7,14,"Cluster 1 - Médio porte","Médio porte (>20 mil e <100 mil)"
"3984","Catanduvas","Paraná",10446,6221,"Menor porte",0,0,"Cluster 3",8.89,6,"Cluster 3 - Menor porte","Menor porte (<20 mil)"
"3985","Centenário do Sul","Paraná",10832,7481,"Menor porte",0,0,"Cluster 3",8.89,7,"Cluster 3 - Menor porte","Menor porte (<20 mil)"
"3986","Cerro Azul","Paraná",16134,9715,"Menor porte",0,0,"Cluster 3",8.89,9,"Cluster 3 - Menor porte","Menor porte (<20 mil)"
"3987","Céu Azul","Paraná",11087,9467,"Menor porte",0,0,"Cluster 1",8.51,8,"Cluster 1 - Menor porte","Menor porte (<20 mil)"
"3988","Chopinzinho","Paraná",21085,16410,"Menor porte",0,0,"Cluster 1",8.51,14,"Cluster 1 - Menor porte","Menor porte (<20 mil)"
"3989","Cianorte","Paraná",79527,70122,"Médio porte",4,0.57,"Cluster 1",2.7,19,"Cluster 1 - Médio porte","Médio porte (>20 mil e <100 mil)"
"3990","Cidade Gaúcha","Paraná",11467,8261,"Menor porte",0,0,"Cluster 1",8.51,7,"Cluster 1 - Menor porte","Menor porte (<20 mil)"
"3991","Clevelândia","Paraná",15070,12401,"Menor porte",0,0,"Cluster 1",8.51,11,"Cluster 1 - Menor porte","Menor porte (<20 mil)"
"3992","Colombo","Paraná",232212,160550,"Maior porte",28,1.74,"Cluster 1",3.23,52,"Cluster 1 - Maior porte","Maior porte (>100 mil)"
"3993","Colorado","Paraná",22896,19437,"Médio porte",0,0,"Cluster 1",2.7,5,"Cluster 1 - Médio porte","Médio porte (>20 mil e <100 mil)"
"3994","Congonhinhas","Paraná",8320,5039,"Menor porte",0,0,"Cluster 3",8.89,4,"Cluster 3 - Menor porte","Menor porte (<20 mil)"
"3995","Conselheiro Mairinck","Paraná",3461,2122,"Menor porte",0,0,"Cluster 3",8.89,2,"Cluster 3 - Menor porte","Menor porte (<20 mil)"
"3996","Contenda","Paraná",19128,13436,"Menor porte",0,0,"Cluster 3",8.89,12,"Cluster 3 - Menor porte","Menor porte (<20 mil)"
"3997","Corbélia","Paraná",17470,14799,"Menor porte",0,0,"Cluster 1",8.51,13,"Cluster 1 - Menor porte","Menor porte (<20 mil)"
"3998","Cornélio Procópio","Paraná",45206,38352,"Médio porte",0,0,"Cluster 1",2.7,10,"Cluster 1 - Médio porte","Médio porte (>20 mil e <100 mil)"
"3999","Coronel Domingos Soares","Paraná",5649,2982,"Menor porte",0,0,"Cluster 2",16.92,5,"Cluster 2 - Menor porte","Menor porte (<20 mil)"
"4000","Coronel Vivida","Paraná",23331,18221,"Médio porte",4,2.2,"Cluster 1",2.7,5,"Cluster 1 - Médio porte","Médio porte (>20 mil e <100 mil)"
"4001","Corumbataí do Sul","Paraná",3760,2614,"Menor porte",0,0,"Cluster 1",8.51,2,"Cluster 1 - Menor porte","Menor porte (<20 mil)"
"4002","Cruz Machado","Paraná",15978,13051,"Menor porte",0,0,"Cluster 3",8.89,12,"Cluster 3 - Menor porte","Menor porte (<20 mil)"
"4003","Cruzeiro do Iguaçu","Paraná",4133,3012,"Menor porte",0,0,"Cluster 1",8.51,3,"Cluster 1 - Menor porte","Menor porte (<20 mil)"
"4004","Cruzeiro do Oeste","Paraná",23831,16787,"Médio porte",0,0,"Cluster 1",2.7,5,"Cluster 1 - Médio porte","Médio porte (>20 mil e <100 mil)"
"4005","Cruzeiro do Sul","Paraná",4494,3456,"Menor porte",0,0,"Cluster 1",8.51,3,"Cluster 1 - Menor porte","Menor porte (<20 mil)"
"4006","Cruzmaltina","Paraná",2892,1872,"Menor porte",0,0,"Cluster 3",8.89,2,"Cluster 3 - Menor porte","Menor porte (<20 mil)"
"4007","Curitiba","Paraná",1773718,1737730,"Maior porte",615,3.54,"Cluster 2",3.54,615,"Cluster 2 - Maior porte","Maior porte (>100 mil)"
"4008","Curiúva","Paraná",13647,9342,"Menor porte",0,0,"Cluster 3",8.89,8,"Cluster 3 - Menor porte","Menor porte (<20 mil)"
"4009","Diamante do Norte","Paraná",5142,4160,"Menor porte",0,0,"Cluster 1",8.51,4,"Cluster 1 - Menor porte","Menor porte (<20 mil)"
"4010","Diamante do Sul","Paraná",3171,1805,"Menor porte",0,0,"Cluster 3",8.89,2,"Cluster 3 - Menor porte","Menor porte (<20 mil)"
"4011","Diamante D'Oeste","Paraná",4557,2746,"Menor porte",0,0,"Cluster 3",8.89,2,"Cluster 3 - Menor porte","Menor porte (<20 mil)"
"4012","Dois Vizinhos","Paraná",44869,37910,"Médio porte",9,2.37,"Cluster 1",2.7,10,"Cluster 1 - Médio porte","Médio porte (>20 mil e <100 mil)"
"4013","Douradina","Paraná",9161,6974,"Menor porte",0,0,"Cluster 1",8.51,6,"Cluster 1 - Menor porte","Menor porte (<20 mil)"
"4014","Doutor Camargo","Paraná",6327,4897,"Menor porte",0,0,"Cluster 1",8.51,4,"Cluster 1 - Menor porte","Menor porte (<20 mil)"
"4015","Doutor Ulysses","Paraná",5697,2033,"Menor porte",0,0,"Cluster 2",16.92,3,"Cluster 2 - Menor porte","Menor porte (<20 mil)"
"4016","Enéas Marques","Paraná",5999,4798,"Menor porte",0,0,"Cluster 1",8.51,4,"Cluster 1 - Menor porte","Menor porte (<20 mil)"
"4017","Engenheiro Beltrão","Paraná",12454,9999,"Menor porte",0,0,"Cluster 1",8.51,9,"Cluster 1 - Menor porte","Menor porte (<20 mil)"
"4018","Entre Rios do Oeste","Paraná",4575,3872,"Menor porte",0,0,"Cluster 1",8.51,3,"Cluster 1 - Menor porte","Menor porte (<20 mil)"
"4019","Esperança Nova","Paraná",1849,1480,"Menor porte",0,0,"Cluster 1",8.51,1,"Cluster 1 - Menor porte","Menor porte (<20 mil)"
"4020","Espigão Alto do Iguaçu","Paraná",4797,2024,"Menor porte",0,0,"Cluster 3",8.89,2,"Cluster 3 - Menor porte","Menor porte (<20 mil)"
"4021","Farol","Paraná",3039,2128,"Menor porte",2,9.4,"Cluster 1",8.51,2,"Cluster 1 - Menor porte","Menor porte (<20 mil)"
"4022","Faxinal","Paraná",16389,12856,"Menor porte",0,0,"Cluster 1",8.51,11,"Cluster 1 - Menor porte","Menor porte (<20 mil)"
"4023","Fazenda Rio Grande","Paraná",148873,71884,"Maior porte",101,14.05,"Cluster 1",3.23,23,"Cluster 1 - Maior porte","Maior porte (>100 mil)"
"4024","Fênix","Paraná",4492,3059,"Menor porte",0,0,"Cluster 1",8.51,3,"Cluster 1 - Menor porte","Menor porte (<20 mil)"
"4025","Fernandes Pinheiro","Paraná",6255,3251,"Menor porte",0,0,"Cluster 3",8.89,3,"Cluster 3 - Menor porte","Menor porte (<20 mil)"
"4026","Figueira","Paraná",8062,4952,"Menor porte",0,0,"Cluster 3",8.89,4,"Cluster 3 - Menor porte","Menor porte (<20 mil)"
"4027","Flor da Serra do Sul","Paraná",4364,2909,"Menor porte",1,3.44,"Cluster 3",8.89,3,"Cluster 3 - Menor porte","Menor porte (<20 mil)"
"4028","Floraí","Paraná",4792,3968,"Menor porte",0,0,"Cluster 1",8.51,3,"Cluster 1 - Menor porte","Menor porte (<20 mil)"
"4029","Floresta","Paraná",10458,7284,"Menor porte",1,1.37,"Cluster 1",8.51,6,"Cluster 1 - Menor porte","Menor porte (<20 mil)"
"4030","Florestópolis","Paraná",11446,7082,"Menor porte",0,0,"Cluster 1",8.51,6,"Cluster 1 - Menor porte","Menor porte (<20 mil)"
"4031","Flórida","Paraná",2652,1881,"Menor porte",0,0,"Cluster 1",8.51,2,"Cluster 1 - Menor porte","Menor porte (<20 mil)"
"4032","Formosa do Oeste","Paraná",7635,6780,"Menor porte",0,0,"Cluster 1",8.51,6,"Cluster 1 - Menor porte","Menor porte (<20 mil)"
"4033","Foz do Iguaçu","Paraná",285415,218094,"Maior porte",45,2.06,"Cluster 2",3.54,77,"Cluster 2 - Maior porte","Maior porte (>100 mil)"
"4034","Foz do Jordão","Paraná",4926,3031,"Menor porte",0,0,"Cluster 3",8.89,3,"Cluster 3 - Menor porte","Menor porte (<20 mil)"
"4035","Francisco Alves","Paraná",8116,5190,"Menor porte",2,3.85,"Cluster 1",8.51,4,"Cluster 1 - Menor porte","Menor porte (<20 mil)"
"4036","Francisco Beltrão","Paraná",96666,77444,"Médio porte",29,3.74,"Cluster 1",2.7,21,"Cluster 1 - Médio porte","Médio porte (>20 mil e <100 mil)"
"4037","General Carneiro","Paraná",11062,7887,"Menor porte",2,2.54,"Cluster 3",8.89,7,"Cluster 3 - Menor porte","Menor porte (<20 mil)"
"4038","Godoy Moreira","Paraná",2977,2087,"Menor porte",0,0,"Cluster 3",8.89,2,"Cluster 3 - Menor porte","Menor porte (<20 mil)"
"4039","Goioerê","Paraná",28437,21915,"Médio porte",2,0.91,"Cluster 1",2.7,6,"Cluster 1 - Médio porte","Médio porte (>20 mil e <100 mil)"
"4040","Goioxim","Paraná",6566,3456,"Menor porte",0,0,"Cluster 3",8.89,3,"Cluster 3 - Menor porte","Menor porte (<20 mil)"
"4041","Grandes Rios","Paraná",5641,3564,"Menor porte",0,0,"Cluster 3",8.89,3,"Cluster 3 - Menor porte","Menor porte (<20 mil)"
"4042","Guaíra","Paraná",32097,31760,"Médio porte",0,0,"Cluster 1",2.7,9,"Cluster 1 - Médio porte","Médio porte (>20 mil e <100 mil)"
"4043","Guairaçá","Paraná",6587,4002,"Menor porte",0,0,"Cluster 3",8.89,4,"Cluster 3 - Menor porte","Menor porte (<20 mil)"
"4044","Guamiranga","Paraná",7856,5124,"Menor porte",0,0,"Cluster 3",8.89,5,"Cluster 3 - Menor porte","Menor porte (<20 mil)"
"4045","Guapirama","Paraná",4626,2720,"Menor porte",0,0,"Cluster 1",8.51,2,"Cluster 1 - Menor porte","Menor porte (<20 mil)"
"4046","Guaporema","Paraná",2191,1534,"Menor porte",0,0,"Cluster 1",8.51,1,"Cluster 1 - Menor porte","Menor porte (<20 mil)"
"4047","Guaraci","Paraná",4748,3555,"Menor porte",0,0,"Cluster 3",8.89,3,"Cluster 3 - Menor porte","Menor porte (<20 mil)"
"4048","Guaraniaçu","Paraná",13735,10024,"Menor porte",0,0,"Cluster 1",8.51,9,"Cluster 1 - Menor porte","Menor porte (<20 mil)"
"4049","Guarapuava","Paraná",182093,135014,"Maior porte",24,1.78,"Cluster 1",3.23,44,"Cluster 1 - Maior porte","Maior porte (>100 mil)"
"4050","Guaraqueçaba","Paraná",7430,1054,"Menor porte",0,0,"Cluster 2",16.92,2,"Cluster 2 - Menor porte","Menor porte (<20 mil)"
"4051","Guaratuba","Paraná",42062,21132,"Médio porte",17,8.04,"Cluster 1",2.7,6,"Cluster 1 - Médio porte","Médio porte (>20 mil e <100 mil)"
"4052","Honório Serpa","Paraná",4941,3607,"Menor porte",0,0,"Cluster 1",8.51,3,"Cluster 1 - Menor porte","Menor porte (<20 mil)"
"4053","Ibaiti","Paraná",28830,19589,"Médio porte",4,2.04,"Cluster 1",2.7,5,"Cluster 1 - Médio porte","Médio porte (>20 mil e <100 mil)"
"4054","Ibema","Paraná",6218,4042,"Menor porte",0,0,"Cluster 3",8.89,4,"Cluster 3 - Menor porte","Menor porte (<20 mil)"
"4055","Ibiporã","Paraná",51603,40078,"Médio porte",0,0,"Cluster 1",2.7,11,"Cluster 1 - Médio porte","Médio porte (>20 mil e <100 mil)"
"4056","Icaraíma","Paraná",8991,6748,"Menor porte",0,0,"Cluster 1",8.51,6,"Cluster 1 - Menor porte","Menor porte (<20 mil)"
"4057","Iguaraçu","Paraná",5338,3499,"Menor porte",0,0,"Cluster 1",8.51,3,"Cluster 1 - Menor porte","Menor porte (<20 mil)"
"4058","Iguatu","Paraná",2144,1426,"Menor porte",0,0,"Cluster 3",8.89,1,"Cluster 3 - Menor porte","Menor porte (<20 mil)"
"4059","Imbaú","Paraná",14249,7507,"Menor porte",0,0,"Cluster 3",8.89,7,"Cluster 3 - Menor porte","Menor porte (<20 mil)"
"4060","Imbituva","Paraná",29924,22065,"Médio porte",1,0.45,"Cluster 3",4.29,9,"Cluster 3 - Médio porte","Médio porte (>20 mil e <100 mil)"
"4061","Inácio Martins","Paraná",9670,4915,"Menor porte",0,0,"Cluster 2",16.92,8,"Cluster 2 - Menor porte","Menor porte (<20 mil)"
"4062","Inajá","Paraná",2536,1745,"Menor porte",0,0,"Cluster 3",8.89,2,"Cluster 3 - Menor porte","Menor porte (<20 mil)"
"4063","Indianópolis","Paraná",4448,3230,"Menor porte",0,0,"Cluster 1",8.51,3,"Cluster 1 - Menor porte","Menor porte (<20 mil)"
"4064","Ipiranga","Paraná",14142,9711,"Menor porte",0,0,"Cluster 3",8.89,9,"Cluster 3 - Menor porte","Menor porte (<20 mil)"
"4065","Iporã","Paraná",15746,12534,"Menor porte",0,0,"Cluster 1",8.51,11,"Cluster 1 - Menor porte","Menor porte (<20 mil)"
"4066","Iracema do Oeste","Paraná",2343,1787,"Menor porte",0,0,"Cluster 1",8.51,2,"Cluster 1 - Menor porte","Menor porte (<20 mil)"
"4067","Irati","Paraná",59250,45675,"Médio porte",4,0.88,"Cluster 1",2.7,12,"Cluster 1 - Médio porte","Médio porte (>20 mil e <100 mil)"
"4068","Iretama","Paraná",10684,6733,"Menor porte",0,0,"Cluster 3",8.89,6,"Cluster 3 - Menor porte","Menor porte (<20 mil)"
"4069","Itaguajé","Paraná",4481,3252,"Menor porte",0,0,"Cluster 1",8.51,3,"Cluster 1 - Menor porte","Menor porte (<20 mil)"
"4070","Itaipulândia","Paraná",11485,8236,"Menor porte",0,0,"Cluster 1",8.51,7,"Cluster 1 - Menor porte","Menor porte (<20 mil)"
"4071","Itambaracá","Paraná",5908,4206,"Menor porte",0,0,"Cluster 3",8.89,4,"Cluster 3 - Menor porte","Menor porte (<20 mil)"
"4072","Itambé","Paraná",6111,4837,"Menor porte",0,0,"Cluster 1",8.51,4,"Cluster 1 - Menor porte","Menor porte (<20 mil)"
"4073","Itapejara d'Oeste","Paraná",12344,9069,"Menor porte",0,0,"Cluster 1",8.51,8,"Cluster 1 - Menor porte","Menor porte (<20 mil)"
"4074","Itaperuçu","Paraná",31217,17593,"Médio porte",0,0,"Cluster 3",4.29,8,"Cluster 3 - Médio porte","Médio porte (>20 mil e <100 mil)"
"4075","Itaúna do Sul","Paraná",3572,2287,"Menor porte",0,0,"Cluster 1",8.51,2,"Cluster 1 - Menor porte","Menor porte (<20 mil)"
"4076","Ivaí","Paraná",13229,9984,"Menor porte",0,0,"Cluster 3",8.89,9,"Cluster 3 - Menor porte","Menor porte (<20 mil)"
"4077","Ivaiporã","Paraná",32720,27538,"Médio porte",0,0,"Cluster 1",2.7,7,"Cluster 1 - Médio porte","Médio porte (>20 mil e <100 mil)"
"4078","Ivaté","Paraná",6831,5228,"Menor porte",0,0,"Cluster 1",8.51,4,"Cluster 1 - Menor porte","Menor porte (<20 mil)"
"4079","Ivatuba","Paraná",2708,1733,"Menor porte",0,0,"Cluster 1",8.51,1,"Cluster 1 - Menor porte","Menor porte (<20 mil)"
"4080","Jaboti","Paraná",5427,2963,"Menor porte",0,0,"Cluster 3",8.89,3,"Cluster 3 - Menor porte","Menor porte (<20 mil)"
"4081","Jacarezinho","Paraná",40375,27496,"Médio porte",0,0,"Cluster 1",2.7,7,"Cluster 1 - Médio porte","Médio porte (>20 mil e <100 mil)"
"4082","Jaguapitã","Paraná",15122,9902,"Menor porte",0,0,"Cluster 1",8.51,8,"Cluster 1 - Menor porte","Menor porte (<20 mil)"
"4083","Jaguariaíva","Paraná",35141,21292,"Médio porte",2,0.94,"Cluster 1",2.7,6,"Cluster 1 - Médio porte","Médio porte (>20 mil e <100 mil)"
"4084","Jandaia do Sul","Paraná",21408,17569,"Médio porte",0,0,"Cluster 1",2.7,5,"Cluster 1 - Médio porte","Médio porte (>20 mil e <100 mil)"
"4085","Janiópolis","Paraná",5870,4016,"Menor porte",2,4.98,"Cluster 1",8.51,3,"Cluster 1 - Menor porte","Menor porte (<20 mil)"
"4086","Japira","Paraná",4972,2577,"Menor porte",0,0,"Cluster 3",8.89,2,"Cluster 3 - Menor porte","Menor porte (<20 mil)"
"4087","Japurá","Paraná",9144,7383,"Menor porte",0,0,"Cluster 1",8.51,6,"Cluster 1 - Menor porte","Menor porte (<20 mil)"
"4088","Jardim Alegre","Paraná",12004,9373,"Menor porte",0,0,"Cluster 1",8.51,8,"Cluster 1 - Menor porte","Menor porte (<20 mil)"
"4089","Jardim Olinda","Paraná",1343,1195,"Menor porte",0,0,"Cluster 1",8.51,1,"Cluster 1 - Menor porte","Menor porte (<20 mil)"
"4090","Jataizinho","Paraná",11813,8794,"Menor porte",0,0,"Cluster 3",8.89,8,"Cluster 3 - Menor porte","Menor porte (<20 mil)"
"4091","Jesuítas","Paraná",10506,7675,"Menor porte",0,0,"Cluster 1",8.51,7,"Cluster 1 - Menor porte","Menor porte (<20 mil)"
"4092","Joaquim Távora","Paraná",11945,7766,"Menor porte",0,0,"Cluster 1",8.51,7,"Cluster 1 - Menor porte","Menor porte (<20 mil)"
"4093","Jundiaí do Sul","Paraná",3333,1296,"Menor porte",0,0,"Cluster 3",8.89,1,"Cluster 3 - Menor porte","Menor porte (<20 mil)"
"4094","Juranda","Paraná",7771,6658,"Menor porte",0,0,"Cluster 1",8.51,6,"Cluster 1 - Menor porte","Menor porte (<20 mil)"
"4095","Jussara","Paraná",6690,5134,"Menor porte",0,0,"Cluster 1",8.51,4,"Cluster 1 - Menor porte","Menor porte (<20 mil)"
"4096","Kaloré","Paraná",4582,3402,"Menor porte",0,0,"Cluster 1",8.51,3,"Cluster 1 - Menor porte","Menor porte (<20 mil)"
"4097","Lapa","Paraná",45003,32339,"Médio porte",4,1.24,"Cluster 1",2.7,9,"Cluster 1 - Médio porte","Médio porte (>20 mil e <100 mil)"
"4098","Laranjal","Paraná",5600,2816,"Menor porte",0,0,"Cluster 2",16.92,5,"Cluster 2 - Menor porte","Menor porte (<20 mil)"
"4099","Laranjeiras do Sul","Paraná",32227,23252,"Médio porte",1,0.43,"Cluster 1",2.7,6,"Cluster 1 - Médio porte","Médio porte (>20 mil e <100 mil)"
"4100","Leópolis","Paraná",3752,2478,"Menor porte",0,0,"Cluster 1",8.51,2,"Cluster 1 - Menor porte","Menor porte (<20 mil)"
"4101","Lidianópolis","Paraná",3938,2977,"Menor porte",0,0,"Cluster 1",8.51,3,"Cluster 1 - Menor porte","Menor porte (<20 mil)"
"4102","Lindoeste","Paraná",5175,3712,"Menor porte",0,0,"Cluster 1",8.51,3,"Cluster 1 - Menor porte","Menor porte (<20 mil)"
"4103","Loanda","Paraná",23225,18759,"Médio porte",0,0,"Cluster 1",2.7,5,"Cluster 1 - Médio porte","Médio porte (>20 mil e <100 mil)"
"4104","Lobato","Paraná",4601,3377,"Menor porte",0,0,"Cluster 1",8.51,3,"Cluster 1 - Menor porte","Menor porte (<20 mil)"
"4105","Londrina","Paraná",555965,440048,"Maior porte",91,2.07,"Cluster 2",3.54,156,"Cluster 2 - Maior porte","Maior porte (>100 mil)"
"4106","Luiziana","Paraná",6690,4055,"Menor porte",0,0,"Cluster 3",8.89,4,"Cluster 3 - Menor porte","Menor porte (<20 mil)"
"4107","Lunardelli","Paraná",4872,3446,"Menor porte",0,0,"Cluster 1",8.51,3,"Cluster 1 - Menor porte","Menor porte (<20 mil)"
"4108","Lupionópolis","Paraná",4813,3100,"Menor porte",0,0,"Cluster 3",8.89,3,"Cluster 3 - Menor porte","Menor porte (<20 mil)"
"4109","Mallet","Paraná",13428,10201,"Menor porte",1,0.98,"Cluster 1",8.51,9,"Cluster 1 - Menor porte","Menor porte (<20 mil)"
"4110","Mamborê","Paraná",13452,12142,"Menor porte",0,0,"Cluster 1",8.51,10,"Cluster 1 - Menor porte","Menor porte (<20 mil)"
"4111","Mandaguaçu","Paraná",31457,17333,"Médio porte",0,0,"Cluster 1",2.7,5,"Cluster 1 - Médio porte","Médio porte (>20 mil e <100 mil)"
"4112","Mandaguari","Paraná",36716,30276,"Médio porte",0,0,"Cluster 1",2.7,8,"Cluster 1 - Médio porte","Médio porte (>20 mil e <100 mil)"
"4113","Mandirituba","Paraná",27439,18489,"Médio porte",0,0,"Cluster 3",4.29,8,"Cluster 3 - Médio porte","Médio porte (>20 mil e <100 mil)"
"4114","Manfrinópolis","Paraná",2770,1724,"Menor porte",0,0,"Cluster 3",8.89,2,"Cluster 3 - Menor porte","Menor porte (<20 mil)"
"4115","Mangueirinha","Paraná",16603,12513,"Menor porte",0,0,"Cluster 1",8.51,11,"Cluster 1 - Menor porte","Menor porte (<20 mil)"
"4116","Manoel Ribas","Paraná",14240,9763,"Menor porte",0,0,"Cluster 1",8.51,8,"Cluster 1 - Menor porte","Menor porte (<20 mil)"
"4117","Marechal Cândido Rondon","Paraná",55836,51984,"Médio porte",1,0.19,"Cluster 1",2.7,14,"Cluster 1 - Médio porte","Médio porte (>20 mil e <100 mil)"
"4118","Maria Helena","Paraná",5865,3846,"Menor porte",0,0,"Cluster 3",8.89,3,"Cluster 3 - Menor porte","Menor porte (<20 mil)"
"4119","Marialva","Paraná",41851,32139,"Médio porte",4,1.24,"Cluster 1",2.7,9,"Cluster 1 - Médio porte","Médio porte (>20 mil e <100 mil)"
"4120","Marilândia do Sul","Paraná",8677,6512,"Menor porte",0,0,"Cluster 1",8.51,6,"Cluster 1 - Menor porte","Menor porte (<20 mil)"
"4121","Marilena","Paraná",7253,5424,"Menor porte",0,0,"Cluster 1",8.51,5,"Cluster 1 - Menor porte","Menor porte (<20 mil)"
"4122","Mariluz","Paraná",9847,6641,"Menor porte",0,0,"Cluster 3",8.89,6,"Cluster 3 - Menor porte","Menor porte (<20 mil)"
"4123","Maringá","Paraná",409657,357039,"Maior porte",150,4.2,"Cluster 2",3.54,126,"Cluster 2 - Maior porte","Maior porte (>100 mil)"
"4124","Mariópolis","Paraná",6371,4625,"Menor porte",0,0,"Cluster 1",8.51,4,"Cluster 1 - Menor porte","Menor porte (<20 mil)"
"4125","Maripá","Paraná",6555,5245,"Menor porte",0,0,"Cluster 1",8.51,4,"Cluster 1 - Menor porte","Menor porte (<20 mil)"
"4126","Marmeleiro","Paraná",15901,13118,"Menor porte",5,3.81,"Cluster 1",8.51,11,"Cluster 1 - Menor porte","Menor porte (<20 mil)"
"4127","Marquinho","Paraná",4515,2665,"Menor porte",0,0,"Cluster 3",8.89,2,"Cluster 3 - Menor porte","Menor porte (<20 mil)"
"4128","Marumbi","Paraná",4699,3057,"Menor porte",0,0,"Cluster 1",8.51,3,"Cluster 1 - Menor porte","Menor porte (<20 mil)"
"4129","Matelândia","Paraná",18450,15465,"Menor porte",0,0,"Cluster 1",8.51,13,"Cluster 1 - Menor porte","Menor porte (<20 mil)"
"4130","Matinhos","Paraná",39259,20773,"Médio porte",0,0,"Cluster 1",2.7,6,"Cluster 1 - Médio porte","Médio porte (>20 mil e <100 mil)"
"4131","Mato Rico","Paraná",3267,1953,"Menor porte",0,0,"Cluster 3",8.89,2,"Cluster 3 - Menor porte","Menor porte (<20 mil)"
"4132","Mauá da Serra","Paraná",9383,6895,"Menor porte",0,0,"Cluster 3",8.89,6,"Cluster 3 - Menor porte","Menor porte (<20 mil)"
"4133","Medianeira","Paraná",54369,43555,"Médio porte",0,0,"Cluster 1",2.7,12,"Cluster 1 - Médio porte","Médio porte (>20 mil e <100 mil)"
"4134","Mercedes","Paraná",5931,6150,"Menor porte",2,3.25,"Cluster 1",8.51,5,"Cluster 1 - Menor porte","Menor porte (<20 mil)"
"4135","Mirador","Paraná",2238,1039,"Menor porte",0,0,"Cluster 3",8.89,1,"Cluster 3 - Menor porte","Menor porte (<20 mil)"
"4136","Miraselva","Paraná",1966,1364,"Menor porte",0,0,"Cluster 1",8.51,1,"Cluster 1 - Menor porte","Menor porte (<20 mil)"
"4137","Missal","Paraná",11064,9560,"Menor porte",0,0,"Cluster 1",8.51,8,"Cluster 1 - Menor porte","Menor porte (<20 mil)"
"4138","Moreira Sales","Paraná",11175,7357,"Menor porte",2,2.72,"Cluster 3",8.89,7,"Cluster 3 - Menor porte","Menor porte (<20 mil)"
"4139","Morretes","Paraná",18309,9871,"Menor porte",3,3.04,"Cluster 3",8.89,9,"Cluster 3 - Menor porte","Menor porte (<20 mil)"
"4140","Munhoz de Melo","Paraná",3951,2567,"Menor porte",0,0,"Cluster 1",8.51,2,"Cluster 1 - Menor porte","Menor porte (<20 mil)"
"4141","Nossa Senhora das Graças","Paraná",3669,2108,"Menor porte",0,0,"Cluster 3",8.89,2,"Cluster 3 - Menor porte","Menor porte (<20 mil)"
"4142","Nova Aliança do Ivaí","Paraná",1323,892,"Menor porte",0,0,"Cluster 3",8.89,1,"Cluster 3 - Menor porte","Menor porte (<20 mil)"
"4143","Nova América da Colina","Paraná",3280,2302,"Menor porte",0,0,"Cluster 3",8.89,2,"Cluster 3 - Menor porte","Menor porte (<20 mil)"
"4144","Nova Aurora","Paraná",13765,10435,"Menor porte",0,0,"Cluster 1",8.51,9,"Cluster 1 - Menor porte","Menor porte (<20 mil)"
"4145","Nova Cantu","Paraná",6790,4160,"Menor porte",0,0,"Cluster 1",8.51,4,"Cluster 1 - Menor porte","Menor porte (<20 mil)"
"4146","Nova Esperança","Paraná",26585,22400,"Médio porte",0,0,"Cluster 1",2.7,6,"Cluster 1 - Médio porte","Médio porte (>20 mil e <100 mil)"
"4147","Nova Esperança do Sudoeste","Paraná",5597,3699,"Menor porte",0,0,"Cluster 1",8.51,3,"Cluster 1 - Menor porte","Menor porte (<20 mil)"
"4148","Nova Fátima","Paraná",7225,5009,"Menor porte",0,0,"Cluster 3",8.89,4,"Cluster 3 - Menor porte","Menor porte (<20 mil)"
"4149","Nova Laranjeiras","Paraná",12074,5415,"Menor porte",0,0,"Cluster 3",8.89,5,"Cluster 3 - Menor porte","Menor porte (<20 mil)"
"4150","Nova Londrina","Paraná",12923,12585,"Menor porte",0,0,"Cluster 1",8.51,11,"Cluster 1 - Menor porte","Menor porte (<20 mil)"
"4151","Nova Olímpia","Paraná",5833,4445,"Menor porte",0,0,"Cluster 1",8.51,4,"Cluster 1 - Menor porte","Menor porte (<20 mil)"
"4152","Nova Prata do Iguaçu","Paraná",12699,8556,"Menor porte",0,0,"Cluster 1",8.51,7,"Cluster 1 - Menor porte","Menor porte (<20 mil)"
"4153","Nova Santa Bárbara","Paraná",4184,3075,"Menor porte",0,0,"Cluster 3",8.89,3,"Cluster 3 - Menor porte","Menor porte (<20 mil)"
"4154","Nova Santa Rosa","Paraná",8322,8308,"Menor porte",0,0,"Cluster 1",8.51,7,"Cluster 1 - Menor porte","Menor porte (<20 mil)"
"4155","Nova Tebas","Paraná",6848,4482,"Menor porte",0,0,"Cluster 1",8.51,4,"Cluster 1 - Menor porte","Menor porte (<20 mil)"
"4156","Novo Itacolomi","Paraná",3125,2285,"Menor porte",0,0,"Cluster 1",8.51,2,"Cluster 1 - Menor porte","Menor porte (<20 mil)"
"4157","Ortigueira","Paraná",24192,13706,"Médio porte",0,0,"Cluster 1",2.7,4,"Cluster 1 - Médio porte","Médio porte (>20 mil e <100 mil)"
"4158","Ourizona","Paraná",3187,2465,"Menor porte",0,0,"Cluster 1",8.51,2,"Cluster 1 - Menor porte","Menor porte (<20 mil)"
"4159","Ouro Verde do Oeste","Paraná",6785,3736,"Menor porte",0,0,"Cluster 1",8.51,3,"Cluster 1 - Menor porte","Menor porte (<20 mil)"
"4160","Paiçandu","Paraná",45962,30099,"Médio porte",0,0,"Cluster 1",2.7,8,"Cluster 1 - Médio porte","Médio porte (>20 mil e <100 mil)"
"4161","Palmas","Paraná",48247,29110,"Médio porte",0,0,"Cluster 3",4.29,13,"Cluster 3 - Médio porte","Médio porte (>20 mil e <100 mil)"
"4162","Palmeira","Paraná",33855,25405,"Médio porte",0,0,"Cluster 1",2.7,7,"Cluster 1 - Médio porte","Médio porte (>20 mil e <100 mil)"
"4163","Palmital","Paraná",13033,8804,"Menor porte",0,0,"Cluster 3",8.89,8,"Cluster 3 - Menor porte","Menor porte (<20 mil)"
"4164","Palotina","Paraná",35011,30856,"Médio porte",0,0,"Cluster 1",2.7,8,"Cluster 1 - Médio porte","Médio porte (>20 mil e <100 mil)"
"4165","Paraíso do Norte","Paraná",13245,9727,"Menor porte",0,0,"Cluster 1",8.51,8,"Cluster 1 - Menor porte","Menor porte (<20 mil)"
"4166","Paranacity","Paraná",9557,7004,"Menor porte",0,0,"Cluster 1",8.51,6,"Cluster 1 - Menor porte","Menor porte (<20 mil)"
"4167","Paranaguá","Paraná",145829,85057,"Maior porte",4,0.47,"Cluster 1",3.23,27,"Cluster 1 - Maior porte","Maior porte (>100 mil)"
"4168","Paranapoema","Paraná",2398,1779,"Menor porte",0,0,"Cluster 3",8.89,2,"Cluster 3 - Menor porte","Menor porte (<20 mil)"
"4169","Paranavaí","Paraná",92001,77529,"Médio porte",0,0,"Cluster 1",2.7,21,"Cluster 1 - Médio porte","Médio porte (>20 mil e <100 mil)"
"4170","Pato Bragado","Paraná",5733,4614,"Menor porte",0,0,"Cluster 1",8.51,4,"Cluster 1 - Menor porte","Menor porte (<20 mil)"
"4171","Pato Branco","Paraná",91836,71626,"Médio porte",20,2.79,"Cluster 1",2.7,19,"Cluster 1 - Médio porte","Médio porte (>20 mil e <100 mil)"
"4172","Paula Freitas","Paraná",5666,4019,"Menor porte",1,2.49,"Cluster 1",8.51,3,"Cluster 1 - Menor porte","Menor porte (<20 mil)"
"4173","Paulo Frontin","Paraná",6343,5495,"Menor porte",2,3.64,"Cluster 1",8.51,5,"Cluster 1 - Menor porte","Menor porte (<20 mil)"
"4174","Peabiru","Paraná",13346,8969,"Menor porte",0,0,"Cluster 1",8.51,8,"Cluster 1 - Menor porte","Menor porte (<20 mil)"
"4175","Perobal","Paraná",7189,4653,"Menor porte",0,0,"Cluster 1",8.51,4,"Cluster 1 - Menor porte","Menor porte (<20 mil)"
"4176","Pérola","Paraná",11878,9884,"Menor porte",0,0,"Cluster 1",8.51,8,"Cluster 1 - Menor porte","Menor porte (<20 mil)"
"4177","Pérola d'Oeste","Paraná",6221,5407,"Menor porte",0,0,"Cluster 1",8.51,5,"Cluster 1 - Menor porte","Menor porte (<20 mil)"
"4178","Piên","Paraná",13655,9942,"Menor porte",0,0,"Cluster 1",8.51,8,"Cluster 1 - Menor porte","Menor porte (<20 mil)"
"4179","Pinhais","Paraná",127019,98236,"Maior porte",1,0.1,"Cluster 2",3.54,35,"Cluster 2 - Maior porte","Maior porte (>100 mil)"
"4180","Pinhal de São Bento","Paraná",2761,1693,"Menor porte",0,0,"Cluster 3",8.89,2,"Cluster 3 - Menor porte","Menor porte (<20 mil)"
"4181","Pinhalão","Paraná",6566,4031,"Menor porte",0,0,"Cluster 3",8.89,4,"Cluster 3 - Menor porte","Menor porte (<20 mil)"
"4182","Pinhão","Paraná",29886,17055,"Médio porte",0,0,"Cluster 3",4.29,7,"Cluster 3 - Médio porte","Médio porte (>20 mil e <100 mil)"
"4183","Piraí do Sul","Paraná",23651,16446,"Médio porte",0,0,"Cluster 1",2.7,4,"Cluster 1 - Médio porte","Médio porte (>20 mil e <100 mil)"
"4184","Piraquara","Paraná",118730,57939,"Maior porte",0,0,"Cluster 3",3.72,22,"Cluster 3 - Maior porte","Maior porte (>100 mil)"
"4185","Pitanga","Paraná",33678,26034,"Médio porte",0,0,"Cluster 1",2.7,7,"Cluster 1 - Médio porte","Médio porte (>20 mil e <100 mil)"
"4186","Pitangueiras","Paraná",3046,1965,"Menor porte",0,0,"Cluster 3",8.89,2,"Cluster 3 - Menor porte","Menor porte (<20 mil)"
"4187","Planaltina do Paraná","Paraná",4070,2987,"Menor porte",0,0,"Cluster 1",8.51,3,"Cluster 1 - Menor porte","Menor porte (<20 mil)"
"4188","Planalto","Paraná",14374,10157,"Menor porte",3,2.95,"Cluster 1",8.51,9,"Cluster 1 - Menor porte","Menor porte (<20 mil)"
"4189","Ponta Grossa","Paraná",358371,247451,"Maior porte",123,4.97,"Cluster 2",3.54,88,"Cluster 2 - Maior porte","Maior porte (>100 mil)"
"4190","Pontal do Paraná","Paraná",30425,14827,"Médio porte",0,0,"Cluster 1",2.7,4,"Cluster 1 - Médio porte","Médio porte (>20 mil e <100 mil)"
"4191","Porecatu","Paraná",11624,9221,"Menor porte",0,0,"Cluster 1",8.51,8,"Cluster 1 - Menor porte","Menor porte (<20 mil)"
"4192","Porto Amazonas","Paraná",4098,2571,"Menor porte",0,0,"Cluster 3",8.89,2,"Cluster 3 - Menor porte","Menor porte (<20 mil)"
"4193","Porto Barreiro","Paraná",3110,2153,"Menor porte",0,0,"Cluster 1",8.51,2,"Cluster 1 - Menor porte","Menor porte (<20 mil)"
"4194","Porto Rico","Paraná",3182,2423,"Menor porte",0,0,"Cluster 1",8.51,2,"Cluster 1 - Menor porte","Menor porte (<20 mil)"
"4195","Porto Vitória","Paraná",3562,2561,"Menor porte",0,0,"Cluster 3",8.89,2,"Cluster 3 - Menor porte","Menor porte (<20 mil)"
"4196","Prado Ferreira","Paraná",3709,2340,"Menor porte",0,0,"Cluster 1",8.51,2,"Cluster 1 - Menor porte","Menor porte (<20 mil)"
"4197","Pranchita","Paraná",5737,5661,"Menor porte",0,0,"Cluster 1",8.51,5,"Cluster 1 - Menor porte","Menor porte (<20 mil)"
"4198","Presidente Castelo Branco","Paraná",4336,3512,"Menor porte",0,0,"Cluster 1",8.51,3,"Cluster 1 - Menor porte","Menor porte (<20 mil)"
"4199","Primeiro de Maio","Paraná",10082,8663,"Menor porte",0,0,"Cluster 1",8.51,7,"Cluster 1 - Menor porte","Menor porte (<20 mil)"
"4200","Prudentópolis","Paraná",49393,36576,"Médio porte",0,0,"Cluster 1",2.7,10,"Cluster 1 - Médio porte","Médio porte (>20 mil e <100 mil)"
"4201","Quarto Centenário","Paraná",4201,3138,"Menor porte",0,0,"Cluster 1",8.51,3,"Cluster 1 - Menor porte","Menor porte (<20 mil)"
"4202","Quatiguá","Paraná",8099,6173,"Menor porte",0,0,"Cluster 1",8.51,5,"Cluster 1 - Menor porte","Menor porte (<20 mil)"
"4203","Quatro Barras","Paraná",24191,18720,"Médio porte",0,0,"Cluster 1",2.7,5,"Cluster 1 - Médio porte","Médio porte (>20 mil e <100 mil)"
"4204","Quatro Pontes","Paraná",4480,4571,"Menor porte",0,0,"Cluster 1",8.51,4,"Cluster 1 - Menor porte","Menor porte (<20 mil)"
"4205","Quedas do Iguaçu","Paraná",30738,22620,"Médio porte",0,0,"Cluster 1",2.7,6,"Cluster 1 - Médio porte","Médio porte (>20 mil e <100 mil)"
"4206","Querência do Norte","Paraná",10685,7304,"Menor porte",0,0,"Cluster 3",8.89,6,"Cluster 3 - Menor porte","Menor porte (<20 mil)"
"4207","Quinta do Sol","Paraná",5001,3229,"Menor porte",0,0,"Cluster 1",8.51,3,"Cluster 1 - Menor porte","Menor porte (<20 mil)"
"4208","Quitandinha","Paraná",18398,12783,"Menor porte",0,0,"Cluster 3",8.89,11,"Cluster 3 - Menor porte","Menor porte (<20 mil)"
"4209","Ramilândia","Paraná",4221,2305,"Menor porte",0,0,"Cluster 3",8.89,2,"Cluster 3 - Menor porte","Menor porte (<20 mil)"
"4210","Rancho Alegre","Paraná",3512,2504,"Menor porte",0,0,"Cluster 1",8.51,2,"Cluster 1 - Menor porte","Menor porte (<20 mil)"
"4211","Rancho Alegre D'Oeste","Paraná",2618,2208,"Menor porte",0,0,"Cluster 1",8.51,2,"Cluster 1 - Menor porte","Menor porte (<20 mil)"
"4212","Realeza","Paraná",19247,16513,"Menor porte",0,0,"Cluster 1",8.51,14,"Cluster 1 - Menor porte","Menor porte (<20 mil)"
"4213","Rebouças","Paraná",14514,8751,"Menor porte",0,0,"Cluster 3",8.89,8,"Cluster 3 - Menor porte","Menor porte (<20 mil)"
"4214","Renascença","Paraná",6845,5565,"Menor porte",0,0,"Cluster 1",8.51,5,"Cluster 1 - Menor porte","Menor porte (<20 mil)"
"4215","Reserva","Paraná",24573,16952,"Médio porte",0,0,"Cluster 3",4.29,7,"Cluster 3 - Médio porte","Médio porte (>20 mil e <100 mil)"
"4216","Reserva do Iguaçu","Paraná",6553,3216,"Menor porte",0,0,"Cluster 3",8.89,3,"Cluster 3 - Menor porte","Menor porte (<20 mil)"
"4217","Ribeirão Claro","Paraná",12364,8929,"Menor porte",0,0,"Cluster 1",8.51,8,"Cluster 1 - Menor porte","Menor porte (<20 mil)"
"4218","Ribeirão do Pinhal","Paraná",13060,8569,"Menor porte",0,0,"Cluster 3",8.89,8,"Cluster 3 - Menor porte","Menor porte (<20 mil)"
"4219","Rio Azul","Paraná",14025,11058,"Menor porte",0,0,"Cluster 1",8.51,9,"Cluster 1 - Menor porte","Menor porte (<20 mil)"
"4220","Rio Bom","Paraná",3197,2569,"Menor porte",0,0,"Cluster 1",8.51,2,"Cluster 1 - Menor porte","Menor porte (<20 mil)"
"4221","Rio Bonito do Iguaçu","Paraná",13929,9388,"Menor porte",0,0,"Cluster 3",8.89,8,"Cluster 3 - Menor porte","Menor porte (<20 mil)"
"4222","Rio Branco do Ivaí","Paraná",3808,2469,"Menor porte",0,0,"Cluster 3",8.89,2,"Cluster 3 - Menor porte","Menor porte (<20 mil)"
"4223","Rio Branco do Sul","Paraná",37558,21690,"Médio porte",0,0,"Cluster 1",2.7,6,"Cluster 1 - Médio porte","Médio porte (>20 mil e <100 mil)"
"4224","Rio Negro","Paraná",31324,25775,"Médio porte",4,1.55,"Cluster 1",2.7,7,"Cluster 1 - Médio porte","Médio porte (>20 mil e <100 mil)"
"4225","Rolândia","Paraná",71670,50940,"Médio porte",0,0,"Cluster 1",2.7,14,"Cluster 1 - Médio porte","Médio porte (>20 mil e <100 mil)"
"4226","Roncador","Paraná",11251,7900,"Menor porte",0,0,"Cluster 1",8.51,7,"Cluster 1 - Menor porte","Menor porte (<20 mil)"
"4227","Rondon","Paraná",9097,7244,"Menor porte",0,0,"Cluster 1",8.51,6,"Cluster 1 - Menor porte","Menor porte (<20 mil)"
"4228","Rosário do Ivaí","Paraná",5435,3635,"Menor porte",0,0,"Cluster 3",8.89,3,"Cluster 3 - Menor porte","Menor porte (<20 mil)"
"4229","Sabáudia","Paraná",8822,6173,"Menor porte",0,0,"Cluster 1",8.51,5,"Cluster 1 - Menor porte","Menor porte (<20 mil)"
"4230","Salgado Filho","Paraná",4075,3671,"Menor porte",0,0,"Cluster 1",8.51,3,"Cluster 1 - Menor porte","Menor porte (<20 mil)"
"4231","Salto do Itararé","Paraná",5192,3776,"Menor porte",0,0,"Cluster 1",8.51,3,"Cluster 1 - Menor porte","Menor porte (<20 mil)"
"4232","Salto do Lontra","Paraná",15223,10620,"Menor porte",0,0,"Cluster 1",8.51,9,"Cluster 1 - Menor porte","Menor porte (<20 mil)"
"4233","Santa Amélia","Paraná",3394,1947,"Menor porte",0,0,"Cluster 3",8.89,2,"Cluster 3 - Menor porte","Menor porte (<20 mil)"
"4234","Santa Cecília do Pavão","Paraná",3365,2582,"Menor porte",0,0,"Cluster 1",8.51,2,"Cluster 1 - Menor porte","Menor porte (<20 mil)"
"4235","Santa Cruz de Monte Castelo","Paraná",8613,6785,"Menor porte",0,0,"Cluster 1",8.51,6,"Cluster 1 - Menor porte","Menor porte (<20 mil)"
"4236","Santa Fé","Paraná",11378,8260,"Menor porte",0,0,"Cluster 1",8.51,7,"Cluster 1 - Menor porte","Menor porte (<20 mil)"
"4237","Santa Helena","Paraná",25492,21134,"Médio porte",0,0,"Cluster 1",2.7,6,"Cluster 1 - Médio porte","Médio porte (>20 mil e <100 mil)"
"4238","Santa Inês","Paraná",1748,1006,"Menor porte",0,0,"Cluster 1",8.51,1,"Cluster 1 - Menor porte","Menor porte (<20 mil)"
"4239","Santa Isabel do Ivaí","Paraná",8912,6700,"Menor porte",0,0,"Cluster 1",8.51,6,"Cluster 1 - Menor porte","Menor porte (<20 mil)"
"4240","Santa Izabel do Oeste","Paraná",14070,8383,"Menor porte",0,0,"Cluster 3",8.89,7,"Cluster 3 - Menor porte","Menor porte (<20 mil)"
"4241","Santa Lúcia","Paraná",3644,2843,"Menor porte",0,0,"Cluster 1",8.51,2,"Cluster 1 - Menor porte","Menor porte (<20 mil)"
"4242","Santa Maria do Oeste","Paraná",10031,6190,"Menor porte",0,0,"Cluster 3",8.89,6,"Cluster 3 - Menor porte","Menor porte (<20 mil)"
"4243","Santa Mariana","Paraná",11066,7987,"Menor porte",0,0,"Cluster 1",8.51,7,"Cluster 1 - Menor porte","Menor porte (<20 mil)"
"4244","Santa Mônica","Paraná",3356,1917,"Menor porte",0,0,"Cluster 3",8.89,2,"Cluster 3 - Menor porte","Menor porte (<20 mil)"
"4245","Santa Tereza do Oeste","Paraná",13174,8684,"Menor porte",0,0,"Cluster 1",8.51,7,"Cluster 1 - Menor porte","Menor porte (<20 mil)"
"4246","Santa Terezinha de Itaipu","Paraná",24262,16229,"Médio porte",0,0,"Cluster 1",2.7,4,"Cluster 1 - Médio porte","Médio porte (>20 mil e <100 mil)"
"4247","Santana do Itararé","Paraná",5514,3638,"Menor porte",0,0,"Cluster 3",8.89,3,"Cluster 3 - Menor porte","Menor porte (<20 mil)"
"4248","Santo Antônio da Platina","Paraná",44369,32381,"Médio porte",0,0,"Cluster 1",2.7,9,"Cluster 1 - Médio porte","Médio porte (>20 mil e <100 mil)"
"4249","Santo Antônio do Caiuá","Paraná",2493,1626,"Menor porte",0,0,"Cluster 3",8.89,1,"Cluster 3 - Menor porte","Menor porte (<20 mil)"
"4250","Santo Antônio do Paraíso","Paraná",2125,1586,"Menor porte",0,0,"Cluster 1",8.51,1,"Cluster 1 - Menor porte","Menor porte (<20 mil)"
"4251","Santo Antônio do Sudoeste","Paraná",23673,14671,"Médio porte",2,1.36,"Cluster 1",2.7,4,"Cluster 1 - Médio porte","Médio porte (>20 mil e <100 mil)"
"4252","Santo Inácio","Paraná",6181,4612,"Menor porte",0,0,"Cluster 1",8.51,4,"Cluster 1 - Menor porte","Menor porte (<20 mil)"
"4253","São Carlos do Ivaí","Paraná",6587,4925,"Menor porte",0,0,"Cluster 1",8.51,4,"Cluster 1 - Menor porte","Menor porte (<20 mil)"
"4254","São Jerônimo da Serra","Paraná",10830,6244,"Menor porte",0,0,"Cluster 3",8.89,6,"Cluster 3 - Menor porte","Menor porte (<20 mil)"
"4255","São João","Paraná",11886,9308,"Menor porte",0,0,"Cluster 1",8.51,8,"Cluster 1 - Menor porte","Menor porte (<20 mil)"
"4256","São João do Caiuá","Paraná",5586,3639,"Menor porte",0,0,"Cluster 3",8.89,3,"Cluster 3 - Menor porte","Menor porte (<20 mil)"
"4257","São João do Ivaí","Paraná",10667,8779,"Menor porte",0,0,"Cluster 1",8.51,7,"Cluster 1 - Menor porte","Menor porte (<20 mil)"
"4258","São João do Triunfo","Paraná",13726,8179,"Menor porte",0,0,"Cluster 3",8.89,7,"Cluster 3 - Menor porte","Menor porte (<20 mil)"
"4259","São Jorge do Ivaí","Paraná",5168,4611,"Menor porte",0,0,"Cluster 1",8.51,4,"Cluster 1 - Menor porte","Menor porte (<20 mil)"
"4260","São Jorge do Patrocínio","Paraná",6504,4800,"Menor porte",0,0,"Cluster 1",8.51,4,"Cluster 1 - Menor porte","Menor porte (<20 mil)"
"4261","São Jorge d'Oeste","Paraná",9378,7705,"Menor porte",0,0,"Cluster 1",8.51,7,"Cluster 1 - Menor porte","Menor porte (<20 mil)"
"4262","São José da Boa Vista","Paraná",6040,3960,"Menor porte",0,0,"Cluster 3",8.89,4,"Cluster 3 - Menor porte","Menor porte (<20 mil)"
"4263","São José das Palmeiras","Paraná",3957,2716,"Menor porte",0,0,"Cluster 1",8.51,2,"Cluster 1 - Menor porte","Menor porte (<20 mil)"
"4264","São José dos Pinhais","Paraná",329628,244710,"Maior porte",50,2.04,"Cluster 2",3.54,87,"Cluster 2 - Maior porte","Maior porte (>100 mil)"
"4265","São Manoel do Paraná","Paraná",2138,1447,"Menor porte",0,0,"Cluster 1",8.51,1,"Cluster 1 - Menor porte","Menor porte (<20 mil)"
"4266","São Mateus do Sul","Paraná",42366,33431,"Médio porte",8,2.39,"Cluster 1",2.7,9,"Cluster 1 - Médio porte","Médio porte (>20 mil e <100 mil)"
"4267","São Miguel do Iguaçu","Paraná",29122,21930,"Médio porte",0,0,"Cluster 1",2.7,6,"Cluster 1 - Médio porte","Médio porte (>20 mil e <100 mil)"
"4268","São Pedro do Iguaçu","Paraná",5784,3995,"Menor porte",0,0,"Cluster 1",8.51,3,"Cluster 1 - Menor porte","Menor porte (<20 mil)"
"4269","São Pedro do Ivaí","Paraná",8690,7200,"Menor porte",0,0,"Cluster 1",8.51,6,"Cluster 1 - Menor porte","Menor porte (<20 mil)"
"4270","São Pedro do Paraná","Paraná",2661,1810,"Menor porte",0,0,"Cluster 1",8.51,2,"Cluster 1 - Menor porte","Menor porte (<20 mil)"
"4271","São Sebastião da Amoreira","Paraná",8063,5433,"Menor porte",0,0,"Cluster 3",8.89,5,"Cluster 3 - Menor porte","Menor porte (<20 mil)"
"4272","São Tomé","Paraná",5232,4008,"Menor porte",0,0,"Cluster 1",8.51,3,"Cluster 1 - Menor porte","Menor porte (<20 mil)"
"4273","Sapopema","Paraná",6695,4329,"Menor porte",0,0,"Cluster 3",8.89,4,"Cluster 3 - Menor porte","Menor porte (<20 mil)"
"4274","Sarandi","Paraná",118455,73951,"Médio porte",2,0.27,"Cluster 1",2.7,20,"Cluster 1 - Médio porte","Médio porte (>20 mil e <100 mil)"
"4275","Saudade do Iguaçu","Paraná",6108,3866,"Menor porte",0,0,"Cluster 1",8.51,3,"Cluster 1 - Menor porte","Menor porte (<20 mil)"
"4276","Sengés","Paraná",17270,10709,"Menor porte",0,0,"Cluster 3",8.89,10,"Cluster 3 - Menor porte","Menor porte (<20 mil)"
"4277","Serranópolis do Iguaçu","Paraná",5007,3848,"Menor porte",0,0,"Cluster 1",8.51,3,"Cluster 1 - Menor porte","Menor porte (<20 mil)"
"4278","Sertaneja","Paraná",5616,4576,"Menor porte",2,4.37,"Cluster 1",8.51,4,"Cluster 1 - Menor porte","Menor porte (<20 mil)"
"4279","Sertanópolis","Paraná",15930,14666,"Menor porte",0,0,"Cluster 1",8.51,12,"Cluster 1 - Menor porte","Menor porte (<20 mil)"
"4280","Siqueira Campos","Paraná",22811,15875,"Médio porte",0,0,"Cluster 1",2.7,4,"Cluster 1 - Médio porte","Médio porte (>20 mil e <100 mil)"
"4281","Sulina","Paraná",3440,2488,"Menor porte",0,0,"Cluster 1",8.51,2,"Cluster 1 - Menor porte","Menor porte (<20 mil)"
"4282","Tamarana","Paraná",10707,8169,"Menor porte",0,0,"Cluster 3",8.89,7,"Cluster 3 - Menor porte","Menor porte (<20 mil)"
"4283","Tamboara","Paraná",4880,3523,"Menor porte",0,0,"Cluster 1",8.51,3,"Cluster 1 - Menor porte","Menor porte (<20 mil)"
"4284","Tapejara","Paraná",15869,11218,"Menor porte",0,0,"Cluster 1",8.51,10,"Cluster 1 - Menor porte","Menor porte (<20 mil)"
"4285","Tapira","Paraná",5745,4312,"Menor porte",0,0,"Cluster 1",8.51,4,"Cluster 1 - Menor porte","Menor porte (<20 mil)"
"4286","Teixeira Soares","Paraná",9547,6835,"Menor porte",0,0,"Cluster 3",8.89,6,"Cluster 3 - Menor porte","Menor porte (<20 mil)"
"4287","Telêmaco Borba","Paraná",75042,56326,"Médio porte",0,0,"Cluster 1",2.7,15,"Cluster 1 - Médio porte","Médio porte (>20 mil e <100 mil)"
"4288","Terra Boa","Paraná",17568,13462,"Menor porte",0,0,"Cluster 1",8.51,11,"Cluster 1 - Menor porte","Menor porte (<20 mil)"
"4289","Terra Rica","Paraná",14842,12222,"Menor porte",0,0,"Cluster 1",8.51,10,"Cluster 1 - Menor porte","Menor porte (<20 mil)"
"4290","Terra Roxa","Paraná",18119,14527,"Menor porte",4,2.75,"Cluster 1",8.51,12,"Cluster 1 - Menor porte","Menor porte (<20 mil)"
"4291","Tibagi","Paraná",19961,10231,"Médio porte",0,0,"Cluster 3",4.29,4,"Cluster 3 - Médio porte","Médio porte (>20 mil e <100 mil)"
"4292","Tijucas do Sul","Paraná",17621,11256,"Menor porte",5,4.44,"Cluster 3",8.89,10,"Cluster 3 - Menor porte","Menor porte (<20 mil)"
"4293","Toledo","Paraná",150470,126695,"Maior porte",18,1.42,"Cluster 2",3.54,45,"Cluster 2 - Maior porte","Maior porte (>100 mil)"
"4294","Tomazina","Paraná",8426,4580,"Menor porte",0,0,"Cluster 3",8.89,4,"Cluster 3 - Menor porte","Menor porte (<20 mil)"
"4295","Três Barras do Paraná","Paraná",11135,8453,"Menor porte",0,0,"Cluster 3",8.89,8,"Cluster 3 - Menor porte","Menor porte (<20 mil)"
"4296","Tunas do Paraná","Paraná",6219,3905,"Menor porte",0,0,"Cluster 2",16.92,7,"Cluster 2 - Menor porte","Menor porte (<20 mil)"
"4297","Tuneiras do Oeste","Paraná",8067,5428,"Menor porte",4,7.37,"Cluster 3",8.89,5,"Cluster 3 - Menor porte","Menor porte (<20 mil)"
"4298","Tupãssi","Paraná",8077,6932,"Menor porte",0,0,"Cluster 1",8.51,6,"Cluster 1 - Menor porte","Menor porte (<20 mil)"
"4299","Turvo","Paraná",14231,9843,"Menor porte",0,0,"Cluster 1",8.51,8,"Cluster 1 - Menor porte","Menor porte (<20 mil)"
"4300","Ubiratã","Paraná",24749,20055,"Médio porte",0,0,"Cluster 1",2.7,5,"Cluster 1 - Médio porte","Médio porte (>20 mil e <100 mil)"
"4301","Umuarama","Paraná",117095,98575,"Maior porte",0,0,"Cluster 2",3.54,35,"Cluster 2 - Maior porte","Maior porte (>100 mil)"
"4302","União da Vitória","Paraná",55033,38924,"Médio porte",16,4.11,"Cluster 1",2.7,11,"Cluster 1 - Médio porte","Médio porte (>20 mil e <100 mil)"
"4303","Uniflor","Paraná",2136,1649,"Menor porte",0,0,"Cluster 1",8.51,1,"Cluster 1 - Menor porte","Menor porte (<20 mil)"
"4304","Uraí","Paraná",10406,7880,"Menor porte",0,0,"Cluster 1",8.51,7,"Cluster 1 - Menor porte","Menor porte (<20 mil)"
"4305","Ventania","Paraná",9681,6448,"Menor porte",2,3.1,"Cluster 3",8.89,6,"Cluster 3 - Menor porte","Menor porte (<20 mil)"
"4306","Vera Cruz do Oeste","Paraná",8215,6692,"Menor porte",0,0,"Cluster 1",8.51,6,"Cluster 1 - Menor porte","Menor porte (<20 mil)"
"4307","Verê","Paraná",7932,6272,"Menor porte",0,0,"Cluster 1",8.51,5,"Cluster 1 - Menor porte","Menor porte (<20 mil)"
"4308","Virmond","Paraná",3811,2773,"Menor porte",0,0,"Cluster 1",8.51,2,"Cluster 1 - Menor porte","Menor porte (<20 mil)"
"4309","Vitorino","Paraná",9706,5497,"Menor porte",0,0,"Cluster 1",8.51,5,"Cluster 1 - Menor porte","Menor porte (<20 mil)"
"4310","Wenceslau Braz","Paraná",19188,14191,"Menor porte",0,0,"Cluster 3",8.89,13,"Cluster 3 - Menor porte","Menor porte (<20 mil)"
"4311","Xambrê","Paraná",5798,4051,"Menor porte",0,0,"Cluster 1",8.51,3,"Cluster 1 - Menor porte","Menor porte (<20 mil)"
"4312","Abdon Batista","Santa Catarina",2598,1959,"Menor porte",0,0,"Cluster 1",8.51,2,"Cluster 1 - Menor porte","Menor porte (<20 mil)"
"4313","Abelardo Luz","Santa Catarina",17392,13602,"Menor porte",0,0,"Cluster 1",8.51,12,"Cluster 1 - Menor porte","Menor porte (<20 mil)"
"4314","Agrolândia","Santa Catarina",10990,9326,"Menor porte",0,0,"Cluster 1",8.51,8,"Cluster 1 - Menor porte","Menor porte (<20 mil)"
"4315","Agronômica","Santa Catarina",6055,4944,"Menor porte",0,0,"Cluster 1",8.51,4,"Cluster 1 - Menor porte","Menor porte (<20 mil)"
"4316","Água Doce","Santa Catarina",6508,6062,"Menor porte",0,0,"Cluster 1",8.51,5,"Cluster 1 - Menor porte","Menor porte (<20 mil)"
"4317","Águas de Chapecó","Santa Catarina",6036,4846,"Menor porte",0,0,"Cluster 1",8.51,4,"Cluster 1 - Menor porte","Menor porte (<20 mil)"
"4318","Águas Frias","Santa Catarina",2839,2537,"Menor porte",0,0,"Cluster 1",8.51,2,"Cluster 1 - Menor porte","Menor porte (<20 mil)"
"4319","Águas Mornas","Santa Catarina",6743,5978,"Menor porte",3,5.02,"Cluster 1",8.51,5,"Cluster 1 - Menor porte","Menor porte (<20 mil)"
"4320","Alfredo Wagner","Santa Catarina",10481,8877,"Menor porte",3,3.38,"Cluster 1",8.51,8,"Cluster 1 - Menor porte","Menor porte (<20 mil)"
"4321","Alto Bela Vista","Santa Catarina",1856,1785,"Menor porte",0,0,"Cluster 1",8.51,2,"Cluster 1 - Menor porte","Menor porte (<20 mil)"
"4322","Anchieta","Santa Catarina",5943,4959,"Menor porte",0,0,"Cluster 1",8.51,4,"Cluster 1 - Menor porte","Menor porte (<20 mil)"
"4323","Angelina","Santa Catarina",5358,4771,"Menor porte",0,0,"Cluster 1",8.51,4,"Cluster 1 - Menor porte","Menor porte (<20 mil)"
"4324","Anita Garibaldi","Santa Catarina",8285,6435,"Menor porte",0,0,"Cluster 1",8.51,5,"Cluster 1 - Menor porte","Menor porte (<20 mil)"
"4325","Anitápolis","Santa Catarina",3593,3089,"Menor porte",0,0,"Cluster 1",8.51,3,"Cluster 1 - Menor porte","Menor porte (<20 mil)"
"4326","Antônio Carlos","Santa Catarina",11224,9517,"Menor porte",0,0,"Cluster 1",8.51,8,"Cluster 1 - Menor porte","Menor porte (<20 mil)"
"4327","Apiúna","Santa Catarina",9811,7462,"Menor porte",4,5.36,"Cluster 1",8.51,6,"Cluster 1 - Menor porte","Menor porte (<20 mil)"
"4328","Arabutã","Santa Catarina",4378,3780,"Menor porte",0,0,"Cluster 1",8.51,3,"Cluster 1 - Menor porte","Menor porte (<20 mil)"
"4329","Araquari","Santa Catarina",45283,26399,"Médio porte",5,1.89,"Cluster 1",2.7,7,"Cluster 1 - Médio porte","Médio porte (>20 mil e <100 mil)"
"4330","Araranguá","Santa Catarina",71922,66995,"Médio porte",7,1.04,"Cluster 1",2.7,18,"Cluster 1 - Médio porte","Médio porte (>20 mil e <100 mil)"
"4331","Armazém","Santa Catarina",8834,8856,"Menor porte",0,0,"Cluster 1",8.51,8,"Cluster 1 - Menor porte","Menor porte (<20 mil)"
"4332","Arroio Trinta","Santa Catarina",3556,3754,"Menor porte",0,0,"Cluster 1",8.51,3,"Cluster 1 - Menor porte","Menor porte (<20 mil)"
"4333","Arvoredo","Santa Catarina",2510,1777,"Menor porte",0,0,"Cluster 1",8.51,2,"Cluster 1 - Menor porte","Menor porte (<20 mil)"
"4334","Ascurra","Santa Catarina",8319,7527,"Menor porte",2,2.66,"Cluster 1",8.51,6,"Cluster 1 - Menor porte","Menor porte (<20 mil)"
"4335","Atalanta","Santa Catarina",3227,3127,"Menor porte",0,0,"Cluster 1",8.51,3,"Cluster 1 - Menor porte","Menor porte (<20 mil)"
"4336","Aurora","Santa Catarina",6780,6657,"Menor porte",0,0,"Cluster 1",8.51,6,"Cluster 1 - Menor porte","Menor porte (<20 mil)"
"4337","Balneário Arroio do Silva","Santa Catarina",15820,9683,"Menor porte",0,0,"Cluster 1",8.51,8,"Cluster 1 - Menor porte","Menor porte (<20 mil)"
"4338","Balneário Barra do Sul","Santa Catarina",14912,6878,"Menor porte",0,0,"Cluster 3",8.89,6,"Cluster 3 - Menor porte","Menor porte (<20 mil)"
"4339","Balneário Camboriú","Santa Catarina",139155,111322,"Maior porte",32,2.87,"Cluster 2",3.54,39,"Cluster 2 - Maior porte","Maior porte (>100 mil)"
"4340","Balneário Gaivota","Santa Catarina",15669,11059,"Menor porte",0,0,"Cluster 1",8.51,9,"Cluster 1 - Menor porte","Menor porte (<20 mil)"
"4341","Balneário Piçarras","Santa Catarina",27127,19736,"Médio porte",0,0,"Cluster 1",2.7,5,"Cluster 1 - Médio porte","Médio porte (>20 mil e <100 mil)"
"4342","Balneário Rincão","Santa Catarina",15981,8333,"Menor porte",0,0,"Cluster 2",16.92,14,"Cluster 2 - Menor porte","Menor porte (<20 mil)"
"4343","Bandeirante","Santa Catarina",3144,2368,"Menor porte",0,0,"Cluster 1",8.51,2,"Cluster 1 - Menor porte","Menor porte (<20 mil)"
"4344","Barra Bonita","Santa Catarina",1668,1375,"Menor porte",0,0,"Cluster 1",8.51,1,"Cluster 1 - Menor porte","Menor porte (<20 mil)"
"4345","Barra Velha","Santa Catarina",45369,28806,"Médio porte",0,0,"Cluster 1",2.7,8,"Cluster 1 - Médio porte","Médio porte (>20 mil e <100 mil)"
"4346","Bela Vista do Toldo","Santa Catarina",5872,4426,"Menor porte",0,0,"Cluster 3",8.89,4,"Cluster 3 - Menor porte","Menor porte (<20 mil)"
"4347","Belmonte","Santa Catarina",2658,2351,"Menor porte",0,0,"Cluster 1",8.51,2,"Cluster 1 - Menor porte","Menor porte (<20 mil)"
"4348","Benedito Novo","Santa Catarina",10520,10624,"Menor porte",0,0,"Cluster 1",8.51,9,"Cluster 1 - Menor porte","Menor porte (<20 mil)"
"4349","Biguaçu","Santa Catarina",76773,56738,"Médio porte",4,0.7,"Cluster 1",2.7,15,"Cluster 1 - Médio porte","Médio porte (>20 mil e <100 mil)"
"4350","Blumenau","Santa Catarina",361261,300721,"Maior porte",60,2,"Cluster 2",3.54,106,"Cluster 2 - Maior porte","Maior porte (>100 mil)"
"4351","Bocaina do Sul","Santa Catarina",3515,2392,"Menor porte",0,0,"Cluster 3",8.89,2,"Cluster 3 - Menor porte","Menor porte (<20 mil)"
"4352","Bom Jardim da Serra","Santa Catarina",4026,2854,"Menor porte",0,0,"Cluster 3",8.89,3,"Cluster 3 - Menor porte","Menor porte (<20 mil)"
"4353","Bom Jesus","Santa Catarina",2777,2415,"Menor porte",0,0,"Cluster 1",8.51,2,"Cluster 1 - Menor porte","Menor porte (<20 mil)"
"4354","Bom Jesus do Oeste","Santa Catarina",2187,1702,"Menor porte",0,0,"Cluster 1",8.51,1,"Cluster 1 - Menor porte","Menor porte (<20 mil)"
"4355","Bom Retiro","Santa Catarina",8418,6796,"Menor porte",2,2.94,"Cluster 1",8.51,6,"Cluster 1 - Menor porte","Menor porte (<20 mil)"
"4356","Bombinhas","Santa Catarina",25058,20589,"Médio porte",0,0,"Cluster 1",2.7,6,"Cluster 1 - Médio porte","Médio porte (>20 mil e <100 mil)"
"4357","Botuverá","Santa Catarina",5363,5412,"Menor porte",0,0,"Cluster 1",8.51,5,"Cluster 1 - Menor porte","Menor porte (<20 mil)"
"4358","Braço do Norte","Santa Catarina",33773,33319,"Médio porte",0,0,"Cluster 1",2.7,9,"Cluster 1 - Médio porte","Médio porte (>20 mil e <100 mil)"
"4359","Braço do Trombudo","Santa Catarina",4026,3336,"Menor porte",0,0,"Cluster 1",8.51,3,"Cluster 1 - Menor porte","Menor porte (<20 mil)"
"4360","Brunópolis","Santa Catarina",2489,1866,"Menor porte",0,0,"Cluster 1",8.51,2,"Cluster 1 - Menor porte","Menor porte (<20 mil)"
"4361","Brusque","Santa Catarina",141385,125898,"Maior porte",0,0,"Cluster 2",3.54,45,"Cluster 2 - Maior porte","Maior porte (>100 mil)"
"4362","Caçador","Santa Catarina",73720,62026,"Médio porte",0,0,"Cluster 1",2.7,17,"Cluster 1 - Médio porte","Médio porte (>20 mil e <100 mil)"
"4363","Caibi","Santa Catarina",6304,6065,"Menor porte",0,0,"Cluster 1",8.51,5,"Cluster 1 - Menor porte","Menor porte (<20 mil)"
"4364","Calmon","Santa Catarina",3443,1900,"Menor porte",0,0,"Cluster 3",8.89,2,"Cluster 3 - Menor porte","Menor porte (<20 mil)"
"4365","Camboriú","Santa Catarina",103074,76302,"Médio porte",0,0,"Cluster 1",2.7,21,"Cluster 1 - Médio porte","Médio porte (>20 mil e <100 mil)"
"4366","Campo Alegre","Santa Catarina",12501,10976,"Menor porte",0,0,"Cluster 1",8.51,9,"Cluster 1 - Menor porte","Menor porte (<20 mil)"
"4367","Campo Belo do Sul","Santa Catarina",7257,4712,"Menor porte",0,0,"Cluster 3",8.89,4,"Cluster 3 - Menor porte","Menor porte (<20 mil)"
"4368","Campo Erê","Santa Catarina",9623,8525,"Menor porte",0,0,"Cluster 1",8.51,7,"Cluster 1 - Menor porte","Menor porte (<20 mil)"
"4369","Campos Novos","Santa Catarina",36932,30260,"Médio porte",11,3.64,"Cluster 1",2.7,8,"Cluster 1 - Médio porte","Médio porte (>20 mil e <100 mil)"
"4370","Canelinha","Santa Catarina",12821,9444,"Menor porte",0,0,"Cluster 1",8.51,8,"Cluster 1 - Menor porte","Menor porte (<20 mil)"
"4371","Canoinhas","Santa Catarina",55016,45348,"Médio porte",5,1.1,"Cluster 1",2.7,12,"Cluster 1 - Médio porte","Médio porte (>20 mil e <100 mil)"
"4372","Capão Alto","Santa Catarina",2625,1729,"Menor porte",2,11.57,"Cluster 1",8.51,1,"Cluster 1 - Menor porte","Menor porte (<20 mil)"
"4373","Capinzal","Santa Catarina",23314,21426,"Médio porte",0,0,"Cluster 1",2.7,6,"Cluster 1 - Médio porte","Médio porte (>20 mil e <100 mil)"
"4374","Capivari de Baixo","Santa Catarina",23975,21269,"Médio porte",2,0.94,"Cluster 1",2.7,6,"Cluster 1 - Médio porte","Médio porte (>20 mil e <100 mil)"
"4375","Catanduvas","Santa Catarina",10566,9029,"Menor porte",3,3.32,"Cluster 1",8.51,8,"Cluster 1 - Menor porte","Menor porte (<20 mil)"
"4376","Caxambu do Sul","Santa Catarina",4614,3431,"Menor porte",0,0,"Cluster 1",8.51,3,"Cluster 1 - Menor porte","Menor porte (<20 mil)"
"4377","Celso Ramos","Santa Catarina",2805,2351,"Menor porte",0,0,"Cluster 1",8.51,2,"Cluster 1 - Menor porte","Menor porte (<20 mil)"
"4378","Cerro Negro","Santa Catarina",3317,2112,"Menor porte",0,0,"Cluster 3",8.89,2,"Cluster 3 - Menor porte","Menor porte (<20 mil)"
"4379","Chapadão do Lageado","Santa Catarina",2950,2596,"Menor porte",0,0,"Cluster 1",8.51,2,"Cluster 1 - Menor porte","Menor porte (<20 mil)"
"4380","Chapecó","Santa Catarina",254785,217706,"Maior porte",113,5.19,"Cluster 2",3.54,77,"Cluster 2 - Maior porte","Maior porte (>100 mil)"
"4381","Cocal do Sul","Santa Catarina",17240,15690,"Menor porte",0,0,"Cluster 1",8.51,13,"Cluster 1 - Menor porte","Menor porte (<20 mil)"
"4382","Concórdia","Santa Catarina",81646,80712,"Médio porte",1,0.12,"Cluster 1",2.7,22,"Cluster 1 - Médio porte","Médio porte (>20 mil e <100 mil)"
"4383","Cordilheira Alta","Santa Catarina",4781,4754,"Menor porte",6,12.62,"Cluster 1",8.51,4,"Cluster 1 - Menor porte","Menor porte (<20 mil)"
"4384","Coronel Freitas","Santa Catarina",10388,8476,"Menor porte",0,0,"Cluster 1",8.51,7,"Cluster 1 - Menor porte","Menor porte (<20 mil)"
"4385","Coronel Martins","Santa Catarina",2065,1720,"Menor porte",0,0,"Cluster 3",8.89,2,"Cluster 3 - Menor porte","Menor porte (<20 mil)"
"4386","Correia Pinto","Santa Catarina",15727,12262,"Menor porte",0,0,"Cluster 1",8.51,10,"Cluster 1 - Menor porte","Menor porte (<20 mil)"
"4387","Corupá","Santa Catarina",15267,13256,"Menor porte",9,6.79,"Cluster 1",8.51,11,"Cluster 1 - Menor porte","Menor porte (<20 mil)"
"4388","Criciúma","Santa Catarina",214493,180741,"Maior porte",64,3.54,"Cluster 2",3.54,64,"Cluster 2 - Maior porte","Maior porte (>100 mil)"
"4389","Cunha Porã","Santa Catarina",10953,10345,"Menor porte",0,0,"Cluster 1",8.51,9,"Cluster 1 - Menor porte","Menor porte (<20 mil)"
"4390","Cunhataí","Santa Catarina",1968,1660,"Menor porte",0,0,"Cluster 1",8.51,1,"Cluster 1 - Menor porte","Menor porte (<20 mil)"
"4391","Curitibanos","Santa Catarina",40045,33892,"Médio porte",5,1.48,"Cluster 1",2.7,9,"Cluster 1 - Médio porte","Médio porte (>20 mil e <100 mil)"
"4392","Descanso","Santa Catarina",8530,8010,"Menor porte",1,1.25,"Cluster 1",8.51,7,"Cluster 1 - Menor porte","Menor porte (<20 mil)"
"4393","Dionísio Cerqueira","Santa Catarina",15008,11631,"Menor porte",0,0,"Cluster 1",8.51,10,"Cluster 1 - Menor porte","Menor porte (<20 mil)"
"4394","Dona Emma","Santa Catarina",4221,3524,"Menor porte",0,0,"Cluster 1",8.51,3,"Cluster 1 - Menor porte","Menor porte (<20 mil)"
"4395","Doutor Pedrinho","Santa Catarina",3637,3268,"Menor porte",0,0,"Cluster 1",8.51,3,"Cluster 1 - Menor porte","Menor porte (<20 mil)"
"4396","Entre Rios","Santa Catarina",3402,2154,"Menor porte",0,0,"Cluster 3",8.89,2,"Cluster 3 - Menor porte","Menor porte (<20 mil)"
"4397","Ermo","Santa Catarina",2269,4013,"Menor porte",0,0,"Cluster 1",8.51,3,"Cluster 1 - Menor porte","Menor porte (<20 mil)"
"4398","Erval Velho","Santa Catarina",4885,3975,"Menor porte",6,15.09,"Cluster 1",8.51,3,"Cluster 1 - Menor porte","Menor porte (<20 mil)"
"4399","Faxinal dos Guedes","Santa Catarina",11192,9555,"Menor porte",3,3.14,"Cluster 1",8.51,8,"Cluster 1 - Menor porte","Menor porte (<20 mil)"
"4400","Flor do Sertão","Santa Catarina",1783,1356,"Menor porte",0,0,"Cluster 1",8.51,1,"Cluster 1 - Menor porte","Menor porte (<20 mil)"
"4401","Florianópolis","Santa Catarina",537211,399446,"Maior porte",3,0.08,"Cluster 2",3.54,141,"Cluster 2 - Maior porte","Maior porte (>100 mil)"
"4402","Formosa do Sul","Santa Catarina",2682,2074,"Menor porte",0,0,"Cluster 1",8.51,2,"Cluster 1 - Menor porte","Menor porte (<20 mil)"
"4403","Forquilhinha","Santa Catarina",31431,26049,"Médio porte",0,0,"Cluster 1",2.7,7,"Cluster 1 - Médio porte","Médio porte (>20 mil e <100 mil)"
"4404","Fraiburgo","Santa Catarina",33481,28603,"Médio porte",0,0,"Cluster 1",2.7,8,"Cluster 1 - Médio porte","Médio porte (>20 mil e <100 mil)"
"4405","Frei Rogério","Santa Catarina",2411,2041,"Menor porte",0,0,"Cluster 1",8.51,2,"Cluster 1 - Menor porte","Menor porte (<20 mil)"
"4406","Galvão","Santa Catarina",3210,2483,"Menor porte",0,0,"Cluster 1",8.51,2,"Cluster 1 - Menor porte","Menor porte (<20 mil)"
"4407","Garopaba","Santa Catarina",29959,23844,"Médio porte",1,0.42,"Cluster 1",2.7,6,"Cluster 1 - Médio porte","Médio porte (>20 mil e <100 mil)"
"4408","Garuva","Santa Catarina",18545,13953,"Menor porte",4,2.87,"Cluster 1",8.51,12,"Cluster 1 - Menor porte","Menor porte (<20 mil)"
"4409","Gaspar","Santa Catarina",72570,54944,"Médio porte",39,7.1,"Cluster 1",2.7,15,"Cluster 1 - Médio porte","Médio porte (>20 mil e <100 mil)"
"4410","Governador Celso Ramos","Santa Catarina",16915,10926,"Menor porte",1,0.92,"Cluster 1",8.51,9,"Cluster 1 - Menor porte","Menor porte (<20 mil)"
"4411","Grão Pará","Santa Catarina",NA,5840,"Menor porte",0,0,"Cluster 1",8.51,5,"Cluster 1 - Menor porte","Menor porte (<20 mil)"
"4412","Gravatal","Santa Catarina",12435,11226,"Menor porte",0,0,"Cluster 1",8.51,10,"Cluster 1 - Menor porte","Menor porte (<20 mil)"
"4413","Guabiruba","Santa Catarina",24543,20244,"Médio porte",0,0,"Cluster 1",2.7,5,"Cluster 1 - Médio porte","Médio porte (>20 mil e <100 mil)"
"4414","Guaraciaba","Santa Catarina",10796,8734,"Menor porte",1,1.14,"Cluster 1",8.51,7,"Cluster 1 - Menor porte","Menor porte (<20 mil)"
"4415","Guaramirim","Santa Catarina",46711,36696,"Médio porte",0,0,"Cluster 1",2.7,10,"Cluster 1 - Médio porte","Médio porte (>20 mil e <100 mil)"
"4416","Guarujá do Sul","Santa Catarina",4829,4192,"Menor porte",0,0,"Cluster 1",8.51,4,"Cluster 1 - Menor porte","Menor porte (<20 mil)"
"4417","Guatambú","Santa Catarina",8425,5740,"Menor porte",0,0,"Cluster 1",8.51,5,"Cluster 1 - Menor porte","Menor porte (<20 mil)"
"4418","Herval d'Oeste","Santa Catarina",21724,16993,"Médio porte",1,0.59,"Cluster 1",2.7,5,"Cluster 1 - Médio porte","Médio porte (>20 mil e <100 mil)"
"4419","Ibiam","Santa Catarina",2008,1716,"Menor porte",0,0,"Cluster 1",8.51,1,"Cluster 1 - Menor porte","Menor porte (<20 mil)"
"4420","Ibicaré","Santa Catarina",3269,3287,"Menor porte",0,0,"Cluster 1",8.51,3,"Cluster 1 - Menor porte","Menor porte (<20 mil)"
"4421","Ibirama","Santa Catarina",19862,17817,"Menor porte",7,3.93,"Cluster 1",8.51,15,"Cluster 1 - Menor porte","Menor porte (<20 mil)"
"4422","Içara","Santa Catarina",59035,56402,"Médio porte",3,0.53,"Cluster 1",2.7,15,"Cluster 1 - Médio porte","Médio porte (>20 mil e <100 mil)"
"4423","Ilhota","Santa Catarina",17046,12595,"Menor porte",0,0,"Cluster 1",8.51,11,"Cluster 1 - Menor porte","Menor porte (<20 mil)"
"4424","Imaruí","Santa Catarina",11881,8057,"Menor porte",0,0,"Cluster 1",8.51,7,"Cluster 1 - Menor porte","Menor porte (<20 mil)"
"4425","Imbituba","Santa Catarina",52579,43256,"Médio porte",6,1.39,"Cluster 1",2.7,12,"Cluster 1 - Médio porte","Médio porte (>20 mil e <100 mil)"
"4426","Imbuia","Santa Catarina",5982,5752,"Menor porte",0,0,"Cluster 1",8.51,5,"Cluster 1 - Menor porte","Menor porte (<20 mil)"
"4427","Indaial","Santa Catarina",71549,59393,"Médio porte",0,0,"Cluster 1",2.7,16,"Cluster 1 - Médio porte","Médio porte (>20 mil e <100 mil)"
"4428","Iomerê","Santa Catarina",2877,2634,"Menor porte",0,0,"Cluster 1",8.51,2,"Cluster 1 - Menor porte","Menor porte (<20 mil)"
"4429","Ipira","Santa Catarina",4578,4185,"Menor porte",0,0,"Cluster 1",8.51,4,"Cluster 1 - Menor porte","Menor porte (<20 mil)"
"4430","Iporã do Oeste","Santa Catarina",9335,8657,"Menor porte",0,0,"Cluster 1",8.51,7,"Cluster 1 - Menor porte","Menor porte (<20 mil)"
"4431","Ipuaçu","Santa Catarina",7730,4083,"Menor porte",0,0,"Cluster 3",8.89,4,"Cluster 3 - Menor porte","Menor porte (<20 mil)"
"4432","Ipumirim","Santa Catarina",7816,6247,"Menor porte",0,0,"Cluster 1",8.51,5,"Cluster 1 - Menor porte","Menor porte (<20 mil)"
"4433","Iraceminha","Santa Catarina",3986,3288,"Menor porte",0,0,"Cluster 1",8.51,3,"Cluster 1 - Menor porte","Menor porte (<20 mil)"
"4434","Irani","Santa Catarina",10195,8243,"Menor porte",3,3.64,"Cluster 1",8.51,7,"Cluster 1 - Menor porte","Menor porte (<20 mil)"
"4435","Irati","Santa Catarina",2069,1682,"Menor porte",0,0,"Cluster 1",8.51,1,"Cluster 1 - Menor porte","Menor porte (<20 mil)"
"4436","Irineópolis","Santa Catarina",10285,8044,"Menor porte",0,0,"Cluster 1",8.51,7,"Cluster 1 - Menor porte","Menor porte (<20 mil)"
"4437","Itá","Santa Catarina",7067,5659,"Menor porte",0,0,"Cluster 1",8.51,5,"Cluster 1 - Menor porte","Menor porte (<20 mil)"
"4438","Itaiópolis","Santa Catarina",22051,17603,"Médio porte",0,0,"Cluster 1",2.7,5,"Cluster 1 - Médio porte","Médio porte (>20 mil e <100 mil)"
"4439","Itajaí","Santa Catarina",264054,213036,"Maior porte",75,3.52,"Cluster 2",3.54,75,"Cluster 2 - Maior porte","Maior porte (>100 mil)"
"4440","Itapema","Santa Catarina",75940,59834,"Médio porte",2,0.33,"Cluster 1",2.7,16,"Cluster 1 - Médio porte","Médio porte (>20 mil e <100 mil)"
"4441","Itapiranga","Santa Catarina",16638,15121,"Menor porte",0,0,"Cluster 1",8.51,13,"Cluster 1 - Menor porte","Menor porte (<20 mil)"
"4442","Itapoá","Santa Catarina",30750,19173,"Médio porte",0,0,"Cluster 1",2.7,5,"Cluster 1 - Médio porte","Médio porte (>20 mil e <100 mil)"
"4443","Ituporanga","Santa Catarina",26525,25818,"Médio porte",35,13.56,"Cluster 1",2.7,7,"Cluster 1 - Médio porte","Médio porte (>20 mil e <100 mil)"
"4444","Jaborá","Santa Catarina",4310,3296,"Menor porte",0,0,"Cluster 1",8.51,3,"Cluster 1 - Menor porte","Menor porte (<20 mil)"
"4445","Jacinto Machado","Santa Catarina",10624,9878,"Menor porte",0,0,"Cluster 1",8.51,8,"Cluster 1 - Menor porte","Menor porte (<20 mil)"
"4446","Jaguaruna","Santa Catarina",20375,18465,"Médio porte",2,1.08,"Cluster 1",2.7,5,"Cluster 1 - Médio porte","Médio porte (>20 mil e <100 mil)"
"4447","Jaraguá do Sul","Santa Catarina",182660,139033,"Maior porte",63,4.53,"Cluster 2",3.54,49,"Cluster 2 - Maior porte","Maior porte (>100 mil)"
"4448","Jardinópolis","Santa Catarina",1776,1485,"Menor porte",0,0,"Cluster 1",8.51,1,"Cluster 1 - Menor porte","Menor porte (<20 mil)"
"4449","Joaçaba","Santa Catarina",30146,27784,"Médio porte",8,2.88,"Cluster 1",2.7,8,"Cluster 1 - Médio porte","Médio porte (>20 mil e <100 mil)"
"4450","Joinville","Santa Catarina",616317,479732,"Maior porte",327,6.82,"Cluster 2",3.54,170,"Cluster 2 - Maior porte","Maior porte (>100 mil)"
"4451","José Boiteux","Santa Catarina",5985,3986,"Menor porte",0,0,"Cluster 1",8.51,3,"Cluster 1 - Menor porte","Menor porte (<20 mil)"
"4452","Jupiá","Santa Catarina",2555,1886,"Menor porte",0,0,"Cluster 1",8.51,2,"Cluster 1 - Menor porte","Menor porte (<20 mil)"
"4453","Lacerdópolis","Santa Catarina",2248,2118,"Menor porte",0,0,"Cluster 1",8.51,2,"Cluster 1 - Menor porte","Menor porte (<20 mil)"
"4454","Lages","Santa Catarina",164981,133659,"Maior porte",14,1.05,"Cluster 2",3.54,47,"Cluster 2 - Maior porte","Maior porte (>100 mil)"
"4455","Laguna","Santa Catarina",42785,32413,"Médio porte",1,0.31,"Cluster 1",2.7,9,"Cluster 1 - Médio porte","Médio porte (>20 mil e <100 mil)"
"4456","Lajeado Grande","Santa Catarina",1702,1230,"Menor porte",0,0,"Cluster 1",8.51,1,"Cluster 1 - Menor porte","Menor porte (<20 mil)"
"4457","Laurentino","Santa Catarina",7932,6744,"Menor porte",0,0,"Cluster 1",8.51,6,"Cluster 1 - Menor porte","Menor porte (<20 mil)"
"4458","Lauro Müller","Santa Catarina",14381,15652,"Menor porte",0,0,"Cluster 1",8.51,13,"Cluster 1 - Menor porte","Menor porte (<20 mil)"
"4459","Lebon Régis","Santa Catarina",11472,7531,"Menor porte",0,0,"Cluster 3",8.89,7,"Cluster 3 - Menor porte","Menor porte (<20 mil)"
"4460","Leoberto Leal","Santa Catarina",3330,2869,"Menor porte",0,0,"Cluster 1",8.51,2,"Cluster 1 - Menor porte","Menor porte (<20 mil)"
"4461","Lindóia do Sul","Santa Catarina",4549,3537,"Menor porte",0,0,"Cluster 1",8.51,3,"Cluster 1 - Menor porte","Menor porte (<20 mil)"
"4462","Lontras","Santa Catarina",12873,10501,"Menor porte",2,1.9,"Cluster 1",8.51,9,"Cluster 1 - Menor porte","Menor porte (<20 mil)"
"4463","Luiz Alves","Santa Catarina",11684,12135,"Menor porte",0,0,"Cluster 1",8.51,10,"Cluster 1 - Menor porte","Menor porte (<20 mil)"
"4464","Luzerna","Santa Catarina",5794,5708,"Menor porte",0,0,"Cluster 1",8.51,5,"Cluster 1 - Menor porte","Menor porte (<20 mil)"
"4465","Macieira","Santa Catarina",1778,1259,"Menor porte",0,0,"Cluster 3",8.89,1,"Cluster 3 - Menor porte","Menor porte (<20 mil)"
"4466","Mafra","Santa Catarina",55286,48391,"Médio porte",6,1.24,"Cluster 1",2.7,13,"Cluster 1 - Médio porte","Médio porte (>20 mil e <100 mil)"
"4467","Major Gercino","Santa Catarina",3214,2611,"Menor porte",0,0,"Cluster 1",8.51,2,"Cluster 1 - Menor porte","Menor porte (<20 mil)"
"4468","Major Vieira","Santa Catarina",7425,5703,"Menor porte",0,0,"Cluster 3",8.89,5,"Cluster 3 - Menor porte","Menor porte (<20 mil)"
"4469","Maracajá","Santa Catarina",7815,6910,"Menor porte",1,1.45,"Cluster 1",8.51,6,"Cluster 1 - Menor porte","Menor porte (<20 mil)"
"4470","Maravilha","Santa Catarina",28251,25568,"Médio porte",4,1.56,"Cluster 1",2.7,7,"Cluster 1 - Médio porte","Médio porte (>20 mil e <100 mil)"
"4471","Marema","Santa Catarina",2184,1689,"Menor porte",0,0,"Cluster 1",8.51,1,"Cluster 1 - Menor porte","Menor porte (<20 mil)"
"4472","Massaranduba","Santa Catarina",17162,14488,"Menor porte",0,0,"Cluster 1",8.51,12,"Cluster 1 - Menor porte","Menor porte (<20 mil)"
"4473","Matos Costa","Santa Catarina",2761,1993,"Menor porte",0,0,"Cluster 3",8.89,2,"Cluster 3 - Menor porte","Menor porte (<20 mil)"
"4474","Meleiro","Santa Catarina",7006,6833,"Menor porte",0,0,"Cluster 1",8.51,6,"Cluster 1 - Menor porte","Menor porte (<20 mil)"
"4475","Mirim Doce","Santa Catarina",2511,2188,"Menor porte",0,0,"Cluster 1",8.51,2,"Cluster 1 - Menor porte","Menor porte (<20 mil)"
"4476","Modelo","Santa Catarina",4080,3428,"Menor porte",0,0,"Cluster 1",8.51,3,"Cluster 1 - Menor porte","Menor porte (<20 mil)"
"4477","Mondaí","Santa Catarina",10066,9185,"Menor porte",0,0,"Cluster 1",8.51,8,"Cluster 1 - Menor porte","Menor porte (<20 mil)"
"4478","Monte Carlo","Santa Catarina",9117,6058,"Menor porte",0,0,"Cluster 3",8.89,5,"Cluster 3 - Menor porte","Menor porte (<20 mil)"
"4479","Monte Castelo","Santa Catarina",7736,5353,"Menor porte",4,7.47,"Cluster 3",8.89,5,"Cluster 3 - Menor porte","Menor porte (<20 mil)"
"4480","Morro da Fumaça","Santa Catarina",18537,20245,"Menor porte",0,0,"Cluster 1",8.51,17,"Cluster 1 - Menor porte","Menor porte (<20 mil)"
"4481","Morro Grande","Santa Catarina",3010,2659,"Menor porte",0,0,"Cluster 1",8.51,2,"Cluster 1 - Menor porte","Menor porte (<20 mil)"
"4482","Navegantes","Santa Catarina",86401,61817,"Médio porte",0,0,"Cluster 1",2.7,17,"Cluster 1 - Médio porte","Médio porte (>20 mil e <100 mil)"
"4483","Nova Erechim","Santa Catarina",5155,3859,"Menor porte",3,7.77,"Cluster 1",8.51,3,"Cluster 1 - Menor porte","Menor porte (<20 mil)"
"4484","Nova Itaberaba","Santa Catarina",4536,3857,"Menor porte",0,0,"Cluster 1",8.51,3,"Cluster 1 - Menor porte","Menor porte (<20 mil)"
"4485","Nova Trento","Santa Catarina",13727,12238,"Menor porte",0,0,"Cluster 1",8.51,10,"Cluster 1 - Menor porte","Menor porte (<20 mil)"
"4486","Nova Veneza","Santa Catarina",13664,12458,"Menor porte",0,0,"Cluster 1",8.51,11,"Cluster 1 - Menor porte","Menor porte (<20 mil)"
"4487","Novo Horizonte","Santa Catarina",2643,1857,"Menor porte",0,0,"Cluster 1",8.51,2,"Cluster 1 - Menor porte","Menor porte (<20 mil)"
"4488","Orleans","Santa Catarina",23661,23500,"Médio porte",0,0,"Cluster 1",2.7,6,"Cluster 1 - Médio porte","Médio porte (>20 mil e <100 mil)"
"4489","Otacílio Costa","Santa Catarina",17312,14972,"Menor porte",0,0,"Cluster 1",8.51,13,"Cluster 1 - Menor porte","Menor porte (<20 mil)"
"4490","Ouro","Santa Catarina",7032,6312,"Menor porte",0,0,"Cluster 1",8.51,5,"Cluster 1 - Menor porte","Menor porte (<20 mil)"
"4491","Ouro Verde","Santa Catarina",2181,1800,"Menor porte",0,0,"Cluster 1",8.51,2,"Cluster 1 - Menor porte","Menor porte (<20 mil)"
"4492","Paial","Santa Catarina",1927,1176,"Menor porte",0,0,"Cluster 1",8.51,1,"Cluster 1 - Menor porte","Menor porte (<20 mil)"
"4493","Painel","Santa Catarina",2215,1330,"Menor porte",0,0,"Cluster 3",8.89,1,"Cluster 3 - Menor porte","Menor porte (<20 mil)"
"4494","Palhoça","Santa Catarina",222598,150935,"Maior porte",15,0.99,"Cluster 2",3.54,53,"Cluster 2 - Maior porte","Maior porte (>100 mil)"
"4495","Palma Sola","Santa Catarina",7605,6098,"Menor porte",0,0,"Cluster 1",8.51,5,"Cluster 1 - Menor porte","Menor porte (<20 mil)"
"4496","Palmeira","Santa Catarina",2561,2194,"Menor porte",0,0,"Cluster 1",8.51,2,"Cluster 1 - Menor porte","Menor porte (<20 mil)"
"4497","Palmitos","Santa Catarina",15626,15746,"Menor porte",0,0,"Cluster 1",8.51,13,"Cluster 1 - Menor porte","Menor porte (<20 mil)"
"4498","Papanduva","Santa Catarina",19150,14490,"Menor porte",2,1.38,"Cluster 1",8.51,12,"Cluster 1 - Menor porte","Menor porte (<20 mil)"
"4499","Paraíso","Santa Catarina",4267,3135,"Menor porte",0,0,"Cluster 1",8.51,3,"Cluster 1 - Menor porte","Menor porte (<20 mil)"
"4500","Passo de Torres","Santa Catarina",12897,14021,"Menor porte",0,0,"Cluster 1",8.51,12,"Cluster 1 - Menor porte","Menor porte (<20 mil)"
"4501","Passos Maia","Santa Catarina",4034,3100,"Menor porte",0,0,"Cluster 1",8.51,3,"Cluster 1 - Menor porte","Menor porte (<20 mil)"
"4502","Paulo Lopes","Santa Catarina",9063,7084,"Menor porte",4,5.65,"Cluster 1",8.51,6,"Cluster 1 - Menor porte","Menor porte (<20 mil)"
"4503","Pedras Grandes","Santa Catarina",4245,4294,"Menor porte",0,0,"Cluster 1",8.51,4,"Cluster 1 - Menor porte","Menor porte (<20 mil)"
"4504","Penha","Santa Catarina",33663,24219,"Médio porte",0,0,"Cluster 1",2.7,7,"Cluster 1 - Médio porte","Médio porte (>20 mil e <100 mil)"
"4505","Peritiba","Santa Catarina",2992,2633,"Menor porte",0,0,"Cluster 1",8.51,2,"Cluster 1 - Menor porte","Menor porte (<20 mil)"
"4506","Pescaria Brava","Santa Catarina",10190,5722,"Menor porte",2,3.5,"Cluster 2",16.92,10,"Cluster 2 - Menor porte","Menor porte (<20 mil)"
"4507","Petrolândia","Santa Catarina",6716,5760,"Menor porte",0,0,"Cluster 1",8.51,5,"Cluster 1 - Menor porte","Menor porte (<20 mil)"
"4508","Pinhalzinho","Santa Catarina",21972,18577,"Médio porte",3,1.61,"Cluster 1",2.7,5,"Cluster 1 - Médio porte","Médio porte (>20 mil e <100 mil)"
"4509","Pinheiro Preto","Santa Catarina",3473,3283,"Menor porte",0,0,"Cluster 1",8.51,3,"Cluster 1 - Menor porte","Menor porte (<20 mil)"
"4510","Piratuba","Santa Catarina",5769,5036,"Menor porte",0,0,"Cluster 1",8.51,4,"Cluster 1 - Menor porte","Menor porte (<20 mil)"
"4511","Planalto Alegre","Santa Catarina",2946,2366,"Menor porte",0,0,"Cluster 1",8.51,2,"Cluster 1 - Menor porte","Menor porte (<20 mil)"
"4512","Pomerode","Santa Catarina",34289,29800,"Médio porte",75,25.17,"Cluster 1",2.7,8,"Cluster 1 - Médio porte","Médio porte (>20 mil e <100 mil)"
"4513","Ponte Alta","Santa Catarina",4437,3157,"Menor porte",1,3.17,"Cluster 3",8.89,3,"Cluster 3 - Menor porte","Menor porte (<20 mil)"
"4514","Ponte Alta do Norte","Santa Catarina",3210,2147,"Menor porte",2,9.32,"Cluster 3",8.89,2,"Cluster 3 - Menor porte","Menor porte (<20 mil)"
"4515","Ponte Serrada","Santa Catarina",10649,8497,"Menor porte",6,7.06,"Cluster 1",8.51,7,"Cluster 1 - Menor porte","Menor porte (<20 mil)"
"4516","Porto Belo","Santa Catarina",27688,20711,"Médio porte",0,0,"Cluster 1",2.7,6,"Cluster 1 - Médio porte","Médio porte (>20 mil e <100 mil)"
"4517","Porto União","Santa Catarina",32970,32964,"Médio porte",0,0,"Cluster 1",2.7,9,"Cluster 1 - Médio porte","Médio porte (>20 mil e <100 mil)"
"4518","Pouso Redondo","Santa Catarina",17123,13997,"Menor porte",10,7.14,"Cluster 1",8.51,12,"Cluster 1 - Menor porte","Menor porte (<20 mil)"
"4519","Praia Grande","Santa Catarina",8270,9180,"Menor porte",0,0,"Cluster 1",8.51,8,"Cluster 1 - Menor porte","Menor porte (<20 mil)"
"4520","Presidente Castello Branco","Santa Catarina",1689,1594,"Menor porte",0,0,"Cluster 1",8.51,1,"Cluster 1 - Menor porte","Menor porte (<20 mil)"
"4521","Presidente Getúlio","Santa Catarina",20010,15556,"Menor porte",0,0,"Cluster 1",8.51,13,"Cluster 1 - Menor porte","Menor porte (<20 mil)"
"4522","Presidente Nereu","Santa Catarina",2301,1823,"Menor porte",0,0,"Cluster 1",8.51,2,"Cluster 1 - Menor porte","Menor porte (<20 mil)"
"4523","Princesa","Santa Catarina",2964,2397,"Menor porte",0,0,"Cluster 1",8.51,2,"Cluster 1 - Menor porte","Menor porte (<20 mil)"
"4524","Quilombo","Santa Catarina",11022,9075,"Menor porte",0,0,"Cluster 1",8.51,8,"Cluster 1 - Menor porte","Menor porte (<20 mil)"
"4525","Rancho Queimado","Santa Catarina",3279,3075,"Menor porte",4,13.01,"Cluster 1",8.51,3,"Cluster 1 - Menor porte","Menor porte (<20 mil)"
"4526","Rio das Antas","Santa Catarina",6253,4301,"Menor porte",0,0,"Cluster 1",8.51,4,"Cluster 1 - Menor porte","Menor porte (<20 mil)"
"4527","Rio do Campo","Santa Catarina",6452,5626,"Menor porte",0,0,"Cluster 1",8.51,5,"Cluster 1 - Menor porte","Menor porte (<20 mil)"
"4528","Rio do Oeste","Santa Catarina",7747,6322,"Menor porte",0,0,"Cluster 1",8.51,5,"Cluster 1 - Menor porte","Menor porte (<20 mil)"
"4529","Rio do Sul","Santa Catarina",72587,61799,"Médio porte",10,1.62,"Cluster 1",2.7,17,"Cluster 1 - Médio porte","Médio porte (>20 mil e <100 mil)"
"4530","Rio dos Cedros","Santa Catarina",10865,9793,"Menor porte",0,0,"Cluster 1",8.51,8,"Cluster 1 - Menor porte","Menor porte (<20 mil)"
"4531","Rio Fortuna","Santa Catarina",4847,5434,"Menor porte",0,0,"Cluster 1",8.51,5,"Cluster 1 - Menor porte","Menor porte (<20 mil)"
"4532","Rio Negrinho","Santa Catarina",39261,36795,"Médio porte",5,1.36,"Cluster 1",2.7,10,"Cluster 1 - Médio porte","Médio porte (>20 mil e <100 mil)"
"4533","Rio Rufino","Santa Catarina",2397,1796,"Menor porte",0,0,"Cluster 3",8.89,2,"Cluster 3 - Menor porte","Menor porte (<20 mil)"
"4534","Riqueza","Santa Catarina",4768,3966,"Menor porte",0,0,"Cluster 1",8.51,3,"Cluster 1 - Menor porte","Menor porte (<20 mil)"
"4535","Rodeio","Santa Catarina",12757,11253,"Menor porte",0,0,"Cluster 1",8.51,10,"Cluster 1 - Menor porte","Menor porte (<20 mil)"
"4536","Romelândia","Santa Catarina",4823,3789,"Menor porte",0,0,"Cluster 1",8.51,3,"Cluster 1 - Menor porte","Menor porte (<20 mil)"
"4537","Salete","Santa Catarina",7489,7659,"Menor porte",0,0,"Cluster 1",8.51,7,"Cluster 1 - Menor porte","Menor porte (<20 mil)"
"4538","Saltinho","Santa Catarina",3632,2806,"Menor porte",0,0,"Cluster 3",8.89,2,"Cluster 3 - Menor porte","Menor porte (<20 mil)"
"4539","Salto Veloso","Santa Catarina",4390,3720,"Menor porte",2,5.38,"Cluster 1",8.51,3,"Cluster 1 - Menor porte","Menor porte (<20 mil)"
"4540","Sangão","Santa Catarina",12882,11833,"Menor porte",5,4.23,"Cluster 1",8.51,10,"Cluster 1 - Menor porte","Menor porte (<20 mil)"
"4541","Santa Cecília","Santa Catarina",15546,12219,"Menor porte",4,3.27,"Cluster 1",8.51,10,"Cluster 1 - Menor porte","Menor porte (<20 mil)"
"4542","Santa Helena","Santa Catarina",2425,2158,"Menor porte",0,0,"Cluster 1",8.51,2,"Cluster 1 - Menor porte","Menor porte (<20 mil)"
"4543","Santa Rosa de Lima","Santa Catarina",2088,2410,"Menor porte",0,0,"Cluster 1",8.51,2,"Cluster 1 - Menor porte","Menor porte (<20 mil)"
"4544","Santa Rosa do Sul","Santa Catarina",9792,8200,"Menor porte",2,2.44,"Cluster 1",8.51,7,"Cluster 1 - Menor porte","Menor porte (<20 mil)"
"4545","Santa Terezinha","Santa Catarina",8066,5629,"Menor porte",0,0,"Cluster 3",8.89,5,"Cluster 3 - Menor porte","Menor porte (<20 mil)"
"4546","Santa Terezinha do Progresso","Santa Catarina",2576,1789,"Menor porte",0,0,"Cluster 1",8.51,2,"Cluster 1 - Menor porte","Menor porte (<20 mil)"
"4547","Santiago do Sul","Santa Catarina",1651,1208,"Menor porte",0,0,"Cluster 1",8.51,1,"Cluster 1 - Menor porte","Menor porte (<20 mil)"
"4548","Santo Amaro da Imperatriz","Santa Catarina",27272,23277,"Médio porte",4,1.72,"Cluster 1",2.7,6,"Cluster 1 - Médio porte","Médio porte (>20 mil e <100 mil)"
"4549","São Bento do Sul","Santa Catarina",83277,69688,"Médio porte",4,0.57,"Cluster 1",2.7,19,"Cluster 1 - Médio porte","Médio porte (>20 mil e <100 mil)"
"4550","São Bernardino","Santa Catarina",2684,1898,"Menor porte",0,0,"Cluster 1",8.51,2,"Cluster 1 - Menor porte","Menor porte (<20 mil)"
"4551","São Bonifácio","Santa Catarina",2946,2927,"Menor porte",0,0,"Cluster 1",8.51,2,"Cluster 1 - Menor porte","Menor porte (<20 mil)"
"4552","São Carlos","Santa Catarina",10282,8969,"Menor porte",0,0,"Cluster 1",8.51,8,"Cluster 1 - Menor porte","Menor porte (<20 mil)"
"4553","São Cristóvão do Sul","Santa Catarina",6084,3155,"Menor porte",2,6.34,"Cluster 3",8.89,3,"Cluster 3 - Menor porte","Menor porte (<20 mil)"
"4554","São Domingos","Santa Catarina",9226,8049,"Menor porte",0,0,"Cluster 1",8.51,7,"Cluster 1 - Menor porte","Menor porte (<20 mil)"
"4555","São Francisco do Sul","Santa Catarina",52674,37996,"Médio porte",9,2.37,"Cluster 1",2.7,10,"Cluster 1 - Médio porte","Médio porte (>20 mil e <100 mil)"
"4556","São João Batista","Santa Catarina",32687,27142,"Médio porte",0,0,"Cluster 1",2.7,7,"Cluster 1 - Médio porte","Médio porte (>20 mil e <100 mil)"
"4557","São João do Itaperiú","Santa Catarina",4463,3931,"Menor porte",0,0,"Cluster 1",8.51,3,"Cluster 1 - Menor porte","Menor porte (<20 mil)"
"4558","São João do Oeste","Santa Catarina",6295,5823,"Menor porte",0,0,"Cluster 1",8.51,5,"Cluster 1 - Menor porte","Menor porte (<20 mil)"
"4559","São João do Sul","Santa Catarina",8668,8299,"Menor porte",0,0,"Cluster 1",8.51,7,"Cluster 1 - Menor porte","Menor porte (<20 mil)"
"4560","São Joaquim","Santa Catarina",25939,20268,"Médio porte",0,0,"Cluster 1",2.7,5,"Cluster 1 - Médio porte","Médio porte (>20 mil e <100 mil)"
"4561","São José","Santa Catarina",270299,197521,"Maior porte",20,1.01,"Cluster 2",3.54,70,"Cluster 2 - Maior porte","Maior porte (>100 mil)"
"4562","São José do Cedro","Santa Catarina",14167,12349,"Menor porte",0,0,"Cluster 1",8.51,11,"Cluster 1 - Menor porte","Menor porte (<20 mil)"
"4563","São José do Cerrito","Santa Catarina",8708,5275,"Menor porte",2,3.79,"Cluster 3",8.89,5,"Cluster 3 - Menor porte","Menor porte (<20 mil)"
"4564","São Lourenço do Oeste","Santa Catarina",24791,24378,"Médio porte",0,0,"Cluster 1",2.7,7,"Cluster 1 - Médio porte","Médio porte (>20 mil e <100 mil)"
"4565","São Ludgero","Santa Catarina",13509,12165,"Menor porte",0,0,"Cluster 1",8.51,10,"Cluster 1 - Menor porte","Menor porte (<20 mil)"
"4566","São Martinho","Santa Catarina",3405,3547,"Menor porte",0,0,"Cluster 1",8.51,3,"Cluster 1 - Menor porte","Menor porte (<20 mil)"
"4567","São Miguel da Boa Vista","Santa Catarina",1781,1370,"Menor porte",0,0,"Cluster 1",8.51,1,"Cluster 1 - Menor porte","Menor porte (<20 mil)"
"4568","São Miguel do Oeste","Santa Catarina",44330,41867,"Médio porte",47,11.23,"Cluster 1",2.7,11,"Cluster 1 - Médio porte","Médio porte (>20 mil e <100 mil)"
"4569","São Pedro de Alcântara","Santa Catarina",5776,3552,"Menor porte",0,0,"Cluster 3",8.89,3,"Cluster 3 - Menor porte","Menor porte (<20 mil)"
"4570","Saudades","Santa Catarina",10265,7842,"Menor porte",0,0,"Cluster 1",8.51,7,"Cluster 1 - Menor porte","Menor porte (<20 mil)"
"4571","Schroeder","Santa Catarina",20061,14118,"Médio porte",0,0,"Cluster 1",2.7,4,"Cluster 1 - Médio porte","Médio porte (>20 mil e <100 mil)"
"4572","Seara","Santa Catarina",18620,15639,"Menor porte",0,0,"Cluster 1",8.51,13,"Cluster 1 - Menor porte","Menor porte (<20 mil)"
"4573","Serra Alta","Santa Catarina",3303,2651,"Menor porte",0,0,"Cluster 1",8.51,2,"Cluster 1 - Menor porte","Menor porte (<20 mil)"
"4574","Siderópolis","Santa Catarina",13714,11527,"Menor porte",0,0,"Cluster 1",8.51,10,"Cluster 1 - Menor porte","Menor porte (<20 mil)"
"4575","Sombrio","Santa Catarina",29991,28167,"Médio porte",2,0.71,"Cluster 1",2.7,8,"Cluster 1 - Médio porte","Médio porte (>20 mil e <100 mil)"
"4576","Sul Brasil","Santa Catarina",2832,2167,"Menor porte",0,0,"Cluster 1",8.51,2,"Cluster 1 - Menor porte","Menor porte (<20 mil)"
"4577","Taió","Santa Catarina",18310,17191,"Menor porte",0,0,"Cluster 1",8.51,15,"Cluster 1 - Menor porte","Menor porte (<20 mil)"
"4578","Tangará","Santa Catarina",8143,7215,"Menor porte",0,0,"Cluster 1",8.51,6,"Cluster 1 - Menor porte","Menor porte (<20 mil)"
"4579","Tigrinhos","Santa Catarina",2329,1763,"Menor porte",0,0,"Cluster 1",8.51,1,"Cluster 1 - Menor porte","Menor porte (<20 mil)"
"4580","Tijucas","Santa Catarina",51592,41002,"Médio porte",0,0,"Cluster 1",2.7,11,"Cluster 1 - Médio porte","Médio porte (>20 mil e <100 mil)"
"4581","Timbé do Sul","Santa Catarina",5386,4559,"Menor porte",0,0,"Cluster 1",8.51,4,"Cluster 1 - Menor porte","Menor porte (<20 mil)"
"4582","Timbó","Santa Catarina",46099,37530,"Médio porte",0,0,"Cluster 1",2.7,10,"Cluster 1 - Médio porte","Médio porte (>20 mil e <100 mil)"
"4583","Timbó Grande","Santa Catarina",7342,4655,"Menor porte",0,0,"Cluster 3",8.89,4,"Cluster 3 - Menor porte","Menor porte (<20 mil)"
"4584","Três Barras","Santa Catarina",19746,13854,"Menor porte",0,0,"Cluster 1",8.51,12,"Cluster 1 - Menor porte","Menor porte (<20 mil)"
"4585","Treviso","Santa Catarina",3782,3293,"Menor porte",0,0,"Cluster 1",8.51,3,"Cluster 1 - Menor porte","Menor porte (<20 mil)"
"4586","Treze de Maio","Santa Catarina",7362,8084,"Menor porte",0,0,"Cluster 1",8.51,7,"Cluster 1 - Menor porte","Menor porte (<20 mil)"
"4587","Treze Tílias","Santa Catarina",8787,8172,"Menor porte",13,15.91,"Cluster 1",8.51,7,"Cluster 1 - Menor porte","Menor porte (<20 mil)"
"4588","Trombudo Central","Santa Catarina",7274,6357,"Menor porte",1,1.57,"Cluster 1",8.51,5,"Cluster 1 - Menor porte","Menor porte (<20 mil)"
"4589","Tubarão","Santa Catarina",110088,107473,"Maior porte",3,0.28,"Cluster 2",3.54,38,"Cluster 2 - Maior porte","Maior porte (>100 mil)"
"4590","Tunápolis","Santa Catarina",4916,4244,"Menor porte",0,0,"Cluster 1",8.51,4,"Cluster 1 - Menor porte","Menor porte (<20 mil)"
"4591","Turvo","Santa Catarina",13043,12636,"Menor porte",0,0,"Cluster 1",8.51,11,"Cluster 1 - Menor porte","Menor porte (<20 mil)"
"4592","União do Oeste","Santa Catarina",2774,2471,"Menor porte",0,0,"Cluster 1",8.51,2,"Cluster 1 - Menor porte","Menor porte (<20 mil)"
"4593","Urubici","Santa Catarina",10834,9079,"Menor porte",0,0,"Cluster 1",8.51,8,"Cluster 1 - Menor porte","Menor porte (<20 mil)"
"4594","Urupema","Santa Catarina",2656,1563,"Menor porte",0,0,"Cluster 3",8.89,1,"Cluster 3 - Menor porte","Menor porte (<20 mil)"
"4595","Urussanga","Santa Catarina",20919,20282,"Médio porte",0,0,"Cluster 1",2.7,5,"Cluster 1 - Médio porte","Médio porte (>20 mil e <100 mil)"
"4596","Vargeão","Santa Catarina",3634,2977,"Menor porte",0,0,"Cluster 1",8.51,3,"Cluster 1 - Menor porte","Menor porte (<20 mil)"
"4597","Vargem","Santa Catarina",2627,1793,"Menor porte",7,39.04,"Cluster 3",8.89,2,"Cluster 3 - Menor porte","Menor porte (<20 mil)"
"4598","Vargem Bonita","Santa Catarina",4576,3720,"Menor porte",2,5.38,"Cluster 1",8.51,3,"Cluster 1 - Menor porte","Menor porte (<20 mil)"
"4599","Vidal Ramos","Santa Catarina",6189,5564,"Menor porte",0,0,"Cluster 1",8.51,5,"Cluster 1 - Menor porte","Menor porte (<20 mil)"
"4600","Videira","Santa Catarina",55466,51059,"Médio porte",0,0,"Cluster 1",2.7,14,"Cluster 1 - Médio porte","Médio porte (>20 mil e <100 mil)"
"4601","Vitor Meireles","Santa Catarina",5370,3956,"Menor porte",0,0,"Cluster 1",8.51,3,"Cluster 1 - Menor porte","Menor porte (<20 mil)"
"4602","Witmarsum","Santa Catarina",4255,3603,"Menor porte",0,0,"Cluster 1",8.51,3,"Cluster 1 - Menor porte","Menor porte (<20 mil)"
"4603","Xanxerê","Santa Catarina",51607,45559,"Médio porte",27,5.93,"Cluster 1",2.7,12,"Cluster 1 - Médio porte","Médio porte (>20 mil e <100 mil)"
"4604","Xavantina","Santa Catarina",3653,2702,"Menor porte",0,0,"Cluster 1",8.51,2,"Cluster 1 - Menor porte","Menor porte (<20 mil)"
"4605","Xaxim","Santa Catarina",31918,27060,"Médio porte",8,2.96,"Cluster 1",2.7,7,"Cluster 1 - Médio porte","Médio porte (>20 mil e <100 mil)"
"4606","Zortéa","Santa Catarina",3930,2051,"Menor porte",0,0,"Cluster 1",8.51,2,"Cluster 1 - Menor porte","Menor porte (<20 mil)"
"4607","Aceguá","Rio Grande do Sul",4170,4782,"Menor porte",0,0,"Cluster 1",8.51,4,"Cluster 1 - Menor porte","Menor porte (<20 mil)"
"4608","Água Santa","Rio Grande do Sul",3912,3208,"Menor porte",0,0,"Cluster 1",8.51,3,"Cluster 1 - Menor porte","Menor porte (<20 mil)"
"4609","Agudo","Rio Grande do Sul",16041,11995,"Menor porte",0,0,"Cluster 1",8.51,10,"Cluster 1 - Menor porte","Menor porte (<20 mil)"
"4610","Ajuricaba","Rio Grande do Sul",6720,6626,"Menor porte",0,0,"Cluster 1",8.51,6,"Cluster 1 - Menor porte","Menor porte (<20 mil)"
"4611","Alecrim","Rio Grande do Sul",6123,4773,"Menor porte",0,0,"Cluster 1",8.51,4,"Cluster 1 - Menor porte","Menor porte (<20 mil)"
"4612","Alegrete","Rio Grande do Sul",72409,45005,"Médio porte",6,1.33,"Cluster 1",2.7,12,"Cluster 1 - Médio porte","Médio porte (>20 mil e <100 mil)"
"4613","Alegria","Rio Grande do Sul",3651,2768,"Menor porte",0,0,"Cluster 1",8.51,2,"Cluster 1 - Menor porte","Menor porte (<20 mil)"
"4614","Almirante Tamandaré do Sul","Rio Grande do Sul",1969,1824,"Menor porte",0,0,"Cluster 1",8.51,2,"Cluster 1 - Menor porte","Menor porte (<20 mil)"
"4615","Alpestre","Rio Grande do Sul",7117,5319,"Menor porte",0,0,"Cluster 1",8.51,5,"Cluster 1 - Menor porte","Menor porte (<20 mil)"
"4616","Alto Alegre","Rio Grande do Sul",1800,1509,"Menor porte",0,0,"Cluster 1",8.51,1,"Cluster 1 - Menor porte","Menor porte (<20 mil)"
"4617","Alto Feliz","Rio Grande do Sul",3072,2630,"Menor porte",0,0,"Cluster 1",8.51,2,"Cluster 1 - Menor porte","Menor porte (<20 mil)"
"4618","Alvorada","Rio Grande do Sul",187315,100229,"Maior porte",0,0,"Cluster 3",3.72,37,"Cluster 3 - Maior porte","Maior porte (>100 mil)"
"4619","Amaral Ferrador","Rio Grande do Sul",5310,4054,"Menor porte",0,0,"Cluster 3",8.89,4,"Cluster 3 - Menor porte","Menor porte (<20 mil)"
"4620","Ametista do Sul","Rio Grande do Sul",7650,6263,"Menor porte",0,0,"Cluster 1",8.51,5,"Cluster 1 - Menor porte","Menor porte (<20 mil)"
"4621","André da Rocha","Rio Grande do Sul",1135,938,"Menor porte",0,0,"Cluster 1",8.51,1,"Cluster 1 - Menor porte","Menor porte (<20 mil)"
"4622","Anta Gorda","Rio Grande do Sul",5957,5726,"Menor porte",0,0,"Cluster 1",8.51,5,"Cluster 1 - Menor porte","Menor porte (<20 mil)"
"4623","Antônio Prado","Rio Grande do Sul",13045,12027,"Menor porte",0,0,"Cluster 1",8.51,10,"Cluster 1 - Menor porte","Menor porte (<20 mil)"
"4624","Arambaré","Rio Grande do Sul",4112,2661,"Menor porte",0,0,"Cluster 1",8.51,2,"Cluster 1 - Menor porte","Menor porte (<20 mil)"
"4625","Araricá","Rio Grande do Sul",8525,5024,"Menor porte",1,1.99,"Cluster 1",8.51,4,"Cluster 1 - Menor porte","Menor porte (<20 mil)"
"4626","Aratiba","Rio Grande do Sul",6483,5377,"Menor porte",0,0,"Cluster 1",8.51,5,"Cluster 1 - Menor porte","Menor porte (<20 mil)"
"4627","Arroio do Meio","Rio Grande do Sul",21958,19348,"Médio porte",0,0,"Cluster 1",2.7,5,"Cluster 1 - Médio porte","Médio porte (>20 mil e <100 mil)"
"4628","Arroio do Padre","Rio Grande do Sul",2599,2400,"Menor porte",0,0,"Cluster 3",8.89,2,"Cluster 3 - Menor porte","Menor porte (<20 mil)"
"4629","Arroio do Sal","Rio Grande do Sul",11057,6235,"Menor porte",1,1.6,"Cluster 3",8.89,6,"Cluster 3 - Menor porte","Menor porte (<20 mil)"
"4630","Arroio do Tigre","Rio Grande do Sul",12058,8810,"Menor porte",0,0,"Cluster 3",8.89,8,"Cluster 3 - Menor porte","Menor porte (<20 mil)"
"4631","Arroio dos Ratos","Rio Grande do Sul",14601,9082,"Menor porte",4,4.4,"Cluster 3",8.89,8,"Cluster 3 - Menor porte","Menor porte (<20 mil)"
"4632","Arroio Grande","Rio Grande do Sul",17558,13451,"Menor porte",0,0,"Cluster 3",8.89,12,"Cluster 3 - Menor porte","Menor porte (<20 mil)"
"4633","Arvorezinha","Rio Grande do Sul",10322,9407,"Menor porte",0,0,"Cluster 1",8.51,8,"Cluster 1 - Menor porte","Menor porte (<20 mil)"
"4634","Augusto Pestana","Rio Grande do Sul",7149,6858,"Menor porte",0,0,"Cluster 1",8.51,6,"Cluster 1 - Menor porte","Menor porte (<20 mil)"
"4635","Áurea","Rio Grande do Sul",3396,2964,"Menor porte",0,0,"Cluster 1",8.51,3,"Cluster 1 - Menor porte","Menor porte (<20 mil)"
"4636","Bagé","Rio Grande do Sul",117938,81577,"Maior porte",6,0.74,"Cluster 1",3.23,26,"Cluster 1 - Maior porte","Maior porte (>100 mil)"
"4637","Balneário Pinhal","Rio Grande do Sul",14955,5443,"Menor porte",0,0,"Cluster 3",8.89,5,"Cluster 3 - Menor porte","Menor porte (<20 mil)"
"4638","Barão","Rio Grande do Sul",6461,5075,"Menor porte",0,0,"Cluster 1",8.51,4,"Cluster 1 - Menor porte","Menor porte (<20 mil)"
"4639","Barão de Cotegipe","Rio Grande do Sul",7144,5422,"Menor porte",0,0,"Cluster 1",8.51,5,"Cluster 1 - Menor porte","Menor porte (<20 mil)"
"4640","Barão do Triunfo","Rio Grande do Sul",5889,4354,"Menor porte",0,0,"Cluster 3",8.89,4,"Cluster 3 - Menor porte","Menor porte (<20 mil)"
"4641","Barra do Guarita","Rio Grande do Sul",3161,1408,"Menor porte",0,0,"Cluster 3",8.89,1,"Cluster 3 - Menor porte","Menor porte (<20 mil)"
"4642","Barra do Quaraí","Rio Grande do Sul",4241,2417,"Menor porte",2,8.27,"Cluster 3",8.89,2,"Cluster 3 - Menor porte","Menor porte (<20 mil)"
"4643","Barra do Ribeiro","Rio Grande do Sul",12225,7721,"Menor porte",0,0,"Cluster 3",8.89,7,"Cluster 3 - Menor porte","Menor porte (<20 mil)"
"4644","Barra do Rio Azul","Rio Grande do Sul",1696,1277,"Menor porte",0,0,"Cluster 1",8.51,1,"Cluster 1 - Menor porte","Menor porte (<20 mil)"
"4645","Barra Funda","Rio Grande do Sul",2498,2352,"Menor porte",0,0,"Cluster 1",8.51,2,"Cluster 1 - Menor porte","Menor porte (<20 mil)"
"4646","Barracão","Rio Grande do Sul",4831,3646,"Menor porte",9,24.68,"Cluster 1",8.51,3,"Cluster 1 - Menor porte","Menor porte (<20 mil)"
"4647","Barros Cassal","Rio Grande do Sul",9296,6895,"Menor porte",0,0,"Cluster 3",8.89,6,"Cluster 3 - Menor porte","Menor porte (<20 mil)"
"4648","Benjamin Constant do Sul","Rio Grande do Sul",2082,1123,"Menor porte",0,0,"Cluster 3",8.89,1,"Cluster 3 - Menor porte","Menor porte (<20 mil)"
"4649","Bento Gonçalves","Rio Grande do Sul",123151,95806,"Maior porte",9,0.94,"Cluster 2",3.54,34,"Cluster 2 - Maior porte","Maior porte (>100 mil)"
"4650","Boa Vista das Missões","Rio Grande do Sul",1933,1882,"Menor porte",8,42.51,"Cluster 1",8.51,2,"Cluster 1 - Menor porte","Menor porte (<20 mil)"
"4651","Boa Vista do Buricá","Rio Grande do Sul",6966,6743,"Menor porte",0,0,"Cluster 1",8.51,6,"Cluster 1 - Menor porte","Menor porte (<20 mil)"
"4652","Boa Vista do Cadeado","Rio Grande do Sul",2229,1712,"Menor porte",2,11.68,"Cluster 1",8.51,1,"Cluster 1 - Menor porte","Menor porte (<20 mil)"
"4653","Boa Vista do Incra","Rio Grande do Sul",2271,1870,"Menor porte",0,0,"Cluster 1",8.51,2,"Cluster 1 - Menor porte","Menor porte (<20 mil)"
"4654","Boa Vista do Sul","Rio Grande do Sul",2779,2547,"Menor porte",0,0,"Cluster 1",8.51,2,"Cluster 1 - Menor porte","Menor porte (<20 mil)"
"4655","Bom Jesus","Rio Grande do Sul",11202,7038,"Menor porte",2,2.84,"Cluster 3",8.89,6,"Cluster 3 - Menor porte","Menor porte (<20 mil)"
"4656","Bom Princípio","Rio Grande do Sul",13142,11817,"Menor porte",2,1.69,"Cluster 1",8.51,10,"Cluster 1 - Menor porte","Menor porte (<20 mil)"
"4657","Bom Progresso","Rio Grande do Sul",2096,1650,"Menor porte",0,0,"Cluster 1",8.51,1,"Cluster 1 - Menor porte","Menor porte (<20 mil)"
"4658","Bom Retiro do Sul","Rio Grande do Sul",12294,9678,"Menor porte",0,0,"Cluster 1",8.51,8,"Cluster 1 - Menor porte","Menor porte (<20 mil)"
"4659","Boqueirão do Leão","Rio Grande do Sul",6243,5285,"Menor porte",0,0,"Cluster 3",8.89,5,"Cluster 3 - Menor porte","Menor porte (<20 mil)"
"4660","Bossoroca","Rio Grande do Sul",5890,3777,"Menor porte",1,2.65,"Cluster 1",8.51,3,"Cluster 1 - Menor porte","Menor porte (<20 mil)"
"4661","Bozano","Rio Grande do Sul",2151,1762,"Menor porte",4,22.7,"Cluster 1",8.51,1,"Cluster 1 - Menor porte","Menor porte (<20 mil)"
"4662","Braga","Rio Grande do Sul",3268,2560,"Menor porte",0,0,"Cluster 1",8.51,2,"Cluster 1 - Menor porte","Menor porte (<20 mil)"
"4663","Brochier","Rio Grande do Sul",4966,4901,"Menor porte",0,0,"Cluster 1",8.51,4,"Cluster 1 - Menor porte","Menor porte (<20 mil)"
"4664","Butiá","Rio Grande do Sul",19084,12939,"Médio porte",4,3.09,"Cluster 1",2.7,3,"Cluster 1 - Médio porte","Médio porte (>20 mil e <100 mil)"
"4665","Caçapava do Sul","Rio Grande do Sul",32515,23916,"Médio porte",8,3.35,"Cluster 1",2.7,6,"Cluster 1 - Médio porte","Médio porte (>20 mil e <100 mil)"
"4666","Cacequi","Rio Grande do Sul",11157,6076,"Menor porte",0,0,"Cluster 3",8.89,5,"Cluster 3 - Menor porte","Menor porte (<20 mil)"
"4667","Cachoeira do Sul","Rio Grande do Sul",80070,58979,"Médio porte",8,1.36,"Cluster 1",2.7,16,"Cluster 1 - Médio porte","Médio porte (>20 mil e <100 mil)"
"4668","Cachoeirinha","Rio Grande do Sul",136258,91394,"Maior porte",43,4.7,"Cluster 2",3.54,32,"Cluster 2 - Maior porte","Maior porte (>100 mil)"
"4669","Cacique Doble","Rio Grande do Sul",4603,3044,"Menor porte",0,0,"Cluster 3",8.89,3,"Cluster 3 - Menor porte","Menor porte (<20 mil)"
"4670","Caibaté","Rio Grande do Sul",4704,4091,"Menor porte",0,0,"Cluster 1",8.51,3,"Cluster 1 - Menor porte","Menor porte (<20 mil)"
"4671","Caiçara","Rio Grande do Sul",4836,3972,"Menor porte",0,0,"Cluster 1",8.51,3,"Cluster 1 - Menor porte","Menor porte (<20 mil)"
"4672","Camaquã","Rio Grande do Sul",62200,49367,"Médio porte",4,0.81,"Cluster 1",2.7,13,"Cluster 1 - Médio porte","Médio porte (>20 mil e <100 mil)"
"4673","Camargo","Rio Grande do Sul",2981,2659,"Menor porte",0,0,"Cluster 1",8.51,2,"Cluster 1 - Menor porte","Menor porte (<20 mil)"
"4674","Cambará do Sul","Rio Grande do Sul",6361,3976,"Menor porte",0,0,"Cluster 3",8.89,4,"Cluster 3 - Menor porte","Menor porte (<20 mil)"
"4675","Campestre da Serra","Rio Grande do Sul",3242,2373,"Menor porte",3,12.64,"Cluster 1",8.51,2,"Cluster 1 - Menor porte","Menor porte (<20 mil)"
"4676","Campina das Missões","Rio Grande do Sul",5882,5120,"Menor porte",0,0,"Cluster 1",8.51,4,"Cluster 1 - Menor porte","Menor porte (<20 mil)"
"4677","Campinas do Sul","Rio Grande do Sul",5284,4613,"Menor porte",0,0,"Cluster 1",8.51,4,"Cluster 1 - Menor porte","Menor porte (<20 mil)"
"4678","Campo Bom","Rio Grande do Sul",62886,47940,"Médio porte",3,0.63,"Cluster 1",2.7,13,"Cluster 1 - Médio porte","Médio porte (>20 mil e <100 mil)"
"4679","Campo Novo","Rio Grande do Sul",4975,4287,"Menor porte",4,9.33,"Cluster 1",8.51,4,"Cluster 1 - Menor porte","Menor porte (<20 mil)"
"4680","Campos Borges","Rio Grande do Sul",3613,3066,"Menor porte",0,0,"Cluster 1",8.51,3,"Cluster 1 - Menor porte","Menor porte (<20 mil)"
"4681","Candelária","Rio Grande do Sul",28906,21332,"Médio porte",7,3.28,"Cluster 1",2.7,6,"Cluster 1 - Médio porte","Médio porte (>20 mil e <100 mil)"
"4682","Cândido Godói","Rio Grande do Sul",6294,6032,"Menor porte",0,0,"Cluster 1",8.51,5,"Cluster 1 - Menor porte","Menor porte (<20 mil)"
"4683","Candiota","Rio Grande do Sul",10710,7378,"Menor porte",0,0,"Cluster 1",8.51,6,"Cluster 1 - Menor porte","Menor porte (<20 mil)"
"4684","Canela","Rio Grande do Sul",48946,35184,"Médio porte",0,0,"Cluster 1",2.7,10,"Cluster 1 - Médio porte","Médio porte (>20 mil e <100 mil)"
"4685","Canguçu","Rio Grande do Sul",49680,45087,"Médio porte",0,0,"Cluster 1",2.7,12,"Cluster 1 - Médio porte","Médio porte (>20 mil e <100 mil)"
"4686","Canoas","Rio Grande do Sul",347657,233573,"Maior porte",1,0.04,"Cluster 2",3.54,83,"Cluster 2 - Maior porte","Maior porte (>100 mil)"
"4687","Canudos do Vale","Rio Grande do Sul",1656,1153,"Menor porte",0,0,"Cluster 1",8.51,1,"Cluster 1 - Menor porte","Menor porte (<20 mil)"
"4688","Capão Bonito do Sul","Rio Grande do Sul",1733,1026,"Menor porte",2,19.49,"Cluster 1",8.51,1,"Cluster 1 - Menor porte","Menor porte (<20 mil)"
"4689","Capão da Canoa","Rio Grande do Sul",63594,41498,"Médio porte",3,0.72,"Cluster 1",2.7,11,"Cluster 1 - Médio porte","Médio porte (>20 mil e <100 mil)"
"4690","Capão do Cipó","Rio Grande do Sul",3119,2271,"Menor porte",0,0,"Cluster 1",8.51,2,"Cluster 1 - Menor porte","Menor porte (<20 mil)"
"4691","Capão do Leão","Rio Grande do Sul",26487,17111,"Médio porte",8,4.68,"Cluster 3",4.29,7,"Cluster 3 - Médio porte","Médio porte (>20 mil e <100 mil)"
"4692","Capela de Santana","Rio Grande do Sul",11159,6046,"Menor porte",2,3.31,"Cluster 3",8.89,5,"Cluster 3 - Menor porte","Menor porte (<20 mil)"
"4693","Capitão","Rio Grande do Sul",2921,2352,"Menor porte",0,0,"Cluster 1",8.51,2,"Cluster 1 - Menor porte","Menor porte (<20 mil)"
"4694","Capivari do Sul","Rio Grande do Sul",3991,3540,"Menor porte",3,8.47,"Cluster 1",8.51,3,"Cluster 1 - Menor porte","Menor porte (<20 mil)"
"4695","Caraá","Rio Grande do Sul",7394,4083,"Menor porte",0,0,"Cluster 3",8.89,4,"Cluster 3 - Menor porte","Menor porte (<20 mil)"
"4696","Carazinho","Rio Grande do Sul",61804,49796,"Médio porte",2,0.4,"Cluster 1",2.7,13,"Cluster 1 - Médio porte","Médio porte (>20 mil e <100 mil)"
"4697","Carlos Barbosa","Rio Grande do Sul",30420,24283,"Médio porte",1,0.41,"Cluster 1",2.7,7,"Cluster 1 - Médio porte","Médio porte (>20 mil e <100 mil)"
"4698","Carlos Gomes","Rio Grande do Sul",1364,1008,"Menor porte",0,0,"Cluster 1",8.51,1,"Cluster 1 - Menor porte","Menor porte (<20 mil)"
"4699","Casca","Rio Grande do Sul",9465,8969,"Menor porte",2,2.23,"Cluster 1",8.51,8,"Cluster 1 - Menor porte","Menor porte (<20 mil)"
"4700","Caseiros","Rio Grande do Sul",3000,2692,"Menor porte",2,7.43,"Cluster 1",8.51,2,"Cluster 1 - Menor porte","Menor porte (<20 mil)"
"4701","Catuípe","Rio Grande do Sul",8674,7719,"Menor porte",0,0,"Cluster 1",8.51,7,"Cluster 1 - Menor porte","Menor porte (<20 mil)"
"4702","Caxias do Sul","Rio Grande do Sul",463501,359274,"Maior porte",39,1.09,"Cluster 2",3.54,127,"Cluster 2 - Maior porte","Maior porte (>100 mil)"
"4703","Centenário","Rio Grande do Sul",2728,2233,"Menor porte",0,0,"Cluster 1",8.51,2,"Cluster 1 - Menor porte","Menor porte (<20 mil)"
"4704","Cerrito","Rio Grande do Sul",5808,4169,"Menor porte",0,0,"Cluster 3",8.89,4,"Cluster 3 - Menor porte","Menor porte (<20 mil)"
"4705","Cerro Branco","Rio Grande do Sul",3802,2856,"Menor porte",0,0,"Cluster 3",8.89,3,"Cluster 3 - Menor porte","Menor porte (<20 mil)"
"4706","Cerro Grande","Rio Grande do Sul",2379,1827,"Menor porte",0,0,"Cluster 1",8.51,2,"Cluster 1 - Menor porte","Menor porte (<20 mil)"
"4707","Cerro Grande do Sul","Rio Grande do Sul",9178,8888,"Menor porte",0,0,"Cluster 3",8.89,8,"Cluster 3 - Menor porte","Menor porte (<20 mil)"
"4708","Cerro Largo","Rio Grande do Sul",13705,11924,"Menor porte",2,1.68,"Cluster 1",8.51,10,"Cluster 1 - Menor porte","Menor porte (<20 mil)"
"4709","Chapada","Rio Grande do Sul",9540,9327,"Menor porte",0,0,"Cluster 1",8.51,8,"Cluster 1 - Menor porte","Menor porte (<20 mil)"
"4710","Charqueadas","Rio Grande do Sul",35012,21386,"Médio porte",0,0,"Cluster 1",2.7,6,"Cluster 1 - Médio porte","Médio porte (>20 mil e <100 mil)"
"4711","Charrua","Rio Grande do Sul",2768,1683,"Menor porte",0,0,"Cluster 3",8.89,1,"Cluster 3 - Menor porte","Menor porte (<20 mil)"
"4712","Chiapetta","Rio Grande do Sul",3913,3241,"Menor porte",0,0,"Cluster 1",8.51,3,"Cluster 1 - Menor porte","Menor porte (<20 mil)"
"4713","Chuí","Rio Grande do Sul",6262,7943,"Menor porte",0,0,"Cluster 1",8.51,7,"Cluster 1 - Menor porte","Menor porte (<20 mil)"
"4714","Chuvisca","Rio Grande do Sul",4597,3843,"Menor porte",0,0,"Cluster 3",8.89,3,"Cluster 3 - Menor porte","Menor porte (<20 mil)"
"4715","Cidreira","Rio Grande do Sul",17071,7235,"Menor porte",0,0,"Cluster 3",8.89,6,"Cluster 3 - Menor porte","Menor porte (<20 mil)"
"4716","Ciríaco","Rio Grande do Sul",4149,4197,"Menor porte",0,0,"Cluster 1",8.51,4,"Cluster 1 - Menor porte","Menor porte (<20 mil)"
"4717","Colinas","Rio Grande do Sul",2423,2233,"Menor porte",0,0,"Cluster 1",8.51,2,"Cluster 1 - Menor porte","Menor porte (<20 mil)"
"4718","Colorado","Rio Grande do Sul",3258,3258,"Menor porte",0,0,"Cluster 1",8.51,3,"Cluster 1 - Menor porte","Menor porte (<20 mil)"
"4719","Condor","Rio Grande do Sul",6406,5863,"Menor porte",0,0,"Cluster 1",8.51,5,"Cluster 1 - Menor porte","Menor porte (<20 mil)"
"4720","Constantina","Rio Grande do Sul",10385,8712,"Menor porte",0,0,"Cluster 1",8.51,7,"Cluster 1 - Menor porte","Menor porte (<20 mil)"
"4721","Coqueiro Baixo","Rio Grande do Sul",1290,896,"Menor porte",0,0,"Cluster 3",8.89,1,"Cluster 3 - Menor porte","Menor porte (<20 mil)"
"4722","Coqueiros do Sul","Rio Grande do Sul",2211,2011,"Menor porte",0,0,"Cluster 1",8.51,2,"Cluster 1 - Menor porte","Menor porte (<20 mil)"
"4723","Coronel Barros","Rio Grande do Sul",2822,2204,"Menor porte",0,0,"Cluster 1",8.51,2,"Cluster 1 - Menor porte","Menor porte (<20 mil)"
"4724","Coronel Bicaco","Rio Grande do Sul",6144,5376,"Menor porte",0,0,"Cluster 1",8.51,5,"Cluster 1 - Menor porte","Menor porte (<20 mil)"
"4725","Coronel Pilar","Rio Grande do Sul",1607,1199,"Menor porte",0,0,"Cluster 1",8.51,1,"Cluster 1 - Menor porte","Menor porte (<20 mil)"
"4726","Cotiporã","Rio Grande do Sul",3846,3332,"Menor porte",0,0,"Cluster 1",8.51,3,"Cluster 1 - Menor porte","Menor porte (<20 mil)"
"4727","Coxilha","Rio Grande do Sul",2667,2602,"Menor porte",0,0,"Cluster 1",8.51,2,"Cluster 1 - Menor porte","Menor porte (<20 mil)"
"4728","Crissiumal","Rio Grande do Sul",12886,11818,"Menor porte",0,0,"Cluster 1",8.51,10,"Cluster 1 - Menor porte","Menor porte (<20 mil)"
"4729","Cristal","Rio Grande do Sul",7299,5425,"Menor porte",0,0,"Cluster 3",8.89,5,"Cluster 3 - Menor porte","Menor porte (<20 mil)"
"4730","Cristal do Sul","Rio Grande do Sul",2692,2004,"Menor porte",0,0,"Cluster 3",8.89,2,"Cluster 3 - Menor porte","Menor porte (<20 mil)"
"4731","Cruz Alta","Rio Grande do Sul",58913,45103,"Médio porte",8,1.77,"Cluster 1",2.7,12,"Cluster 1 - Médio porte","Médio porte (>20 mil e <100 mil)"
"4732","Cruzaltense","Rio Grande do Sul",1635,1563,"Menor porte",0,0,"Cluster 1",8.51,1,"Cluster 1 - Menor porte","Menor porte (<20 mil)"
"4733","Cruzeiro do Sul","Rio Grande do Sul",12295,11645,"Menor porte",0,0,"Cluster 1",8.51,10,"Cluster 1 - Menor porte","Menor porte (<20 mil)"
"4734","David Canabarro","Rio Grande do Sul",4321,4211,"Menor porte",0,0,"Cluster 1",8.51,4,"Cluster 1 - Menor porte","Menor porte (<20 mil)"
"4735","Derrubadas","Rio Grande do Sul",2751,2004,"Menor porte",0,0,"Cluster 1",8.51,2,"Cluster 1 - Menor porte","Menor porte (<20 mil)"
"4736","Dezesseis de Novembro","Rio Grande do Sul",2507,1899,"Menor porte",0,0,"Cluster 3",8.89,2,"Cluster 3 - Menor porte","Menor porte (<20 mil)"
"4737","Dilermando de Aguiar","Rio Grande do Sul",2806,1409,"Menor porte",0,0,"Cluster 3",8.89,1,"Cluster 3 - Menor porte","Menor porte (<20 mil)"
"4738","Dois Irmãos","Rio Grande do Sul",30709,22288,"Médio porte",3,1.35,"Cluster 1",2.7,6,"Cluster 1 - Médio porte","Médio porte (>20 mil e <100 mil)"
"4739","Dois Irmãos das Missões","Rio Grande do Sul",2090,1480,"Menor porte",0,0,"Cluster 1",8.51,1,"Cluster 1 - Menor porte","Menor porte (<20 mil)"
"4740","Dois Lajeados","Rio Grande do Sul",3097,2748,"Menor porte",0,0,"Cluster 1",8.51,2,"Cluster 1 - Menor porte","Menor porte (<20 mil)"
"4741","Dom Feliciano","Rio Grande do Sul",13051,9737,"Menor porte",0,0,"Cluster 3",8.89,9,"Cluster 3 - Menor porte","Menor porte (<20 mil)"
"4742","Dom Pedrito","Rio Grande do Sul",36981,28566,"Médio porte",4,1.4,"Cluster 1",2.7,8,"Cluster 1 - Médio porte","Médio porte (>20 mil e <100 mil)"
"4743","Dom Pedro de Alcântara","Rio Grande do Sul",2562,1704,"Menor porte",1,5.87,"Cluster 3",8.89,2,"Cluster 3 - Menor porte","Menor porte (<20 mil)"
"4744","Dona Francisca","Rio Grande do Sul",3079,2110,"Menor porte",0,0,"Cluster 1",8.51,2,"Cluster 1 - Menor porte","Menor porte (<20 mil)"
"4745","Doutor Maurício Cardoso","Rio Grande do Sul",4470,4013,"Menor porte",0,0,"Cluster 1",8.51,3,"Cluster 1 - Menor porte","Menor porte (<20 mil)"
"4746","Doutor Ricardo","Rio Grande do Sul",1888,1611,"Menor porte",0,0,"Cluster 1",8.51,1,"Cluster 1 - Menor porte","Menor porte (<20 mil)"
"4747","Eldorado do Sul","Rio Grande do Sul",39559,24089,"Médio porte",4,1.66,"Cluster 1",2.7,7,"Cluster 1 - Médio porte","Médio porte (>20 mil e <100 mil)"
"4748","Encantado","Rio Grande do Sul",22962,20022,"Médio porte",3,1.5,"Cluster 1",2.7,5,"Cluster 1 - Médio porte","Médio porte (>20 mil e <100 mil)"
"4749","Encruzilhada do Sul","Rio Grande do Sul",23819,16967,"Médio porte",0,0,"Cluster 3",4.29,7,"Cluster 3 - Médio porte","Médio porte (>20 mil e <100 mil)"
"4750","Engenho Velho","Rio Grande do Sul",1296,844,"Menor porte",0,0,"Cluster 1",8.51,1,"Cluster 1 - Menor porte","Menor porte (<20 mil)"
"4751","Entre Rios do Sul","Rio Grande do Sul",2685,1719,"Menor porte",0,0,"Cluster 1",8.51,1,"Cluster 1 - Menor porte","Menor porte (<20 mil)"
"4752","Entre-Ijuís","Rio Grande do Sul",9164,8321,"Menor porte",14,16.82,"Cluster 1",8.51,7,"Cluster 1 - Menor porte","Menor porte (<20 mil)"
"4753","Erebango","Rio Grande do Sul",3054,2171,"Menor porte",0,0,"Cluster 1",8.51,2,"Cluster 1 - Menor porte","Menor porte (<20 mil)"
"4754","Erechim","Rio Grande do Sul",105705,90907,"Maior porte",6,0.66,"Cluster 2",3.54,32,"Cluster 2 - Maior porte","Maior porte (>100 mil)"
"4755","Ernestina","Rio Grande do Sul",3034,3094,"Menor porte",0,0,"Cluster 1",8.51,3,"Cluster 1 - Menor porte","Menor porte (<20 mil)"
"4756","Erval Grande","Rio Grande do Sul",4930,3306,"Menor porte",0,0,"Cluster 3",8.89,3,"Cluster 3 - Menor porte","Menor porte (<20 mil)"
"4757","Erval Seco","Rio Grande do Sul",6787,4969,"Menor porte",0,0,"Cluster 1",8.51,4,"Cluster 1 - Menor porte","Menor porte (<20 mil)"
"4758","Esmeralda","Rio Grande do Sul",3195,2311,"Menor porte",0,0,"Cluster 1",8.51,2,"Cluster 1 - Menor porte","Menor porte (<20 mil)"
"4759","Esperança do Sul","Rio Grande do Sul",3226,2103,"Menor porte",0,0,"Cluster 3",8.89,2,"Cluster 3 - Menor porte","Menor porte (<20 mil)"
"4760","Espumoso","Rio Grande do Sul",15173,14703,"Menor porte",70,47.61,"Cluster 1",8.51,13,"Cluster 1 - Menor porte","Menor porte (<20 mil)"
"4761","Estação","Rio Grande do Sul",5582,5262,"Menor porte",2,3.8,"Cluster 1",8.51,4,"Cluster 1 - Menor porte","Menor porte (<20 mil)"
"4762","Estância Velha","Rio Grande do Sul",47924,36637,"Médio porte",0,0,"Cluster 1",2.7,10,"Cluster 1 - Médio porte","Médio porte (>20 mil e <100 mil)"
"4763","Esteio","Rio Grande do Sul",76137,50794,"Médio porte",2,0.39,"Cluster 1",2.7,14,"Cluster 1 - Médio porte","Médio porte (>20 mil e <100 mil)"
"4764","Estrela","Rio Grande do Sul",32183,30466,"Médio porte",4,1.31,"Cluster 1",2.7,8,"Cluster 1 - Médio porte","Médio porte (>20 mil e <100 mil)"
"4765","Estrela Velha","Rio Grande do Sul",3070,2629,"Menor porte",0,0,"Cluster 1",8.51,2,"Cluster 1 - Menor porte","Menor porte (<20 mil)"
"4766","Eugênio de Castro","Rio Grande do Sul",2633,2276,"Menor porte",0,0,"Cluster 1",8.51,2,"Cluster 1 - Menor porte","Menor porte (<20 mil)"
"4767","Fagundes Varela","Rio Grande do Sul",2566,2309,"Menor porte",0,0,"Cluster 1",8.51,2,"Cluster 1 - Menor porte","Menor porte (<20 mil)"
"4768","Farroupilha","Rio Grande do Sul",70286,56461,"Médio porte",25,4.43,"Cluster 1",2.7,15,"Cluster 1 - Médio porte","Médio porte (>20 mil e <100 mil)"
"4769","Faxinal do Soturno","Rio Grande do Sul",6702,4983,"Menor porte",0,0,"Cluster 1",8.51,4,"Cluster 1 - Menor porte","Menor porte (<20 mil)"
"4770","Faxinalzinho","Rio Grande do Sul",2520,1397,"Menor porte",0,0,"Cluster 3",8.89,1,"Cluster 3 - Menor porte","Menor porte (<20 mil)"
"4771","Fazenda Vilanova","Rio Grande do Sul",4291,3371,"Menor porte",1,2.97,"Cluster 1",8.51,3,"Cluster 1 - Menor porte","Menor porte (<20 mil)"
"4772","Feliz","Rio Grande do Sul",13764,11867,"Menor porte",4,3.37,"Cluster 1",8.51,10,"Cluster 1 - Menor porte","Menor porte (<20 mil)"
"4773","Flores da Cunha","Rio Grande do Sul",30892,28199,"Médio porte",40,14.18,"Cluster 1",2.7,8,"Cluster 1 - Médio porte","Médio porte (>20 mil e <100 mil)"
"4774","Floriano Peixoto","Rio Grande do Sul",1668,1502,"Menor porte",0,0,"Cluster 1",8.51,1,"Cluster 1 - Menor porte","Menor porte (<20 mil)"
"4775","Fontoura Xavier","Rio Grande do Sul",9550,7038,"Menor porte",1,1.42,"Cluster 3",8.89,6,"Cluster 3 - Menor porte","Menor porte (<20 mil)"
"4776","Formigueiro","Rio Grande do Sul",6413,4418,"Menor porte",0,0,"Cluster 3",8.89,4,"Cluster 3 - Menor porte","Menor porte (<20 mil)"
"4777","Forquetinha","Rio Grande do Sul",2393,1879,"Menor porte",0,0,"Cluster 1",8.51,2,"Cluster 1 - Menor porte","Menor porte (<20 mil)"
"4778","Fortaleza dos Valos","Rio Grande do Sul",4477,3812,"Menor porte",0,0,"Cluster 1",8.51,3,"Cluster 1 - Menor porte","Menor porte (<20 mil)"
"4779","Frederico Westphalen","Rio Grande do Sul",32627,27015,"Médio porte",15,5.55,"Cluster 1",2.7,7,"Cluster 1 - Médio porte","Médio porte (>20 mil e <100 mil)"
"4780","Garibaldi","Rio Grande do Sul",34335,31522,"Médio porte",2,0.63,"Cluster 1",2.7,9,"Cluster 1 - Médio porte","Médio porte (>20 mil e <100 mil)"
"4781","Garruchos","Rio Grande do Sul",2688,1398,"Menor porte",0,0,"Cluster 3",8.89,1,"Cluster 3 - Menor porte","Menor porte (<20 mil)"
"4782","Gaurama","Rio Grande do Sul",5665,5149,"Menor porte",0,0,"Cluster 1",8.51,4,"Cluster 1 - Menor porte","Menor porte (<20 mil)"
"4783","General Câmara","Rio Grande do Sul",7612,4756,"Menor porte",0,0,"Cluster 3",8.89,4,"Cluster 3 - Menor porte","Menor porte (<20 mil)"
"4784","Gentil","Rio Grande do Sul",1744,1407,"Menor porte",0,0,"Cluster 1",8.51,1,"Cluster 1 - Menor porte","Menor porte (<20 mil)"
"4785","Getúlio Vargas","Rio Grande do Sul",16602,14543,"Menor porte",0,0,"Cluster 1",8.51,12,"Cluster 1 - Menor porte","Menor porte (<20 mil)"
"4786","Giruá","Rio Grande do Sul",16013,12842,"Menor porte",0,0,"Cluster 1",8.51,11,"Cluster 1 - Menor porte","Menor porte (<20 mil)"
"4787","Glorinha","Rio Grande do Sul",7658,5995,"Menor porte",4,6.67,"Cluster 1",8.51,5,"Cluster 1 - Menor porte","Menor porte (<20 mil)"
"4788","Gramado","Rio Grande do Sul",40134,33588,"Médio porte",16,4.76,"Cluster 1",2.7,9,"Cluster 1 - Médio porte","Médio porte (>20 mil e <100 mil)"
"4789","Gramado dos Loureiros","Rio Grande do Sul",2014,1262,"Menor porte",0,0,"Cluster 3",8.89,1,"Cluster 3 - Menor porte","Menor porte (<20 mil)"
"4790","Gramado Xavier","Rio Grande do Sul",3305,2474,"Menor porte",0,0,"Cluster 3",8.89,2,"Cluster 3 - Menor porte","Menor porte (<20 mil)"
"4791","Gravataí","Rio Grande do Sul",265074,182050,"Maior porte",34,1.87,"Cluster 1",3.23,59,"Cluster 1 - Maior porte","Maior porte (>100 mil)"
"4792","Guabiju","Rio Grande do Sul",1417,1210,"Menor porte",0,0,"Cluster 1",8.51,1,"Cluster 1 - Menor porte","Menor porte (<20 mil)"
"4793","Guaíba","Rio Grande do Sul",92924,60395,"Médio porte",8,1.32,"Cluster 1",2.7,16,"Cluster 1 - Médio porte","Médio porte (>20 mil e <100 mil)"
"4794","Guaporé","Rio Grande do Sul",25268,20490,"Médio porte",0,0,"Cluster 1",2.7,6,"Cluster 1 - Médio porte","Médio porte (>20 mil e <100 mil)"
"4795","Guarani das Missões","Rio Grande do Sul",7415,6190,"Menor porte",0,0,"Cluster 1",8.51,5,"Cluster 1 - Menor porte","Menor porte (<20 mil)"
"4796","Harmonia","Rio Grande do Sul",5378,4342,"Menor porte",0,0,"Cluster 1",8.51,4,"Cluster 1 - Menor porte","Menor porte (<20 mil)"
"4797","Herval","Rio Grande do Sul",6191,4604,"Menor porte",0,0,"Cluster 3",8.89,4,"Cluster 3 - Menor porte","Menor porte (<20 mil)"
"4798","Herveiras","Rio Grande do Sul",2564,1622,"Menor porte",0,0,"Cluster 3",8.89,1,"Cluster 3 - Menor porte","Menor porte (<20 mil)"
"4799","Horizontina","Rio Grande do Sul",18851,18296,"Menor porte",0,0,"Cluster 1",8.51,16,"Cluster 1 - Menor porte","Menor porte (<20 mil)"
"4800","Hulha Negra","Rio Grande do Sul",5976,3392,"Menor porte",0,0,"Cluster 3",8.89,3,"Cluster 3 - Menor porte","Menor porte (<20 mil)"
"4801","Humaitá","Rio Grande do Sul",4681,4012,"Menor porte",0,0,"Cluster 1",8.51,3,"Cluster 1 - Menor porte","Menor porte (<20 mil)"
"4802","Ibarama","Rio Grande do Sul",3732,2929,"Menor porte",0,0,"Cluster 3",8.89,3,"Cluster 3 - Menor porte","Menor porte (<20 mil)"
"4803","Ibiaçá","Rio Grande do Sul",4527,4027,"Menor porte",0,0,"Cluster 1",8.51,3,"Cluster 1 - Menor porte","Menor porte (<20 mil)"
"4804","Ibiraiaras","Rio Grande do Sul",6776,6579,"Menor porte",0,0,"Cluster 1",8.51,6,"Cluster 1 - Menor porte","Menor porte (<20 mil)"
"4805","Ibirapuitã","Rio Grande do Sul",3723,3184,"Menor porte",0,0,"Cluster 1",8.51,3,"Cluster 1 - Menor porte","Menor porte (<20 mil)"
"4806","Ibirubá","Rio Grande do Sul",21583,19887,"Médio porte",3,1.51,"Cluster 1",2.7,5,"Cluster 1 - Médio porte","Médio porte (>20 mil e <100 mil)"
"4807","Igrejinha","Rio Grande do Sul",33321,27022,"Médio porte",4,1.48,"Cluster 1",2.7,7,"Cluster 1 - Médio porte","Médio porte (>20 mil e <100 mil)"
"4808","Ijuí","Rio Grande do Sul",84780,68750,"Médio porte",18,2.62,"Cluster 1",2.7,19,"Cluster 1 - Médio porte","Médio porte (>20 mil e <100 mil)"
"4809","Ilópolis","Rio Grande do Sul",4157,3643,"Menor porte",0,0,"Cluster 1",8.51,3,"Cluster 1 - Menor porte","Menor porte (<20 mil)"
"4810","Imbé","Rio Grande do Sul",26824,16701,"Médio porte",0,0,"Cluster 1",2.7,5,"Cluster 1 - Médio porte","Médio porte (>20 mil e <100 mil)"
"4811","Imigrante","Rio Grande do Sul",3080,2448,"Menor porte",0,0,"Cluster 1",8.51,2,"Cluster 1 - Menor porte","Menor porte (<20 mil)"
"4812","Independência","Rio Grande do Sul",6427,5629,"Menor porte",0,0,"Cluster 1",8.51,5,"Cluster 1 - Menor porte","Menor porte (<20 mil)"
"4813","Inhacorá","Rio Grande do Sul",2014,1496,"Menor porte",0,0,"Cluster 3",8.89,1,"Cluster 3 - Menor porte","Menor porte (<20 mil)"
"4814","Ipê","Rio Grande do Sul",5399,5088,"Menor porte",0,0,"Cluster 1",8.51,4,"Cluster 1 - Menor porte","Menor porte (<20 mil)"
"4815","Ipiranga do Sul","Rio Grande do Sul",1720,1841,"Menor porte",0,0,"Cluster 1",8.51,2,"Cluster 1 - Menor porte","Menor porte (<20 mil)"
"4816","Iraí","Rio Grande do Sul",7482,5340,"Menor porte",4,7.49,"Cluster 1",8.51,5,"Cluster 1 - Menor porte","Menor porte (<20 mil)"
"4817","Itaara","Rio Grande do Sul",5572,3622,"Menor porte",10,27.61,"Cluster 1",8.51,3,"Cluster 1 - Menor porte","Menor porte (<20 mil)"
"4818","Itacurubi","Rio Grande do Sul",2995,1873,"Menor porte",0,0,"Cluster 3",8.89,2,"Cluster 3 - Menor porte","Menor porte (<20 mil)"
"4819","Itapuca","Rio Grande do Sul",1937,1475,"Menor porte",0,0,"Cluster 3",8.89,1,"Cluster 3 - Menor porte","Menor porte (<20 mil)"
"4820","Itaqui","Rio Grande do Sul",35768,22110,"Médio porte",4,1.81,"Cluster 1",2.7,6,"Cluster 1 - Médio porte","Médio porte (>20 mil e <100 mil)"
"4821","Itati","Rio Grande do Sul",2638,1818,"Menor porte",4,22,"Cluster 1",8.51,2,"Cluster 1 - Menor porte","Menor porte (<20 mil)"
"4822","Itatiba do Sul","Rio Grande do Sul",3208,2170,"Menor porte",0,0,"Cluster 3",8.89,2,"Cluster 3 - Menor porte","Menor porte (<20 mil)"
"4823","Ivorá","Rio Grande do Sul",1929,1334,"Menor porte",0,0,"Cluster 1",8.51,1,"Cluster 1 - Menor porte","Menor porte (<20 mil)"
"4824","Ivoti","Rio Grande do Sul",22983,17852,"Médio porte",2,1.12,"Cluster 1",2.7,5,"Cluster 1 - Médio porte","Médio porte (>20 mil e <100 mil)"
"4825","Jaboticaba","Rio Grande do Sul",3779,2836,"Menor porte",0,0,"Cluster 1",8.51,2,"Cluster 1 - Menor porte","Menor porte (<20 mil)"
"4826","Jacuizinho","Rio Grande do Sul",2040,1604,"Menor porte",0,0,"Cluster 3",8.89,1,"Cluster 3 - Menor porte","Menor porte (<20 mil)"
"4827","Jacutinga","Rio Grande do Sul",3338,3193,"Menor porte",0,0,"Cluster 1",8.51,3,"Cluster 1 - Menor porte","Menor porte (<20 mil)"
"4828","Jaguarão","Rio Grande do Sul",26603,23242,"Médio porte",0,0,"Cluster 1",2.7,6,"Cluster 1 - Médio porte","Médio porte (>20 mil e <100 mil)"
"4829","Jaguari","Rio Grande do Sul",10579,8080,"Menor porte",4,4.95,"Cluster 1",8.51,7,"Cluster 1 - Menor porte","Menor porte (<20 mil)"
"4830","Jaquirana","Rio Grande do Sul",3690,2586,"Menor porte",0,0,"Cluster 3",8.89,2,"Cluster 3 - Menor porte","Menor porte (<20 mil)"
"4831","Jari","Rio Grande do Sul",3349,2350,"Menor porte",0,0,"Cluster 3",8.89,2,"Cluster 3 - Menor porte","Menor porte (<20 mil)"
"4832","Jóia","Rio Grande do Sul",7184,6235,"Menor porte",0,0,"Cluster 1",8.51,5,"Cluster 1 - Menor porte","Menor porte (<20 mil)"
"4833","Júlio de Castilhos","Rio Grande do Sul",18226,14360,"Menor porte",2,1.39,"Cluster 1",8.51,12,"Cluster 1 - Menor porte","Menor porte (<20 mil)"
"4834","Lagoa Bonita do Sul","Rio Grande do Sul",2251,1761,"Menor porte",0,0,"Cluster 3",8.89,2,"Cluster 3 - Menor porte","Menor porte (<20 mil)"
"4835","Lagoa dos Três Cantos","Rio Grande do Sul",1738,1579,"Menor porte",0,0,"Cluster 1",8.51,1,"Cluster 1 - Menor porte","Menor porte (<20 mil)"
"4836","Lagoa Vermelha","Rio Grande do Sul",27659,21667,"Médio porte",9,4.15,"Cluster 1",2.7,6,"Cluster 1 - Médio porte","Médio porte (>20 mil e <100 mil)"
"4837","Lagoão","Rio Grande do Sul",5341,3438,"Menor porte",0,0,"Cluster 3",8.89,3,"Cluster 3 - Menor porte","Menor porte (<20 mil)"
"4838","Lajeado","Rio Grande do Sul",92951,80320,"Médio porte",0,0,"Cluster 1",2.7,22,"Cluster 1 - Médio porte","Médio porte (>20 mil e <100 mil)"
"4839","Lajeado do Bugre","Rio Grande do Sul",2601,1424,"Menor porte",0,0,"Cluster 3",8.89,1,"Cluster 3 - Menor porte","Menor porte (<20 mil)"
"4840","Lavras do Sul","Rio Grande do Sul",7157,4342,"Menor porte",0,0,"Cluster 3",8.89,4,"Cluster 3 - Menor porte","Menor porte (<20 mil)"
"4841","Liberato Salzano","Rio Grande do Sul",4781,3495,"Menor porte",0,0,"Cluster 3",8.89,3,"Cluster 3 - Menor porte","Menor porte (<20 mil)"
"4842","Lindolfo Collor","Rio Grande do Sul",6248,4171,"Menor porte",0,0,"Cluster 1",8.51,4,"Cluster 1 - Menor porte","Menor porte (<20 mil)"
"4843","Linha Nova","Rio Grande do Sul",1683,1317,"Menor porte",0,0,"Cluster 1",8.51,1,"Cluster 1 - Menor porte","Menor porte (<20 mil)"
"4844","Maçambará","Rio Grande do Sul",4425,1503,"Menor porte",0,0,"Cluster 3",8.89,1,"Cluster 3 - Menor porte","Menor porte (<20 mil)"
"4845","Machadinho","Rio Grande do Sul",5735,4080,"Menor porte",0,0,"Cluster 1",8.51,3,"Cluster 1 - Menor porte","Menor porte (<20 mil)"
"4846","Mampituba","Rio Grande do Sul",3131,826,"Menor porte",0,0,"Cluster 2",16.92,1,"Cluster 2 - Menor porte","Menor porte (<20 mil)"
"4847","Manoel Viana","Rio Grande do Sul",6801,4718,"Menor porte",0,0,"Cluster 3",8.89,4,"Cluster 3 - Menor porte","Menor porte (<20 mil)"
"4848","Maquiné","Rio Grande do Sul",7418,5229,"Menor porte",1,1.91,"Cluster 1",8.51,4,"Cluster 1 - Menor porte","Menor porte (<20 mil)"
"4849","Maratá","Rio Grande do Sul",2470,2224,"Menor porte",0,0,"Cluster 1",8.51,2,"Cluster 1 - Menor porte","Menor porte (<20 mil)"
"4850","Marau","Rio Grande do Sul",45124,36488,"Médio porte",0,0,"Cluster 1",2.7,10,"Cluster 1 - Médio porte","Médio porte (>20 mil e <100 mil)"
"4851","Marcelino Ramos","Rio Grande do Sul",4320,3203,"Menor porte",0,0,"Cluster 1",8.51,3,"Cluster 1 - Menor porte","Menor porte (<20 mil)"
"4852","Mariana Pimentel","Rio Grande do Sul",3916,3053,"Menor porte",0,0,"Cluster 1",8.51,3,"Cluster 1 - Menor porte","Menor porte (<20 mil)"
"4853","Mariano Moro","Rio Grande do Sul",1858,1655,"Menor porte",0,0,"Cluster 1",8.51,1,"Cluster 1 - Menor porte","Menor porte (<20 mil)"
"4854","Marques de Souza","Rio Grande do Sul",3969,3102,"Menor porte",0,0,"Cluster 1",8.51,3,"Cluster 1 - Menor porte","Menor porte (<20 mil)"
"4855","Mata","Rio Grande do Sul",4698,3208,"Menor porte",0,0,"Cluster 3",8.89,3,"Cluster 3 - Menor porte","Menor porte (<20 mil)"
"4856","Mato Castelhano","Rio Grande do Sul",2553,2117,"Menor porte",1,4.72,"Cluster 1",8.51,2,"Cluster 1 - Menor porte","Menor porte (<20 mil)"
"4857","Mato Leitão","Rio Grande do Sul",4859,4120,"Menor porte",0,0,"Cluster 1",8.51,4,"Cluster 1 - Menor porte","Menor porte (<20 mil)"
"4858","Mato Queimado","Rio Grande do Sul",1795,1635,"Menor porte",0,0,"Cluster 1",8.51,1,"Cluster 1 - Menor porte","Menor porte (<20 mil)"
"4859","Maximiliano de Almeida","Rio Grande do Sul",4189,4250,"Menor porte",0,0,"Cluster 1",8.51,4,"Cluster 1 - Menor porte","Menor porte (<20 mil)"
"4860","Minas do Leão","Rio Grande do Sul",7505,4671,"Menor porte",4,8.56,"Cluster 3",8.89,4,"Cluster 3 - Menor porte","Menor porte (<20 mil)"
"4861","Miraguaí","Rio Grande do Sul",4427,3912,"Menor porte",0,0,"Cluster 1",8.51,3,"Cluster 1 - Menor porte","Menor porte (<20 mil)"
"4862","Montauri","Rio Grande do Sul",1499,1442,"Menor porte",0,0,"Cluster 1",8.51,1,"Cluster 1 - Menor porte","Menor porte (<20 mil)"
"4863","Monte Alegre dos Campos","Rio Grande do Sul",3180,1721,"Menor porte",0,0,"Cluster 3",8.89,2,"Cluster 3 - Menor porte","Menor porte (<20 mil)"
"4864","Monte Belo do Sul","Rio Grande do Sul",2557,2288,"Menor porte",0,0,"Cluster 1",8.51,2,"Cluster 1 - Menor porte","Menor porte (<20 mil)"
"4865","Montenegro","Rio Grande do Sul",64322,51944,"Médio porte",15,2.89,"Cluster 1",2.7,14,"Cluster 1 - Médio porte","Médio porte (>20 mil e <100 mil)"
"4866","Mormaço","Rio Grande do Sul",2756,1938,"Menor porte",0,0,"Cluster 1",8.51,2,"Cluster 1 - Menor porte","Menor porte (<20 mil)"
"4867","Morrinhos do Sul","Rio Grande do Sul",3071,2330,"Menor porte",0,0,"Cluster 1",8.51,2,"Cluster 1 - Menor porte","Menor porte (<20 mil)"
"4868","Morro Redondo","Rio Grande do Sul",6046,6183,"Menor porte",0,0,"Cluster 1",8.51,5,"Cluster 1 - Menor porte","Menor porte (<20 mil)"
"4869","Morro Reuter","Rio Grande do Sul",6029,4891,"Menor porte",7,14.31,"Cluster 1",8.51,4,"Cluster 1 - Menor porte","Menor porte (<20 mil)"
"4870","Mostardas","Rio Grande do Sul",12090,8015,"Menor porte",0,0,"Cluster 3",8.89,7,"Cluster 3 - Menor porte","Menor porte (<20 mil)"
"4871","Muçum","Rio Grande do Sul",4601,3811,"Menor porte",0,0,"Cluster 1",8.51,3,"Cluster 1 - Menor porte","Menor porte (<20 mil)"
"4872","Muitos Capões","Rio Grande do Sul",2879,1846,"Menor porte",0,0,"Cluster 1",8.51,2,"Cluster 1 - Menor porte","Menor porte (<20 mil)"
"4873","Muliterno","Rio Grande do Sul",1721,1448,"Menor porte",0,0,"Cluster 1",8.51,1,"Cluster 1 - Menor porte","Menor porte (<20 mil)"
"4874","Não-Me-Toque","Rio Grande do Sul",17898,15944,"Menor porte",0,0,"Cluster 1",8.51,14,"Cluster 1 - Menor porte","Menor porte (<20 mil)"
"4875","Nicolau Vergueiro","Rio Grande do Sul",1932,1602,"Menor porte",0,0,"Cluster 1",8.51,1,"Cluster 1 - Menor porte","Menor porte (<20 mil)"
"4876","Nonoai","Rio Grande do Sul",13719,7939,"Menor porte",0,0,"Cluster 1",8.51,7,"Cluster 1 - Menor porte","Menor porte (<20 mil)"
"4877","Nova Alvorada","Rio Grande do Sul",3163,2895,"Menor porte",0,0,"Cluster 1",8.51,2,"Cluster 1 - Menor porte","Menor porte (<20 mil)"
"4878","Nova Araçá","Rio Grande do Sul",4954,3712,"Menor porte",7,18.86,"Cluster 1",8.51,3,"Cluster 1 - Menor porte","Menor porte (<20 mil)"
"4879","Nova Bassano","Rio Grande do Sul",9649,8766,"Menor porte",3,3.42,"Cluster 1",8.51,7,"Cluster 1 - Menor porte","Menor porte (<20 mil)"
"4880","Nova Boa Vista","Rio Grande do Sul",2042,1953,"Menor porte",0,0,"Cluster 1",8.51,2,"Cluster 1 - Menor porte","Menor porte (<20 mil)"
"4881","Nova Bréscia","Rio Grande do Sul",3044,2724,"Menor porte",0,0,"Cluster 1",8.51,2,"Cluster 1 - Menor porte","Menor porte (<20 mil)"
"4882","Nova Candelária","Rio Grande do Sul",3061,2928,"Menor porte",0,0,"Cluster 1",8.51,2,"Cluster 1 - Menor porte","Menor porte (<20 mil)"
"4883","Nova Esperança do Sul","Rio Grande do Sul",4865,3459,"Menor porte",0,0,"Cluster 1",8.51,3,"Cluster 1 - Menor porte","Menor porte (<20 mil)"
"4884","Nova Hartz","Rio Grande do Sul",20088,13549,"Médio porte",1,0.74,"Cluster 1",2.7,4,"Cluster 1 - Médio porte","Médio porte (>20 mil e <100 mil)"
"4885","Nova Pádua","Rio Grande do Sul",2343,2117,"Menor porte",0,0,"Cluster 1",8.51,2,"Cluster 1 - Menor porte","Menor porte (<20 mil)"
"4886","Nova Palma","Rio Grande do Sul",5586,4991,"Menor porte",0,0,"Cluster 1",8.51,4,"Cluster 1 - Menor porte","Menor porte (<20 mil)"
"4887","Nova Petrópolis","Rio Grande do Sul",23300,18735,"Médio porte",13,6.94,"Cluster 1",2.7,5,"Cluster 1 - Médio porte","Médio porte (>20 mil e <100 mil)"
"4888","Nova Prata","Rio Grande do Sul",25692,22274,"Médio porte",0,0,"Cluster 1",2.7,6,"Cluster 1 - Médio porte","Médio porte (>20 mil e <100 mil)"
"4889","Nova Ramada","Rio Grande do Sul",2163,2037,"Menor porte",0,0,"Cluster 1",8.51,2,"Cluster 1 - Menor porte","Menor porte (<20 mil)"
"4890","Nova Roma do Sul","Rio Grande do Sul",3466,2645,"Menor porte",0,0,"Cluster 1",8.51,2,"Cluster 1 - Menor porte","Menor porte (<20 mil)"
"4891","Nova Santa Rita","Rio Grande do Sul",29024,21824,"Médio porte",1,0.46,"Cluster 1",2.7,6,"Cluster 1 - Médio porte","Médio porte (>20 mil e <100 mil)"
"4892","Novo Barreiro","Rio Grande do Sul",4272,3233,"Menor porte",0,0,"Cluster 1",8.51,3,"Cluster 1 - Menor porte","Menor porte (<20 mil)"
"4893","Novo Cabrais","Rio Grande do Sul",3568,2665,"Menor porte",7,26.27,"Cluster 3",8.89,2,"Cluster 3 - Menor porte","Menor porte (<20 mil)"
"4894","Novo Hamburgo","Rio Grande do Sul",227646,184011,"Maior porte",17,0.92,"Cluster 2",3.54,65,"Cluster 2 - Maior porte","Maior porte (>100 mil)"
"4895","Novo Machado","Rio Grande do Sul",3198,2878,"Menor porte",0,0,"Cluster 1",8.51,2,"Cluster 1 - Menor porte","Menor porte (<20 mil)"
"4896","Novo Tiradentes","Rio Grande do Sul",2146,1372,"Menor porte",0,0,"Cluster 3",8.89,1,"Cluster 3 - Menor porte","Menor porte (<20 mil)"
"4897","Novo Xingu","Rio Grande do Sul",1646,1108,"Menor porte",0,0,"Cluster 1",8.51,1,"Cluster 1 - Menor porte","Menor porte (<20 mil)"
"4898","Osório","Rio Grande do Sul",47396,37458,"Médio porte",14,3.74,"Cluster 1",2.7,10,"Cluster 1 - Médio porte","Médio porte (>20 mil e <100 mil)"
"4899","Paim Filho","Rio Grande do Sul",3631,2936,"Menor porte",0,0,"Cluster 1",8.51,2,"Cluster 1 - Menor porte","Menor porte (<20 mil)"
"4900","Palmares do Sul","Rio Grande do Sul",12844,7826,"Menor porte",0,0,"Cluster 1",8.51,7,"Cluster 1 - Menor porte","Menor porte (<20 mil)"
"4901","Palmeira das Missões","Rio Grande do Sul",33216,28297,"Médio porte",0,0,"Cluster 1",2.7,8,"Cluster 1 - Médio porte","Médio porte (>20 mil e <100 mil)"
"4902","Palmitinho","Rio Grande do Sul",7839,6743,"Menor porte",0,0,"Cluster 1",8.51,6,"Cluster 1 - Menor porte","Menor porte (<20 mil)"
"4903","Panambi","Rio Grande do Sul",43515,37035,"Médio porte",23,6.21,"Cluster 1",2.7,10,"Cluster 1 - Médio porte","Médio porte (>20 mil e <100 mil)"
"4904","Pantano Grande","Rio Grande do Sul",10212,6623,"Menor porte",0,0,"Cluster 1",8.51,6,"Cluster 1 - Menor porte","Menor porte (<20 mil)"
"4905","Paraí","Rio Grande do Sul",7194,7155,"Menor porte",3,4.19,"Cluster 1",8.51,6,"Cluster 1 - Menor porte","Menor porte (<20 mil)"
"4906","Paraíso do Sul","Rio Grande do Sul",6519,4534,"Menor porte",2,4.41,"Cluster 3",8.89,4,"Cluster 3 - Menor porte","Menor porte (<20 mil)"
"4907","Pareci Novo","Rio Grande do Sul",4319,4170,"Menor porte",0,0,"Cluster 1",8.51,4,"Cluster 1 - Menor porte","Menor porte (<20 mil)"
"4908","Parobé","Rio Grande do Sul",52052,38390,"Médio porte",2,0.52,"Cluster 1",2.7,10,"Cluster 1 - Médio porte","Médio porte (>20 mil e <100 mil)"
"4909","Passa Sete","Rio Grande do Sul",3983,3122,"Menor porte",0,0,"Cluster 3",8.89,3,"Cluster 3 - Menor porte","Menor porte (<20 mil)"
"4910","Passo do Sobrado","Rio Grande do Sul",6025,4840,"Menor porte",0,0,"Cluster 1",8.51,4,"Cluster 1 - Menor porte","Menor porte (<20 mil)"
"4911","Passo Fundo","Rio Grande do Sul",206215,154120,"Maior porte",119,7.72,"Cluster 2",3.54,55,"Cluster 2 - Maior porte","Maior porte (>100 mil)"
"4912","Paulo Bento","Rio Grande do Sul",2144,1685,"Menor porte",0,0,"Cluster 1",8.51,1,"Cluster 1 - Menor porte","Menor porte (<20 mil)"
"4913","Paverama","Rio Grande do Sul",7978,6447,"Menor porte",0,0,"Cluster 3",8.89,6,"Cluster 3 - Menor porte","Menor porte (<20 mil)"
"4914","Pedras Altas","Rio Grande do Sul",2061,1381,"Menor porte",0,0,"Cluster 1",8.51,1,"Cluster 1 - Menor porte","Menor porte (<20 mil)"
"4915","Pedro Osório","Rio Grande do Sul",7484,5325,"Menor porte",0,0,"Cluster 3",8.89,5,"Cluster 3 - Menor porte","Menor porte (<20 mil)"
"4916","Pejuçara","Rio Grande do Sul",3745,3308,"Menor porte",4,12.09,"Cluster 1",8.51,3,"Cluster 1 - Menor porte","Menor porte (<20 mil)"
"4917","Pelotas","Rio Grande do Sul",325685,239281,"Maior porte",12,0.5,"Cluster 1",3.23,77,"Cluster 1 - Maior porte","Maior porte (>100 mil)"
"4918","Picada Café","Rio Grande do Sul",5351,4239,"Menor porte",4,9.44,"Cluster 1",8.51,4,"Cluster 1 - Menor porte","Menor porte (<20 mil)"
"4919","Pinhal","Rio Grande do Sul",2959,2129,"Menor porte",0,0,"Cluster 1",8.51,2,"Cluster 1 - Menor porte","Menor porte (<20 mil)"
"4920","Pinhal da Serra","Rio Grande do Sul",2248,1400,"Menor porte",0,0,"Cluster 1",8.51,1,"Cluster 1 - Menor porte","Menor porte (<20 mil)"
"4921","Pinhal Grande","Rio Grande do Sul",3805,2749,"Menor porte",0,0,"Cluster 1",8.51,2,"Cluster 1 - Menor porte","Menor porte (<20 mil)"
"4922","Pinheirinho do Vale","Rio Grande do Sul",4540,2919,"Menor porte",0,0,"Cluster 3",8.89,3,"Cluster 3 - Menor porte","Menor porte (<20 mil)"
"4923","Pinheiro Machado","Rio Grande do Sul",11214,8334,"Menor porte",0,0,"Cluster 3",8.89,7,"Cluster 3 - Menor porte","Menor porte (<20 mil)"
"4924","Pinto Bandeira","Rio Grande do Sul",2723,1711,"Menor porte",0,0,"Cluster 2",16.92,3,"Cluster 2 - Menor porte","Menor porte (<20 mil)"
"4925","Pirapó","Rio Grande do Sul",2260,1638,"Menor porte",0,0,"Cluster 1",8.51,1,"Cluster 1 - Menor porte","Menor porte (<20 mil)"
"4926","Piratini","Rio Grande do Sul",17504,12186,"Médio porte",0,0,"Cluster 3",4.29,5,"Cluster 3 - Médio porte","Médio porte (>20 mil e <100 mil)"
"4927","Planalto","Rio Grande do Sul",10406,7112,"Menor porte",0,0,"Cluster 3",8.89,6,"Cluster 3 - Menor porte","Menor porte (<20 mil)"
"4928","Poço das Antas","Rio Grande do Sul",2171,1898,"Menor porte",0,0,"Cluster 1",8.51,2,"Cluster 1 - Menor porte","Menor porte (<20 mil)"
"4929","Pontão","Rio Grande do Sul",3296,2766,"Menor porte",0,0,"Cluster 1",8.51,2,"Cluster 1 - Menor porte","Menor porte (<20 mil)"
"4930","Ponte Preta","Rio Grande do Sul",1575,1482,"Menor porte",0,0,"Cluster 1",8.51,1,"Cluster 1 - Menor porte","Menor porte (<20 mil)"
"4931","Portão","Rio Grande do Sul",34071,30879,"Médio porte",19,6.15,"Cluster 1",2.7,8,"Cluster 1 - Médio porte","Médio porte (>20 mil e <100 mil)"
"4932","Porto Alegre","Rio Grande do Sul",1332833,912157,"Maior porte",227,2.49,"Cluster 2",3.54,323,"Cluster 2 - Maior porte","Maior porte (>100 mil)"
"4933","Porto Lucena","Rio Grande do Sul",4360,3377,"Menor porte",0,0,"Cluster 1",8.51,3,"Cluster 1 - Menor porte","Menor porte (<20 mil)"
"4934","Porto Mauá","Rio Grande do Sul",2142,1702,"Menor porte",0,0,"Cluster 1",8.51,1,"Cluster 1 - Menor porte","Menor porte (<20 mil)"
"4935","Porto Vera Cruz","Rio Grande do Sul",1560,1091,"Menor porte",0,0,"Cluster 1",8.51,1,"Cluster 1 - Menor porte","Menor porte (<20 mil)"
"4936","Porto Xavier","Rio Grande do Sul",9938,8428,"Menor porte",0,0,"Cluster 1",8.51,7,"Cluster 1 - Menor porte","Menor porte (<20 mil)"
"4937","Pouso Novo","Rio Grande do Sul",1739,1286,"Menor porte",1,7.78,"Cluster 1",8.51,1,"Cluster 1 - Menor porte","Menor porte (<20 mil)"
"4938","Presidente Lucena","Rio Grande do Sul",3077,2573,"Menor porte",0,0,"Cluster 1",8.51,2,"Cluster 1 - Menor porte","Menor porte (<20 mil)"
"4939","Progresso","Rio Grande do Sul",5340,4137,"Menor porte",0,0,"Cluster 3",8.89,4,"Cluster 3 - Menor porte","Menor porte (<20 mil)"
"4940","Protásio Alves","Rio Grande do Sul",2025,1593,"Menor porte",0,0,"Cluster 1",8.51,1,"Cluster 1 - Menor porte","Menor porte (<20 mil)"
"4941","Putinga","Rio Grande do Sul",3747,3244,"Menor porte",0,0,"Cluster 1",8.51,3,"Cluster 1 - Menor porte","Menor porte (<20 mil)"
"4942","Quaraí","Rio Grande do Sul",23500,25283,"Médio porte",2,0.79,"Cluster 1",2.7,7,"Cluster 1 - Médio porte","Médio porte (>20 mil e <100 mil)"
"4943","Quatro Irmãos","Rio Grande do Sul",1552,1087,"Menor porte",0,0,"Cluster 1",8.51,1,"Cluster 1 - Menor porte","Menor porte (<20 mil)"
"4944","Quevedos","Rio Grande do Sul",2507,1873,"Menor porte",0,0,"Cluster 1",8.51,2,"Cluster 1 - Menor porte","Menor porte (<20 mil)"
"4945","Quinze de Novembro","Rio Grande do Sul",3910,3435,"Menor porte",0,0,"Cluster 1",8.51,3,"Cluster 1 - Menor porte","Menor porte (<20 mil)"
"4946","Redentora","Rio Grande do Sul",9738,3787,"Menor porte",0,0,"Cluster 2",16.92,6,"Cluster 2 - Menor porte","Menor porte (<20 mil)"
"4947","Relvado","Rio Grande do Sul",1796,1630,"Menor porte",0,0,"Cluster 1",8.51,1,"Cluster 1 - Menor porte","Menor porte (<20 mil)"
"4948","Restinga Sêca","Rio Grande do Sul",14939,10271,"Menor porte",0,0,"Cluster 3",8.89,9,"Cluster 3 - Menor porte","Menor porte (<20 mil)"
"4949","Rio dos Índios","Rio Grande do Sul",2835,1737,"Menor porte",0,0,"Cluster 3",8.89,2,"Cluster 3 - Menor porte","Menor porte (<20 mil)"
"4950","Rio Grande","Rio Grande do Sul",191900,138114,"Maior porte",18,1.3,"Cluster 2",3.54,49,"Cluster 2 - Maior porte","Maior porte (>100 mil)"
"4951","Rio Pardo","Rio Grande do Sul",34654,21807,"Médio porte",9,4.13,"Cluster 3",4.29,9,"Cluster 3 - Médio porte","Médio porte (>20 mil e <100 mil)"
"4952","Riozinho","Rio Grande do Sul",4473,2871,"Menor porte",0,0,"Cluster 3",8.89,3,"Cluster 3 - Menor porte","Menor porte (<20 mil)"
"4953","Roca Sales","Rio Grande do Sul",10418,7412,"Menor porte",0,0,"Cluster 1",8.51,6,"Cluster 1 - Menor porte","Menor porte (<20 mil)"
"4954","Rodeio Bonito","Rio Grande do Sul",6654,6173,"Menor porte",0,0,"Cluster 1",8.51,5,"Cluster 1 - Menor porte","Menor porte (<20 mil)"
"4955","Rolador","Rio Grande do Sul",2291,1701,"Menor porte",0,0,"Cluster 1",8.51,1,"Cluster 1 - Menor porte","Menor porte (<20 mil)"
"4956","Rolante","Rio Grande do Sul",21253,15744,"Médio porte",0,0,"Cluster 1",2.7,4,"Cluster 1 - Médio porte","Médio porte (>20 mil e <100 mil)"
"4957","Ronda Alta","Rio Grande do Sul",9777,7101,"Menor porte",0,0,"Cluster 1",8.51,6,"Cluster 1 - Menor porte","Menor porte (<20 mil)"
"4958","Rondinha","Rio Grande do Sul",4991,3733,"Menor porte",5,13.39,"Cluster 1",8.51,3,"Cluster 1 - Menor porte","Menor porte (<20 mil)"
"4959","Roque Gonzales","Rio Grande do Sul",6576,4908,"Menor porte",0,0,"Cluster 1",8.51,4,"Cluster 1 - Menor porte","Menor porte (<20 mil)"
"4960","Rosário do Sul","Rio Grande do Sul",36630,24069,"Médio porte",6,2.49,"Cluster 1",2.7,7,"Cluster 1 - Médio porte","Médio porte (>20 mil e <100 mil)"
"4961","Sagrada Família","Rio Grande do Sul",2480,1626,"Menor porte",0,0,"Cluster 3",8.89,1,"Cluster 3 - Menor porte","Menor porte (<20 mil)"
"4962","Saldanha Marinho","Rio Grande do Sul",2575,2324,"Menor porte",0,0,"Cluster 1",8.51,2,"Cluster 1 - Menor porte","Menor porte (<20 mil)"
"4963","Salto do Jacuí","Rio Grande do Sul",10203,7392,"Menor porte",0,0,"Cluster 1",8.51,6,"Cluster 1 - Menor porte","Menor porte (<20 mil)"
"4964","Salvador das Missões","Rio Grande do Sul",2877,2781,"Menor porte",0,0,"Cluster 1",8.51,2,"Cluster 1 - Menor porte","Menor porte (<20 mil)"
"4965","Salvador do Sul","Rio Grande do Sul",6879,6060,"Menor porte",0,0,"Cluster 1",8.51,5,"Cluster 1 - Menor porte","Menor porte (<20 mil)"
"4966","Sananduva","Rio Grande do Sul",16399,15364,"Menor porte",1,0.65,"Cluster 1",8.51,13,"Cluster 1 - Menor porte","Menor porte (<20 mil)"
"4967","Santa Bárbara do Sul","Rio Grande do Sul",8122,7350,"Menor porte",0,0,"Cluster 1",8.51,6,"Cluster 1 - Menor porte","Menor porte (<20 mil)"
"4968","Santa Cecília do Sul","Rio Grande do Sul",1674,1281,"Menor porte",0,0,"Cluster 1",8.51,1,"Cluster 1 - Menor porte","Menor porte (<20 mil)"
"4969","Santa Clara do Sul","Rio Grande do Sul",6887,5397,"Menor porte",0,0,"Cluster 1",8.51,5,"Cluster 1 - Menor porte","Menor porte (<20 mil)"
"4970","Santa Cruz do Sul","Rio Grande do Sul",133246,106338,"Maior porte",5,0.47,"Cluster 2",3.54,38,"Cluster 2 - Maior porte","Maior porte (>100 mil)"
"4971","Santa Margarida do Sul","Rio Grande do Sul",2596,1314,"Menor porte",4,30.44,"Cluster 3",8.89,1,"Cluster 3 - Menor porte","Menor porte (<20 mil)"
"4972","Santa Maria","Rio Grande do Sul",271735,182124,"Maior porte",115,6.31,"Cluster 1",3.23,59,"Cluster 1 - Maior porte","Maior porte (>100 mil)"
"4973","Santa Maria do Herval","Rio Grande do Sul",6340,5127,"Menor porte",0,0,"Cluster 1",8.51,4,"Cluster 1 - Menor porte","Menor porte (<20 mil)"
"4974","Santa Rosa","Rio Grande do Sul",76963,65531,"Médio porte",4,0.61,"Cluster 1",2.7,18,"Cluster 1 - Médio porte","Médio porte (>20 mil e <100 mil)"
"4975","Santa Tereza","Rio Grande do Sul",1505,1086,"Menor porte",0,0,"Cluster 1",8.51,1,"Cluster 1 - Menor porte","Menor porte (<20 mil)"
"4976","Santa Vitória do Palmar","Rio Grande do Sul",30983,26825,"Médio porte",0,0,"Cluster 1",2.7,7,"Cluster 1 - Médio porte","Médio porte (>20 mil e <100 mil)"
"4977","Santana da Boa Vista","Rio Grande do Sul",7024,5780,"Menor porte",1,1.73,"Cluster 3",8.89,5,"Cluster 3 - Menor porte","Menor porte (<20 mil)"
"4978","Sant'Ana do Livramento","Rio Grande do Sul",84421,79127,"Médio porte",20,2.53,"Cluster 1",2.7,21,"Cluster 1 - Médio porte","Médio porte (>20 mil e <100 mil)"
"4979","Santiago","Rio Grande do Sul",48938,36695,"Médio porte",8,2.18,"Cluster 1",2.7,10,"Cluster 1 - Médio porte","Médio porte (>20 mil e <100 mil)"
"4980","Santo Ângelo","Rio Grande do Sul",76917,58497,"Médio porte",0,0,"Cluster 1",2.7,16,"Cluster 1 - Médio porte","Médio porte (>20 mil e <100 mil)"
"4981","Santo Antônio da Patrulha","Rio Grande do Sul",42947,32622,"Médio porte",2,0.61,"Cluster 1",2.7,9,"Cluster 1 - Médio porte","Médio porte (>20 mil e <100 mil)"
"4982","Santo Antônio das Missões","Rio Grande do Sul",10300,7191,"Menor porte",0,0,"Cluster 1",8.51,6,"Cluster 1 - Menor porte","Menor porte (<20 mil)"
"4983","Santo Antônio do Palma","Rio Grande do Sul",2091,1618,"Menor porte",0,0,"Cluster 1",8.51,1,"Cluster 1 - Menor porte","Menor porte (<20 mil)"
"4984","Santo Antônio do Planalto","Rio Grande do Sul",2089,1966,"Menor porte",0,0,"Cluster 1",8.51,2,"Cluster 1 - Menor porte","Menor porte (<20 mil)"
"4985","Santo Augusto","Rio Grande do Sul",13902,11400,"Menor porte",0,0,"Cluster 1",8.51,10,"Cluster 1 - Menor porte","Menor porte (<20 mil)"
"4986","Santo Cristo","Rio Grande do Sul",15320,14016,"Menor porte",0,0,"Cluster 1",8.51,12,"Cluster 1 - Menor porte","Menor porte (<20 mil)"
"4987","Santo Expedito do Sul","Rio Grande do Sul",2349,2123,"Menor porte",0,0,"Cluster 1",8.51,2,"Cluster 1 - Menor porte","Menor porte (<20 mil)"
"4988","São Borja","Rio Grande do Sul",59676,42073,"Médio porte",6,1.43,"Cluster 1",2.7,11,"Cluster 1 - Médio porte","Médio porte (>20 mil e <100 mil)"
"4989","São Domingos do Sul","Rio Grande do Sul",2754,2584,"Menor porte",0,0,"Cluster 1",8.51,2,"Cluster 1 - Menor porte","Menor porte (<20 mil)"
"4990","São Francisco de Assis","Rio Grande do Sul",17618,11724,"Menor porte",0,0,"Cluster 3",8.89,10,"Cluster 3 - Menor porte","Menor porte (<20 mil)"
"4991","São Francisco de Paula","Rio Grande do Sul",21893,15050,"Médio porte",5,3.32,"Cluster 1",2.7,4,"Cluster 1 - Médio porte","Médio porte (>20 mil e <100 mil)"
"4992","São Gabriel","Rio Grande do Sul",58487,36426,"Médio porte",4,1.1,"Cluster 1",2.7,10,"Cluster 1 - Médio porte","Médio porte (>20 mil e <100 mil)"
"4993","São Jerônimo","Rio Grande do Sul",21028,12314,"Médio porte",4,3.25,"Cluster 3",4.29,5,"Cluster 3 - Médio porte","Médio porte (>20 mil e <100 mil)"
"4994","São João da Urtiga","Rio Grande do Sul",4461,3866,"Menor porte",0,0,"Cluster 1",8.51,3,"Cluster 1 - Menor porte","Menor porte (<20 mil)"
"4995","São João do Polêsine","Rio Grande do Sul",2649,2044,"Menor porte",0,0,"Cluster 1",8.51,2,"Cluster 1 - Menor porte","Menor porte (<20 mil)"
"4996","São Jorge","Rio Grande do Sul",2912,2352,"Menor porte",0,0,"Cluster 1",8.51,2,"Cluster 1 - Menor porte","Menor porte (<20 mil)"
"4997","São José das Missões","Rio Grande do Sul",2362,1575,"Menor porte",0,0,"Cluster 3",8.89,1,"Cluster 3 - Menor porte","Menor porte (<20 mil)"
"4998","São José do Herval","Rio Grande do Sul",1902,1459,"Menor porte",0,0,"Cluster 1",8.51,1,"Cluster 1 - Menor porte","Menor porte (<20 mil)"
"4999","São José do Hortêncio","Rio Grande do Sul",4447,3768,"Menor porte",0,0,"Cluster 1",8.51,3,"Cluster 1 - Menor porte","Menor porte (<20 mil)"
"5000","São José do Inhacorá","Rio Grande do Sul",2406,1997,"Menor porte",0,0,"Cluster 1",8.51,2,"Cluster 1 - Menor porte","Menor porte (<20 mil)"
"5001","São José do Norte","Rio Grande do Sul",25443,14559,"Médio porte",0,0,"Cluster 3",4.29,6,"Cluster 3 - Médio porte","Médio porte (>20 mil e <100 mil)"
"5002","São José do Ouro","Rio Grande do Sul",6834,6788,"Menor porte",0,0,"Cluster 1",8.51,6,"Cluster 1 - Menor porte","Menor porte (<20 mil)"
"5003","São José do Sul","Rio Grande do Sul",2380,2013,"Menor porte",0,0,"Cluster 1",8.51,2,"Cluster 1 - Menor porte","Menor porte (<20 mil)"
"5004","São José dos Ausentes","Rio Grande do Sul",4172,1890,"Menor porte",0,0,"Cluster 3",8.89,2,"Cluster 3 - Menor porte","Menor porte (<20 mil)"
"5005","São Leopoldo","Rio Grande do Sul",217409,147522,"Maior porte",51,3.46,"Cluster 1",3.23,48,"Cluster 1 - Maior porte","Maior porte (>100 mil)"
"5006","São Lourenço do Sul","Rio Grande do Sul",41989,31761,"Médio porte",0,0,"Cluster 1",2.7,9,"Cluster 1 - Médio porte","Médio porte (>20 mil e <100 mil)"
"5007","São Luiz Gonzaga","Rio Grande do Sul",34752,27107,"Médio porte",4,1.48,"Cluster 1",2.7,7,"Cluster 1 - Médio porte","Médio porte (>20 mil e <100 mil)"
"5008","São Marcos","Rio Grande do Sul",21084,20597,"Médio porte",9,4.37,"Cluster 1",2.7,6,"Cluster 1 - Médio porte","Médio porte (>20 mil e <100 mil)"
"5009","São Martinho","Rio Grande do Sul",5481,5177,"Menor porte",4,7.73,"Cluster 1",8.51,4,"Cluster 1 - Menor porte","Menor porte (<20 mil)"
"5010","São Martinho da Serra","Rio Grande do Sul",2860,1983,"Menor porte",0,0,"Cluster 3",8.89,2,"Cluster 3 - Menor porte","Menor porte (<20 mil)"
"5011","São Miguel das Missões","Rio Grande do Sul",7056,6383,"Menor porte",0,0,"Cluster 1",8.51,5,"Cluster 1 - Menor porte","Menor porte (<20 mil)"
"5012","São Nicolau","Rio Grande do Sul",5118,3191,"Menor porte",0,0,"Cluster 3",8.89,3,"Cluster 3 - Menor porte","Menor porte (<20 mil)"
"5013","São Paulo das Missões","Rio Grande do Sul",5846,4551,"Menor porte",0,0,"Cluster 1",8.51,4,"Cluster 1 - Menor porte","Menor porte (<20 mil)"
"5014","São Pedro da Serra","Rio Grande do Sul",3548,3186,"Menor porte",0,0,"Cluster 1",8.51,3,"Cluster 1 - Menor porte","Menor porte (<20 mil)"
"5015","São Pedro das Missões","Rio Grande do Sul",1757,1339,"Menor porte",0,0,"Cluster 3",8.89,1,"Cluster 3 - Menor porte","Menor porte (<20 mil)"
"5016","São Pedro do Butiá","Rio Grande do Sul",3070,2776,"Menor porte",0,0,"Cluster 1",8.51,2,"Cluster 1 - Menor porte","Menor porte (<20 mil)"
"5017","São Pedro do Sul","Rio Grande do Sul",15577,11511,"Menor porte",4,3.47,"Cluster 1",8.51,10,"Cluster 1 - Menor porte","Menor porte (<20 mil)"
"5018","São Sebastião do Caí","Rio Grande do Sul",24428,17974,"Médio porte",5,2.78,"Cluster 1",2.7,5,"Cluster 1 - Médio porte","Médio porte (>20 mil e <100 mil)"
"5019","São Sepé","Rio Grande do Sul",21219,15824,"Médio porte",8,5.06,"Cluster 1",2.7,4,"Cluster 1 - Médio porte","Médio porte (>20 mil e <100 mil)"
"5020","São Valentim","Rio Grande do Sul",3264,2394,"Menor porte",0,0,"Cluster 1",8.51,2,"Cluster 1 - Menor porte","Menor porte (<20 mil)"
"5021","São Valentim do Sul","Rio Grande do Sul",2207,1891,"Menor porte",0,0,"Cluster 1",8.51,2,"Cluster 1 - Menor porte","Menor porte (<20 mil)"
"5022","São Valério do Sul","Rio Grande do Sul",2543,1010,"Menor porte",0,0,"Cluster 3",8.89,1,"Cluster 3 - Menor porte","Menor porte (<20 mil)"
"5023","São Vendelino","Rio Grande do Sul",2251,2137,"Menor porte",0,0,"Cluster 1",8.51,2,"Cluster 1 - Menor porte","Menor porte (<20 mil)"
"5024","São Vicente do Sul","Rio Grande do Sul",8097,5691,"Menor porte",4,7.03,"Cluster 3",8.89,5,"Cluster 3 - Menor porte","Menor porte (<20 mil)"
"5025","Sapiranga","Rio Grande do Sul",75648,57394,"Médio porte",15,2.61,"Cluster 1",2.7,16,"Cluster 1 - Médio porte","Médio porte (>20 mil e <100 mil)"
"5026","Sapucaia do Sul","Rio Grande do Sul",132107,94383,"Maior porte",0,0,"Cluster 1",3.23,31,"Cluster 1 - Maior porte","Maior porte (>100 mil)"
"5027","Sarandi","Rio Grande do Sul",22851,17729,"Médio porte",5,2.82,"Cluster 1",2.7,5,"Cluster 1 - Médio porte","Médio porte (>20 mil e <100 mil)"
"5028","Seberi","Rio Grande do Sul",11950,10204,"Menor porte",8,7.84,"Cluster 1",8.51,9,"Cluster 1 - Menor porte","Menor porte (<20 mil)"
"5029","Sede Nova","Rio Grande do Sul",2704,2191,"Menor porte",0,0,"Cluster 1",8.51,2,"Cluster 1 - Menor porte","Menor porte (<20 mil)"
"5030","Segredo","Rio Grande do Sul",6009,4754,"Menor porte",0,0,"Cluster 3",8.89,4,"Cluster 3 - Menor porte","Menor porte (<20 mil)"
"5031","Selbach","Rio Grande do Sul",5107,5051,"Menor porte",0,0,"Cluster 1",8.51,4,"Cluster 1 - Menor porte","Menor porte (<20 mil)"
"5032","Senador Salgado Filho","Rio Grande do Sul",2673,2319,"Menor porte",0,0,"Cluster 1",8.51,2,"Cluster 1 - Menor porte","Menor porte (<20 mil)"
"5033","Sentinela do Sul","Rio Grande do Sul",5306,4061,"Menor porte",0,0,"Cluster 3",8.89,4,"Cluster 3 - Menor porte","Menor porte (<20 mil)"
"5034","Serafina Corrêa","Rio Grande do Sul",16961,13244,"Menor porte",5,3.78,"Cluster 1",8.51,11,"Cluster 1 - Menor porte","Menor porte (<20 mil)"
"5035","Sério","Rio Grande do Sul",1941,1483,"Menor porte",0,0,"Cluster 3",8.89,1,"Cluster 3 - Menor porte","Menor porte (<20 mil)"
"5036","Sertão","Rio Grande do Sul",5541,5414,"Menor porte",0,0,"Cluster 1",8.51,5,"Cluster 1 - Menor porte","Menor porte (<20 mil)"
"5037","Sertão Santana","Rio Grande do Sul",5863,5117,"Menor porte",0,0,"Cluster 1",8.51,4,"Cluster 1 - Menor porte","Menor porte (<20 mil)"
"5038","Sete de Setembro","Rio Grande do Sul",1830,1443,"Menor porte",0,0,"Cluster 1",8.51,1,"Cluster 1 - Menor porte","Menor porte (<20 mil)"
"5039","Severiano de Almeida","Rio Grande do Sul",3406,3032,"Menor porte",2,6.6,"Cluster 1",8.51,3,"Cluster 1 - Menor porte","Menor porte (<20 mil)"
"5040","Silveira Martins","Rio Grande do Sul",2028,1835,"Menor porte",0,0,"Cluster 1",8.51,2,"Cluster 1 - Menor porte","Menor porte (<20 mil)"
"5041","Sinimbu","Rio Grande do Sul",8557,5511,"Menor porte",0,0,"Cluster 3",8.89,5,"Cluster 3 - Menor porte","Menor porte (<20 mil)"
"5042","Sobradinho","Rio Grande do Sul",14226,10399,"Menor porte",0,0,"Cluster 1",8.51,9,"Cluster 1 - Menor porte","Menor porte (<20 mil)"
"5043","Soledade","Rio Grande do Sul",29991,21691,"Médio porte",1,0.46,"Cluster 1",2.7,6,"Cluster 1 - Médio porte","Médio porte (>20 mil e <100 mil)"
"5044","Tabaí","Rio Grande do Sul",4461,3944,"Menor porte",2,5.07,"Cluster 1",8.51,3,"Cluster 1 - Menor porte","Menor porte (<20 mil)"
"5045","Tapejara","Rio Grande do Sul",24557,21032,"Médio porte",0,0,"Cluster 1",2.7,6,"Cluster 1 - Médio porte","Médio porte (>20 mil e <100 mil)"
"5046","Tapera","Rio Grande do Sul",10592,8509,"Menor porte",0,0,"Cluster 1",8.51,7,"Cluster 1 - Menor porte","Menor porte (<20 mil)"
"5047","Tapes","Rio Grande do Sul",14695,10231,"Menor porte",0,0,"Cluster 3",8.89,9,"Cluster 3 - Menor porte","Menor porte (<20 mil)"
"5048","Taquara","Rio Grande do Sul",53240,40617,"Médio porte",8,1.97,"Cluster 1",2.7,11,"Cluster 1 - Médio porte","Médio porte (>20 mil e <100 mil)"
"5049","Taquari","Rio Grande do Sul",25198,20874,"Médio porte",0,0,"Cluster 1",2.7,6,"Cluster 1 - Médio porte","Médio porte (>20 mil e <100 mil)"
"5050","Taquaruçu do Sul","Rio Grande do Sul",3119,2520,"Menor porte",0,0,"Cluster 1",8.51,2,"Cluster 1 - Menor porte","Menor porte (<20 mil)"
"5051","Tavares","Rio Grande do Sul",5212,3826,"Menor porte",0,0,"Cluster 3",8.89,3,"Cluster 3 - Menor porte","Menor porte (<20 mil)"
"5052","Tenente Portela","Rio Grande do Sul",14497,10084,"Menor porte",0,0,"Cluster 1",8.51,9,"Cluster 1 - Menor porte","Menor porte (<20 mil)"
"5053","Terra de Areia","Rio Grande do Sul",10334,8604,"Menor porte",0,0,"Cluster 3",8.89,8,"Cluster 3 - Menor porte","Menor porte (<20 mil)"
"5054","Teutônia","Rio Grande do Sul",32797,27249,"Médio porte",1,0.37,"Cluster 1",2.7,7,"Cluster 1 - Médio porte","Médio porte (>20 mil e <100 mil)"
"5055","Tio Hugo","Rio Grande do Sul",3267,2767,"Menor porte",2,7.23,"Cluster 1",8.51,2,"Cluster 1 - Menor porte","Menor porte (<20 mil)"
"5056","Tiradentes do Sul","Rio Grande do Sul",5129,4067,"Menor porte",4,9.84,"Cluster 3",8.89,4,"Cluster 3 - Menor porte","Menor porte (<20 mil)"
"5057","Toropi","Rio Grande do Sul",2554,2264,"Menor porte",0,0,"Cluster 1",8.51,2,"Cluster 1 - Menor porte","Menor porte (<20 mil)"
"5058","Torres","Rio Grande do Sul",41751,26393,"Médio porte",6,2.27,"Cluster 1",2.7,7,"Cluster 1 - Médio porte","Médio porte (>20 mil e <100 mil)"
"5059","Tramandaí","Rio Grande do Sul",54387,34217,"Médio porte",0,0,"Cluster 1",2.7,9,"Cluster 1 - Médio porte","Médio porte (>20 mil e <100 mil)"
"5060","Travesseiro","Rio Grande do Sul",2152,1751,"Menor porte",0,0,"Cluster 1",8.51,1,"Cluster 1 - Menor porte","Menor porte (<20 mil)"
"5061","Três Arroios","Rio Grande do Sul",2591,2464,"Menor porte",0,0,"Cluster 1",8.51,2,"Cluster 1 - Menor porte","Menor porte (<20 mil)"
"5062","Três Cachoeiras","Rio Grande do Sul",10962,9658,"Menor porte",0,0,"Cluster 1",8.51,8,"Cluster 1 - Menor porte","Menor porte (<20 mil)"
"5063","Três Coroas","Rio Grande do Sul",23920,17710,"Médio porte",4,2.26,"Cluster 1",2.7,5,"Cluster 1 - Médio porte","Médio porte (>20 mil e <100 mil)"
"5064","Três de Maio","Rio Grande do Sul",24916,21356,"Médio porte",0,0,"Cluster 1",2.7,6,"Cluster 1 - Médio porte","Médio porte (>20 mil e <100 mil)"
"5065","Três Forquilhas","Rio Grande do Sul",2760,2112,"Menor porte",0,0,"Cluster 1",8.51,2,"Cluster 1 - Menor porte","Menor porte (<20 mil)"
"5066","Três Palmeiras","Rio Grande do Sul",4716,3154,"Menor porte",0,0,"Cluster 1",8.51,3,"Cluster 1 - Menor porte","Menor porte (<20 mil)"
"5067","Três Passos","Rio Grande do Sul",25436,22623,"Médio porte",6,2.65,"Cluster 1",2.7,6,"Cluster 1 - Médio porte","Médio porte (>20 mil e <100 mil)"
"5068","Trindade do Sul","Rio Grande do Sul",7556,4645,"Menor porte",0,0,"Cluster 1",8.51,4,"Cluster 1 - Menor porte","Menor porte (<20 mil)"
"5069","Triunfo","Rio Grande do Sul",27498,18984,"Médio porte",1,0.53,"Cluster 1",2.7,5,"Cluster 1 - Médio porte","Médio porte (>20 mil e <100 mil)"
"5070","Tucunduva","Rio Grande do Sul",5542,4772,"Menor porte",0,0,"Cluster 1",8.51,4,"Cluster 1 - Menor porte","Menor porte (<20 mil)"
"5071","Tunas","Rio Grande do Sul",3681,2524,"Menor porte",0,0,"Cluster 3",8.89,2,"Cluster 3 - Menor porte","Menor porte (<20 mil)"
"5072","Tupanci do Sul","Rio Grande do Sul",1374,1292,"Menor porte",0,0,"Cluster 1",8.51,1,"Cluster 1 - Menor porte","Menor porte (<20 mil)"
"5073","Tupanciretã","Rio Grande do Sul",20005,14599,"Médio porte",0,0,"Cluster 1",2.7,4,"Cluster 1 - Médio porte","Médio porte (>20 mil e <100 mil)"
"5074","Tupandi","Rio Grande do Sul",5029,4695,"Menor porte",0,0,"Cluster 1",8.51,4,"Cluster 1 - Menor porte","Menor porte (<20 mil)"
"5075","Tuparendi","Rio Grande do Sul",8363,7833,"Menor porte",0,0,"Cluster 1",8.51,7,"Cluster 1 - Menor porte","Menor porte (<20 mil)"
"5076","Turuçu","Rio Grande do Sul",3419,2772,"Menor porte",0,0,"Cluster 3",8.89,2,"Cluster 3 - Menor porte","Menor porte (<20 mil)"
"5077","Ubiretama","Rio Grande do Sul",1994,1780,"Menor porte",0,0,"Cluster 1",8.51,2,"Cluster 1 - Menor porte","Menor porte (<20 mil)"
"5078","União da Serra","Rio Grande do Sul",1170,1035,"Menor porte",0,0,"Cluster 1",8.51,1,"Cluster 1 - Menor porte","Menor porte (<20 mil)"
"5079","Unistalda","Rio Grande do Sul",1995,1507,"Menor porte",4,26.54,"Cluster 3",8.89,1,"Cluster 3 - Menor porte","Menor porte (<20 mil)"
"5080","Uruguaiana","Rio Grande do Sul",117210,78579,"Maior porte",22,2.8,"Cluster 1",3.23,25,"Cluster 1 - Maior porte","Maior porte (>100 mil)"
"5081","Vacaria","Rio Grande do Sul",64197,50621,"Médio porte",64,12.64,"Cluster 1",2.7,14,"Cluster 1 - Médio porte","Médio porte (>20 mil e <100 mil)"
"5082","Vale do Sol","Rio Grande do Sul",9902,6721,"Menor porte",0,0,"Cluster 3",8.89,6,"Cluster 3 - Menor porte","Menor porte (<20 mil)"
"5083","Vale Real","Rio Grande do Sul",6058,4446,"Menor porte",4,9,"Cluster 1",8.51,4,"Cluster 1 - Menor porte","Menor porte (<20 mil)"
"5084","Vale Verde","Rio Grande do Sul",3150,2243,"Menor porte",0,0,"Cluster 3",8.89,2,"Cluster 3 - Menor porte","Menor porte (<20 mil)"
"5085","Vanini","Rio Grande do Sul",2004,1781,"Menor porte",0,0,"Cluster 1",8.51,2,"Cluster 1 - Menor porte","Menor porte (<20 mil)"
"5086","Venâncio Aires","Rio Grande do Sul",68763,55794,"Médio porte",15,2.69,"Cluster 1",2.7,15,"Cluster 1 - Médio porte","Médio porte (>20 mil e <100 mil)"
"5087","Vera Cruz","Rio Grande do Sul",26714,20560,"Médio porte",174,84.63,"Cluster 1",2.7,6,"Cluster 1 - Médio porte","Médio porte (>20 mil e <100 mil)"
"5088","Veranópolis","Rio Grande do Sul",24021,20815,"Médio porte",0,0,"Cluster 1",2.7,6,"Cluster 1 - Médio porte","Médio porte (>20 mil e <100 mil)"
"5089","Vespasiano Corrêa","Rio Grande do Sul",1818,1648,"Menor porte",0,0,"Cluster 1",8.51,1,"Cluster 1 - Menor porte","Menor porte (<20 mil)"
"5090","Viadutos","Rio Grande do Sul",4766,3673,"Menor porte",0,0,"Cluster 1",8.51,3,"Cluster 1 - Menor porte","Menor porte (<20 mil)"
"5091","Viamão","Rio Grande do Sul",224124,149077,"Maior porte",87,5.84,"Cluster 1",3.23,48,"Cluster 1 - Maior porte","Maior porte (>100 mil)"
"5092","Vicente Dutra","Rio Grande do Sul",4665,3112,"Menor porte",0,0,"Cluster 3",8.89,3,"Cluster 3 - Menor porte","Menor porte (<20 mil)"
"5093","Victor Graeff","Rio Grande do Sul",2780,2877,"Menor porte",0,0,"Cluster 1",8.51,2,"Cluster 1 - Menor porte","Menor porte (<20 mil)"
"5094","Vila Flores","Rio Grande do Sul",3646,3228,"Menor porte",0,0,"Cluster 1",8.51,3,"Cluster 1 - Menor porte","Menor porte (<20 mil)"
"5095","Vila Lângaro","Rio Grande do Sul",2079,1762,"Menor porte",0,0,"Cluster 1",8.51,1,"Cluster 1 - Menor porte","Menor porte (<20 mil)"
"5096","Vila Maria","Rio Grande do Sul",4413,4061,"Menor porte",8,19.7,"Cluster 1",8.51,3,"Cluster 1 - Menor porte","Menor porte (<20 mil)"
"5097","Vila Nova do Sul","Rio Grande do Sul",3863,3039,"Menor porte",4,13.16,"Cluster 3",8.89,3,"Cluster 3 - Menor porte","Menor porte (<20 mil)"
"5098","Vista Alegre","Rio Grande do Sul",2660,2182,"Menor porte",0,0,"Cluster 1",8.51,2,"Cluster 1 - Menor porte","Menor porte (<20 mil)"
"5099","Vista Alegre do Prata","Rio Grande do Sul",1590,1222,"Menor porte",0,0,"Cluster 1",8.51,1,"Cluster 1 - Menor porte","Menor porte (<20 mil)"
"5100","Vista Gaúcha","Rio Grande do Sul",2783,2159,"Menor porte",0,0,"Cluster 1",8.51,2,"Cluster 1 - Menor porte","Menor porte (<20 mil)"
"5101","Vitória das Missões","Rio Grande do Sul",3254,2545,"Menor porte",2,7.86,"Cluster 1",8.51,2,"Cluster 1 - Menor porte","Menor porte (<20 mil)"
"5102","Westfália","Rio Grande do Sul",3098,2632,"Menor porte",0,0,"Cluster 1",8.51,2,"Cluster 1 - Menor porte","Menor porte (<20 mil)"
"5103","Xangri-lá","Rio Grande do Sul",16463,13502,"Menor porte",0,0,"Cluster 1",8.51,11,"Cluster 1 - Menor porte","Menor porte (<20 mil)"
"5104","Água Clara","Mato Grosso do Sul",16741,10618,"Menor porte",1,0.94,"Cluster 1",8.51,9,"Cluster 1 - Menor porte","Menor porte (<20 mil)"
"5105","Alcinópolis","Mato Grosso do Sul",4537,3523,"Menor porte",0,0,"Cluster 1",8.51,3,"Cluster 1 - Menor porte","Menor porte (<20 mil)"
"5106","Amambai","Mato Grosso do Sul",39325,24122,"Médio porte",0,0,"Cluster 3",4.29,10,"Cluster 3 - Médio porte","Médio porte (>20 mil e <100 mil)"
"5107","Anastácio","Mato Grosso do Sul",24114,14796,"Médio porte",5,3.38,"Cluster 3",4.29,6,"Cluster 3 - Médio porte","Médio porte (>20 mil e <100 mil)"
"5108","Anaurilândia","Mato Grosso do Sul",7653,4477,"Menor porte",2,4.47,"Cluster 3",8.89,4,"Cluster 3 - Menor porte","Menor porte (<20 mil)"
"5109","Angélica","Mato Grosso do Sul",10729,7984,"Menor porte",0,0,"Cluster 1",8.51,7,"Cluster 1 - Menor porte","Menor porte (<20 mil)"
"5110","Antônio João","Mato Grosso do Sul",9303,4866,"Menor porte",0,0,"Cluster 3",8.89,4,"Cluster 3 - Menor porte","Menor porte (<20 mil)"
"5111","Aparecida do Taboado","Mato Grosso do Sul",27674,18771,"Médio porte",2,1.07,"Cluster 1",2.7,5,"Cluster 1 - Médio porte","Médio porte (>20 mil e <100 mil)"
"5112","Aquidauana","Mato Grosso do Sul",46803,23323,"Médio porte",0,0,"Cluster 3",4.29,10,"Cluster 3 - Médio porte","Médio porte (>20 mil e <100 mil)"
"5113","Aral Moreira","Mato Grosso do Sul",10748,3859,"Menor porte",1,2.59,"Cluster 3",8.89,3,"Cluster 3 - Menor porte","Menor porte (<20 mil)"
"5114","Bandeirantes","Mato Grosso do Sul",7940,4965,"Menor porte",4,8.06,"Cluster 1",8.51,4,"Cluster 1 - Menor porte","Menor porte (<20 mil)"
"5115","Bataguassu","Mato Grosso do Sul",23031,15310,"Médio porte",3,1.96,"Cluster 1",2.7,4,"Cluster 1 - Médio porte","Médio porte (>20 mil e <100 mil)"
"5116","Batayporã","Mato Grosso do Sul",10712,6888,"Menor porte",5,7.26,"Cluster 3",8.89,6,"Cluster 3 - Menor porte","Menor porte (<20 mil)"
"5117","Bela Vista","Mato Grosso do Sul",21613,9776,"Médio porte",0,0,"Cluster 3",4.29,4,"Cluster 3 - Médio porte","Médio porte (>20 mil e <100 mil)"
"5118","Bodoquena","Mato Grosso do Sul",8567,4761,"Menor porte",0,0,"Cluster 3",8.89,4,"Cluster 3 - Menor porte","Menor porte (<20 mil)"
"5119","Bonito","Mato Grosso do Sul",23659,15035,"Médio porte",0,0,"Cluster 1",2.7,4,"Cluster 1 - Médio porte","Médio porte (>20 mil e <100 mil)"
"5120","Brasilândia","Mato Grosso do Sul",11579,8175,"Menor porte",0,0,"Cluster 1",8.51,7,"Cluster 1 - Menor porte","Menor porte (<20 mil)"
"5121","Caarapó","Mato Grosso do Sul",30612,18055,"Médio porte",1,0.55,"Cluster 1",2.7,5,"Cluster 1 - Médio porte","Médio porte (>20 mil e <100 mil)"
"5122","Camapuã","Mato Grosso do Sul",13583,9437,"Menor porte",2,2.12,"Cluster 1",8.51,8,"Cluster 1 - Menor porte","Menor porte (<20 mil)"
"5123","Campo Grande","Mato Grosso do Sul",898100,685645,"Maior porte",120,1.75,"Cluster 2",3.54,243,"Cluster 2 - Maior porte","Maior porte (>100 mil)"
"5124","Caracol","Mato Grosso do Sul",5036,2384,"Menor porte",1,4.19,"Cluster 3",8.89,2,"Cluster 3 - Menor porte","Menor porte (<20 mil)"
"5125","Cassilândia","Mato Grosso do Sul",20988,18043,"Médio porte",2,1.11,"Cluster 1",2.7,5,"Cluster 1 - Médio porte","Médio porte (>20 mil e <100 mil)"
"5126","Chapadão do Sul","Mato Grosso do Sul",30993,25267,"Médio porte",6,2.37,"Cluster 1",2.7,7,"Cluster 1 - Médio porte","Médio porte (>20 mil e <100 mil)"
"5127","Corguinho","Mato Grosso do Sul",4783,2054,"Menor porte",0,0,"Cluster 3",8.89,2,"Cluster 3 - Menor porte","Menor porte (<20 mil)"
"5128","Coronel Sapucaia","Mato Grosso do Sul",14289,4431,"Menor porte",0,0,"Cluster 2",16.92,7,"Cluster 2 - Menor porte","Menor porte (<20 mil)"
"5129","Corumbá","Mato Grosso do Sul",96268,49253,"Maior porte",5,1.02,"Cluster 3",3.72,18,"Cluster 3 - Maior porte","Maior porte (>100 mil)"
"5130","Costa Rica","Mato Grosso do Sul",26037,18109,"Médio porte",0,0,"Cluster 1",2.7,5,"Cluster 1 - Médio porte","Médio porte (>20 mil e <100 mil)"
"5131","Coxim","Mato Grosso do Sul",32151,24822,"Médio porte",5,2.01,"Cluster 1",2.7,7,"Cluster 1 - Médio porte","Médio porte (>20 mil e <100 mil)"
"5132","Deodápolis","Mato Grosso do Sul",13663,9182,"Menor porte",4,4.36,"Cluster 3",8.89,8,"Cluster 3 - Menor porte","Menor porte (<20 mil)"
"5133","Dois Irmãos do Buriti","Mato Grosso do Sul",11100,4784,"Menor porte",0,0,"Cluster 3",8.89,4,"Cluster 3 - Menor porte","Menor porte (<20 mil)"
"5134","Douradina","Mato Grosso do Sul",5578,4689,"Menor porte",1,2.13,"Cluster 1",8.51,4,"Cluster 1 - Menor porte","Menor porte (<20 mil)"
"5135","Dourados","Mato Grosso do Sul",243367,186006,"Maior porte",88,4.73,"Cluster 2",3.54,66,"Cluster 2 - Maior porte","Maior porte (>100 mil)"
"5136","Eldorado","Mato Grosso do Sul",11386,7822,"Menor porte",1,1.28,"Cluster 3",8.89,7,"Cluster 3 - Menor porte","Menor porte (<20 mil)"
"5137","Fátima do Sul","Mato Grosso do Sul",20609,15583,"Menor porte",1,0.64,"Cluster 1",8.51,13,"Cluster 1 - Menor porte","Menor porte (<20 mil)"
"5138","Figueirão","Mato Grosso do Sul",3539,1531,"Menor porte",0,0,"Cluster 3",8.89,1,"Cluster 3 - Menor porte","Menor porte (<20 mil)"
"5139","Glória de Dourados","Mato Grosso do Sul",10444,7326,"Menor porte",1,1.37,"Cluster 1",8.51,6,"Cluster 1 - Menor porte","Menor porte (<20 mil)"
"5140","Guia Lopes da Laguna","Mato Grosso do Sul",9940,6573,"Menor porte",1,1.52,"Cluster 3",8.89,6,"Cluster 3 - Menor porte","Menor porte (<20 mil)"
"5141","Iguatemi","Mato Grosso do Sul",13808,8884,"Menor porte",0,0,"Cluster 3",8.89,8,"Cluster 3 - Menor porte","Menor porte (<20 mil)"
"5142","Inocência","Mato Grosso do Sul",8404,6047,"Menor porte",0,0,"Cluster 1",8.51,5,"Cluster 1 - Menor porte","Menor porte (<20 mil)"
"5143","Itaporã","Mato Grosso do Sul",24137,13232,"Médio porte",1,0.76,"Cluster 3",4.29,6,"Cluster 3 - Médio porte","Médio porte (>20 mil e <100 mil)"
"5144","Itaquiraí","Mato Grosso do Sul",19423,10417,"Médio porte",2,1.92,"Cluster 3",4.29,4,"Cluster 3 - Médio porte","Médio porte (>20 mil e <100 mil)"
"5145","Ivinhema","Mato Grosso do Sul",27821,21366,"Médio porte",6,2.81,"Cluster 1",2.7,6,"Cluster 1 - Médio porte","Médio porte (>20 mil e <100 mil)"
"5146","Japorã","Mato Grosso do Sul",8148,2049,"Menor porte",0,0,"Cluster 2",16.92,3,"Cluster 2 - Menor porte","Menor porte (<20 mil)"
"5147","Jaraguari","Mato Grosso do Sul",7139,2613,"Menor porte",2,7.65,"Cluster 3",8.89,2,"Cluster 3 - Menor porte","Menor porte (<20 mil)"
"5148","Jardim","Mato Grosso do Sul",23981,16452,"Médio porte",3,1.82,"Cluster 1",2.7,4,"Cluster 1 - Médio porte","Médio porte (>20 mil e <100 mil)"
"5149","Jateí","Mato Grosso do Sul",3586,2314,"Menor porte",1,4.32,"Cluster 1",8.51,2,"Cluster 1 - Menor porte","Menor porte (<20 mil)"
"5150","Juti","Mato Grosso do Sul",6729,3691,"Menor porte",0,0,"Cluster 3",8.89,3,"Cluster 3 - Menor porte","Menor porte (<20 mil)"
"5151","Ladário","Mato Grosso do Sul",21522,9904,"Médio porte",0,0,"Cluster 3",4.29,4,"Cluster 3 - Médio porte","Médio porte (>20 mil e <100 mil)"
"5152","Laguna Carapã","Mato Grosso do Sul",6799,4116,"Menor porte",2,4.86,"Cluster 1",8.51,4,"Cluster 1 - Menor porte","Menor porte (<20 mil)"
"5153","Maracaju","Mato Grosso do Sul",45047,31556,"Médio porte",7,2.22,"Cluster 1",2.7,9,"Cluster 1 - Médio porte","Médio porte (>20 mil e <100 mil)"
"5154","Miranda","Mato Grosso do Sul",25536,12095,"Médio porte",4,3.31,"Cluster 3",4.29,5,"Cluster 3 - Médio porte","Médio porte (>20 mil e <100 mil)"
"5155","Mundo Novo","Mato Grosso do Sul",19193,12111,"Menor porte",7,5.78,"Cluster 3",8.89,11,"Cluster 3 - Menor porte","Menor porte (<20 mil)"
"5156","Naviraí","Mato Grosso do Sul",50457,38572,"Médio porte",12,3.11,"Cluster 1",2.7,10,"Cluster 1 - Médio porte","Médio porte (>20 mil e <100 mil)"
"5157","Nioaque","Mato Grosso do Sul",13220,7257,"Menor porte",2,2.76,"Cluster 3",8.89,6,"Cluster 3 - Menor porte","Menor porte (<20 mil)"
"5158","Nova Alvorada do Sul","Mato Grosso do Sul",21822,12301,"Médio porte",6,4.88,"Cluster 1",2.7,3,"Cluster 1 - Médio porte","Médio porte (>20 mil e <100 mil)"
"5159","Nova Andradina","Mato Grosso do Sul",48563,39571,"Médio porte",12,3.03,"Cluster 1",2.7,11,"Cluster 1 - Médio porte","Médio porte (>20 mil e <100 mil)"
"5160","Novo Horizonte do Sul","Mato Grosso do Sul",4721,3521,"Menor porte",0,0,"Cluster 1",8.51,3,"Cluster 1 - Menor porte","Menor porte (<20 mil)"
"5161","Paraíso das Águas","Mato Grosso do Sul",5510,2732,"Menor porte",0,0,"Cluster 2",16.92,5,"Cluster 2 - Menor porte","Menor porte (<20 mil)"
"5162","Paranaíba","Mato Grosso do Sul",40957,36060,"Médio porte",5,1.39,"Cluster 1",2.7,10,"Cluster 1 - Médio porte","Médio porte (>20 mil e <100 mil)"
"5163","Paranhos","Mato Grosso do Sul",12921,2854,"Menor porte",0,0,"Cluster 2",16.92,5,"Cluster 2 - Menor porte","Menor porte (<20 mil)"
"5164","Pedro Gomes","Mato Grosso do Sul",6941,4471,"Menor porte",0,0,"Cluster 3",8.89,4,"Cluster 3 - Menor porte","Menor porte (<20 mil)"
"5165","Ponta Porã","Mato Grosso do Sul",92017,52348,"Médio porte",35,6.69,"Cluster 1",2.7,14,"Cluster 1 - Médio porte","Médio porte (>20 mil e <100 mil)"
"5166","Porto Murtinho","Mato Grosso do Sul",12859,3553,"Menor porte",0,0,"Cluster 2",16.92,6,"Cluster 2 - Menor porte","Menor porte (<20 mil)"
"5167","Ribas do Rio Pardo","Mato Grosso do Sul",23150,13836,"Médio porte",4,2.89,"Cluster 3",4.29,6,"Cluster 3 - Médio porte","Médio porte (>20 mil e <100 mil)"
"5168","Rio Brilhante","Mato Grosso do Sul",37601,22341,"Médio porte",2,0.9,"Cluster 1",2.7,6,"Cluster 1 - Médio porte","Médio porte (>20 mil e <100 mil)"
"5169","Rio Negro","Mato Grosso do Sul",4841,3188,"Menor porte",0,0,"Cluster 1",8.51,3,"Cluster 1 - Menor porte","Menor porte (<20 mil)"
"5170","Rio Verde de Mato Grosso","Mato Grosso do Sul",19818,12561,"Menor porte",6,4.78,"Cluster 3",8.89,11,"Cluster 3 - Menor porte","Menor porte (<20 mil)"
"5171","Rochedo","Mato Grosso do Sul",5199,2520,"Menor porte",1,3.97,"Cluster 3",8.89,2,"Cluster 3 - Menor porte","Menor porte (<20 mil)"
"5172","Santa Rita do Pardo","Mato Grosso do Sul",7027,4018,"Menor porte",1,2.49,"Cluster 3",8.89,4,"Cluster 3 - Menor porte","Menor porte (<20 mil)"
"5173","São Gabriel do Oeste","Mato Grosso do Sul",29579,25233,"Médio porte",5,1.98,"Cluster 1",2.7,7,"Cluster 1 - Médio porte","Médio porte (>20 mil e <100 mil)"
"5174","Selvíria","Mato Grosso do Sul",8142,4896,"Menor porte",0,0,"Cluster 1",8.51,4,"Cluster 1 - Menor porte","Menor porte (<20 mil)"
"5175","Sete Quedas","Mato Grosso do Sul",10994,5342,"Menor porte",0,0,"Cluster 3",8.89,5,"Cluster 3 - Menor porte","Menor porte (<20 mil)"
"5176","Sidrolândia","Mato Grosso do Sul",47118,25682,"Médio porte",16,6.23,"Cluster 3",4.29,11,"Cluster 3 - Médio porte","Médio porte (>20 mil e <100 mil)"
"5177","Sonora","Mato Grosso do Sul",14516,10681,"Menor porte",0,0,"Cluster 3",8.89,9,"Cluster 3 - Menor porte","Menor porte (<20 mil)"
"5178","Tacuru","Mato Grosso do Sul",10808,3173,"Menor porte",0,0,"Cluster 2",16.92,5,"Cluster 2 - Menor porte","Menor porte (<20 mil)"
"5179","Taquarussu","Mato Grosso do Sul",3625,2083,"Menor porte",0,0,"Cluster 3",8.89,2,"Cluster 3 - Menor porte","Menor porte (<20 mil)"
"5180","Terenos","Mato Grosso do Sul",17652,8366,"Médio porte",5,5.98,"Cluster 3",4.29,4,"Cluster 3 - Médio porte","Médio porte (>20 mil e <100 mil)"
"5181","Três Lagoas","Mato Grosso do Sul",132152,102514,"Maior porte",38,3.71,"Cluster 2",3.54,36,"Cluster 2 - Maior porte","Maior porte (>100 mil)"
"5182","Vicentina","Mato Grosso do Sul",6336,4868,"Menor porte",0,0,"Cluster 1",8.51,4,"Cluster 1 - Menor porte","Menor porte (<20 mil)"
"5183","Acorizal","Mato Grosso",5014,1704,"Menor porte",0,0,"Cluster 2",16.92,3,"Cluster 2 - Menor porte","Menor porte (<20 mil)"
"5184","Água Boa","Mato Grosso",29219,23268,"Médio porte",0,0,"Cluster 1",2.7,6,"Cluster 1 - Médio porte","Médio porte (>20 mil e <100 mil)"
"5185","Alta Floresta","Mato Grosso",58613,55745,"Médio porte",0,0,"Cluster 1",2.7,15,"Cluster 1 - Médio porte","Médio porte (>20 mil e <100 mil)"
"5186","Alto Araguaia","Mato Grosso",17193,10044,"Menor porte",8,7.96,"Cluster 3",8.89,9,"Cluster 3 - Menor porte","Menor porte (<20 mil)"
"5187","Alto Boa Vista","Mato Grosso",5715,3234,"Menor porte",0,0,"Cluster 3",8.89,3,"Cluster 3 - Menor porte","Menor porte (<20 mil)"
"5188","Alto Garças","Mato Grosso",13052,8345,"Menor porte",2,2.4,"Cluster 1",8.51,7,"Cluster 1 - Menor porte","Menor porte (<20 mil)"
"5189","Alto Paraguai","Mato Grosso",8009,2749,"Menor porte",0,0,"Cluster 2",16.92,5,"Cluster 2 - Menor porte","Menor porte (<20 mil)"
"5190","Alto Taquari","Mato Grosso",10904,5854,"Menor porte",5,8.54,"Cluster 1",8.51,5,"Cluster 1 - Menor porte","Menor porte (<20 mil)"
"5191","Apiacás","Mato Grosso",8590,5523,"Menor porte",0,0,"Cluster 3",8.89,5,"Cluster 3 - Menor porte","Menor porte (<20 mil)"
"5192","Araguaiana","Mato Grosso",3795,1225,"Menor porte",0,0,"Cluster 3",8.89,1,"Cluster 3 - Menor porte","Menor porte (<20 mil)"
"5193","Araguainha","Mato Grosso",1010,253,"Menor porte",0,0,"Cluster 3",8.89,0,"Cluster 3 - Menor porte","Menor porte (<20 mil)"
"5194","Araputanga","Mato Grosso",14786,12231,"Menor porte",0,0,"Cluster 1",8.51,10,"Cluster 1 - Menor porte","Menor porte (<20 mil)"
"5195","Arenápolis","Mato Grosso",10576,7929,"Menor porte",0,0,"Cluster 1",8.51,7,"Cluster 1 - Menor porte","Menor porte (<20 mil)"
"5196","Aripuanã","Mato Grosso",24626,15451,"Médio porte",0,0,"Cluster 1",2.7,4,"Cluster 1 - Médio porte","Médio porte (>20 mil e <100 mil)"
"5197","Barão de Melgaço","Mato Grosso",7253,1086,"Menor porte",0,0,"Cluster 2",16.92,2,"Cluster 2 - Menor porte","Menor porte (<20 mil)"
"5198","Barra do Bugres","Mato Grosso",29403,20205,"Médio porte",0,0,"Cluster 1",2.7,5,"Cluster 1 - Médio porte","Médio porte (>20 mil e <100 mil)"
"5199","Barra do Garças","Mato Grosso",69210,57837,"Médio porte",7,1.21,"Cluster 1",2.7,16,"Cluster 1 - Médio porte","Médio porte (>20 mil e <100 mil)"
"5200","Bom Jesus do Araguaia","Mato Grosso",7280,4638,"Menor porte",2,4.31,"Cluster 3",8.89,4,"Cluster 3 - Menor porte","Menor porte (<20 mil)"
"5201","Brasnorte","Mato Grosso",17004,10459,"Médio porte",0,0,"Cluster 1",2.7,3,"Cluster 1 - Médio porte","Médio porte (>20 mil e <100 mil)"
"5202","Cáceres","Mato Grosso",89681,59407,"Médio porte",11,1.85,"Cluster 1",2.7,16,"Cluster 1 - Médio porte","Médio porte (>20 mil e <100 mil)"
"5203","Campinápolis","Mato Grosso",15347,6043,"Menor porte",0,0,"Cluster 2",16.92,10,"Cluster 2 - Menor porte","Menor porte (<20 mil)"
"5204","Campo Novo do Parecis","Mato Grosso",45899,32236,"Médio porte",0,0,"Cluster 1",2.7,9,"Cluster 1 - Médio porte","Médio porte (>20 mil e <100 mil)"
"5205","Campo Verde","Mato Grosso",44585,35420,"Médio porte",0,0,"Cluster 1",2.7,10,"Cluster 1 - Médio porte","Médio porte (>20 mil e <100 mil)"
"5206","Campos de Júlio","Mato Grosso",8822,5710,"Menor porte",0,0,"Cluster 1",8.51,5,"Cluster 1 - Menor porte","Menor porte (<20 mil)"
"5207","Canabrava do Norte","Mato Grosso",4485,2489,"Menor porte",0,0,"Cluster 3",8.89,2,"Cluster 3 - Menor porte","Menor porte (<20 mil)"
"5208","Canarana","Mato Grosso",25858,18655,"Médio porte",0,0,"Cluster 1",2.7,5,"Cluster 1 - Médio porte","Médio porte (>20 mil e <100 mil)"
"5209","Carlinda","Mato Grosso",10332,6815,"Menor porte",0,0,"Cluster 3",8.89,6,"Cluster 3 - Menor porte","Menor porte (<20 mil)"
"5210","Castanheira","Mato Grosso",7506,5916,"Menor porte",0,0,"Cluster 3",8.89,5,"Cluster 3 - Menor porte","Menor porte (<20 mil)"
"5211","Chapada dos Guimarães","Mato Grosso",18990,10527,"Menor porte",0,0,"Cluster 3",8.89,9,"Cluster 3 - Menor porte","Menor porte (<20 mil)"
"5212","Cláudia","Mato Grosso",9593,9557,"Menor porte",0,0,"Cluster 1",8.51,8,"Cluster 1 - Menor porte","Menor porte (<20 mil)"
"5213","Cocalinho","Mato Grosso",6220,1618,"Menor porte",0,0,"Cluster 2",16.92,3,"Cluster 2 - Menor porte","Menor porte (<20 mil)"
"5214","Colíder","Mato Grosso",31370,28563,"Médio porte",0,0,"Cluster 1",2.7,8,"Cluster 1 - Médio porte","Médio porte (>20 mil e <100 mil)"
"5215","Colniza","Mato Grosso",25766,17153,"Médio porte",0,0,"Cluster 3",4.29,7,"Cluster 3 - Médio porte","Médio porte (>20 mil e <100 mil)"
"5216","Comodoro","Mato Grosso",18238,13062,"Médio porte",0,0,"Cluster 1",2.7,4,"Cluster 1 - Médio porte","Médio porte (>20 mil e <100 mil)"
"5217","Confresa","Mato Grosso",35075,20169,"Médio porte",0,0,"Cluster 3",4.29,9,"Cluster 3 - Médio porte","Médio porte (>20 mil e <100 mil)"
"5218","Conquista D'Oeste","Mato Grosso",3760,2431,"Menor porte",1,4.11,"Cluster 3",8.89,2,"Cluster 3 - Menor porte","Menor porte (<20 mil)"
"5219","Cotriguaçu","Mato Grosso",11011,6623,"Médio porte",0,0,"Cluster 2",5.66,4,"Cluster 2 - Médio porte","Médio porte (>20 mil e <100 mil)"
"5220","Cuiabá","Mato Grosso",650877,490560,"Maior porte",210,4.28,"Cluster 2",3.54,174,"Cluster 2 - Maior porte","Maior porte (>100 mil)"
"5221","Curvelândia","Mato Grosso",4903,3464,"Menor porte",0,0,"Cluster 3",8.89,3,"Cluster 3 - Menor porte","Menor porte (<20 mil)"
"5222","Denise","Mato Grosso",7014,4555,"Menor porte",0,0,"Cluster 3",8.89,4,"Cluster 3 - Menor porte","Menor porte (<20 mil)"
"5223","Diamantino","Mato Grosso",21941,18299,"Médio porte",0,0,"Cluster 1",2.7,5,"Cluster 1 - Médio porte","Médio porte (>20 mil e <100 mil)"
"5224","Dom Aquino","Mato Grosso",7872,5026,"Menor porte",0,0,"Cluster 3",8.89,4,"Cluster 3 - Menor porte","Menor porte (<20 mil)"
"5225","Feliz Natal","Mato Grosso",10521,7120,"Menor porte",0,0,"Cluster 3",8.89,6,"Cluster 3 - Menor porte","Menor porte (<20 mil)"
"5226","Figueirópolis D'Oeste","Mato Grosso",3187,2764,"Menor porte",0,0,"Cluster 1",8.51,2,"Cluster 1 - Menor porte","Menor porte (<20 mil)"
"5227","Gaúcha do Norte","Mato Grosso",8642,4798,"Menor porte",0,0,"Cluster 3",8.89,4,"Cluster 3 - Menor porte","Menor porte (<20 mil)"
"5228","General Carneiro","Mato Grosso",6037,1314,"Menor porte",9,68.49,"Cluster 2",16.92,2,"Cluster 2 - Menor porte","Menor porte (<20 mil)"
"5229","Glória D'Oeste","Mato Grosso",2905,2145,"Menor porte",0,0,"Cluster 1",8.51,2,"Cluster 1 - Menor porte","Menor porte (<20 mil)"
"5230","Guarantã do Norte","Mato Grosso",31024,30218,"Médio porte",0,0,"Cluster 1",2.7,8,"Cluster 1 - Médio porte","Médio porte (>20 mil e <100 mil)"
"5231","Guiratinga","Mato Grosso",10966,7206,"Menor porte",0,0,"Cluster 3",8.89,6,"Cluster 3 - Menor porte","Menor porte (<20 mil)"
"5232","Indiavaí","Mato Grosso",2213,1105,"Menor porte",0,0,"Cluster 3",8.89,1,"Cluster 3 - Menor porte","Menor porte (<20 mil)"
"5233","Ipiranga do Norte","Mato Grosso",7815,5445,"Menor porte",0,0,"Cluster 1",8.51,5,"Cluster 1 - Menor porte","Menor porte (<20 mil)"
"5234","Itanhangá","Mato Grosso",7539,4852,"Menor porte",0,0,"Cluster 1",8.51,4,"Cluster 1 - Menor porte","Menor porte (<20 mil)"
"5235","Itaúba","Mato Grosso",5020,3942,"Menor porte",0,0,"Cluster 1",8.51,3,"Cluster 1 - Menor porte","Menor porte (<20 mil)"
"5236","Itiquira","Mato Grosso",12236,6183,"Menor porte",6,9.7,"Cluster 1",8.51,5,"Cluster 1 - Menor porte","Menor porte (<20 mil)"
"5237","Jaciara","Mato Grosso",28569,25996,"Médio porte",5,1.92,"Cluster 1",2.7,7,"Cluster 1 - Médio porte","Médio porte (>20 mil e <100 mil)"
"5238","Jangada","Mato Grosso",7426,3550,"Menor porte",0,0,"Cluster 3",8.89,3,"Cluster 3 - Menor porte","Menor porte (<20 mil)"
"5239","Jauru","Mato Grosso",8367,6929,"Menor porte",0,0,"Cluster 1",8.51,6,"Cluster 1 - Menor porte","Menor porte (<20 mil)"
"5240","Juara","Mato Grosso",34906,28612,"Médio porte",0,0,"Cluster 1",2.7,8,"Cluster 1 - Médio porte","Médio porte (>20 mil e <100 mil)"
"5241","Juína","Mato Grosso",45869,38748,"Médio porte",0,0,"Cluster 1",2.7,10,"Cluster 1 - Médio porte","Médio porte (>20 mil e <100 mil)"
"5242","Juruena","Mato Grosso",10213,7507,"Menor porte",0,0,"Cluster 3",8.89,7,"Cluster 3 - Menor porte","Menor porte (<20 mil)"
"5243","Juscimeira","Mato Grosso",11480,6218,"Menor porte",0,0,"Cluster 3",8.89,6,"Cluster 3 - Menor porte","Menor porte (<20 mil)"
"5244","Lambari D'Oeste","Mato Grosso",4790,3021,"Menor porte",0,0,"Cluster 3",8.89,3,"Cluster 3 - Menor porte","Menor porte (<20 mil)"
"5245","Lucas do Rio Verde","Mato Grosso",83798,67095,"Médio porte",29,4.32,"Cluster 1",2.7,18,"Cluster 1 - Médio porte","Médio porte (>20 mil e <100 mil)"
"5246","Luciara","Mato Grosso",2509,824,"Menor porte",0,0,"Cluster 3",8.89,1,"Cluster 3 - Menor porte","Menor porte (<20 mil)"
"5247","Marcelândia","Mato Grosso",11396,9835,"Menor porte",0,0,"Cluster 1",8.51,8,"Cluster 1 - Menor porte","Menor porte (<20 mil)"
"5248","Matupá","Mato Grosso",20091,16845,"Menor porte",0,0,"Cluster 1",8.51,14,"Cluster 1 - Menor porte","Menor porte (<20 mil)"
"5249","Mirassol d'Oeste","Mato Grosso",26785,22771,"Médio porte",0,0,"Cluster 1",2.7,6,"Cluster 1 - Médio porte","Médio porte (>20 mil e <100 mil)"
"5250","Nobres","Mato Grosso",15492,12181,"Menor porte",0,0,"Cluster 1",8.51,10,"Cluster 1 - Menor porte","Menor porte (<20 mil)"
"5251","Nortelândia","Mato Grosso",5956,3812,"Menor porte",0,0,"Cluster 3",8.89,3,"Cluster 3 - Menor porte","Menor porte (<20 mil)"
"5252","Nossa Senhora do Livramento","Mato Grosso",12940,4654,"Menor porte",2,4.3,"Cluster 2",16.92,8,"Cluster 2 - Menor porte","Menor porte (<20 mil)"
"5253","Nova Bandeirantes","Mato Grosso",13635,8321,"Menor porte",0,0,"Cluster 3",8.89,7,"Cluster 3 - Menor porte","Menor porte (<20 mil)"
"5254","Nova Brasilândia","Mato Grosso",3932,2507,"Menor porte",0,0,"Cluster 3",8.89,2,"Cluster 3 - Menor porte","Menor porte (<20 mil)"
"5255","Nova Canaã do Norte","Mato Grosso",11707,9869,"Menor porte",0,0,"Cluster 1",8.51,8,"Cluster 1 - Menor porte","Menor porte (<20 mil)"
"5256","Nova Guarita","Mato Grosso",4590,4348,"Menor porte",0,0,"Cluster 1",8.51,4,"Cluster 1 - Menor porte","Menor porte (<20 mil)"
"5257","Nova Lacerda","Mato Grosso",6670,3577,"Menor porte",0,0,"Cluster 3",8.89,3,"Cluster 3 - Menor porte","Menor porte (<20 mil)"
"5258","Nova Marilândia","Mato Grosso",3529,1932,"Menor porte",0,0,"Cluster 1",8.51,2,"Cluster 1 - Menor porte","Menor porte (<20 mil)"
"5259","Nova Maringá","Mato Grosso",5846,3625,"Menor porte",0,0,"Cluster 3",8.89,3,"Cluster 3 - Menor porte","Menor porte (<20 mil)"
"5260","Nova Monte Verde","Mato Grosso",8313,6086,"Menor porte",0,0,"Cluster 3",8.89,5,"Cluster 3 - Menor porte","Menor porte (<20 mil)"
"5261","Nova Mutum","Mato Grosso",55839,40939,"Médio porte",7,1.71,"Cluster 1",2.7,11,"Cluster 1 - Médio porte","Médio porte (>20 mil e <100 mil)"
"5262","Nova Nazaré","Mato Grosso",4200,847,"Menor porte",0,0,"Cluster 2",16.92,1,"Cluster 2 - Menor porte","Menor porte (<20 mil)"
"5263","Nova Olímpia","Mato Grosso",16352,10496,"Médio porte",0,0,"Cluster 3",4.29,5,"Cluster 3 - Médio porte","Médio porte (>20 mil e <100 mil)"
"5264","Nova Santa Helena","Mato Grosso",4239,2671,"Menor porte",0,0,"Cluster 1",8.51,2,"Cluster 1 - Menor porte","Menor porte (<20 mil)"
"5265","Nova Ubiratã","Mato Grosso",11530,7656,"Menor porte",0,0,"Cluster 1",8.51,7,"Cluster 1 - Menor porte","Menor porte (<20 mil)"
"5266","Nova Xavantina","Mato Grosso",24345,16773,"Médio porte",2,1.19,"Cluster 1",2.7,5,"Cluster 1 - Médio porte","Médio porte (>20 mil e <100 mil)"
"5267","Novo Horizonte do Norte","Mato Grosso",3349,2080,"Menor porte",0,0,"Cluster 3",8.89,2,"Cluster 3 - Menor porte","Menor porte (<20 mil)"
"5268","Novo Mundo","Mato Grosso",6520,5386,"Menor porte",0,0,"Cluster 3",8.89,5,"Cluster 3 - Menor porte","Menor porte (<20 mil)"
"5269","Novo Santo Antônio","Mato Grosso",2015,489,"Menor porte",0,0,"Cluster 2",16.92,1,"Cluster 2 - Menor porte","Menor porte (<20 mil)"
"5270","Novo São Joaquim","Mato Grosso",6919,4362,"Menor porte",0,0,"Cluster 1",8.51,4,"Cluster 1 - Menor porte","Menor porte (<20 mil)"
"5271","Paranaíta","Mato Grosso",11671,8740,"Menor porte",0,0,"Cluster 1",8.51,7,"Cluster 1 - Menor porte","Menor porte (<20 mil)"
"5272","Paranatinga","Mato Grosso",26423,16152,"Médio porte",2,1.24,"Cluster 1",2.7,4,"Cluster 1 - Médio porte","Médio porte (>20 mil e <100 mil)"
"5273","Pedra Preta","Mato Grosso",18066,11778,"Menor porte",1,0.85,"Cluster 1",8.51,10,"Cluster 1 - Menor porte","Menor porte (<20 mil)"
"5274","Peixoto de Azevedo","Mato Grosso",32714,20755,"Médio porte",0,0,"Cluster 3",4.29,9,"Cluster 3 - Médio porte","Médio porte (>20 mil e <100 mil)"
"5275","Planalto da Serra","Mato Grosso",3166,1492,"Menor porte",0,0,"Cluster 3",8.89,1,"Cluster 3 - Menor porte","Menor porte (<20 mil)"
"5276","Poconé","Mato Grosso",31217,16692,"Médio porte",2,1.2,"Cluster 3",4.29,7,"Cluster 3 - Médio porte","Médio porte (>20 mil e <100 mil)"
"5277","Pontal do Araguaia","Mato Grosso",6932,3483,"Menor porte",0,0,"Cluster 3",8.89,3,"Cluster 3 - Menor porte","Menor porte (<20 mil)"
"5278","Ponte Branca","Mato Grosso",2008,594,"Menor porte",0,0,"Cluster 3",8.89,1,"Cluster 3 - Menor porte","Menor porte (<20 mil)"
"5279","Pontes e Lacerda","Mato Grosso",52018,40999,"Médio porte",9,2.2,"Cluster 1",2.7,11,"Cluster 1 - Médio porte","Médio porte (>20 mil e <100 mil)"
"5280","Porto Alegre do Norte","Mato Grosso",12127,5876,"Menor porte",0,0,"Cluster 3",8.89,5,"Cluster 3 - Menor porte","Menor porte (<20 mil)"
"5281","Porto dos Gaúchos","Mato Grosso",5593,4750,"Menor porte",0,0,"Cluster 1",8.51,4,"Cluster 1 - Menor porte","Menor porte (<20 mil)"
"5282","Porto Esperidião","Mato Grosso",10204,5307,"Menor porte",0,0,"Cluster 3",8.89,5,"Cluster 3 - Menor porte","Menor porte (<20 mil)"
"5283","Porto Estrela","Mato Grosso",3224,1351,"Menor porte",0,0,"Cluster 3",8.89,1,"Cluster 3 - Menor porte","Menor porte (<20 mil)"
"5284","Poxoréu","Mato Grosso",23283,8358,"Menor porte",4,4.79,"Cluster 3",8.89,7,"Cluster 3 - Menor porte","Menor porte (<20 mil)"
"5285","Primavera do Leste","Mato Grosso",85146,76870,"Médio porte",9,1.17,"Cluster 1",2.7,21,"Cluster 1 - Médio porte","Médio porte (>20 mil e <100 mil)"
"5286","Querência","Mato Grosso",26769,16465,"Menor porte",0,0,"Cluster 1",8.51,14,"Cluster 1 - Menor porte","Menor porte (<20 mil)"
"5287","Reserva do Cabaçal","Mato Grosso",2122,1286,"Menor porte",0,0,"Cluster 3",8.89,1,"Cluster 3 - Menor porte","Menor porte (<20 mil)"
"5288","Ribeirão Cascalheira","Mato Grosso",10089,6627,"Menor porte",0,0,"Cluster 3",8.89,6,"Cluster 3 - Menor porte","Menor porte (<20 mil)"
"5289","Ribeirãozinho","Mato Grosso",2593,1376,"Menor porte",0,0,"Cluster 3",8.89,1,"Cluster 3 - Menor porte","Menor porte (<20 mil)"
"5290","Rio Branco","Mato Grosso",4535,3662,"Menor porte",0,0,"Cluster 1",8.51,3,"Cluster 1 - Menor porte","Menor porte (<20 mil)"
"5291","Rondolândia","Mato Grosso",3505,1816,"Menor porte",0,0,"Cluster 2",16.92,3,"Cluster 2 - Menor porte","Menor porte (<20 mil)"
"5292","Rondonópolis","Mato Grosso",244911,215558,"Maior porte",20,0.93,"Cluster 2",3.54,76,"Cluster 2 - Maior porte","Maior porte (>100 mil)"
"5293","Rosário Oeste","Mato Grosso",15453,7093,"Menor porte",0,0,"Cluster 3",8.89,6,"Cluster 3 - Menor porte","Menor porte (<20 mil)"
"5294","Salto do Céu","Mato Grosso",3679,2651,"Menor porte",0,0,"Cluster 3",8.89,2,"Cluster 3 - Menor porte","Menor porte (<20 mil)"
"5295","Santa Carmem","Mato Grosso",5374,4416,"Menor porte",0,0,"Cluster 1",8.51,4,"Cluster 1 - Menor porte","Menor porte (<20 mil)"
"5296","Santa Cruz do Xingu","Mato Grosso",2661,990,"Menor porte",0,0,"Cluster 3",8.89,1,"Cluster 3 - Menor porte","Menor porte (<20 mil)"
"5297","Santa Rita do Trivelato","Mato Grosso",3276,2163,"Menor porte",0,0,"Cluster 1",8.51,2,"Cluster 1 - Menor porte","Menor porte (<20 mil)"
"5298","Santa Terezinha","Mato Grosso",7596,1990,"Menor porte",0,0,"Cluster 2",16.92,3,"Cluster 2 - Menor porte","Menor porte (<20 mil)"
"5299","Santo Afonso","Mato Grosso",2519,1317,"Menor porte",0,0,"Cluster 3",8.89,1,"Cluster 3 - Menor porte","Menor porte (<20 mil)"
"5300","Santo Antônio do Leste","Mato Grosso",4099,2070,"Menor porte",0,0,"Cluster 3",8.89,2,"Cluster 3 - Menor porte","Menor porte (<20 mil)"
"5301","Santo Antônio do Leverger","Mato Grosso",15246,6220,"Menor porte",4,6.43,"Cluster 3",8.89,6,"Cluster 3 - Menor porte","Menor porte (<20 mil)"
"5302","São Félix do Araguaia","Mato Grosso",13621,4648,"Menor porte",0,0,"Cluster 3",8.89,4,"Cluster 3 - Menor porte","Menor porte (<20 mil)"
"5303","São José do Povo","Mato Grosso",2875,1059,"Menor porte",0,0,"Cluster 2",16.92,2,"Cluster 2 - Menor porte","Menor porte (<20 mil)"
"5304","São José do Rio Claro","Mato Grosso",14911,11427,"Médio porte",0,0,"Cluster 3",4.29,5,"Cluster 3 - Médio porte","Médio porte (>20 mil e <100 mil)"
"5305","São José do Xingu","Mato Grosso",5964,2567,"Menor porte",0,0,"Cluster 3",8.89,2,"Cluster 3 - Menor porte","Menor porte (<20 mil)"
"5306","São José dos Quatro Marcos","Mato Grosso",17849,14473,"Menor porte",0,0,"Cluster 1",8.51,12,"Cluster 1 - Menor porte","Menor porte (<20 mil)"
"5307","São Pedro da Cipa","Mato Grosso",4191,1933,"Menor porte",0,0,"Cluster 3",8.89,2,"Cluster 3 - Menor porte","Menor porte (<20 mil)"
"5308","Sapezal","Mato Grosso",28944,23788,"Médio porte",0,0,"Cluster 1",2.7,6,"Cluster 1 - Médio porte","Médio porte (>20 mil e <100 mil)"
"5309","Serra Nova Dourada","Mato Grosso",1800,390,"Menor porte",0,0,"Cluster 2",16.92,1,"Cluster 2 - Menor porte","Menor porte (<20 mil)"
"5310","Sinop","Mato Grosso",196312,163130,"Maior porte",48,2.94,"Cluster 2",3.54,58,"Cluster 2 - Maior porte","Maior porte (>100 mil)"
"5311","Sorriso","Mato Grosso",110635,97978,"Médio porte",35,3.57,"Cluster 1",2.7,26,"Cluster 1 - Médio porte","Médio porte (>20 mil e <100 mil)"
"5312","Tabaporã","Mato Grosso",9818,7132,"Menor porte",0,0,"Cluster 1",8.51,6,"Cluster 1 - Menor porte","Menor porte (<20 mil)"
"5313","Tangará da Serra","Mato Grosso",106434,84465,"Maior porte",19,2.25,"Cluster 1",3.23,27,"Cluster 1 - Maior porte","Maior porte (>100 mil)"
"5314","Tapurah","Mato Grosso",14370,11072,"Menor porte",0,0,"Cluster 1",8.51,9,"Cluster 1 - Menor porte","Menor porte (<20 mil)"
"5315","Terra Nova do Norte","Mato Grosso",10616,9076,"Menor porte",0,0,"Cluster 1",8.51,8,"Cluster 1 - Menor porte","Menor porte (<20 mil)"
"5316","Tesouro","Mato Grosso",3025,839,"Menor porte",0,0,"Cluster 2",16.92,1,"Cluster 2 - Menor porte","Menor porte (<20 mil)"
"5317","Torixoréu","Mato Grosso",4164,3050,"Menor porte",0,0,"Cluster 1",8.51,3,"Cluster 1 - Menor porte","Menor porte (<20 mil)"
"5318","União do Sul","Mato Grosso",3838,2719,"Menor porte",0,0,"Cluster 1",8.51,2,"Cluster 1 - Menor porte","Menor porte (<20 mil)"
"5319","Vale de São Domingos","Mato Grosso",2904,1335,"Menor porte",0,0,"Cluster 3",8.89,1,"Cluster 3 - Menor porte","Menor porte (<20 mil)"
"5320","Várzea Grande","Mato Grosso",300078,206854,"Maior porte",51,2.47,"Cluster 1",3.23,67,"Cluster 1 - Maior porte","Maior porte (>100 mil)"
"5321","Vera","Mato Grosso",12800,7831,"Menor porte",2,2.55,"Cluster 1",8.51,7,"Cluster 1 - Menor porte","Menor porte (<20 mil)"
"5322","Vila Bela da Santíssima Trindade","Mato Grosso",16774,7044,"Menor porte",0,0,"Cluster 3",8.89,6,"Cluster 3 - Menor porte","Menor porte (<20 mil)"
"5323","Vila Rica","Mato Grosso",19888,14109,"Médio porte",0,0,"Cluster 3",4.29,6,"Cluster 3 - Médio porte","Médio porte (>20 mil e <100 mil)"
"5324","Abadia de Goiás","Goiás",19128,6561,"Menor porte",3,4.57,"Cluster 3",8.89,6,"Cluster 3 - Menor porte","Menor porte (<20 mil)"
"5325","Abadiânia","Goiás",17232,7384,"Médio porte",7,9.48,"Cluster 3",4.29,3,"Cluster 3 - Médio porte","Médio porte (>20 mil e <100 mil)"
"5326","Acreúna","Goiás",21568,14963,"Médio porte",0,0,"Cluster 1",2.7,4,"Cluster 1 - Médio porte","Médio porte (>20 mil e <100 mil)"
"5327","Adelândia","Goiás",2297,1445,"Menor porte",0,0,"Cluster 3",8.89,1,"Cluster 3 - Menor porte","Menor porte (<20 mil)"
"5328","Água Fria de Goiás","Goiás",4954,1397,"Menor porte",0,0,"Cluster 3",8.89,1,"Cluster 3 - Menor porte","Menor porte (<20 mil)"
"5329","Água Limpa","Goiás",1858,997,"Menor porte",2,20.06,"Cluster 3",8.89,1,"Cluster 3 - Menor porte","Menor porte (<20 mil)"
"5330","Águas Lindas de Goiás","Goiás",225693,42983,"Maior porte",32,7.44,"Cluster 3",3.72,16,"Cluster 3 - Maior porte","Maior porte (>100 mil)"
"5331","Alexânia","Goiás",27008,15563,"Médio porte",3,1.93,"Cluster 3",4.29,7,"Cluster 3 - Médio porte","Médio porte (>20 mil e <100 mil)"
"5332","Aloândia","Goiás",1973,1383,"Menor porte",0,0,"Cluster 3",8.89,1,"Cluster 3 - Menor porte","Menor porte (<20 mil)"
"5333","Alto Horizonte","Goiás",6072,3384,"Menor porte",0,0,"Cluster 1",8.51,3,"Cluster 1 - Menor porte","Menor porte (<20 mil)"
"5334","Alto Paraíso de Goiás","Goiás",10306,3418,"Menor porte",8,23.41,"Cluster 3",8.89,3,"Cluster 3 - Menor porte","Menor porte (<20 mil)"
"5335","Alvorada do Norte","Goiás",8446,4732,"Menor porte",2,4.23,"Cluster 3",8.89,4,"Cluster 3 - Menor porte","Menor porte (<20 mil)"
"5336","Amaralina","Goiás",3268,928,"Menor porte",0,0,"Cluster 2",16.92,2,"Cluster 2 - Menor porte","Menor porte (<20 mil)"
"5337","Americano do Brasil","Goiás",5259,3431,"Menor porte",0,0,"Cluster 3",8.89,3,"Cluster 3 - Menor porte","Menor porte (<20 mil)"
"5338","Amorinópolis","Goiás",3007,1836,"Menor porte",0,0,"Cluster 3",8.89,2,"Cluster 3 - Menor porte","Menor porte (<20 mil)"
"5339","Anápolis","Goiás",398869,319524,"Maior porte",163,5.1,"Cluster 2",3.54,113,"Cluster 2 - Maior porte","Maior porte (>100 mil)"
"5340","Anhanguera","Goiás",924,619,"Menor porte",0,0,"Cluster 3",8.89,1,"Cluster 3 - Menor porte","Menor porte (<20 mil)"
"5341","Anicuns","Goiás",18503,14037,"Médio porte",0,0,"Cluster 1",2.7,4,"Cluster 1 - Médio porte","Médio porte (>20 mil e <100 mil)"
"5342","Aparecida de Goiânia","Goiás",527796,361586,"Maior porte",54,1.49,"Cluster 1",3.23,117,"Cluster 1 - Maior porte","Maior porte (>100 mil)"
"5343","Aparecida do Rio Doce","Goiás",2907,1683,"Menor porte",5,29.71,"Cluster 1",8.51,1,"Cluster 1 - Menor porte","Menor porte (<20 mil)"
"5344","Aporé","Goiás",4325,2270,"Menor porte",2,8.81,"Cluster 1",8.51,2,"Cluster 1 - Menor porte","Menor porte (<20 mil)"
"5345","Araçu","Goiás",3799,2440,"Menor porte",0,0,"Cluster 3",8.89,2,"Cluster 3 - Menor porte","Menor porte (<20 mil)"
"5346","Aragarças","Goiás",18390,16557,"Médio porte",0,0,"Cluster 1",2.7,4,"Cluster 1 - Médio porte","Médio porte (>20 mil e <100 mil)"
"5347","Aragoiânia","Goiás",11890,5868,"Menor porte",10,17.04,"Cluster 3",8.89,5,"Cluster 3 - Menor porte","Menor porte (<20 mil)"
"5348","Araguapaz","Goiás",7153,4450,"Menor porte",11,24.72,"Cluster 3",8.89,4,"Cluster 3 - Menor porte","Menor porte (<20 mil)"
"5349","Arenópolis","Goiás",2946,1406,"Menor porte",2,14.22,"Cluster 3",8.89,1,"Cluster 3 - Menor porte","Menor porte (<20 mil)"
"5350","Aruanã","Goiás",8300,3766,"Menor porte",3,7.97,"Cluster 3",8.89,3,"Cluster 3 - Menor porte","Menor porte (<20 mil)"
"5351","Aurilândia","Goiás",3284,1760,"Menor porte",0,0,"Cluster 3",8.89,2,"Cluster 3 - Menor porte","Menor porte (<20 mil)"
"5352","Avelinópolis","Goiás",2868,1548,"Menor porte",8,51.68,"Cluster 3",8.89,1,"Cluster 3 - Menor porte","Menor porte (<20 mil)"
"5353","Baliza","Goiás",3351,503,"Menor porte",0,0,"Cluster 2",16.92,1,"Cluster 2 - Menor porte","Menor porte (<20 mil)"
"5354","Barro Alto","Goiás",10371,6526,"Menor porte",6,9.19,"Cluster 1",8.51,6,"Cluster 1 - Menor porte","Menor porte (<20 mil)"
"5355","Bela Vista de Goiás","Goiás",34445,21790,"Médio porte",14,6.42,"Cluster 1",2.7,6,"Cluster 1 - Médio porte","Médio porte (>20 mil e <100 mil)"
"5356","Bom Jardim de Goiás","Goiás",7826,4879,"Menor porte",0,0,"Cluster 3",8.89,4,"Cluster 3 - Menor porte","Menor porte (<20 mil)"
"5357","Bom Jesus de Goiás","Goiás",23958,18283,"Médio porte",0,0,"Cluster 1",2.7,5,"Cluster 1 - Médio porte","Médio porte (>20 mil e <100 mil)"
"5358","Bonfinópolis","Goiás",10296,4407,"Menor porte",7,15.88,"Cluster 3",8.89,4,"Cluster 3 - Menor porte","Menor porte (<20 mil)"
"5359","Bonópolis","Goiás",3299,1171,"Menor porte",0,0,"Cluster 2",16.92,2,"Cluster 2 - Menor porte","Menor porte (<20 mil)"
"5360","Brazabrantes","Goiás",3992,1795,"Menor porte",7,39,"Cluster 3",8.89,2,"Cluster 3 - Menor porte","Menor porte (<20 mil)"
"5361","Britânia","Goiás",5695,3597,"Menor porte",5,13.9,"Cluster 3",8.89,3,"Cluster 3 - Menor porte","Menor porte (<20 mil)"
"5362","Buriti Alegre","Goiás",10495,6985,"Menor porte",1,1.43,"Cluster 1",8.51,6,"Cluster 1 - Menor porte","Menor porte (<20 mil)"
"5363","Buriti de Goiás","Goiás",2732,2082,"Menor porte",0,0,"Cluster 1",8.51,2,"Cluster 1 - Menor porte","Menor porte (<20 mil)"
"5364","Buritinópolis","Goiás",3145,1230,"Menor porte",0,0,"Cluster 3",8.89,1,"Cluster 3 - Menor porte","Menor porte (<20 mil)"
"5365","Cabeceiras","Goiás",7560,3428,"Menor porte",2,5.83,"Cluster 3",8.89,3,"Cluster 3 - Menor porte","Menor porte (<20 mil)"
"5366","Cachoeira Alta","Goiás",11513,6535,"Menor porte",2,3.06,"Cluster 3",8.89,6,"Cluster 3 - Menor porte","Menor porte (<20 mil)"
"5367","Cachoeira de Goiás","Goiás",1405,731,"Menor porte",0,0,"Cluster 3",8.89,1,"Cluster 3 - Menor porte","Menor porte (<20 mil)"
"5368","Cachoeira Dourada","Goiás",7782,4637,"Menor porte",0,0,"Cluster 1",8.51,4,"Cluster 1 - Menor porte","Menor porte (<20 mil)"
"5369","Caçu","Goiás",13774,9542,"Menor porte",2,2.1,"Cluster 1",8.51,8,"Cluster 1 - Menor porte","Menor porte (<20 mil)"
"5370","Caiapônia","Goiás",16513,10523,"Menor porte",0,0,"Cluster 3",8.89,9,"Cluster 3 - Menor porte","Menor porte (<20 mil)"
"5371","Caldas Novas","Goiás",98622,75354,"Médio porte",39,5.18,"Cluster 1",2.7,20,"Cluster 1 - Médio porte","Médio porte (>20 mil e <100 mil)"
"5372","Caldazinha","Goiás",4507,2477,"Menor porte",0,0,"Cluster 3",8.89,2,"Cluster 3 - Menor porte","Menor porte (<20 mil)"
"5373","Campestre de Goiás","Goiás",3755,1896,"Menor porte",1,5.27,"Cluster 3",8.89,2,"Cluster 3 - Menor porte","Menor porte (<20 mil)"
"5374","Campinaçu","Goiás",3708,1748,"Menor porte",8,45.77,"Cluster 3",8.89,2,"Cluster 3 - Menor porte","Menor porte (<20 mil)"
"5375","Campinorte","Goiás",12510,7942,"Menor porte",4,5.04,"Cluster 3",8.89,7,"Cluster 3 - Menor porte","Menor porte (<20 mil)"
"5376","Campo Alegre de Goiás","Goiás",7422,4096,"Menor porte",0,0,"Cluster 1",8.51,3,"Cluster 1 - Menor porte","Menor porte (<20 mil)"
"5377","Campo Limpo de Goiás","Goiás",8081,3754,"Menor porte",0,0,"Cluster 3",8.89,3,"Cluster 3 - Menor porte","Menor porte (<20 mil)"
"5378","Campos Belos","Goiás",18108,13175,"Médio porte",0,0,"Cluster 3",4.29,6,"Cluster 3 - Médio porte","Médio porte (>20 mil e <100 mil)"
"5379","Campos Verdes","Goiás",4005,1976,"Menor porte",0,0,"Cluster 1",8.51,2,"Cluster 1 - Menor porte","Menor porte (<20 mil)"
"5380","Carmo do Rio Verde","Goiás",9710,5897,"Menor porte",4,6.78,"Cluster 3",8.89,5,"Cluster 3 - Menor porte","Menor porte (<20 mil)"
"5381","Castelândia","Goiás",2985,1824,"Menor porte",0,0,"Cluster 3",8.89,2,"Cluster 3 - Menor porte","Menor porte (<20 mil)"
"5382","Catalão","Goiás",114427,96839,"Maior porte",40,4.13,"Cluster 2",3.54,34,"Cluster 2 - Maior porte","Maior porte (>100 mil)"
"5383","Caturaí","Goiás",5184,2942,"Menor porte",0,0,"Cluster 3",8.89,3,"Cluster 3 - Menor porte","Menor porte (<20 mil)"
"5384","Cavalcante","Goiás",9583,2341,"Menor porte",0,0,"Cluster 2",16.92,4,"Cluster 2 - Menor porte","Menor porte (<20 mil)"
"5385","Ceres","Goiás",22046,22351,"Médio porte",3,1.34,"Cluster 1",2.7,6,"Cluster 1 - Médio porte","Médio porte (>20 mil e <100 mil)"
"5386","Cezarina","Goiás",8090,5333,"Menor porte",1,1.88,"Cluster 1",8.51,5,"Cluster 1 - Menor porte","Menor porte (<20 mil)"
"5387","Chapadão do Céu","Goiás",12870,9123,"Menor porte",2,2.19,"Cluster 1",8.51,8,"Cluster 1 - Menor porte","Menor porte (<20 mil)"
"5388","Cidade Ocidental","Goiás",91767,14141,"Médio porte",4,2.83,"Cluster 3",4.29,6,"Cluster 3 - Médio porte","Médio porte (>20 mil e <100 mil)"
"5389","Cocalzinho de Goiás","Goiás",25016,6418,"Médio porte",11,17.14,"Cluster 3",4.29,3,"Cluster 3 - Médio porte","Médio porte (>20 mil e <100 mil)"
"5390","Colinas do Sul","Goiás",4030,1004,"Menor porte",0,0,"Cluster 2",16.92,2,"Cluster 2 - Menor porte","Menor porte (<20 mil)"
"5391","Córrego do Ouro","Goiás",2454,1406,"Menor porte",0,0,"Cluster 3",8.89,1,"Cluster 3 - Menor porte","Menor porte (<20 mil)"
"5392","Corumbá de Goiás","Goiás",10562,5156,"Menor porte",5,9.7,"Cluster 3",8.89,5,"Cluster 3 - Menor porte","Menor porte (<20 mil)"
"5393","Corumbaíba","Goiás",9164,5452,"Menor porte",6,11.01,"Cluster 1",8.51,5,"Cluster 1 - Menor porte","Menor porte (<20 mil)"
"5394","Cristalina","Goiás",62337,36773,"Médio porte",6,1.63,"Cluster 1",2.7,10,"Cluster 1 - Médio porte","Médio porte (>20 mil e <100 mil)"
"5395","Cristianópolis","Goiás",3504,2391,"Menor porte",6,25.09,"Cluster 1",8.51,2,"Cluster 1 - Menor porte","Menor porte (<20 mil)"
"5396","Crixás","Goiás",17065,10527,"Menor porte",3,2.85,"Cluster 1",8.51,9,"Cluster 1 - Menor porte","Menor porte (<20 mil)"
"5397","Cromínia","Goiás",3883,2562,"Menor porte",0,0,"Cluster 1",8.51,2,"Cluster 1 - Menor porte","Menor porte (<20 mil)"
"5398","Cumari","Goiás",2927,1804,"Menor porte",0,0,"Cluster 1",8.51,2,"Cluster 1 - Menor porte","Menor porte (<20 mil)"
"5399","Damianópolis","Goiás",3770,1299,"Menor porte",0,0,"Cluster 3",8.89,1,"Cluster 3 - Menor porte","Menor porte (<20 mil)"
"5400","Damolândia","Goiás",2724,2016,"Menor porte",0,0,"Cluster 3",8.89,2,"Cluster 3 - Menor porte","Menor porte (<20 mil)"
"5401","Davinópolis","Goiás",1902,1102,"Menor porte",2,18.15,"Cluster 1",8.51,1,"Cluster 1 - Menor porte","Menor porte (<20 mil)"
"5402","Diorama","Goiás",2062,1180,"Menor porte",2,16.95,"Cluster 3",8.89,1,"Cluster 3 - Menor porte","Menor porte (<20 mil)"
"5403","Divinópolis de Goiás","Goiás",4457,1078,"Menor porte",0,0,"Cluster 2",16.92,2,"Cluster 2 - Menor porte","Menor porte (<20 mil)"
"5404","Doverlândia","Goiás",6956,5522,"Menor porte",0,0,"Cluster 1",8.51,5,"Cluster 1 - Menor porte","Menor porte (<20 mil)"
"5405","Edealina","Goiás",4001,2547,"Menor porte",0,0,"Cluster 1",8.51,2,"Cluster 1 - Menor porte","Menor porte (<20 mil)"
"5406","Edéia","Goiás",11747,8611,"Menor porte",0,0,"Cluster 1",8.51,7,"Cluster 1 - Menor porte","Menor porte (<20 mil)"
"5407","Estrela do Norte","Goiás",3205,2017,"Menor porte",0,0,"Cluster 3",8.89,2,"Cluster 3 - Menor porte","Menor porte (<20 mil)"
"5408","Faina","Goiás",7070,2981,"Menor porte",7,23.48,"Cluster 3",8.89,3,"Cluster 3 - Menor porte","Menor porte (<20 mil)"
"5409","Fazenda Nova","Goiás",5877,3643,"Menor porte",0,0,"Cluster 3",8.89,3,"Cluster 3 - Menor porte","Menor porte (<20 mil)"
"5410","Firminópolis","Goiás",10419,7042,"Menor porte",10,14.2,"Cluster 3",8.89,6,"Cluster 3 - Menor porte","Menor porte (<20 mil)"
"5411","Flores de Goiás","Goiás",13744,1758,"Menor porte",0,0,"Cluster 2",16.92,3,"Cluster 2 - Menor porte","Menor porte (<20 mil)"
"5412","Formosa","Goiás",115901,84827,"Maior porte",9,1.06,"Cluster 1",3.23,27,"Cluster 1 - Maior porte","Maior porte (>100 mil)"
"5413","Formoso","Goiás",4660,3071,"Menor porte",7,22.79,"Cluster 1",8.51,3,"Cluster 1 - Menor porte","Menor porte (<20 mil)"
"5414","Gameleira de Goiás","Goiás",3456,1448,"Menor porte",0,0,"Cluster 3",8.89,1,"Cluster 3 - Menor porte","Menor porte (<20 mil)"
"5415","Goianápolis","Goiás",13967,8219,"Menor porte",7,8.52,"Cluster 3",8.89,7,"Cluster 3 - Menor porte","Menor porte (<20 mil)"
"5416","Goiandira","Goiás",4973,3196,"Menor porte",8,25.03,"Cluster 1",8.51,3,"Cluster 1 - Menor porte","Menor porte (<20 mil)"
"5417","Goianésia","Goiás",73707,54873,"Médio porte",19,3.46,"Cluster 1",2.7,15,"Cluster 1 - Médio porte","Médio porte (>20 mil e <100 mil)"
"5418","Goiânia","Goiás",1437366,1329583,"Maior porte",775,5.83,"Cluster 2",3.54,471,"Cluster 2 - Maior porte","Maior porte (>100 mil)"
"5419","Goianira","Goiás",71916,30628,"Médio porte",31,10.12,"Cluster 3",4.29,13,"Cluster 3 - Médio porte","Médio porte (>20 mil e <100 mil)"
"5420","Goiás","Goiás",24071,14794,"Médio porte",37,25.01,"Cluster 1",2.7,4,"Cluster 1 - Médio porte","Médio porte (>20 mil e <100 mil)"
"5421","Goiatuba","Goiás",35664,30612,"Médio porte",5,1.63,"Cluster 1",2.7,8,"Cluster 1 - Médio porte","Médio porte (>20 mil e <100 mil)"
"5422","Gouvelândia","Goiás",4390,2094,"Menor porte",0,0,"Cluster 3",8.89,2,"Cluster 3 - Menor porte","Menor porte (<20 mil)"
"5423","Guapó","Goiás",19545,9665,"Menor porte",3,3.1,"Cluster 3",8.89,9,"Cluster 3 - Menor porte","Menor porte (<20 mil)"
"5424","Guaraíta","Goiás",2188,1270,"Menor porte",0,0,"Cluster 3",8.89,1,"Cluster 3 - Menor porte","Menor porte (<20 mil)"
"5425","Guarani de Goiás","Goiás",4085,1392,"Menor porte",0,0,"Cluster 2",16.92,2,"Cluster 2 - Menor porte","Menor porte (<20 mil)"
"5426","Guarinos","Goiás",2161,688,"Menor porte",0,0,"Cluster 3",8.89,1,"Cluster 3 - Menor porte","Menor porte (<20 mil)"
"5427","Heitoraí","Goiás",3354,2035,"Menor porte",0,0,"Cluster 3",8.89,2,"Cluster 3 - Menor porte","Menor porte (<20 mil)"
"5428","Hidrolândia","Goiás",27742,15276,"Médio porte",2,1.31,"Cluster 1",2.7,4,"Cluster 1 - Médio porte","Médio porte (>20 mil e <100 mil)"
"5429","Hidrolina","Goiás",3545,1761,"Menor porte",2,11.36,"Cluster 3",8.89,2,"Cluster 3 - Menor porte","Menor porte (<20 mil)"
"5430","Iaciara","Goiás",10584,4566,"Menor porte",0,0,"Cluster 2",16.92,8,"Cluster 2 - Menor porte","Menor porte (<20 mil)"
"5431","Inaciolândia","Goiás",5954,2819,"Menor porte",0,0,"Cluster 3",8.89,3,"Cluster 3 - Menor porte","Menor porte (<20 mil)"
"5432","Indiara","Goiás",17061,9238,"Menor porte",4,4.33,"Cluster 3",8.89,8,"Cluster 3 - Menor porte","Menor porte (<20 mil)"
"5433","Inhumas","Goiás",52204,44600,"Médio porte",24,5.38,"Cluster 1",2.7,12,"Cluster 1 - Médio porte","Médio porte (>20 mil e <100 mil)"
"5434","Ipameri","Goiás",25548,16643,"Médio porte",15,9.01,"Cluster 1",2.7,4,"Cluster 1 - Médio porte","Médio porte (>20 mil e <100 mil)"
"5435","Ipiranga de Goiás","Goiás",2919,1597,"Menor porte",0,0,"Cluster 3",8.89,1,"Cluster 3 - Menor porte","Menor porte (<20 mil)"
"5436","Iporá","Goiás",35684,33333,"Médio porte",10,3,"Cluster 1",2.7,9,"Cluster 1 - Médio porte","Médio porte (>20 mil e <100 mil)"
"5437","Israelândia","Goiás",2560,1345,"Menor porte",0,0,"Cluster 3",8.89,1,"Cluster 3 - Menor porte","Menor porte (<20 mil)"
"5438","Itaberaí","Goiás",44734,36065,"Médio porte",50,13.86,"Cluster 1",2.7,10,"Cluster 1 - Médio porte","Médio porte (>20 mil e <100 mil)"
"5439","Itaguari","Goiás",4963,3575,"Menor porte",0,0,"Cluster 3",8.89,3,"Cluster 3 - Menor porte","Menor porte (<20 mil)"
"5440","Itaguaru","Goiás",4904,3914,"Menor porte",0,0,"Cluster 1",8.51,3,"Cluster 1 - Menor porte","Menor porte (<20 mil)"
"5441","Itajá","Goiás",4380,3226,"Menor porte",3,9.3,"Cluster 1",8.51,3,"Cluster 1 - Menor porte","Menor porte (<20 mil)"
"5442","Itapaci","Goiás",21087,12718,"Médio porte",12,9.44,"Cluster 1",2.7,3,"Cluster 1 - Médio porte","Médio porte (>20 mil e <100 mil)"
"5443","Itapirapuã","Goiás",8007,4906,"Menor porte",0,0,"Cluster 1",8.51,4,"Cluster 1 - Menor porte","Menor porte (<20 mil)"
"5444","Itapuranga","Goiás",26113,24253,"Médio porte",7,2.89,"Cluster 1",2.7,7,"Cluster 1 - Médio porte","Médio porte (>20 mil e <100 mil)"
"5445","Itarumã","Goiás",6101,3035,"Menor porte",2,6.59,"Cluster 3",8.89,3,"Cluster 3 - Menor porte","Menor porte (<20 mil)"
"5446","Itauçu","Goiás",7736,4573,"Menor porte",31,67.79,"Cluster 3",8.89,4,"Cluster 3 - Menor porte","Menor porte (<20 mil)"
"5447","Itumbiara","Goiás",107970,97122,"Maior porte",24,2.47,"Cluster 2",3.54,34,"Cluster 2 - Maior porte","Maior porte (>100 mil)"
"5448","Ivolândia","Goiás",2693,913,"Menor porte",0,0,"Cluster 3",8.89,1,"Cluster 3 - Menor porte","Menor porte (<20 mil)"
"5449","Jandaia","Goiás",6272,3857,"Menor porte",3,7.78,"Cluster 1",8.51,3,"Cluster 1 - Menor porte","Menor porte (<20 mil)"
"5450","Jaraguá","Goiás",45223,30056,"Médio porte",23,7.65,"Cluster 3",4.29,13,"Cluster 3 - Médio porte","Médio porte (>20 mil e <100 mil)"
"5451","Jataí","Goiás",105729,92140,"Maior porte",6,0.65,"Cluster 2",3.54,33,"Cluster 2 - Maior porte","Maior porte (>100 mil)"
"5452","Jaupaci","Goiás",2924,1612,"Menor porte",0,0,"Cluster 3",8.89,1,"Cluster 3 - Menor porte","Menor porte (<20 mil)"
"5453","Jesúpolis","Goiás",2123,894,"Menor porte",0,0,"Cluster 2",16.92,2,"Cluster 2 - Menor porte","Menor porte (<20 mil)"
"5454","Joviânia","Goiás",7159,5977,"Menor porte",0,0,"Cluster 1",8.51,5,"Cluster 1 - Menor porte","Menor porte (<20 mil)"
"5455","Jussara","Goiás",19620,18514,"Menor porte",0,0,"Cluster 1",8.51,16,"Cluster 1 - Menor porte","Menor porte (<20 mil)"
"5456","Lagoa Santa","Goiás",1390,701,"Menor porte",0,0,"Cluster 3",8.89,1,"Cluster 3 - Menor porte","Menor porte (<20 mil)"
"5457","Leopoldo de Bulhões","Goiás",8745,4227,"Menor porte",10,23.66,"Cluster 3",8.89,4,"Cluster 3 - Menor porte","Menor porte (<20 mil)"
"5458","Luziânia","Goiás",209129,78344,"Maior porte",29,3.7,"Cluster 3",3.72,29,"Cluster 3 - Maior porte","Maior porte (>100 mil)"
"5459","Mairipotaba","Goiás",2561,1438,"Menor porte",0,0,"Cluster 1",8.51,1,"Cluster 1 - Menor porte","Menor porte (<20 mil)"
"5460","Mambaí","Goiás",8124,3387,"Menor porte",0,0,"Cluster 2",16.92,6,"Cluster 2 - Menor porte","Menor porte (<20 mil)"
"5461","Mara Rosa","Goiás",10700,6594,"Menor porte",2,3.03,"Cluster 3",8.89,6,"Cluster 3 - Menor porte","Menor porte (<20 mil)"
"5462","Marzagão","Goiás",2758,1387,"Menor porte",1,7.21,"Cluster 3",8.89,1,"Cluster 3 - Menor porte","Menor porte (<20 mil)"
"5463","Matrinchã","Goiás",4042,2293,"Menor porte",0,0,"Cluster 3",8.89,2,"Cluster 3 - Menor porte","Menor porte (<20 mil)"
"5464","Maurilândia","Goiás",10304,7109,"Menor porte",0,0,"Cluster 3",8.89,6,"Cluster 3 - Menor porte","Menor porte (<20 mil)"
"5465","Mimoso de Goiás","Goiás",2614,406,"Menor porte",0,0,"Cluster 2",16.92,1,"Cluster 2 - Menor porte","Menor porte (<20 mil)"
"5466","Minaçu","Goiás",27075,22935,"Médio porte",1,0.44,"Cluster 1",2.7,6,"Cluster 1 - Médio porte","Médio porte (>20 mil e <100 mil)"
"5467","Mineiros","Goiás",70081,53493,"Médio porte",9,1.68,"Cluster 1",2.7,14,"Cluster 1 - Médio porte","Médio porte (>20 mil e <100 mil)"
"5468","Moiporá","Goiás",1685,784,"Menor porte",1,12.76,"Cluster 3",8.89,1,"Cluster 3 - Menor porte","Menor porte (<20 mil)"
"5469","Monte Alegre de Goiás","Goiás",6692,1623,"Menor porte",0,0,"Cluster 2",16.92,3,"Cluster 2 - Menor porte","Menor porte (<20 mil)"
"5470","Montes Claros de Goiás","Goiás",8756,5320,"Menor porte",0,0,"Cluster 1",8.51,5,"Cluster 1 - Menor porte","Menor porte (<20 mil)"
"5471","Montividiu","Goiás",12521,9087,"Menor porte",4,4.4,"Cluster 1",8.51,8,"Cluster 1 - Menor porte","Menor porte (<20 mil)"
"5472","Montividiu do Norte","Goiás",3779,1641,"Menor porte",0,0,"Cluster 2",16.92,3,"Cluster 2 - Menor porte","Menor porte (<20 mil)"
"5473","Morrinhos","Goiás",51351,38179,"Médio porte",1,0.26,"Cluster 1",2.7,10,"Cluster 1 - Médio porte","Médio porte (>20 mil e <100 mil)"
"5474","Morro Agudo de Goiás","Goiás",2456,1663,"Menor porte",0,0,"Cluster 1",8.51,1,"Cluster 1 - Menor porte","Menor porte (<20 mil)"
"5475","Mossâmedes","Goiás",4654,2675,"Menor porte",2,7.48,"Cluster 3",8.89,2,"Cluster 3 - Menor porte","Menor porte (<20 mil)"
"5476","Mozarlândia","Goiás",14750,10253,"Menor porte",12,11.7,"Cluster 1",8.51,9,"Cluster 1 - Menor porte","Menor porte (<20 mil)"
"5477","Mundo Novo","Goiás",6189,3160,"Menor porte",0,0,"Cluster 3",8.89,3,"Cluster 3 - Menor porte","Menor porte (<20 mil)"
"5478","Mutunópolis","Goiás",3564,2187,"Menor porte",0,0,"Cluster 3",8.89,2,"Cluster 3 - Menor porte","Menor porte (<20 mil)"
"5479","Nazário","Goiás",8189,4350,"Menor porte",10,22.99,"Cluster 3",8.89,4,"Cluster 3 - Menor porte","Menor porte (<20 mil)"
"5480","Nerópolis","Goiás",31932,20093,"Médio porte",14,6.97,"Cluster 1",2.7,5,"Cluster 1 - Médio porte","Médio porte (>20 mil e <100 mil)"
"5481","Niquelândia","Goiás",34964,24677,"Médio porte",0,0,"Cluster 1",2.7,7,"Cluster 1 - Médio porte","Médio porte (>20 mil e <100 mil)"
"5482","Nova América","Goiás",2337,1556,"Menor porte",0,0,"Cluster 3",8.89,1,"Cluster 3 - Menor porte","Menor porte (<20 mil)"
"5483","Nova Aurora","Goiás",2101,1447,"Menor porte",2,13.82,"Cluster 1",8.51,1,"Cluster 1 - Menor porte","Menor porte (<20 mil)"
"5484","Nova Crixás","Goiás",12815,6903,"Menor porte",0,0,"Cluster 3",8.89,6,"Cluster 3 - Menor porte","Menor porte (<20 mil)"
"5485","Nova Glória","Goiás",8310,5127,"Menor porte",5,9.75,"Cluster 3",8.89,5,"Cluster 3 - Menor porte","Menor porte (<20 mil)"
"5486","Nova Iguaçu de Goiás","Goiás",3010,1295,"Menor porte",0,0,"Cluster 3",8.89,1,"Cluster 3 - Menor porte","Menor porte (<20 mil)"
"5487","Nova Roma","Goiás",3076,974,"Menor porte",0,0,"Cluster 2",16.92,2,"Cluster 2 - Menor porte","Menor porte (<20 mil)"
"5488","Nova Veneza","Goiás",9481,5203,"Menor porte",6,11.53,"Cluster 3",8.89,5,"Cluster 3 - Menor porte","Menor porte (<20 mil)"
"5489","Novo Brasil","Goiás",3527,2260,"Menor porte",0,0,"Cluster 1",8.51,2,"Cluster 1 - Menor porte","Menor porte (<20 mil)"
"5490","Novo Gama","Goiás",103804,20374,"Maior porte",9,4.42,"Cluster 3",3.72,8,"Cluster 3 - Maior porte","Maior porte (>100 mil)"
"5491","Novo Planalto","Goiás",3716,1942,"Menor porte",0,0,"Cluster 3",8.89,2,"Cluster 3 - Menor porte","Menor porte (<20 mil)"
"5492","Orizona","Goiás",16399,11764,"Menor porte",1,0.85,"Cluster 1",8.51,10,"Cluster 1 - Menor porte","Menor porte (<20 mil)"
"5493","Ouro Verde de Goiás","Goiás",4057,2149,"Menor porte",0,0,"Cluster 3",8.89,2,"Cluster 3 - Menor porte","Menor porte (<20 mil)"
"5494","Ouvidor","Goiás",7200,3897,"Menor porte",2,5.13,"Cluster 1",8.51,3,"Cluster 1 - Menor porte","Menor porte (<20 mil)"
"5495","Padre Bernardo","Goiás",34967,8555,"Médio porte",0,0,"Cluster 3",4.29,4,"Cluster 3 - Médio porte","Médio porte (>20 mil e <100 mil)"
"5496","Palestina de Goiás","Goiás",3132,1513,"Menor porte",0,0,"Cluster 3",8.89,1,"Cluster 3 - Menor porte","Menor porte (<20 mil)"
"5497","Palmeiras de Goiás","Goiás",31858,20723,"Médio porte",6,2.9,"Cluster 1",2.7,6,"Cluster 1 - Médio porte","Médio porte (>20 mil e <100 mil)"
"5498","Palmelo","Goiás",2259,1282,"Menor porte",7,54.6,"Cluster 3",8.89,1,"Cluster 3 - Menor porte","Menor porte (<20 mil)"
"5499","Palminópolis","Goiás",3851,2787,"Menor porte",1,3.59,"Cluster 1",8.51,2,"Cluster 1 - Menor porte","Menor porte (<20 mil)"
"5500","Panamá","Goiás",2455,1332,"Menor porte",0,0,"Cluster 3",8.89,1,"Cluster 3 - Menor porte","Menor porte (<20 mil)"
"5501","Paranaiguara","Goiás",7607,5551,"Menor porte",2,3.6,"Cluster 3",8.89,5,"Cluster 3 - Menor porte","Menor porte (<20 mil)"
"5502","Paraúna","Goiás",10659,9004,"Menor porte",3,3.33,"Cluster 1",8.51,8,"Cluster 1 - Menor porte","Menor porte (<20 mil)"
"5503","Perolândia","Goiás",2964,1508,"Menor porte",0,0,"Cluster 1",8.51,1,"Cluster 1 - Menor porte","Menor porte (<20 mil)"
"5504","Petrolina de Goiás","Goiás",9573,5242,"Menor porte",11,20.98,"Cluster 3",8.89,5,"Cluster 3 - Menor porte","Menor porte (<20 mil)"
"5505","Pilar de Goiás","Goiás",2328,950,"Menor porte",0,0,"Cluster 3",8.89,1,"Cluster 3 - Menor porte","Menor porte (<20 mil)"
"5506","Piracanjuba","Goiás",24883,20048,"Médio porte",5,2.49,"Cluster 1",2.7,5,"Cluster 1 - Médio porte","Médio porte (>20 mil e <100 mil)"
"5507","Piranhas","Goiás",11712,8570,"Menor porte",0,0,"Cluster 1",8.51,7,"Cluster 1 - Menor porte","Menor porte (<20 mil)"
"5508","Pirenópolis","Goiás",26690,15679,"Médio porte",14,8.93,"Cluster 3",4.29,7,"Cluster 3 - Médio porte","Médio porte (>20 mil e <100 mil)"
"5509","Pires do Rio","Goiás",32373,25769,"Médio porte",12,4.66,"Cluster 1",2.7,7,"Cluster 1 - Médio porte","Médio porte (>20 mil e <100 mil)"
"5510","Planaltina","Goiás",105031,26782,"Médio porte",6,2.24,"Cluster 3",4.29,12,"Cluster 3 - Médio porte","Médio porte (>20 mil e <100 mil)"
"5511","Pontalina","Goiás",18309,13778,"Menor porte",0,0,"Cluster 1",8.51,12,"Cluster 1 - Menor porte","Menor porte (<20 mil)"
"5512","Porangatu","Goiás",44317,40148,"Médio porte",13,3.24,"Cluster 1",2.7,11,"Cluster 1 - Médio porte","Médio porte (>20 mil e <100 mil)"
"5513","Porteirão","Goiás",4070,2179,"Menor porte",0,0,"Cluster 3",8.89,2,"Cluster 3 - Menor porte","Menor porte (<20 mil)"
"5514","Portelândia","Goiás",3280,1806,"Menor porte",0,0,"Cluster 3",8.89,2,"Cluster 3 - Menor porte","Menor porte (<20 mil)"
"5515","Posse","Goiás",34914,22377,"Médio porte",3,1.34,"Cluster 3",4.29,10,"Cluster 3 - Médio porte","Médio porte (>20 mil e <100 mil)"
"5516","Professor Jamil","Goiás",3649,1517,"Menor porte",0,0,"Cluster 3",8.89,1,"Cluster 3 - Menor porte","Menor porte (<20 mil)"
"5517","Quirinópolis","Goiás",48447,41376,"Médio porte",5,1.21,"Cluster 1",2.7,11,"Cluster 1 - Médio porte","Médio porte (>20 mil e <100 mil)"
"5518","Rialma","Goiás",12165,9515,"Menor porte",10,10.51,"Cluster 1",8.51,8,"Cluster 1 - Menor porte","Menor porte (<20 mil)"
"5519","Rianápolis","Goiás",3980,3326,"Menor porte",5,15.03,"Cluster 3",8.89,3,"Cluster 3 - Menor porte","Menor porte (<20 mil)"
"5520","Rio Quente","Goiás",3864,2356,"Menor porte",8,33.96,"Cluster 1",8.51,2,"Cluster 1 - Menor porte","Menor porte (<20 mil)"
"5521","Rio Verde","Goiás",225696,181273,"Maior porte",81,4.47,"Cluster 1",3.23,59,"Cluster 1 - Maior porte","Maior porte (>100 mil)"
"5522","Rubiataba","Goiás",19788,15606,"Menor porte",0,0,"Cluster 1",8.51,13,"Cluster 1 - Menor porte","Menor porte (<20 mil)"
"5523","Sanclerlândia","Goiás",7918,6548,"Menor porte",0,0,"Cluster 1",8.51,6,"Cluster 1 - Menor porte","Menor porte (<20 mil)"
"5524","Santa Bárbara de Goiás","Goiás",6149,3529,"Menor porte",6,17,"Cluster 3",8.89,3,"Cluster 3 - Menor porte","Menor porte (<20 mil)"
"5525","Santa Cruz de Goiás","Goiás",3002,997,"Menor porte",7,70.21,"Cluster 3",8.89,1,"Cluster 3 - Menor porte","Menor porte (<20 mil)"
"5526","Santa Fé de Goiás","Goiás",4951,2965,"Menor porte",3,10.12,"Cluster 3",8.89,3,"Cluster 3 - Menor porte","Menor porte (<20 mil)"
"5527","Santa Helena de Goiás","Goiás",38492,31045,"Médio porte",0,0,"Cluster 1",2.7,8,"Cluster 1 - Médio porte","Médio porte (>20 mil e <100 mil)"
"5528","Santa Isabel","Goiás",3538,1603,"Menor porte",0,0,"Cluster 3",8.89,1,"Cluster 3 - Menor porte","Menor porte (<20 mil)"
"5529","Santa Rita do Araguaia","Goiás",5924,4655,"Menor porte",1,2.15,"Cluster 3",8.89,4,"Cluster 3 - Menor porte","Menor porte (<20 mil)"
"5530","Santa Rita do Novo Destino","Goiás",2689,745,"Menor porte",0,0,"Cluster 2",16.92,1,"Cluster 2 - Menor porte","Menor porte (<20 mil)"
"5531","Santa Rosa de Goiás","Goiás",2820,1917,"Menor porte",0,0,"Cluster 1",8.51,2,"Cluster 1 - Menor porte","Menor porte (<20 mil)"
"5532","Santa Tereza de Goiás","Goiás",3293,2160,"Menor porte",5,23.15,"Cluster 3",8.89,2,"Cluster 3 - Menor porte","Menor porte (<20 mil)"
"5533","Santa Terezinha de Goiás","Goiás",10645,5770,"Menor porte",4,6.93,"Cluster 3",8.89,5,"Cluster 3 - Menor porte","Menor porte (<20 mil)"
"5534","Santo Antônio da Barra","Goiás",4267,1769,"Menor porte",1,5.65,"Cluster 3",8.89,2,"Cluster 3 - Menor porte","Menor porte (<20 mil)"
"5535","Santo Antônio de Goiás","Goiás",7386,3811,"Menor porte",9,23.62,"Cluster 3",8.89,3,"Cluster 3 - Menor porte","Menor porte (<20 mil)"
"5536","Santo Antônio do Descoberto","Goiás",72127,13636,"Médio porte",0,0,"Cluster 3",4.29,6,"Cluster 3 - Médio porte","Médio porte (>20 mil e <100 mil)"
"5537","São Domingos","Goiás",9711,2877,"Menor porte",0,0,"Cluster 2",16.92,5,"Cluster 2 - Menor porte","Menor porte (<20 mil)"
"5538","São Francisco de Goiás","Goiás",6378,3061,"Menor porte",10,32.67,"Cluster 3",8.89,3,"Cluster 3 - Menor porte","Menor porte (<20 mil)"
"5539","São João da Paraúna","Goiás",1774,1297,"Menor porte",1,7.71,"Cluster 1",8.51,1,"Cluster 1 - Menor porte","Menor porte (<20 mil)"
"5540","São João d'Aliança","Goiás",14041,4016,"Menor porte",1,2.49,"Cluster 3",8.89,4,"Cluster 3 - Menor porte","Menor porte (<20 mil)"
"5541","São Luís de Montes Belos","Goiás",33852,28760,"Médio porte",7,2.43,"Cluster 1",2.7,8,"Cluster 1 - Médio porte","Médio porte (>20 mil e <100 mil)"
"5542","São Luiz do Norte","Goiás",4837,2356,"Menor porte",6,25.47,"Cluster 3",8.89,2,"Cluster 3 - Menor porte","Menor porte (<20 mil)"
"5543","São Miguel do Araguaia","Goiás",21900,17157,"Médio porte",4,2.33,"Cluster 1",2.7,5,"Cluster 1 - Médio porte","Médio porte (>20 mil e <100 mil)"
"5544","São Miguel do Passa Quatro","Goiás",4464,2033,"Menor porte",0,0,"Cluster 3",8.89,2,"Cluster 3 - Menor porte","Menor porte (<20 mil)"
"5545","São Patrício","Goiás",2143,1107,"Menor porte",0,0,"Cluster 3",8.89,1,"Cluster 3 - Menor porte","Menor porte (<20 mil)"
"5546","São Simão","Goiás",17020,11084,"Médio porte",4,3.61,"Cluster 1",2.7,3,"Cluster 1 - Médio porte","Médio porte (>20 mil e <100 mil)"
"5547","Senador Canedo","Goiás",155635,74488,"Maior porte",56,7.52,"Cluster 1",3.23,24,"Cluster 1 - Maior porte","Maior porte (>100 mil)"
"5548","Serranópolis","Goiás",8027,3890,"Menor porte",0,0,"Cluster 3",8.89,3,"Cluster 3 - Menor porte","Menor porte (<20 mil)"
"5549","Silvânia","Goiás",22245,15353,"Médio porte",4,2.61,"Cluster 1",2.7,4,"Cluster 1 - Médio porte","Médio porte (>20 mil e <100 mil)"
"5550","Simolândia","Goiás",5742,3247,"Menor porte",0,0,"Cluster 3",8.89,3,"Cluster 3 - Menor porte","Menor porte (<20 mil)"
"5551","Sítio d'Abadia","Goiás",2927,675,"Menor porte",0,0,"Cluster 2",16.92,1,"Cluster 2 - Menor porte","Menor porte (<20 mil)"
"5552","Taquaral de Goiás","Goiás",4026,2250,"Menor porte",4,17.78,"Cluster 3",8.89,2,"Cluster 3 - Menor porte","Menor porte (<20 mil)"
"5553","Teresina de Goiás","Goiás",2701,706,"Menor porte",3,42.49,"Cluster 2",16.92,1,"Cluster 2 - Menor porte","Menor porte (<20 mil)"
"5554","Terezópolis de Goiás","Goiás",7944,3651,"Menor porte",9,24.65,"Cluster 3",8.89,3,"Cluster 3 - Menor porte","Menor porte (<20 mil)"
"5555","Três Ranchos","Goiás",2921,1684,"Menor porte",0,0,"Cluster 1",8.51,1,"Cluster 1 - Menor porte","Menor porte (<20 mil)"
"5556","Trindade","Goiás",142431,81114,"Maior porte",26,3.21,"Cluster 3",3.72,30,"Cluster 3 - Maior porte","Maior porte (>100 mil)"
"5557","Trombas","Goiás",3120,1794,"Menor porte",0,0,"Cluster 3",8.89,2,"Cluster 3 - Menor porte","Menor porte (<20 mil)"
"5558","Turvânia","Goiás",4480,3060,"Menor porte",2,6.54,"Cluster 3",8.89,3,"Cluster 3 - Menor porte","Menor porte (<20 mil)"
"5559","Turvelândia","Goiás",4985,2096,"Menor porte",0,0,"Cluster 3",8.89,2,"Cluster 3 - Menor porte","Menor porte (<20 mil)"
"5560","Uirapuru","Goiás",2798,1182,"Menor porte",0,0,"Cluster 3",8.89,1,"Cluster 3 - Menor porte","Menor porte (<20 mil)"
"5561","Uruaçu","Goiás",42546,34720,"Médio porte",18,5.18,"Cluster 1",2.7,9,"Cluster 1 - Médio porte","Médio porte (>20 mil e <100 mil)"
"5562","Uruana","Goiás",13729,10182,"Menor porte",0,0,"Cluster 1",8.51,9,"Cluster 1 - Menor porte","Menor porte (<20 mil)"
"5563","Urutaí","Goiás",3553,1761,"Menor porte",3,17.04,"Cluster 1",8.51,1,"Cluster 1 - Menor porte","Menor porte (<20 mil)"
"5564","Valparaíso de Goiás","Goiás",198861,42181,"Maior porte",12,2.84,"Cluster 3",3.72,16,"Cluster 3 - Maior porte","Maior porte (>100 mil)"
"5565","Varjão","Goiás",3716,2461,"Menor porte",0,0,"Cluster 3",8.89,2,"Cluster 3 - Menor porte","Menor porte (<20 mil)"
"5566","Vianópolis","Goiás",14956,12527,"Menor porte",9,7.18,"Cluster 1",8.51,11,"Cluster 1 - Menor porte","Menor porte (<20 mil)"
"5567","Vicentinópolis","Goiás",8768,6254,"Menor porte",0,0,"Cluster 1",8.51,5,"Cluster 1 - Menor porte","Menor porte (<20 mil)"
"5568","Vila Boa","Goiás",4215,1012,"Menor porte",0,0,"Cluster 2",16.92,2,"Cluster 2 - Menor porte","Menor porte (<20 mil)"
"5569","Vila Propício","Goiás",5815,1331,"Menor porte",3,22.54,"Cluster 2",16.92,2,"Cluster 2 - Menor porte","Menor porte (<20 mil)"
"5570","Brasília","Distrito Federal",2817381,2083081,"Maior porte",0,0,"Cluster 2",3.54,738,"Cluster 2 - Maior porte","Maior porte (>100 mil)"
