"","codigo","IDHM"
"1","110001",0.641
"2","110002",0.702
"3","110003",0.65
"4","110004",0.718
"5","110005",0.692
"6","110006",0.685
"7","110007",0.613
"8","110008",0.611
"9","110009",0.672
"10","110010",0.657
"11","110011",0.689
"12","110012",0.714
"13","110013",0.596
"14","110014",0.643
"15","110015",0.682
"16","110018",0.71
"17","110020",0.736
"18","110025",0.664
"19","110026",0.643
"20","110028",0.7
"21","110029",0.67
"22","110030",0.731
"23","110032",0.646
"24","110033",0.587
"25","110034",0.643
"26","110037",0.592
"27","110040",0.625
"28","110045",0.616
"29","110050",0.634
"30","110060",0.646
"31","110070",0.593
"32","110080",0.649
"33","110090",0.658
"34","110092",0.652
"35","110094",0.612
"36","110100",0.596
"37","110110",0.614
"38","110120",0.638
"39","110130",0.643
"40","110140",0.607
"41","110143",0.587
"42","110145",0.617
"43","110146",0.665
"44","110147",0.641
"45","110148",0.649
"46","110149",0.611
"47","110150",0.598
"48","110155",0.643
"49","110160",0.589
"50","110170",0.609
"51","110175",0.584
"52","110180",0.627
"53","120001",0.604
"54","120005",0.588
"55","120010",0.614
"56","120013",0.589
"57","120017",0.575
"58","120020",0.664
"59","120025",0.653
"60","120030",0.539
"61","120032",0.469
"62","120033",0.625
"63","120034",0.551
"64","120035",0.501
"65","120038",0.622
"66","120039",0.532
"67","120040",0.727
"68","120042",0.567
"69","120043",0.517
"70","120045",0.64
"71","120050",0.603
"72","120060",0.539
"73","120070",0.599
"74","120080",0.576
"75","130002",0.527
"76","130006",0.56
"77","130008",0.594
"78","130010",0.561
"79","130014",0.637
"80","130020",0.45
"81","130030",0.577
"82","130040",0.5
"83","130050",0.574
"84","130060",0.574
"85","130063",0.506
"86","130068",0.565
"87","130070",0.588
"88","130080",0.56
"89","130083",0.569
"90","130090",0.53
"91","130100",0.549
"92","130110",0.557
"93","130115",0.568
"94","130120",0.586
"95","130130",0.563
"96","130140",0.563
"97","130150",0.509
"98","130160",0.53
"99","130165",0.532
"100","130170",0.605
"101","130180",0.481
"102","130185",0.613
"103","130190",0.644
"104","130195",0.477
"105","130200",0.654
"106","130210",0.522
"107","130220",0.522
"108","130230",0.516
"109","130240",0.531
"110","130250",0.614
"111","130255",0.596
"112","130260",0.737
"113","130270",0.582
"114","130280",0.498
"115","130290",0.588
"116","130300",0.586
"117","130310",0.558
"118","130320",0.57
"119","130330",0.554
"120","130340",0.658
"121","130350",0.496
"122","130353",0.647
"123","130356",0.611
"124","130360",0.479
"125","130370",0.49
"126","130380",0.609
"127","130390",0.521
"128","130395",0.577
"129","130400",0.632
"130","130406",0.616
"131","130410",0.502
"132","130420",0.639
"133","130423",0.548
"134","130426",0.527
"135","130430",0.62
"136","130440",0.588
"137","140002",0.484
"138","140005",0.542
"139","140010",0.752
"140","140015",0.626
"141","140017",0.619
"142","140020",0.624
"143","140023",0.639
"144","140028",0.582
"145","140030",0.665
"146","140040",0.594
"147","140045",0.65
"148","140047",0.619
"149","140050",0.655
"150","140060",0.649
"151","140070",0.453
"152","150010",0.628
"153","150013",0.622
"154","150020",0.506
"155","150030",0.489
"156","150034",0.564
"157","150040",0.564
"158","150050",0.642
"159","150060",0.665
"160","150070",0.484
"161","150080",0.718
"162","150085",0.548
"163","150090",0.52
"164","150095",0.519
"165","150100",0.541
"166","150110",0.471
"167","150120",0.578
"168","150125",0.594
"169","150130",0.662
"170","150140",0.746
"171","150145",0.588
"172","150150",0.665
"173","150157",0.589
"174","150160",0.546
"175","150170",0.6
"176","150172",0.613
"177","150175",0.591
"178","150178",0.568
"179","150180",0.503
"180","150190",0.552
"181","150195",0.473
"182","150200",0.546
"183","150210",0.577
"184","150215",0.673
"185","150220",0.655
"186","150230",0.548
"187","150240",0.673
"188","150250",0.453
"189","150260",0.602
"190","150270",0.64
"191","150275",0.566
"192","150276",0.55
"193","150277",0.636
"194","150280",0.502
"195","150285",0.578
"196","150290",0.582
"197","150293",0.615
"198","150295",0.56
"199","150300",0.563
"200","150304",0.583
"201","150307",0.526
"202","150309",0.56
"203","150310",0.509
"204","150320",0.595
"205","150330",0.547
"206","150340",0.572
"207","150345",0.489
"208","150350",0.559
"209","150360",0.64
"210","150370",0.528
"211","150375",0.505
"212","150380",0.622
"213","150390",0.592
"214","150400",0.541
"215","150405",0.599
"216","150410",0.597
"217","150420",0.668
"218","150430",0.57
"219","150440",0.609
"220","150442",0.676
"221","150445",0.582
"222","150450",0.418
"223","150460",0.575
"224","150470",0.547
"225","150480",0.589
"226","150490",0.547
"227","150495",0.502
"228","150497",0.581
"229","150500",0.609
"230","150503",0.673
"231","150506",0.537
"232","150510",0.594
"233","150520",0.507
"234","150530",0.623
"235","150540",0.568
"236","150543",0.624
"237","150548",0.515
"238","150549",0.589
"239","150550",0.645
"240","150553",0.715
"241","150555",0.574
"242","150560",0.581
"243","150563",0.563
"244","150565",0.552
"245","150570",0.562
"246","150580",0.483
"247","150590",0.503
"248","150600",0.523
"249","150610",0.577
"250","150611",0.543
"251","150613",0.672
"252","150616",0.638
"253","150618",0.602
"254","150619",0.548
"255","150620",0.647
"256","150630",0.608
"257","150635",0.627
"258","150640",0.557
"259","150650",0.659
"260","150655",0.546
"261","150658",0.544
"262","150660",0.598
"263","150670",0.602
"264","150680",0.691
"265","150690",0.587
"266","150700",0.632
"267","150710",0.585
"268","150715",0.594
"269","150720",0.532
"270","150730",0.594
"271","150740",0.608
"272","150745",0.595
"273","150746",0.583
"274","150747",0.539
"275","150750",0.55
"276","150760",0.591
"277","150770",0.558
"278","150775",0.59
"279","150780",0.514
"280","150790",0.615
"281","150795",0.588
"282","150796",0.605
"283","150797",0.635
"284","150800",0.586
"285","150803",0.531
"286","150805",0.562
"287","150808",0.659
"288","150810",0.666
"289","150812",0.604
"290","150815",0.589
"291","150820",0.617
"292","150830",0.515
"293","150835",0.596
"294","150840",0.646
"295","160005",0.709
"296","160010",0.642
"297","160015",0.626
"298","160020",0.643
"299","160021",0.628
"300","160023",0.656
"301","160025",0.576
"302","160027",0.665
"303","160030",0.733
"304","160040",0.592
"305","160050",0.658
"306","160053",0.64
"307","160055",0.614
"308","160060",0.692
"309","160070",0.592
"310","160080",0.619
"311","170025",0.665
"312","170030",0.657
"313","170035",0.663
"314","170040",0.636
"315","170070",0.708
"316","170100",0.671
"317","170105",0.648
"318","170110",0.651
"319","170130",0.593
"320","170190",0.639
"321","170200",0.675
"322","170210",0.752
"323","170215",0.604
"324","170220",0.631
"325","170230",0.68
"326","170240",0.651
"327","170255",0.67
"328","170270",0.677
"329","170290",0.627
"330","170300",0.642
"331","170305",0.638
"332","170307",0.603
"333","170310",0.642
"334","170320",0.638
"335","170330",0.66
"336","170360",0.684
"337","170370",0.686
"338","170380",0.627
"339","170382",0.627
"340","170384",0.544
"341","170386",0.662
"342","170388",0.64
"343","170389",0.594
"344","170390",0.658
"345","170410",0.569
"346","170460",0.619
"347","170510",0.62
"348","170550",0.701
"349","170555",0.697
"350","170560",0.592
"351","170600",0.605
"352","170610",0.673
"353","170625",0.644
"354","170650",0.581
"355","170700",0.701
"356","170710",0.683
"357","170720",0.583
"358","170730",0.679
"359","170740",0.57
"360","170755",0.697
"361","170765",0.689
"362","170770",0.621
"363","170820",0.67
"364","170825",0.659
"365","170830",0.621
"366","170900",0.576
"367","170930",0.741
"368","170950",0.759
"369","170980",0.62
"370","171050",0.612
"371","171070",0.616
"372","171090",0.601
"373","171110",0.65
"374","171150",0.662
"375","171180",0.584
"376","171190",0.627
"377","171195",0.579
"378","171200",0.675
"379","171215",0.66
"380","171240",0.57
"381","171245",0.639
"382","171250",0.631
"383","171270",0.607
"384","171280",0.58
"385","171320",0.684
"386","171330",0.662
"387","171360",0.622
"388","171370",0.62
"389","171380",0.628
"390","171395",0.596
"391","171420",0.673
"392","171430",0.643
"393","171488",0.631
"394","171500",0.661
"395","171510",0.639
"396","171515",0.699
"397","171525",0.596
"398","171550",0.675
"399","171570",0.571
"400","171575",0.673
"401","171610",0.764
"402","171620",0.595
"403","171630",0.661
"404","171650",0.732
"405","171660",0.674
"406","171665",0.627
"407","171670",0.671
"408","171700",0.605
"409","171720",0.621
"410","171750",0.65
"411","171780",0.603
"412","171790",0.624
"413","171800",0.645
"414","171820",0.74
"415","171830",0.583
"416","171840",0.669
"417","171845",0.669
"418","171850",0.5
"419","171855",0.572
"420","171865",0.608
"421","171870",0.616
"422","171875",0.6
"423","171880",0.606
"424","171884",0.659
"425","171886",0.616
"426","171888",0.634
"427","171889",0.651
"428","171890",0.595
"429","171900",0.662
"430","172000",0.637
"431","172010",0.605
"432","172015",0.574
"433","172020",0.623
"434","172025",0.605
"435","172030",0.573
"436","172049",0.643
"437","172065",0.675
"438","172080",0.604
"439","172085",0.667
"440","172090",0.634
"441","172093",0.601
"442","172097",0.654
"443","172100",0.788
"444","172110",0.589
"445","172120",0.681
"446","172125",0.67
"447","172130",0.587
"448","172208",0.638
"449","172210",0.671
"450","210005",0.672
"451","210010",0.529
"452","210015",0.5
"453","210020",0.573
"454","210030",0.513
"455","210040",0.549
"456","210043",0.554
"457","210047",0.558
"458","210050",0.633
"459","210055",0.52
"460","210060",0.555
"461","210070",0.581
"462","210080",0.581
"463","210083",0.568
"464","210087",0.533
"465","210090",0.521
"466","210095",0.512
"467","210100",0.626
"468","210110",0.641
"469","210120",0.651
"470","210125",0.629
"471","210130",0.578
"472","210135",0.537
"473","210140",0.687
"474","210150",0.592
"475","210160",0.606
"476","210170",0.57
"477","210173",0.512
"478","210177",0.554
"479","210180",0.546
"480","210190",0.601
"481","210193",0.604
"482","210197",0.545
"483","210200",0.538
"484","210203",0.558
"485","210207",0.562
"486","210210",0.562
"487","210215",0.519
"488","210220",0.548
"489","210230",0.59
"490","210232",0.556
"491","210235",0.583
"492","210237",0.537
"493","210240",0.553
"494","210250",0.523
"495","210255",0.652
"496","210260",0.561
"497","210270",0.565
"498","210275",0.537
"499","210280",0.634
"500","210290",0.574
"501","210300",0.624
"502","210310",0.605
"503","210312",0.585
"504","210315",0.542
"505","210317",0.518
"506","210320",0.604
"507","210325",0.6
"508","210330",0.595
"509","210340",0.564
"510","210350",0.596
"511","210355",0.512
"512","210360",0.576
"513","210370",0.612
"514","210375",0.607
"515","210380",0.622
"516","210390",0.533
"517","210400",0.586
"518","210405",0.659
"519","210407",0.532
"520","210408",0.443
"521","210409",0.556
"522","210410",0.616
"523","210420",0.58
"524","210430",0.604
"525","210440",0.568
"526","210450",0.565
"527","210455",0.629
"528","210460",0.572
"529","210462",0.544
"530","210465",0.521
"531","210467",0.569
"532","210470",0.57
"533","210480",0.609
"534","210490",0.625
"535","210500",0.535
"536","210510",0.546
"537","210515",0.569
"538","210520",0.614
"539","210530",0.731
"540","210535",0.518
"541","210540",0.599
"542","210542",0.63
"543","210545",0.561
"544","210547",0.49
"545","210550",0.641
"546","210560",0.561
"547","210565",0.552
"548","210570",0.589
"549","210580",0.581
"550","210590",0.557
"551","210592",0.566
"552","210594",0.602
"553","210596",0.502
"554","210598",0.589
"555","210600",0.581
"556","210610",0.582
"557","210620",0.588
"558","210630",0.567
"559","210632",0.582
"560","210635",0.452
"561","210637",0.55
"562","210640",0.57
"563","210650",0.619
"564","210660",0.55
"565","210663",0.533
"566","210667",0.527
"567","210670",0.545
"568","210675",0.61
"569","210680",0.622
"570","210690",0.546
"571","210700",0.575
"572","210710",0.548
"573","210720",0.585
"574","210725",0.566
"575","210730",0.584
"576","210735",0.581
"577","210740",0.589
"578","210745",0.575
"579","210750",0.724
"580","210760",0.556
"581","210770",0.58
"582","210780",0.542
"583","210790",0.532
"584","210800",0.61
"585","210805",0.561
"586","210810",0.549
"587","210820",0.682
"588","210825",0.516
"589","210830",0.554
"590","210840",0.599
"591","210845",0.564
"592","210850",0.633
"593","210860",0.637
"594","210870",0.541
"595","210880",0.576
"596","210890",0.576
"597","210900",0.684
"598","210905",0.615
"599","210910",0.653
"600","210920",0.563
"601","210923",0.591
"602","210927",0.557
"603","210930",0.587
"604","210940",0.512
"605","210945",0.626
"606","210950",0.576
"607","210955",0.615
"608","210960",0.632
"609","210970",0.565
"610","210975",0.525
"611","210980",0.571
"612","210990",0.674
"613","211000",0.55
"614","211003",0.599
"615","211010",0.555
"616","211020",0.609
"617","211023",0.51
"618","211027",0.518
"619","211030",0.566
"620","211040",0.541
"621","211050",0.602
"622","211060",0.572
"623","211065",0.59
"624","211070",0.582
"625","211080",0.557
"626","211085",0.584
"627","211090",0.528
"628","211100",0.598
"629","211102",0.509
"630","211105",0.609
"631","211107",0.517
"632","211110",0.615
"633","211120",0.708
"634","211125",0.557
"635","211130",0.768
"636","211140",0.54
"637","211150",0.616
"638","211153",0.605
"639","211157",0.6
"640","211160",0.61
"641","211163",0.516
"642","211167",0.516
"643","211170",0.592
"644","211172",0.493
"645","211174",0.538
"646","211176",0.602
"647","211178",0.519
"648","211180",0.564
"649","211190",0.579
"650","211195",0.568
"651","211200",0.599
"652","211210",0.537
"653","211220",0.649
"654","211223",0.606
"655","211227",0.555
"656","211230",0.572
"657","211240",0.561
"658","211245",0.536
"659","211250",0.561
"660","211260",0.588
"661","211270",0.542
"662","211280",0.618
"663","211285",0.581
"664","211290",0.596
"665","211300",0.57
"666","211400",0.595
"667","220005",0.528
"668","220010",0.599
"669","220020",0.639
"670","220025",0.531
"671","220027",0.585
"672","220030",0.585
"673","220040",0.614
"674","220045",0.578
"675","220050",0.598
"676","220060",0.63
"677","220070",0.594
"678","220080",0.62
"679","220090",0.583
"680","220095",0.519
"681","220100",0.56
"682","220105",0.499
"683","220110",0.554
"684","220115",0.564
"685","220117",0.577
"686","220120",0.595
"687","220130",0.557
"688","220140",0.612
"689","220150",0.545
"690","220155",0.576
"691","220157",0.551
"692","220160",0.557
"693","220170",0.612
"694","220173",0.489
"695","220177",0.575
"696","220180",0.632
"697","220190",0.668
"698","220191",0.532
"699","220192",0.542
"700","220194",0.56
"701","220196",0.577
"702","220198",0.515
"703","220200",0.565
"704","220202",0.574
"705","220205",0.583
"706","220207",0.562
"707","220208",0.546
"708","220209",0.588
"709","220210",0.544
"710","220211",0.537
"711","220213",0.56
"712","220217",0.528
"713","220220",0.656
"714","220225",0.583
"715","220230",0.576
"716","220240",0.583
"717","220245",0.553
"718","220250",0.552
"719","220253",0.505
"720","220255",0.541
"721","220260",0.587
"722","220265",0.488
"723","220270",0.497
"724","220271",0.555
"725","220272",0.498
"726","220273",0.565
"727","220275",0.628
"728","220277",0.588
"729","220280",0.589
"730","220285",0.546
"731","220290",0.642
"732","220300",0.573
"733","220310",0.566
"734","220320",0.607
"735","220323",0.542
"736","220325",0.555
"737","220327",0.527
"738","220330",0.618
"739","220335",0.561
"740","220340",0.601
"741","220342",0.55
"742","220345",0.549
"743","220350",0.58
"744","220360",0.595
"745","220370",0.605
"746","220375",0.548
"747","220380",0.547
"748","220385",0.538
"749","220390",0.7
"750","220400",0.564
"751","220410",0.577
"752","220415",0.553
"753","220420",0.608
"754","220430",0.619
"755","220435",0.561
"756","220440",0.548
"757","220450",0.65
"758","220455",0.508
"759","220460",0.599
"760","220465",0.563
"761","220470",0.624
"762","220480",0.63
"763","220490",0.582
"764","220500",0.541
"765","220510",0.583
"766","220515",0.535
"767","220520",0.524
"768","220525",0.593
"769","220527",0.566
"770","220530",0.591
"771","220535",0.561
"772","220540",0.522
"773","220545",0.504
"774","220550",0.618
"775","220551",0.57
"776","220552",0.582
"777","220553",0.555
"778","220554",0.597
"779","220555",0.55
"780","220556",0.502
"781","220557",0.529
"782","220558",0.583
"783","220559",0.541
"784","220560",0.584
"785","220570",0.541
"786","220580",0.545
"787","220585",0.563
"788","220590",0.573
"789","220595",0.562
"790","220600",0.59
"791","220605",0.525
"792","220610",0.562
"793","220620",0.539
"794","220630",0.623
"795","220635",0.508
"796","220640",0.615
"797","220650",0.561
"798","220660",0.578
"799","220665",0.542
"800","220667",0.55
"801","220669",0.53
"802","220670",0.576
"803","220672",0.602
"804","220675",0.586
"805","220680",0.533
"806","220690",0.562
"807","220695",0.528
"808","220700",0.634
"809","220710",0.576
"810","220720",0.541
"811","220730",0.575
"812","220735",0.559
"813","220740",0.557
"814","220750",0.562
"815","220755",0.509
"816","220760",0.575
"817","220770",0.687
"818","220775",0.561
"819","220777",0.563
"820","220779",0.514
"821","220780",0.6
"822","220785",0.526
"823","220790",0.571
"824","220793",0.562
"825","220795",0.554
"826","220800",0.698
"827","220810",0.566
"828","220820",0.564
"829","220830",0.596
"830","220840",0.635
"831","220850",0.549
"832","220855",0.563
"833","220860",0.565
"834","220865",0.515
"835","220870",0.589
"836","220880",0.591
"837","220885",0.541
"838","220887",0.52
"839","220890",0.601
"840","220900",0.572
"841","220910",0.601
"842","220915",0.577
"843","220920",0.544
"844","220930",0.588
"845","220935",0.574
"846","220937",0.567
"847","220940",0.584
"848","220945",0.619
"849","220950",0.613
"850","220955",0.596
"851","220960",0.61
"852","220965",0.485
"853","220970",0.57
"854","220975",0.56
"855","220980",0.616
"856","220985",0.559
"857","220987",0.515
"858","220990",0.582
"859","220995",0.559
"860","220997",0.523
"861","221000",0.645
"862","221005",0.565
"863","221010",0.573
"864","221020",0.552
"865","221030",0.594
"866","221035",0.595
"867","221037",0.554
"868","221038",0.563
"869","221039",0.535
"870","221040",0.556
"871","221050",0.595
"872","221060",0.661
"873","221062",0.536
"874","221063",0.562
"875","221065",0.581
"876","221070",0.575
"877","221080",0.627
"878","221090",0.561
"879","221093",0.586
"880","221095",0.501
"881","221097",0.579
"882","221100",0.751
"883","221110",0.577
"884","221120",0.631
"885","221130",0.647
"886","221135",0.553
"887","221140",0.571
"888","221150",0.503
"889","221160",0.565
"890","221170",0.544
"891","230010",0.628
"892","230015",0.606
"893","230020",0.601
"894","230030",0.595
"895","230040",0.569
"896","230050",0.6
"897","230060",0.602
"898","230070",0.601
"899","230075",0.606
"900","230080",0.599
"901","230090",0.618
"902","230100",0.641
"903","230110",0.655
"904","230120",0.615
"905","230125",0.59
"906","230130",0.564
"907","230140",0.622
"908","230150",0.618
"909","230160",0.6
"910","230170",0.605
"911","230180",0.627
"912","230185",0.606
"913","230190",0.683
"914","230195",0.616
"915","230200",0.599
"916","230205",0.571
"917","230210",0.619
"918","230220",0.638
"919","230230",0.623
"920","230240",0.598
"921","230250",0.647
"922","230260",0.62
"923","230270",0.63
"924","230280",0.612
"925","230290",0.611
"926","230300",0.592
"927","230310",0.596
"928","230320",0.578
"929","230330",0.597
"930","230340",0.593
"931","230350",0.646
"932","230360",0.618
"933","230365",0.609
"934","230370",0.682
"935","230380",0.627
"936","230390",0.586
"937","230393",0.585
"938","230395",0.604
"939","230400",0.61
"940","230410",0.644
"941","230420",0.713
"942","230423",0.59
"943","230425",0.632
"944","230426",0.609
"945","230427",0.61
"946","230428",0.701
"947","230430",0.633
"948","230435",0.644
"949","230440",0.754
"950","230445",0.624
"951","230450",0.604
"952","230460",0.568
"953","230465",0.57
"954","230470",0.559
"955","230480",0.585
"956","230490",0.633
"957","230495",0.617
"958","230500",0.609
"959","230510",0.637
"960","230520",0.597
"961","230523",0.658
"962","230526",0.577
"963","230530",0.608
"964","230533",0.606
"965","230535",0.616
"966","230540",0.606
"967","230550",0.677
"968","230560",0.632
"969","230565",0.579
"970","230570",0.606
"971","230580",0.618
"972","230590",0.573
"973","230600",0.652
"974","230610",0.605
"975","230620",0.656
"976","230625",0.626
"977","230630",0.623
"978","230640",0.64
"979","230650",0.604
"980","230655",0.606
"981","230660",0.562
"982","230670",0.612
"983","230680",0.618
"984","230690",0.621
"985","230700",0.624
"986","230710",0.614
"987","230720",0.651
"988","230725",0.652
"989","230730",0.694
"990","230740",0.598
"991","230750",0.613
"992","230760",0.682
"993","230763",0.61
"994","230765",0.686
"995","230770",0.659
"996","230780",0.612
"997","230790",0.599
"998","230800",0.616
"999","230810",0.605
"1000","230820",0.618
"1001","230830",0.628
"1002","230835",0.626
"1003","230837",0.592
"1004","230840",0.622
"1005","230850",0.582
"1006","230860",0.61
"1007","230870",0.61
"1008","230880",0.581
"1009","230890",0.588
"1010","230900",0.607
"1011","230910",0.607
"1012","230920",0.625
"1013","230930",0.614
"1014","230940",0.605
"1015","230945",0.594
"1016","230950",0.636
"1017","230960",0.659
"1018","230970",0.675
"1019","230980",0.635
"1020","230990",0.621
"1021","231000",0.638
"1022","231010",0.622
"1023","231020",0.637
"1024","231025",0.634
"1025","231030",0.57
"1026","231040",0.583
"1027","231050",0.603
"1028","231060",0.646
"1029","231070",0.629
"1030","231080",0.601
"1031","231085",0.636
"1032","231090",0.6
"1033","231095",0.591
"1034","231100",0.581
"1035","231110",0.622
"1036","231120",0.562
"1037","231123",0.604
"1038","231126",0.594
"1039","231130",0.659
"1040","231135",0.591
"1041","231140",0.642
"1042","231150",0.622
"1043","231160",0.626
"1044","231170",0.601
"1045","231180",0.674
"1046","231190",0.575
"1047","231195",0.54
"1048","231200",0.587
"1049","231210",0.612
"1050","231220",0.616
"1051","231230",0.611
"1052","231240",0.665
"1053","231250",0.654
"1054","231260",0.62
"1055","231270",0.619
"1056","231280",0.603
"1057","231290",0.714
"1058","231300",0.625
"1059","231310",0.645
"1060","231320",0.58
"1061","231325",0.576
"1062","231330",0.633
"1063","231335",0.584
"1064","231340",0.657
"1065","231350",0.606
"1066","231355",0.606
"1067","231360",0.648
"1068","231370",0.591
"1069","231375",0.587
"1070","231380",0.639
"1071","231390",0.566
"1072","231395",0.611
"1073","231400",0.629
"1074","231410",0.571
"1075","240010",0.679
"1076","240020",0.661
"1077","240030",0.585
"1078","240040",0.616
"1079","240050",0.606
"1080","240060",0.624
"1081","240070",0.672
"1082","240080",0.624
"1083","240090",0.578
"1084","240100",0.639
"1085","240110",0.682
"1086","240120",0.606
"1087","240130",0.621
"1088","240140",0.609
"1089","240145",0.574
"1090","240150",0.566
"1091","240160",0.582
"1092","240165",0.629
"1093","240170",0.584
"1094","240180",0.592
"1095","240185",0.574
"1096","240190",0.587
"1097","240200",0.71
"1098","240210",0.626
"1099","240220",0.579
"1100","240230",0.638
"1101","240240",0.659
"1102","240250",0.589
"1103","240260",0.616
"1104","240270",0.607
"1105","240280",0.587
"1106","240290",0.578
"1107","240300",0.654
"1108","240310",0.691
"1109","240320",0.621
"1110","240325",0.766
"1111","240330",0.629
"1112","240340",0.623
"1113","240350",0.558
"1114","240360",0.66
"1115","240370",0.636
"1116","240375",0.597
"1117","240380",0.642
"1118","240390",0.606
"1119","240400",0.597
"1120","240410",0.564
"1121","240420",0.638
"1122","240430",0.592
"1123","240440",0.664
"1124","240450",0.626
"1125","240460",0.55
"1126","240470",0.603
"1127","240480",0.679
"1128","240485",0.624
"1129","240490",0.614
"1130","240500",0.604
"1131","240510",0.569
"1132","240520",0.615
"1133","240530",0.574
"1134","240540",0.569
"1135","240550",0.565
"1136","240560",0.603
"1137","240570",0.663
"1138","240580",0.595
"1139","240590",0.53
"1140","240600",0.608
"1141","240610",0.601
"1142","240615",0.595
"1143","240620",0.601
"1144","240630",0.553
"1145","240640",0.589
"1146","240650",0.585
"1147","240660",0.582
"1148","240670",0.624
"1149","240680",0.625
"1150","240690",0.646
"1151","240700",0.608
"1152","240710",0.64
"1153","240720",0.665
"1154","240725",0.617
"1155","240730",0.609
"1156","240740",0.622
"1157","240750",0.608
"1158","240760",0.644
"1159","240770",0.557
"1160","240780",0.609
"1161","240790",0.598
"1162","240800",0.72
"1163","240810",0.763
"1164","240820",0.622
"1165","240830",0.629
"1166","240840",0.585
"1167","240850",0.645
"1168","240860",0.589
"1169","240870",0.603
"1170","240880",0.549
"1171","240890",0.676
"1172","240895",0.569
"1173","240910",0.606
"1174","240920",0.589
"1175","240930",0.618
"1176","240933",0.59
"1177","240940",0.678
"1178","240950",0.559
"1179","240960",0.558
"1180","240970",0.583
"1181","240980",0.568
"1182","240990",0.631
"1183","241000",0.614
"1184","241010",0.587
"1185","241020",0.621
"1186","241025",0.59
"1187","241030",0.563
"1188","241040",0.567
"1189","241050",0.608
"1190","241060",0.654
"1191","241070",0.584
"1192","241080",0.591
"1193","241090",0.592
"1194","241100",0.604
"1195","241105",0.635
"1196","241110",0.605
"1197","241120",0.635
"1198","241140",0.591
"1199","241142",0.642
"1200","241150",0.62
"1201","241160",0.555
"1202","241170",0.595
"1203","241180",0.608
"1204","241190",0.628
"1205","241200",0.661
"1206","241210",0.655
"1207","241220",0.611
"1208","241230",0.615
"1209","241240",0.694
"1210","241250",0.606
"1211","241255",0.591
"1212","241260",0.622
"1213","241270",0.589
"1214","241280",0.611
"1215","241290",0.585
"1216","241300",0.642
"1217","241310",0.583
"1218","241320",0.57
"1219","241330",0.582
"1220","241335",0.614
"1221","241340",0.597
"1222","241350",0.592
"1223","241355",0.598
"1224","241360",0.604
"1225","241370",0.572
"1226","241380",0.612
"1227","241390",0.569
"1228","241400",0.608
"1229","241410",0.592
"1230","241415",0.623
"1231","241420",0.645
"1232","241430",0.64
"1233","241440",0.572
"1234","241445",0.602
"1235","241450",0.618
"1236","241460",0.596
"1237","241470",0.626
"1238","241475",0.555
"1239","241480",0.587
"1240","241490",0.592
"1241","241500",0.576
"1242","250010",0.572
"1243","250020",0.597
"1244","250030",0.582
"1245","250040",0.576
"1246","250050",0.595
"1247","250053",0.578
"1248","250057",0.548
"1249","250060",0.582
"1250","250070",0.608
"1251","250073",0.606
"1252","250077",0.578
"1253","250080",0.549
"1254","250090",0.548
"1255","250100",0.567
"1256","250110",0.594
"1257","250115",0.562
"1258","250120",0.608
"1259","250130",0.548
"1260","250135",0.609
"1261","250140",0.581
"1262","250150",0.568
"1263","250153",0.558
"1264","250157",0.567
"1265","250160",0.562
"1266","250170",0.572
"1267","250180",0.649
"1268","250190",0.592
"1269","250200",0.578
"1270","250205",0.558
"1271","250210",0.599
"1272","250215",0.649
"1273","250220",0.597
"1274","250230",0.592
"1275","250240",0.574
"1276","250250",0.607
"1277","250260",0.61
"1278","250270",0.558
"1279","250280",0.597
"1280","250290",0.619
"1281","250300",0.602
"1282","250310",0.611
"1283","250320",0.748
"1284","250330",0.587
"1285","250340",0.596
"1286","250350",0.564
"1287","250355",0.523
"1288","250360",0.592
"1289","250370",0.679
"1290","250375",0.55
"1291","250380",0.568
"1292","250390",0.567
"1293","250400",0.72
"1294","250403",0.533
"1295","250407",0.585
"1296","250410",0.603
"1297","250415",0.514
"1298","250420",0.574
"1299","250430",0.64
"1300","250435",0.623
"1301","250440",0.592
"1302","250450",0.594
"1303","250460",0.618
"1304","250470",0.581
"1305","250480",0.592
"1306","250485",0.641
"1307","250490",0.552
"1308","250500",0.566
"1309","250510",0.591
"1310","250520",0.57
"1311","250523",0.524
"1312","250527",0.529
"1313","250530",0.606
"1314","250535",0.521
"1315","250540",0.58
"1316","250550",0.566
"1317","250560",0.593
"1318","250570",0.545
"1319","250580",0.603
"1320","250590",0.595
"1321","250600",0.623
"1322","250610",0.56
"1323","250620",0.641
"1324","250625",0.513
"1325","250630",0.673
"1326","250640",0.556
"1327","250650",0.625
"1328","250660",0.586
"1329","250670",0.557
"1330","250680",0.592
"1331","250690",0.613
"1332","250700",0.615
"1333","250710",0.564
"1334","250720",0.562
"1335","250730",0.558
"1336","250740",0.603
"1337","250750",0.763
"1338","250760",0.579
"1339","250770",0.567
"1340","250780",0.617
"1341","250790",0.548
"1342","250800",0.57
"1343","250810",0.563
"1344","250820",0.57
"1345","250830",0.627
"1346","250840",0.533
"1347","250850",0.566
"1348","250855",0.583
"1349","250860",0.583
"1350","250870",0.542
"1351","250880",0.642
"1352","250890",0.585
"1353","250900",0.543
"1354","250905",0.529
"1355","250910",0.548
"1356","250915",0.608
"1357","250920",0.567
"1358","250930",0.536
"1359","250933",0.541
"1360","250937",0.565
"1361","250939",0.572
"1362","250940",0.574
"1363","250950",0.59
"1364","250960",0.587
"1365","250970",0.628
"1366","250980",0.565
"1367","250990",0.541
"1368","251000",0.562
"1369","251010",0.601
"1370","251020",0.573
"1371","251030",0.595
"1372","251040",0.572
"1373","251050",0.603
"1374","251060",0.614
"1375","251065",0.584
"1376","251070",0.62
"1377","251080",0.701
"1378","251090",0.587
"1379","251100",0.599
"1380","251110",0.574
"1381","251120",0.59
"1382","251130",0.621
"1383","251140",0.608
"1384","251150",0.579
"1385","251160",0.56
"1386","251170",0.564
"1387","251180",0.595
"1388","251190",0.57
"1389","251200",0.591
"1390","251203",0.525
"1391","251207",0.612
"1392","251210",0.634
"1393","251220",0.608
"1394","251230",0.606
"1395","251240",0.617
"1396","251250",0.608
"1397","251260",0.622
"1398","251270",0.607
"1399","251272",0.542
"1400","251274",0.574
"1401","251275",0.553
"1402","251276",0.555
"1403","251278",0.594
"1404","251280",0.568
"1405","251290",0.585
"1406","251300",0.563
"1407","251310",0.568
"1408","251315",0.525
"1409","251320",0.618
"1410","251330",0.609
"1411","251335",0.572
"1412","251340",0.682
"1413","251350",0.535
"1414","251360",0.594
"1415","251365",0.622
"1416","251370",0.627
"1417","251380",0.627
"1418","251385",0.6
"1419","251390",0.58
"1420","251392",0.606
"1421","251394",0.589
"1422","251396",0.548
"1423","251398",0.58
"1424","251400",0.622
"1425","251410",0.552
"1426","251420",0.53
"1427","251430",0.565
"1428","251440",0.577
"1429","251445",0.541
"1430","251450",0.591
"1431","251455",0.565
"1432","251460",0.578
"1433","251465",0.581
"1434","251470",0.617
"1435","251480",0.556
"1436","251490",0.641
"1437","251500",0.548
"1438","251510",0.594
"1439","251520",0.581
"1440","251530",0.569
"1441","251540",0.555
"1442","251550",0.628
"1443","251560",0.626
"1444","251570",0.586
"1445","251580",0.57
"1446","251590",0.547
"1447","251593",0.621
"1448","251597",0.573
"1449","251600",0.595
"1450","251610",0.616
"1451","251615",0.573
"1452","251620",0.668
"1453","251630",0.627
"1454","251640",0.551
"1455","251650",0.578
"1456","251660",0.586
"1457","251670",0.605
"1458","251675",0.581
"1459","251680",0.609
"1460","251690",0.636
"1461","251700",0.584
"1462","251710",0.707
"1463","251720",0.571
"1464","251740",0.623
"1465","260005",0.679
"1466","260010",0.657
"1467","260020",0.588
"1468","260030",0.592
"1469","260040",0.553
"1470","260050",0.526
"1471","260060",0.599
"1472","260070",0.604
"1473","260080",0.598
"1474","260090",0.58
"1475","260100",0.572
"1476","260105",0.592
"1477","260110",0.602
"1478","260120",0.667
"1479","260130",0.577
"1480","260140",0.586
"1481","260150",0.578
"1482","260160",0.642
"1483","260170",0.629
"1484","260180",0.559
"1485","260190",0.606
"1486","260200",0.565
"1487","260210",0.563
"1488","260220",0.602
"1489","260230",0.561
"1490","260240",0.547
"1491","260250",0.574
"1492","260260",0.562
"1493","260270",0.593
"1494","260280",0.527
"1495","260290",0.686
"1496","260300",0.623
"1497","260310",0.579
"1498","260320",0.522
"1499","260330",0.566
"1500","260340",0.571
"1501","260345",0.692
"1502","260350",0.588
"1503","260360",0.606
"1504","260370",0.541
"1505","260380",0.549
"1506","260390",0.583
"1507","260392",0.573
"1508","260400",0.68
"1509","260410",0.677
"1510","260415",0.567
"1511","260420",0.609
"1512","260430",0.615
"1513","260440",0.604
"1514","260450",0.599
"1515","260460",0.602
"1516","260470",0.536
"1517","260480",0.568
"1518","260490",0.572
"1519","260500",0.592
"1520","260510",0.594
"1521","260515",0.589
"1522","260520",0.632
"1523","260530",0.576
"1524","260540",0.6
"1525","260545",0.788
"1526","260550",0.622
"1527","260560",0.556
"1528","260570",0.626
"1529","260580",0.576
"1530","260590",0.602
"1531","260600",0.664
"1532","260610",0.604
"1533","260620",0.651
"1534","260630",0.595
"1535","260640",0.634
"1536","260650",0.528
"1537","260660",0.552
"1538","260670",0.58
"1539","260680",0.665
"1540","260690",0.598
"1541","260700",0.523
"1542","260710",0.608
"1543","260720",0.619
"1544","260730",0.55
"1545","260740",0.595
"1546","260750",0.51
"1547","260760",0.653
"1548","260765",0.575
"1549","260770",0.592
"1550","260775",0.633
"1551","260780",0.586
"1552","260790",0.717
"1553","260795",0.575
"1554","260800",0.53
"1555","260805",0.645
"1556","260810",0.576
"1557","260820",0.554
"1558","260825",0.55
"1559","260830",0.575
"1560","260840",0.509
"1561","260845",0.609
"1562","260850",0.602
"1563","260860",0.525
"1564","260870",0.551
"1565","260875",0.597
"1566","260880",0.611
"1567","260890",0.663
"1568","260900",0.609
"1569","260910",0.578
"1570","260915",0.487
"1571","260920",0.534
"1572","260930",0.591
"1573","260940",0.652
"1574","260950",0.662
"1575","260960",0.735
"1576","260970",0.61
"1577","260980",0.61
"1578","260990",0.572
"1579","261000",0.622
"1580","261010",0.549
"1581","261020",0.569
"1582","261030",0.537
"1583","261040",0.599
"1584","261050",0.592
"1585","261060",0.639
"1586","261070",0.732
"1587","261080",0.567
"1588","261090",0.61
"1589","261100",0.623
"1590","261110",0.697
"1591","261120",0.528
"1592","261130",0.598
"1593","261140",0.58
"1594","261150",0.552
"1595","261153",0.577
"1596","261160",0.772
"1597","261170",0.57
"1598","261180",0.602
"1599","261190",0.613
"1600","261200",0.585
"1601","261210",0.534
"1602","261220",0.669
"1603","261230",0.559
"1604","261240",0.603
"1605","261245",0.549
"1606","261247",0.612
"1607","261250",0.648
"1608","261255",0.533
"1609","261260",0.59
"1610","261270",0.548
"1611","261280",0.593
"1612","261290",0.53
"1613","261300",0.593
"1614","261310",0.591
"1615","261320",0.57
"1616","261330",0.537
"1617","261340",0.608
"1618","261350",0.61
"1619","261360",0.635
"1620","261370",0.653
"1621","261380",0.549
"1622","261390",0.661
"1623","261400",0.595
"1624","261410",0.613
"1625","261420",0.597
"1626","261430",0.6
"1627","261440",0.585
"1628","261450",0.635
"1629","261460",0.605
"1630","261470",0.554
"1631","261480",0.573
"1632","261485",0.593
"1633","261500",0.641
"1634","261510",0.545
"1635","261520",0.599
"1636","261530",0.618
"1637","261540",0.618
"1638","261550",0.605
"1639","261560",0.595
"1640","261570",0.67
"1641","261580",0.519
"1642","261590",0.634
"1643","261600",0.592
"1644","261610",0.605
"1645","261618",0.563
"1646","261620",0.582
"1647","261630",0.605
"1648","261640",0.64
"1649","261650",0.552
"1650","270010",0.549
"1651","270020",0.568
"1652","270030",0.649
"1653","270040",0.561
"1654","270050",0.557
"1655","270060",0.615
"1656","270070",0.594
"1657","270080",0.593
"1658","270090",0.517
"1659","270100",0.604
"1660","270110",0.513
"1661","270120",0.531
"1662","270130",0.562
"1663","270135",0.559
"1664","270140",0.57
"1665","270150",0.524
"1666","270160",0.506
"1667","270170",0.573
"1668","270180",0.526
"1669","270190",0.575
"1670","270200",0.533
"1671","270210",0.517
"1672","270220",0.586
"1673","270230",0.626
"1674","270235",0.525
"1675","270240",0.612
"1676","270250",0.532
"1677","270255",0.534
"1678","270260",0.533
"1679","270270",0.565
"1680","270280",0.527
"1681","270290",0.536
"1682","270300",0.518
"1683","270310",0.564
"1684","270320",0.568
"1685","270330",0.484
"1686","270340",0.583
"1687","270350",0.548
"1688","270360",0.57
"1689","270370",0.552
"1690","270375",0.556
"1691","270380",0.531
"1692","270390",0.562
"1693","270400",0.575
"1694","270410",0.552
"1695","270420",0.58
"1696","270430",0.721
"1697","270440",0.566
"1698","270450",0.574
"1699","270460",0.569
"1700","270470",0.642
"1701","270480",0.597
"1702","270490",0.577
"1703","270500",0.504
"1704","270510",0.584
"1705","270520",0.568
"1706","270530",0.563
"1707","270540",0.539
"1708","270550",0.527
"1709","270560",0.521
"1710","270570",0.565
"1711","270580",0.525
"1712","270590",0.503
"1713","270600",0.493
"1714","270610",0.547
"1715","270620",0.558
"1716","270630",0.638
"1717","270640",0.593
"1718","270642",0.548
"1719","270644",0.605
"1720","270650",0.533
"1721","270660",0.589
"1722","270670",0.63
"1723","270680",0.572
"1724","270690",0.61
"1725","270700",0.574
"1726","270710",0.589
"1727","270720",0.526
"1728","270730",0.586
"1729","270740",0.541
"1730","270750",0.551
"1731","270760",0.559
"1732","270770",0.643
"1733","270780",0.505
"1734","270790",0.597
"1735","270800",0.591
"1736","270810",0.519
"1737","270820",0.572
"1738","270830",0.573
"1739","270840",0.527
"1740","270850",0.536
"1741","270860",0.623
"1742","270870",0.591
"1743","270880",0.549
"1744","270890",0.66
"1745","270895",0.518
"1746","270900",0.555
"1747","270910",0.541
"1748","270915",0.564
"1749","270920",0.532
"1750","270930",0.593
"1751","270940",0.586
"1752","280010",0.611
"1753","280020",0.578
"1754","280030",0.77
"1755","280040",0.595
"1756","280050",0.579
"1757","280060",0.649
"1758","280067",0.604
"1759","280070",0.54
"1760","280100",0.621
"1761","280110",0.569
"1762","280120",0.567
"1763","280130",0.615
"1764","280140",0.588
"1765","280150",0.643
"1766","280160",0.623
"1767","280170",0.553
"1768","280190",0.604
"1769","280200",0.61
"1770","280210",0.647
"1771","280220",0.584
"1772","280230",0.589
"1773","280240",0.564
"1774","280250",0.645
"1775","280260",0.577
"1776","280270",0.562
"1777","280280",0.58
"1778","280290",0.642
"1779","280300",0.556
"1780","280310",0.602
"1781","280320",0.561
"1782","280330",0.621
"1783","280340",0.56
"1784","280350",0.625
"1785","280360",0.642
"1786","280370",0.583
"1787","280380",0.599
"1788","280390",0.587
"1789","280400",0.618
"1790","280410",0.587
"1791","280420",0.553
"1792","280430",0.626
"1793","280440",0.589
"1794","280445",0.577
"1795","280450",0.587
"1796","280460",0.6
"1797","280470",0.598
"1798","280480",0.664
"1799","280490",0.555
"1800","280500",0.593
"1801","280510",0.592
"1802","280520",0.583
"1803","280530",0.603
"1804","280540",0.529
"1805","280550",0.561
"1806","280560",0.568
"1807","280570",0.661
"1808","280580",0.539
"1809","280590",0.617
"1810","280600",0.613
"1811","280610",0.631
"1812","280620",0.609
"1813","280630",0.545
"1814","280640",0.59
"1815","280650",0.592
"1816","280660",0.637
"1817","280670",0.662
"1818","280680",0.588
"1819","280690",0.587
"1820","280700",0.567
"1821","280710",0.604
"1822","280720",0.609
"1823","280730",0.604
"1824","280740",0.557
"1825","280750",0.551
"1826","280760",0.579
"1827","290010",0.603
"1828","290020",0.575
"1829","290030",0.582
"1830","290035",0.546
"1831","290040",0.55
"1832","290050",0.584
"1833","290060",0.583
"1834","290070",0.683
"1835","290080",0.608
"1836","290090",0.563
"1837","290100",0.625
"1838","290110",0.666
"1839","290115",0.561
"1840","290120",0.54
"1841","290130",0.555
"1842","290135",0.588
"1843","290140",0.625
"1844","290150",0.589
"1845","290160",0.592
"1846","290170",0.561
"1847","290180",0.598
"1848","290190",0.548
"1849","290195",0.552
"1850","290200",0.581
"1851","290205",0.57
"1852","290210",0.534
"1853","290220",0.588
"1854","290225",0.559
"1855","290230",0.575
"1856","290240",0.568
"1857","290250",0.589
"1858","290260",0.585
"1859","290265",0.579
"1860","290270",0.557
"1861","290280",0.575
"1862","290290",0.551
"1863","290300",0.63
"1864","290310",0.577
"1865","290320",0.721
"1866","290323",0.607
"1867","290327",0.61
"1868","290330",0.602
"1869","290340",0.598
"1870","290350",0.575
"1871","290360",0.538
"1872","290370",0.567
"1873","290380",0.551
"1874","290390",0.633
"1875","290395",0.546
"1876","290400",0.612
"1877","290405",0.561
"1878","290410",0.603
"1879","290420",0.575
"1880","290430",0.597
"1881","290440",0.592
"1882","290450",0.57
"1883","290460",0.656
"1884","290470",0.613
"1885","290475",0.565
"1886","290480",0.561
"1887","290485",0.581
"1888","290490",0.647
"1889","290500",0.637
"1890","290510",0.546
"1891","290515",0.542
"1892","290520",0.625
"1893","290530",0.584
"1894","290540",0.627
"1895","290550",0.573
"1896","290560",0.581
"1897","290570",0.694
"1898","290580",0.565
"1899","290590",0.557
"1900","290600",0.586
"1901","290610",0.565
"1902","290620",0.587
"1903","290630",0.59
"1904","290640",0.587
"1905","290650",0.691
"1906","290660",0.591
"1907","290670",0.601
"1908","290680",0.557
"1909","290682",0.562
"1910","290685",0.599
"1911","290687",0.621
"1912","290689",0.555
"1913","290690",0.616
"1914","290700",0.552
"1915","290710",0.576
"1916","290720",0.57
"1917","290730",0.613
"1918","290740",0.582
"1919","290750",0.677
"1920","290755",0.571
"1921","290760",0.596
"1922","290770",0.6
"1923","290780",0.585
"1924","290790",0.601
"1925","290800",0.613
"1926","290810",0.596
"1927","290820",0.634
"1928","290830",0.606
"1929","290840",0.611
"1930","290850",0.663
"1931","290860",0.56
"1932","290870",0.582
"1933","290880",0.577
"1934","290890",0.592
"1935","290900",0.579
"1936","290910",0.6
"1937","290920",0.535
"1938","290930",0.603
"1939","290940",0.59
"1940","290950",0.599
"1941","290960",0.543
"1942","290970",0.614
"1943","290980",0.699
"1944","290990",0.581
"1945","291000",0.54
"1946","291005",0.676
"1947","291010",0.591
"1948","291020",0.632
"1949","291030",0.623
"1950","291040",0.544
"1951","291050",0.615
"1952","291060",0.589
"1953","291070",0.567
"1954","291072",0.677
"1955","291075",0.559
"1956","291077",0.588
"1957","291080",0.712
"1958","291085",0.565
"1959","291090",0.578
"1960","291100",0.557
"1961","291110",0.618
"1962","291120",0.632
"1963","291125",0.599
"1964","291130",0.559
"1965","291140",0.593
"1966","291150",0.576
"1967","291160",0.643
"1968","291165",0.569
"1969","291170",0.673
"1970","291180",0.558
"1971","291185",0.563
"1972","291190",0.574
"1973","291200",0.611
"1974","291210",0.625
"1975","291220",0.591
"1976","291230",0.584
"1977","291240",0.616
"1978","291250",0.584
"1979","291260",0.511
"1980","291270",0.558
"1981","291280",0.614
"1982","291290",0.576
"1983","291300",0.585
"1984","291310",0.602
"1985","291320",0.636
"1986","291330",0.631
"1987","291340",0.614
"1988","291345",0.574
"1989","291350",0.552
"1990","291360",0.69
"1991","291370",0.565
"1992","291380",0.55
"1993","291390",0.67
"1994","291400",0.549
"1995","291410",0.59
"1996","291420",0.576
"1997","291430",0.571
"1998","291440",0.599
"1999","291450",0.62
"2000","291460",0.691
"2001","291465",0.599
"2002","291470",0.62
"2003","291480",0.712
"2004","291490",0.583
"2005","291500",0.572
"2006","291510",0.543
"2007","291520",0.589
"2008","291530",0.634
"2009","291535",0.562
"2010","291540",0.592
"2011","291550",0.599
"2012","291560",0.627
"2013","291570",0.578
"2014","291580",0.578
"2015","291590",0.584
"2016","291600",0.637
"2017","291610",0.67
"2018","291620",0.599
"2019","291630",0.572
"2020","291640",0.667
"2021","291650",0.486
"2022","291660",0.571
"2023","291670",0.553
"2024","291680",0.61
"2025","291685",0.582
"2026","291690",0.6
"2027","291700",0.544
"2028","291710",0.594
"2029","291720",0.57
"2030","291730",0.606
"2031","291733",0.591
"2032","291735",0.613
"2033","291740",0.593
"2034","291750",0.649
"2035","291760",0.58
"2036","291770",0.659
"2037","291780",0.556
"2038","291790",0.55
"2039","291800",0.665
"2040","291810",0.547
"2041","291820",0.553
"2042","291830",0.575
"2043","291835",0.593
"2044","291840",0.677
"2045","291845",0.541
"2046","291850",0.571
"2047","291855",0.567
"2048","291860",0.602
"2049","291870",0.599
"2050","291875",0.545
"2051","291880",0.586
"2052","291890",0.632
"2053","291900",0.546
"2054","291905",0.584
"2055","291910",0.518
"2056","291915",0.596
"2057","291920",0.754
"2058","291930",0.623
"2059","291940",0.621
"2060","291950",0.611
"2061","291955",0.716
"2062","291960",0.524
"2063","291970",0.605
"2064","291980",0.609
"2065","291990",0.604
"2066","291992",0.708
"2067","291995",0.538
"2068","292000",0.576
"2069","292010",0.572
"2070","292020",0.562
"2071","292030",0.578
"2072","292040",0.566
"2073","292045",0.599
"2074","292050",0.607
"2075","292060",0.621
"2076","292070",0.593
"2077","292080",0.561
"2078","292090",0.581
"2079","292100",0.668
"2080","292105",0.572
"2081","292110",0.625
"2082","292120",0.586
"2083","292130",0.622
"2084","292140",0.542
"2085","292145",0.527
"2086","292150",0.506
"2087","292160",0.558
"2088","292170",0.588
"2089","292180",0.618
"2090","292190",0.606
"2091","292200",0.665
"2092","292205",0.566
"2093","292210",0.59
"2094","292220",0.617
"2095","292225",0.549
"2096","292230",0.66
"2097","292240",0.601
"2098","292250",0.641
"2099","292260",0.547
"2100","292265",0.56
"2101","292270",0.545
"2102","292273",0.597
"2103","292275",0.57
"2104","292280",0.524
"2105","292285",0.567
"2106","292290",0.555
"2107","292300",0.654
"2108","292303",0.597
"2109","292305",0.554
"2110","292310",0.559
"2111","292320",0.554
"2112","292330",0.607
"2113","292335",0.56
"2114","292340",0.586
"2115","292350",0.643
"2116","292360",0.615
"2117","292370",0.59
"2118","292380",0.577
"2119","292390",0.583
"2120","292400",0.674
"2121","292405",0.587
"2122","292410",0.588
"2123","292420",0.513
"2124","292430",0.571
"2125","292440",0.506
"2126","292450",0.603
"2127","292460",0.577
"2128","292465",0.612
"2129","292467",0.533
"2130","292470",0.575
"2131","292480",0.578
"2132","292490",0.572
"2133","292500",0.56
"2134","292510",0.604
"2135","292520",0.666
"2136","292525",0.58
"2137","292530",0.676
"2138","292540",0.625
"2139","292550",0.621
"2140","292560",0.614
"2141","292570",0.542
"2142","292575",0.559
"2143","292580",0.592
"2144","292590",0.544
"2145","292593",0.578
"2146","292595",0.564
"2147","292600",0.579
"2148","292610",0.636
"2149","292620",0.578
"2150","292630",0.628
"2151","292640",0.615
"2152","292650",0.512
"2153","292660",0.601
"2154","292665",0.54
"2155","292670",0.605
"2156","292680",0.576
"2157","292690",0.594
"2158","292700",0.572
"2159","292710",0.632
"2160","292720",0.61
"2161","292730",0.617
"2162","292740",0.759
"2163","292750",0.583
"2164","292760",0.546
"2165","292770",0.654
"2166","292780",0.61
"2167","292790",0.574
"2168","292800",0.598
"2169","292805",0.556
"2170","292810",0.614
"2171","292820",0.608
"2172","292830",0.592
"2173","292840",0.605
"2174","292850",0.587
"2175","292860",0.646
"2176","292870",0.7
"2177","292880",0.626
"2178","292890",0.579
"2179","292895",0.64
"2180","292900",0.639
"2181","292905",0.639
"2182","292910",0.616
"2183","292920",0.674
"2184","292925",0.592
"2185","292930",0.627
"2186","292935",0.546
"2187","292937",0.552
"2188","292940",0.593
"2189","292950",0.657
"2190","292960",0.614
"2191","292970",0.527
"2192","292975",0.617
"2193","292980",0.549
"2194","292990",0.635
"2195","293000",0.615
"2196","293010",0.666
"2197","293015",0.595
"2198","293020",0.585
"2199","293030",0.608
"2200","293040",0.566
"2201","293050",0.634
"2202","293060",0.59
"2203","293070",0.675
"2204","293075",0.564
"2205","293076",0.533
"2206","293077",0.631
"2207","293080",0.592
"2208","293090",0.584
"2209","293100",0.577
"2210","293105",0.599
"2211","293110",0.597
"2212","293120",0.566
"2213","293130",0.594
"2214","293135",0.685
"2215","293140",0.594
"2216","293150",0.566
"2217","293160",0.555
"2218","293170",0.578
"2219","293180",0.528
"2220","293190",0.579
"2221","293200",0.605
"2222","293210",0.582
"2223","293220",0.611
"2224","293230",0.593
"2225","293240",0.617
"2226","293245",0.515
"2227","293250",0.56
"2228","293260",0.598
"2229","293270",0.616
"2230","293280",0.59
"2231","293290",0.623
"2232","293300",0.637
"2233","293305",0.539
"2234","293310",0.575
"2235","293315",0.555
"2236","293317",0.586
"2237","293320",0.645
"2238","293325",0.577
"2239","293330",0.678
"2240","293340",0.587
"2241","293345",0.6
"2242","293350",0.544
"2243","293360",0.585
"2244","310010",0.689
"2245","310020",0.698
"2246","310030",0.654
"2247","310040",0.63
"2248","310050",0.61
"2249","310060",0.576
"2250","310070",0.675
"2251","310080",0.663
"2252","310090",0.645
"2253","310100",0.601
"2254","310110",0.684
"2255","310120",0.668
"2256","310130",0.649
"2257","310140",0.673
"2258","310150",0.726
"2259","310160",0.761
"2260","310163",0.675
"2261","310170",0.642
"2262","310180",0.646
"2263","310190",0.725
"2264","310200",0.668
"2265","310205",0.661
"2266","310210",0.62
"2267","310220",0.592
"2268","310230",0.676
"2269","310240",0.572
"2270","310250",0.641
"2271","310260",0.734
"2272","310270",0.578
"2273","310280",0.7
"2274","310285",0.597
"2275","310290",0.683
"2276","310300",0.645
"2277","310310",0.684
"2278","310320",0.695
"2279","310330",0.661
"2280","310340",0.663
"2281","310350",0.773
"2282","310360",0.697
"2283","310370",0.536
"2284","310375",0.708
"2285","310380",0.724
"2286","310390",0.698
"2287","310400",0.772
"2288","310410",0.683
"2289","310420",0.749
"2290","310430",0.727
"2291","310440",0.643
"2292","310445",0.582
"2293","310450",0.656
"2294","310460",0.694
"2295","310470",0.588
"2296","310480",0.656
"2297","310490",0.681
"2298","310500",0.671
"2299","310510",0.741
"2300","310520",0.599
"2301","310530",0.692
"2302","310540",0.722
"2303","310550",0.649
"2304","310560",0.769
"2305","310570",0.624
"2306","310590",0.734
"2307","310600",0.674
"2308","310610",0.66
"2309","310620",0.81
"2310","310630",0.686
"2311","310640",0.655
"2312","310650",0.628
"2313","310660",0.594
"2314","310665",0.604
"2315","310670",0.749
"2316","310680",0.62
"2317","310690",0.744
"2318","310700",0.688
"2319","310710",0.704
"2320","310720",0.645
"2321","310730",0.7
"2322","310740",0.75
"2323","310750",0.673
"2324","310760",0.735
"2325","310770",0.683
"2326","310780",0.623
"2327","310790",0.653
"2328","310800",0.692
"2329","310810",0.637
"2330","310820",0.678
"2331","310825",0.537
"2332","310830",0.73
"2333","310840",0.702
"2334","310850",0.602
"2335","310855",0.674
"2336","310860",0.656
"2337","310870",0.625
"2338","310880",0.624
"2339","310890",0.692
"2340","310900",0.747
"2341","310910",0.658
"2342","310920",0.669
"2343","310925",0.627
"2344","310930",0.672
"2345","310940",0.624
"2346","310945",0.648
"2347","310950",0.674
"2348","310960",0.741
"2349","310970",0.706
"2350","310980",0.726
"2351","310990",0.706
"2352","311000",0.728
"2353","311010",0.633
"2354","311020",0.617
"2355","311030",0.687
"2356","311040",0.69
"2357","311050",0.689
"2358","311060",0.751
"2359","311070",0.699
"2360","311080",0.616
"2361","311090",0.709
"2362","311100",0.698
"2363","311110",0.704
"2364","311115",0.621
"2365","311120",0.711
"2366","311130",0.683
"2367","311140",0.706
"2368","311150",0.702
"2369","311160",0.682
"2370","311170",0.649
"2371","311180",0.722
"2372","311190",0.65
"2373","311200",0.678
"2374","311205",0.631
"2375","311210",0.624
"2376","311220",0.648
"2377","311230",0.653
"2378","311240",0.675
"2379","311250",0.695
"2380","311260",0.723
"2381","311265",0.624
"2382","311270",0.639
"2383","311280",0.71
"2384","311290",0.615
"2385","311300",0.558
"2386","311310",0.634
"2387","311320",0.697
"2388","311330",0.695
"2389","311340",0.706
"2390","311350",0.638
"2391","311360",0.683
"2392","311370",0.648
"2393","311380",0.65
"2394","311390",0.655
"2395","311400",0.689
"2396","311410",0.682
"2397","311420",0.71
"2398","311430",0.705
"2399","311440",0.733
"2400","311450",0.7
"2401","311455",0.741
"2402","311460",0.725
"2403","311470",0.724
"2404","311480",0.646
"2405","311490",0.652
"2406","311500",0.721
"2407","311510",0.704
"2408","311520",0.685
"2409","311530",0.751
"2410","311535",0.684
"2411","311540",0.6
"2412","311545",0.54
"2413","311547",0.621
"2414","311550",0.743
"2415","311560",0.678
"2416","311570",0.665
"2417","311580",0.678
"2418","311590",0.664
"2419","311600",0.655
"2420","311610",0.598
"2421","311615",0.635
"2422","311620",0.711
"2423","311630",0.579
"2424","311640",0.698
"2425","311650",0.67
"2426","311660",0.709
"2427","311670",0.669
"2428","311680",0.583
"2429","311690",0.697
"2430","311700",0.593
"2431","311710",0.691
"2432","311720",0.668
"2433","311730",0.712
"2434","311740",0.676
"2435","311750",0.634
"2436","311760",0.7
"2437","311770",0.665
"2438","311780",0.703
"2439","311783",0.621
"2440","311787",0.747
"2441","311790",0.712
"2442","311800",0.753
"2443","311810",0.568
"2444","311820",0.729
"2445","311830",0.761
"2446","311840",0.662
"2447","311850",0.673
"2448","311860",0.756
"2449","311870",0.694
"2450","311880",0.642
"2451","311890",0.656
"2452","311900",0.66
"2453","311910",0.68
"2454","311920",0.626
"2455","311930",0.708
"2456","311940",0.755
"2457","311950",0.627
"2458","311960",0.669
"2459","311970",0.677
"2460","311980",0.692
"2461","311990",0.692
"2462","311995",0.678
"2463","312000",0.632
"2464","312010",0.659
"2465","312015",0.585
"2466","312020",0.692
"2467","312030",0.583
"2468","312040",0.695
"2469","312050",0.668
"2470","312060",0.651
"2471","312070",0.696
"2472","312080",0.695
"2473","312083",0.627
"2474","312087",0.585
"2475","312090",0.713
"2476","312100",0.616
"2477","312110",0.669
"2478","312120",0.74
"2479","312125",0.639
"2480","312130",0.68
"2481","312140",0.639
"2482","312150",0.631
"2483","312160",0.716
"2484","312170",0.601
"2485","312180",0.702
"2486","312190",0.657
"2487","312200",0.605
"2488","312210",0.661
"2489","312220",0.623
"2490","312230",0.764
"2491","312235",0.608
"2492","312240",0.67
"2493","312245",0.609
"2494","312247",0.673
"2495","312250",0.688
"2496","312260",0.622
"2497","312270",0.709
"2498","312280",0.687
"2499","312290",0.701
"2500","312300",0.686
"2501","312310",0.636
"2502","312320",0.719
"2503","312330",0.629
"2504","312340",0.692
"2505","312350",0.706
"2506","312352",0.645
"2507","312360",0.685
"2508","312370",0.644
"2509","312380",0.655
"2510","312385",0.634
"2511","312390",0.672
"2512","312400",0.625
"2513","312410",0.671
"2514","312420",0.663
"2515","312430",0.627
"2516","312440",0.685
"2517","312450",0.691
"2518","312460",0.71
"2519","312470",0.676
"2520","312480",0.696
"2521","312490",0.675
"2522","312500",0.676
"2523","312510",0.732
"2524","312520",0.717
"2525","312530",0.687
"2526","312540",0.606
"2527","312550",0.64
"2528","312560",0.583
"2529","312570",0.648
"2530","312580",0.646
"2531","312590",0.603
"2532","312595",0.58
"2533","312600",0.724
"2534","312610",0.755
"2535","312620",0.64
"2536","312630",0.67
"2537","312640",0.696
"2538","312650",0.622
"2539","312660",0.625
"2540","312670",0.654
"2541","312675",0.603
"2542","312680",0.59
"2543","312690",0.648
"2544","312695",0.543
"2545","312700",0.684
"2546","312705",0.592
"2547","312707",0.544
"2548","312710",0.73
"2549","312720",0.655
"2550","312730",0.654
"2551","312733",0.65
"2552","312735",0.679
"2553","312737",0.647
"2554","312738",0.716
"2555","312740",0.683
"2556","312750",0.606
"2557","312760",0.681
"2558","312770",0.727
"2559","312780",0.604
"2560","312790",0.731
"2561","312800",0.686
"2562","312810",0.679
"2563","312820",0.623
"2564","312825",0.677
"2565","312830",0.701
"2566","312840",0.677
"2567","312850",0.652
"2568","312860",0.69
"2569","312870",0.751
"2570","312880",0.683
"2571","312890",0.693
"2572","312900",0.674
"2573","312910",0.68
"2574","312920",0.657
"2575","312930",0.654
"2576","312940",0.657
"2577","312950",0.718
"2578","312960",0.614
"2579","312965",0.591
"2580","312970",0.706
"2581","312980",0.704
"2582","312990",0.674
"2583","313000",0.675
"2584","313005",0.624
"2585","313010",0.698
"2586","313020",0.651
"2587","313030",0.707
"2588","313040",0.714
"2589","313050",0.68
"2590","313055",0.553
"2591","313060",0.692
"2592","313065",0.61
"2593","313070",0.674
"2594","313080",0.697
"2595","313090",0.658
"2596","313100",0.702
"2597","313110",0.664
"2598","313115",0.665
"2599","313120",0.693
"2600","313130",0.771
"2601","313140",0.696
"2602","313150",0.686
"2603","313160",0.695
"2604","313170",0.756
"2605","313180",0.653
"2606","313190",0.73
"2607","313200",0.628
"2608","313210",0.641
"2609","313220",0.691
"2610","313230",0.552
"2611","313240",0.787
"2612","313250",0.646
"2613","313260",0.688
"2614","313270",0.634
"2615","313280",0.634
"2616","313290",0.674
"2617","313300",0.705
"2618","313310",0.739
"2619","313320",0.65
"2620","313330",0.629
"2621","313340",0.723
"2622","313350",0.713
"2623","313360",0.72
"2624","313370",0.677
"2625","313375",0.776
"2626","313380",0.758
"2627","313390",0.627
"2628","313400",0.6
"2629","313410",0.635
"2630","313420",0.739
"2631","313430",0.726
"2632","313440",0.747
"2633","313450",0.727
"2634","313460",0.681
"2635","313470",0.62
"2636","313480",0.668
"2637","313490",0.715
"2638","313500",0.679
"2639","313505",0.638
"2640","313507",0.609
"2641","313510",0.696
"2642","313520",0.658
"2643","313530",0.721
"2644","313535",0.608
"2645","313540",0.661
"2646","313545",0.624
"2647","313550",0.601
"2648","313560",0.643
"2649","313570",0.689
"2650","313580",0.615
"2651","313590",0.658
"2652","313600",0.587
"2653","313610",0.626
"2654","313620",0.758
"2655","313630",0.697
"2656","313640",0.637
"2657","313650",0.628
"2658","313652",0.632
"2659","313655",0.617
"2660","313657",0.564
"2661","313660",0.662
"2662","313665",0.717
"2663","313670",0.778
"2664","313680",0.669
"2665","313690",0.723
"2666","313695",0.592
"2667","313700",0.541
"2668","313710",0.718
"2669","313720",0.732
"2670","313730",0.634
"2671","313740",0.676
"2672","313750",0.703
"2673","313753",0.679
"2674","313760",0.777
"2675","313770",0.661
"2676","313780",0.711
"2677","313790",0.655
"2678","313800",0.714
"2679","313810",0.629
"2680","313820",0.782
"2681","313830",0.71
"2682","313835",0.67
"2683","313840",0.726
"2684","313850",0.672
"2685","313860",0.71
"2686","313862",0.71
"2687","313865",0.646
"2688","313867",0.608
"2689","313868",0.614
"2690","313870",0.678
"2691","313880",0.724
"2692","313890",0.64
"2693","313900",0.715
"2694","313910",0.699
"2695","313920",0.618
"2696","313925",0.618
"2697","313930",0.642
"2698","313940",0.689
"2699","313950",0.697
"2700","313960",0.675
"2701","313970",0.672
"2702","313980",0.684
"2703","313990",0.702
"2704","314000",0.742
"2705","314010",0.615
"2706","314015",0.699
"2707","314020",0.68
"2708","314030",0.657
"2709","314040",0.65
"2710","314050",0.669
"2711","314053",0.635
"2712","314055",0.581
"2713","314060",0.597
"2714","314070",0.704
"2715","314080",0.72
"2716","314085",0.616
"2717","314090",0.631
"2718","314100",0.662
"2719","314110",0.731
"2720","314120",0.707
"2721","314130",0.711
"2722","314140",0.624
"2723","314150",0.626
"2724","314160",0.664
"2725","314170",0.656
"2726","314180",0.633
"2727","314190",0.658
"2728","314200",0.665
"2729","314210",0.663
"2730","314220",0.68
"2731","314225",0.593
"2732","314230",0.638
"2733","314240",0.721
"2734","314250",0.65
"2735","314260",0.721
"2736","314270",0.613
"2737","314280",0.674
"2738","314290",0.659
"2739","314300",0.688
"2740","314310",0.728
"2741","314315",0.541
"2742","314320",0.71
"2743","314330",0.77
"2744","314340",0.724
"2745","314345",0.587
"2746","314350",0.696
"2747","314360",0.648
"2748","314370",0.597
"2749","314380",0.647
"2750","314390",0.734
"2751","314400",0.644
"2752","314410",0.74
"2753","314420",0.585
"2754","314430",0.701
"2755","314435",0.675
"2756","314437",0.671
"2757","314440",0.693
"2758","314450",0.69
"2759","314460",0.667
"2760","314465",0.556
"2761","314467",0.592
"2762","314470",0.709
"2763","314480",0.813
"2764","314490",0.63
"2765","314500",0.701
"2766","314505",0.641
"2767","314510",0.671
"2768","314520",0.715
"2769","314530",0.571
"2770","314535",0.555
"2771","314537",0.616
"2772","314540",0.636
"2773","314545",0.626
"2774","314550",0.674
"2775","314560",0.699
"2776","314570",0.635
"2777","314580",0.663
"2778","314585",0.637
"2779","314587",0.562
"2780","314590",0.764
"2781","314600",0.722
"2782","314610",0.741
"2783","314620",0.595
"2784","314625",0.599
"2785","314630",0.596
"2786","314640",0.669
"2787","314650",0.728
"2788","314655",0.59
"2789","314660",0.72
"2790","314670",0.703
"2791","314675",0.565
"2792","314690",0.666
"2793","314700",0.744
"2794","314710",0.725
"2795","314720",0.715
"2796","314730",0.729
"2797","314740",0.694
"2798","314750",0.642
"2799","314760",0.715
"2800","314770",0.687
"2801","314780",0.648
"2802","314790",0.756
"2803","314795",0.614
"2804","314800",0.765
"2805","314810",0.729
"2806","314820",0.682
"2807","314830",0.637
"2808","314840",0.625
"2809","314850",0.627
"2810","314860",0.627
"2811","314870",0.627
"2812","314875",0.573
"2813","314880",0.624
"2814","314890",0.708
"2815","314900",0.655
"2816","314910",0.675
"2817","314915",0.614
"2818","314920",0.729
"2819","314930",0.757
"2820","314940",0.637
"2821","314950",0.694
"2822","314960",0.674
"2823","314970",0.703
"2824","314980",0.723
"2825","314990",0.744
"2826","314995",0.651
"2827","315000",0.656
"2828","315010",0.629
"2829","315015",0.612
"2830","315020",0.639
"2831","315030",0.678
"2832","315040",0.626
"2833","315050",0.686
"2834","315053",0.619
"2835","315057",0.594
"2836","315060",0.646
"2837","315070",0.723
"2838","315080",0.6
"2839","315090",0.685
"2840","315100",0.717
"2841","315110",0.709
"2842","315120",0.731
"2843","315130",0.684
"2844","315140",0.725
"2845","315150",0.737
"2846","315160",0.712
"2847","315170",0.691
"2848","315180",0.779
"2849","315190",0.626
"2850","315200",0.689
"2851","315210",0.717
"2852","315213",0.606
"2853","315217",0.595
"2854","315220",0.651
"2855","315230",0.634
"2856","315240",0.624
"2857","315250",0.774
"2858","315260",0.71
"2859","315270",0.689
"2860","315280",0.695
"2861","315290",0.729
"2862","315300",0.721
"2863","315310",0.632
"2864","315320",0.614
"2865","315330",0.595
"2866","315340",0.701
"2867","315350",0.66
"2868","315360",0.69
"2869","315370",0.683
"2870","315380",0.682
"2871","315390",0.73
"2872","315400",0.655
"2873","315410",0.692
"2874","315415",0.629
"2875","315420",0.685
"2876","315430",0.67
"2877","315440",0.683
"2878","315445",0.632
"2879","315450",0.627
"2880","315460",0.684
"2881","315470",0.737
"2882","315480",0.673
"2883","315490",0.65
"2884","315500",0.664
"2885","315510",0.605
"2886","315520",0.602
"2887","315530",0.648
"2888","315540",0.707
"2889","315550",0.709
"2890","315560",0.624
"2891","315570",0.685
"2892","315580",0.714
"2893","315590",0.679
"2894","315600",0.558
"2895","315610",0.653
"2896","315620",0.684
"2897","315630",0.668
"2898","315640",0.708
"2899","315645",0.662
"2900","315650",0.582
"2901","315660",0.609
"2902","315670",0.731
"2903","315680",0.638
"2904","315690",0.732
"2905","315700",0.679
"2906","315710",0.608
"2907","315720",0.707
"2908","315725",0.613
"2909","315727",0.606
"2910","315730",0.637
"2911","315733",0.706
"2912","315737",0.577
"2913","315740",0.625
"2914","315750",0.607
"2915","315760",0.615
"2916","315765",0.567
"2917","315770",0.706
"2918","315780",0.715
"2919","315790",0.61
"2920","315800",0.648
"2921","315810",0.613
"2922","315820",0.64
"2923","315830",0.698
"2924","315840",0.694
"2925","315850",0.628
"2926","315860",0.651
"2927","315870",0.667
"2928","315880",0.647
"2929","315890",0.621
"2930","315895",0.685
"2931","315900",0.665
"2932","315910",0.647
"2933","315920",0.69
"2934","315930",0.682
"2935","315935",0.613
"2936","315940",0.63
"2937","315950",0.607
"2938","315960",0.721
"2939","315970",0.705
"2940","315980",0.71
"2941","315990",0.672
"2942","316000",0.671
"2943","316010",0.633
"2944","316020",0.558
"2945","316030",0.574
"2946","316040",0.724
"2947","316045",0.57
"2948","316050",0.669
"2949","316060",0.657
"2950","316070",0.741
"2951","316080",0.672
"2952","316090",0.664
"2953","316095",0.638
"2954","316100",0.69
"2955","316105",0.62
"2956","316110",0.638
"2957","316120",0.66
"2958","316130",0.688
"2959","316140",0.663
"2960","316150",0.651
"2961","316160",0.6
"2962","316165",0.63
"2963","316170",0.67
"2964","316180",0.689
"2965","316190",0.667
"2966","316200",0.715
"2967","316210",0.736
"2968","316220",0.724
"2969","316225",0.634
"2970","316230",0.653
"2971","316240",0.569
"2972","316245",0.529
"2973","316250",0.758
"2974","316255",0.65
"2975","316257",0.64
"2976","316260",0.648
"2977","316265",0.625
"2978","316270",0.615
"2979","316280",0.638
"2980","316290",0.708
"2981","316292",0.662
"2982","316294",0.739
"2983","316295",0.729
"2984","316300",0.583
"2985","316310",0.704
"2986","316320",0.717
"2987","316330",0.658
"2988","316340",0.666
"2989","316350",0.566
"2990","316360",0.657
"2991","316370",0.759
"2992","316380",0.644
"2993","316390",0.674
"2994","316400",0.659
"2995","316410",0.622
"2996","316420",0.64
"2997","316430",0.672
"2998","316440",0.692
"2999","316443",0.66
"3000","316447",0.607
"3001","316450",0.581
"3002","316460",0.626
"3003","316470",0.722
"3004","316480",0.632
"3005","316490",0.676
"3006","316500",0.662
"3007","316510",0.7
"3008","316520",0.667
"3009","316530",0.715
"3010","316540",0.68
"3011","316550",0.636
"3012","316553",0.734
"3013","316555",0.542
"3014","316556",0.654
"3015","316557",0.661
"3016","316560",0.674
"3017","316570",0.644
"3018","316580",0.684
"3019","316590",0.62
"3020","316600",0.631
"3021","316610",0.565
"3022","316620",0.626
"3023","316630",0.56
"3024","316640",0.66
"3025","316650",0.557
"3026","316660",0.677
"3027","316670",0.651
"3028","316680",0.696
"3029","316690",0.677
"3030","316695",0.633
"3031","316700",0.643
"3032","316710",0.656
"3033","316720",0.76
"3034","316730",0.652
"3035","316740",0.699
"3036","316750",0.638
"3037","316760",0.632
"3038","316770",0.631
"3039","316780",0.697
"3040","316790",0.681
"3041","316800",0.67
"3042","316805",0.645
"3043","316810",0.712
"3044","316820",0.667
"3045","316830",0.651
"3046","316840",0.633
"3047","316850",0.675
"3048","316860",0.701
"3049","316870",0.77
"3050","316880",0.74
"3051","316890",0.683
"3052","316900",0.688
"3053","316905",0.696
"3054","316910",0.661
"3055","316920",0.718
"3056","316930",0.744
"3057","316935",0.752
"3058","316940",0.731
"3059","316950",0.626
"3060","316960",0.719
"3061","316970",0.682
"3062","316980",0.696
"3063","316990",0.724
"3064","317000",0.609
"3065","317005",0.614
"3066","317010",0.772
"3067","317020",0.789
"3068","317030",0.638
"3069","317040",0.736
"3070","317043",0.672
"3071","317047",0.664
"3072","317050",0.633
"3073","317052",0.619
"3074","317057",0.631
"3075","317060",0.696
"3076","317065",0.634
"3077","317070",0.778
"3078","317075",0.711
"3079","317080",0.666
"3080","317090",0.594
"3081","317100",0.742
"3082","317103",0.584
"3083","317107",0.632
"3084","317110",0.667
"3085","317115",0.612
"3086","317120",0.688
"3087","317130",0.775
"3088","317140",0.668
"3089","317150",0.612
"3090","317160",0.61
"3091","317170",0.651
"3092","317180",0.675
"3093","317190",0.62
"3094","317200",0.709
"3095","317210",0.669
"3096","317220",0.678
"3097","320010",0.667
"3098","320013",0.678
"3099","320016",0.652
"3100","320020",0.721
"3101","320030",0.71
"3102","320035",0.664
"3103","320040",0.73
"3104","320050",0.673
"3105","320060",0.752
"3106","320070",0.708
"3107","320080",0.702
"3108","320090",0.683
"3109","320100",0.679
"3110","320110",0.734
"3111","320115",0.656
"3112","320120",0.746
"3113","320130",0.718
"3114","320140",0.726
"3115","320150",0.746
"3116","320160",0.681
"3117","320170",0.67
"3118","320180",0.632
"3119","320190",0.669
"3120","320200",0.654
"3121","320210",0.662
"3122","320220",0.718
"3123","320225",0.694
"3124","320230",0.703
"3125","320240",0.731
"3126","320245",0.647
"3127","320250",0.726
"3128","320255",0.622
"3129","320260",0.729
"3130","320265",0.637
"3131","320270",0.702
"3132","320280",0.654
"3133","320290",0.684
"3134","320300",0.666
"3135","320305",0.678
"3136","320310",0.698
"3137","320313",0.753
"3138","320316",0.656
"3139","320320",0.724
"3140","320330",0.657
"3141","320332",0.696
"3142","320334",0.71
"3143","320335",0.696
"3144","320340",0.67
"3145","320350",0.667
"3146","320360",0.666
"3147","320370",0.645
"3148","320380",0.694
"3149","320390",0.712
"3150","320400",0.667
"3151","320405",0.654
"3152","320410",0.673
"3153","320420",0.727
"3154","320425",0.669
"3155","320430",0.657
"3156","320435",0.681
"3157","320440",0.711
"3158","320450",0.626
"3159","320455",0.671
"3160","320460",0.714
"3161","320465",0.682
"3162","320470",0.709
"3163","320480",0.688
"3164","320490",0.735
"3165","320495",0.7
"3166","320500",0.739
"3167","320501",0.662
"3168","320503",0.663
"3169","320506",0.728
"3170","320510",0.686
"3171","320515",0.681
"3172","320517",0.675
"3173","320520",0.8
"3174","320530",0.845
"3175","330010",0.724
"3176","330015",0.692
"3177","330020",0.718
"3178","330022",0.684
"3179","330023",0.728
"3180","330025",0.733
"3181","330030",0.733
"3182","330040",0.729
"3183","330045",0.684
"3184","330050",0.66
"3185","330060",0.732
"3186","330070",0.735
"3187","330080",0.7
"3188","330090",0.691
"3189","330093",0.713
"3190","330095",0.685
"3191","330100",0.716
"3192","330110",0.709
"3193","330115",0.648
"3194","330120",0.696
"3195","330130",0.726
"3196","330140",0.712
"3197","330150",0.729
"3198","330160",0.659
"3199","330170",0.711
"3200","330180",0.722
"3201","330185",0.698
"3202","330187",0.761
"3203","330190",0.693
"3204","330200",0.715
"3205","330205",0.688
"3206","330210",0.713
"3207","330220",0.73
"3208","330225",0.737
"3209","330227",0.659
"3210","330230",0.668
"3211","330240",0.764
"3212","330245",0.703
"3213","330250",0.709
"3214","330260",0.753
"3215","330270",0.765
"3216","330280",0.736
"3217","330285",0.737
"3218","330290",0.745
"3219","330300",0.713
"3220","330310",0.73
"3221","330320",0.753
"3222","330330",0.837
"3223","330340",0.745
"3224","330350",0.713
"3225","330360",0.72
"3226","330370",0.702
"3227","330380",0.693
"3228","330385",0.671
"3229","330390",0.745
"3230","330395",0.715
"3231","330400",0.708
"3232","330410",0.697
"3233","330411",0.713
"3234","330412",0.69
"3235","330414",0.68
"3236","330415",0.704
"3237","330420",0.768
"3238","330430",0.71
"3239","330440",0.683
"3240","330450",0.68
"3241","330452",0.773
"3242","330455",0.799
"3243","330460",0.668
"3244","330470",0.718
"3245","330475",0.639
"3246","330480",0.691
"3247","330490",0.739
"3248","330500",0.671
"3249","330510",0.719
"3250","330513",0.652
"3251","330515",0.66
"3252","330520",0.712
"3253","330530",0.646
"3254","330540",0.675
"3255","330550",0.709
"3256","330555",0.713
"3257","330560",0.654
"3258","330570",0.611
"3259","330575",0.654
"3260","330580",0.73
"3261","330590",0.667
"3262","330600",0.725
"3263","330610",0.738
"3264","330615",0.659
"3265","330620",0.714
"3266","330630",0.771
"3267","350010",0.79
"3268","350020",0.73
"3269","350030",0.715
"3270","350040",0.781
"3271","350050",0.745
"3272","350055",0.757
"3273","350060",0.854
"3274","350070",0.745
"3275","350075",0.712
"3276","350080",0.741
"3277","350090",0.687
"3278","350100",0.73
"3279","350110",0.7
"3280","350115",0.766
"3281","350120",0.728
"3282","350130",0.758
"3283","350140",0.688
"3284","350150",0.722
"3285","350160",0.811
"3286","350170",0.751
"3287","350180",0.745
"3288","350190",0.785
"3289","350200",0.754
"3290","350210",0.779
"3291","350220",0.719
"3292","350230",0.721
"3293","350240",0.741
"3294","350250",0.755
"3295","350260",0.721
"3296","350270",0.71
"3297","350275",0.704
"3298","350280",0.788
"3299","350290",0.776
"3300","350300",0.74
"3301","350310",0.685
"3302","350315",0.68
"3303","350320",0.815
"3304","350330",0.781
"3305","350335",0.722
"3306","350340",0.744
"3307","350350",0.697
"3308","350360",0.695
"3309","350370",0.733
"3310","350380",0.749
"3311","350390",0.784
"3312","350395",0.735
"3313","350400",0.805
"3314","350410",0.765
"3315","350420",0.773
"3316","350430",0.714
"3317","350440",0.705
"3318","350450",0.767
"3319","350460",0.746
"3320","350470",0.669
"3321","350480",0.756
"3322","350490",0.733
"3323","350500",0.711
"3324","350510",0.699
"3325","350520",0.75
"3326","350530",0.788
"3327","350535",0.66
"3328","350540",0.641
"3329","350550",0.789
"3330","350560",0.725
"3331","350570",0.786
"3332","350580",0.751
"3333","350590",0.761
"3334","350600",0.801
"3335","350610",0.78
"3336","350620",0.744
"3337","350630",0.734
"3338","350635",0.73
"3339","350640",0.768
"3340","350650",0.78
"3341","350660",0.712
"3342","350670",0.681
"3343","350680",0.742
"3344","350690",0.705
"3345","350700",0.78
"3346","350710",0.713
"3347","350715",0.66
"3348","350720",0.746
"3349","350730",0.754
"3350","350740",0.73
"3351","350745",0.705
"3352","350750",0.8
"3353","350760",0.776
"3354","350770",0.737
"3355","350775",0.71
"3356","350780",0.755
"3357","350790",0.74
"3358","350800",0.667
"3359","350810",0.763
"3360","350820",0.735
"3361","350830",0.694
"3362","350840",0.738
"3363","350850",0.788
"3364","350860",0.764
"3365","350870",0.72
"3366","350880",0.742
"3367","350890",0.729
"3368","350900",0.781
"3369","350910",0.697
"3370","350920",0.728
"3371","350925",0.694
"3372","350930",0.734
"3373","350940",0.713
"3374","350945",0.717
"3375","350950",0.805
"3376","350960",0.769
"3377","350970",0.749
"3378","350980",0.706
"3379","350990",0.72
"3380","350995",0.704
"3381","351000",0.747
"3382","351010",0.789
"3383","351015",0.68
"3384","351020",0.721
"3385","351030",0.699
"3386","351040",0.75
"3387","351050",0.759
"3388","351060",0.749
"3389","351070",0.722
"3390","351080",0.73
"3391","351090",0.734
"3392","351100",0.731
"3393","351110",0.785
"3394","351120",0.751
"3395","351130",0.766
"3396","351140",0.729
"3397","351150",0.782
"3398","351160",0.706
"3399","351170",0.736
"3400","351190",0.725
"3401","351200",0.757
"3402","351210",0.71
"3403","351220",0.708
"3404","351230",0.736
"3405","351240",0.758
"3406","351250",0.719
"3407","351260",0.69
"3408","351270",0.754
"3409","351280",0.769
"3410","351290",0.722
"3411","351300",0.78
"3412","351310",0.756
"3413","351320",0.734
"3414","351330",0.774
"3415","351340",0.788
"3416","351350",0.737
"3417","351360",0.684
"3418","351370",0.76
"3419","351380",0.757
"3420","351385",0.741
"3421","351390",0.734
"3422","351400",0.718
"3423","351410",0.725
"3424","351420",0.742
"3425","351430",0.738
"3426","351440",0.776
"3427","351450",0.748
"3428","351460",0.744
"3429","351470",0.745
"3430","351480",0.691
"3431","351490",0.695
"3432","351492",0.747
"3433","351495",0.73
"3434","351500",0.735
"3435","351510",0.749
"3436","351512",0.727
"3437","351515",0.732
"3438","351518",0.787
"3439","351519",0.696
"3440","351520",0.76
"3441","351530",0.74
"3442","351535",0.704
"3443","351540",0.732
"3444","351550",0.797
"3445","351560",0.758
"3446","351565",0.703
"3447","351570",0.738
"3448","351580",0.727
"3449","351590",0.747
"3450","351600",0.715
"3451","351610",0.713
"3452","351620",0.78
"3453","351630",0.703
"3454","351640",0.731
"3455","351650",0.763
"3456","351660",0.709
"3457","351670",0.769
"3458","351680",0.723
"3459","351685",0.719
"3460","351690",0.747
"3461","351700",0.717
"3462","351710",0.735
"3463","351720",0.739
"3464","351730",0.728
"3465","351740",0.753
"3466","351750",0.725
"3467","351760",0.675
"3468","351770",0.718
"3469","351780",0.719
"3470","351790",0.737
"3471","351800",0.732
"3472","351810",0.713
"3473","351820",0.763
"3474","351830",0.731
"3475","351840",0.798
"3476","351850",0.687
"3477","351860",0.719
"3478","351870",0.751
"3479","351880",0.763
"3480","351885",0.743
"3481","351890",0.697
"3482","351900",0.727
"3483","351905",0.793
"3484","351907",0.756
"3485","351910",0.745
"3486","351920",0.733
"3487","351925",0.674
"3488","351930",0.703
"3489","351940",0.74
"3490","351950",0.708
"3491","351960",0.747
"3492","351970",0.71
"3493","351980",0.72
"3494","351990",0.736
"3495","352000",0.727
"3496","352010",0.768
"3497","352020",0.711
"3498","352030",0.726
"3499","352040",0.756
"3500","352042",0.725
"3501","352044",0.812
"3502","352050",0.788
"3503","352060",0.761
"3504","352070",0.751
"3505","352080",0.759
"3506","352090",0.727
"3507","352100",0.719
"3508","352110",0.753
"3509","352115",0.73
"3510","352120",0.703
"3511","352130",0.749
"3512","352140",0.776
"3513","352150",0.713
"3514","352160",0.712
"3515","352170",0.693
"3516","352180",0.713
"3517","352190",0.73
"3518","352200",0.705
"3519","352210",0.745
"3520","352215",0.68
"3521","352220",0.742
"3522","352230",0.763
"3523","352240",0.732
"3524","352250",0.735
"3525","352260",0.762
"3526","352265",0.661
"3527","352270",0.744
"3528","352280",0.719
"3529","352290",0.725
"3530","352300",0.72
"3531","352310",0.714
"3532","352320",0.703
"3533","352330",0.677
"3534","352340",0.778
"3535","352350",0.706
"3536","352360",0.724
"3537","352370",0.707
"3538","352380",0.717
"3539","352390",0.773
"3540","352400",0.762
"3541","352410",0.765
"3542","352420",0.711
"3543","352430",0.778
"3544","352440",0.777
"3545","352450",0.723
"3546","352460",0.717
"3547","352470",0.784
"3548","352480",0.776
"3549","352490",0.756
"3550","352500",0.76
"3551","352510",0.735
"3552","352520",0.733
"3553","352530",0.778
"3554","352540",0.703
"3555","352550",0.699
"3556","352560",0.741
"3557","352570",0.777
"3558","352580",0.716
"3559","352585",0.741
"3560","352590",0.822
"3561","352600",0.745
"3562","352610",0.7
"3563","352620",0.709
"3564","352630",0.693
"3565","352640",0.729
"3566","352650",0.721
"3567","352660",0.729
"3568","352670",0.744
"3569","352680",0.764
"3570","352690",0.775
"3571","352700",0.742
"3572","352710",0.786
"3573","352720",0.766
"3574","352725",0.742
"3575","352730",0.777
"3576","352740",0.752
"3577","352750",0.733
"3578","352760",0.731
"3579","352770",0.702
"3580","352780",0.724
"3581","352790",0.72
"3582","352800",0.77
"3583","352810",0.743
"3584","352820",0.74
"3585","352830",0.753
"3586","352840",0.743
"3587","352850",0.788
"3588","352860",0.739
"3589","352870",0.677
"3590","352880",0.771
"3591","352885",0.752
"3592","352890",0.718
"3593","352900",0.798
"3594","352910",0.731
"3595","352920",0.721
"3596","352930",0.773
"3597","352940",0.766
"3598","352950",0.744
"3599","352960",0.731
"3600","352965",0.724
"3601","352970",0.741
"3602","352980",0.73
"3603","352990",0.697
"3604","353000",0.743
"3605","353010",0.751
"3606","353020",0.724
"3607","353030",0.762
"3608","353040",0.738
"3609","353050",0.762
"3610","353060",0.783
"3611","353070",0.774
"3612","353080",0.784
"3613","353090",0.719
"3614","353100",0.772
"3615","353110",0.754
"3616","353120",0.759
"3617","353130",0.768
"3618","353140",0.785
"3619","353150",0.753
"3620","353160",0.741
"3621","353170",0.71
"3622","353180",0.733
"3623","353190",0.712
"3624","353200",0.715
"3625","353205",0.741
"3626","353210",0.726
"3627","353215",0.714
"3628","353220",0.718
"3629","353230",0.655
"3630","353240",0.678
"3631","353250",0.754
"3632","353260",0.751
"3633","353270",0.713
"3634","353280",0.738
"3635","353282",0.651
"3636","353284",0.715
"3637","353286",0.756
"3638","353290",0.765
"3639","353300",0.739
"3640","353310",0.726
"3641","353320",0.735
"3642","353325",0.719
"3643","353330",0.743
"3644","353340",0.791
"3645","353350",0.753
"3646","353360",0.746
"3647","353370",0.717
"3648","353380",0.73
"3649","353390",0.773
"3650","353400",0.738
"3651","353410",0.77
"3652","353420",0.767
"3653","353430",0.78
"3654","353440",0.776
"3655","353450",0.749
"3656","353460",0.762
"3657","353470",0.778
"3658","353475",0.77
"3659","353480",0.692
"3660","353490",0.725
"3661","353500",0.732
"3662","353510",0.722
"3663","353520",0.753
"3664","353530",0.746
"3665","353540",0.722
"3666","353550",0.762
"3667","353560",0.719
"3668","353570",0.749
"3669","353580",0.717
"3670","353590",0.732
"3671","353600",0.737
"3672","353610",0.727
"3673","353620",0.736
"3674","353625",0.721
"3675","353630",0.73
"3676","353640",0.711
"3677","353650",0.795
"3678","353657",0.718
"3679","353660",0.725
"3680","353670",0.739
"3681","353680",0.677
"3682","353690",0.742
"3683","353700",0.715
"3684","353710",0.769
"3685","353715",0.774
"3686","353720",0.696
"3687","353730",0.759
"3688","353740",0.766
"3689","353750",0.736
"3690","353760",0.749
"3691","353770",0.732
"3692","353780",0.716
"3693","353790",0.69
"3694","353800",0.773
"3695","353810",0.737
"3696","353820",0.725
"3697","353830",0.711
"3698","353850",0.757
"3699","353860",0.739
"3700","353870",0.785
"3701","353880",0.758
"3702","353890",0.749
"3703","353900",0.756
"3704","353910",0.727
"3705","353920",0.776
"3706","353930",0.801
"3707","353940",0.779
"3708","353950",0.723
"3709","353960",0.719
"3710","353970",0.719
"3711","353980",0.771
"3712","353990",0.766
"3713","354000",0.786
"3714","354010",0.755
"3715","354020",0.725
"3716","354025",0.702
"3717","354030",0.732
"3718","354040",0.714
"3719","354050",0.703
"3720","354060",0.758
"3721","354070",0.751
"3722","354075",0.697
"3723","354080",0.747
"3724","354085",0.696
"3725","354090",0.733
"3726","354100",0.754
"3727","354105",0.701
"3728","354110",0.735
"3729","354120",0.757
"3730","354130",0.75
"3731","354140",0.806
"3732","354150",0.763
"3733","354160",0.743
"3734","354165",0.678
"3735","354170",0.738
"3736","354180",0.715
"3737","354190",0.722
"3738","354200",0.732
"3739","354210",0.745
"3740","354220",0.751
"3741","354230",0.657
"3742","354240",0.768
"3743","354250",0.728
"3744","354260",0.754
"3745","354270",0.705
"3746","354280",0.698
"3747","354290",0.712
"3748","354300",0.639
"3749","354310",0.711
"3750","354320",0.747
"3751","354323",0.721
"3752","354325",0.705
"3753","354330",0.784
"3754","354340",0.8
"3755","354350",0.664
"3756","354360",0.74
"3757","354370",0.734
"3758","354380",0.723
"3759","354390",0.803
"3760","354400",0.759
"3761","354410",0.749
"3762","354420",0.703
"3763","354425",0.764
"3764","354430",0.737
"3765","354440",0.721
"3766","354450",0.759
"3767","354460",0.728
"3768","354470",0.73
"3769","354480",0.751
"3770","354490",0.772
"3771","354500",0.732
"3772","354510",0.719
"3773","354515",0.791
"3774","354520",0.78
"3775","354530",0.729
"3776","354540",0.704
"3777","354550",0.709
"3778","354560",0.76
"3779","354570",0.728
"3780","354580",0.781
"3781","354600",0.735
"3782","354610",0.733
"3783","354620",0.79
"3784","354625",0.743
"3785","354630",0.728
"3786","354640",0.762
"3787","354650",0.738
"3788","354660",0.784
"3789","354670",0.737
"3790","354680",0.738
"3791","354690",0.737
"3792","354700",0.686
"3793","354710",0.739
"3794","354720",0.773
"3795","354730",0.814
"3796","354740",0.761
"3797","354750",0.775
"3798","354760",0.77
"3799","354765",0.772
"3800","354770",0.753
"3801","354780",0.815
"3802","354790",0.702
"3803","354800",0.702
"3804","354805",0.757
"3805","354810",0.714
"3806","354820",0.706
"3807","354830",0.732
"3808","354840",0.74
"3809","354850",0.84
"3810","354860",0.72
"3811","354870",0.805
"3812","354880",0.862
"3813","354890",0.805
"3814","354900",0.723
"3815","354910",0.797
"3816","354920",0.72
"3817","354925",0.748
"3818","354930",0.75
"3819","354940",0.762
"3820","354950",0.693
"3821","354960",0.684
"3822","354970",0.774
"3823","354980",0.797
"3824","354990",0.807
"3825","354995",0.728
"3826","355000",0.697
"3827","355010",0.744
"3828","355020",0.71
"3829","355030",0.805
"3830","355040",0.755
"3831","355050",0.703
"3832","355060",0.768
"3833","355070",0.772
"3834","355080",0.701
"3835","355090",0.766
"3836","355100",0.768
"3837","355110",0.707
"3838","355120",0.688
"3839","355130",0.773
"3840","355140",0.686
"3841","355150",0.729
"3842","355160",0.767
"3843","355170",0.761
"3844","355180",0.673
"3845","355190",0.715
"3846","355200",0.678
"3847","355210",0.729
"3848","355220",0.798
"3849","355230",0.747
"3850","355240",0.762
"3851","355250",0.765
"3852","355255",0.699
"3853","355260",0.735
"3854","355270",0.704
"3855","355280",0.769
"3856","355290",0.723
"3857","355300",0.709
"3858","355310",0.71
"3859","355320",0.76
"3860","355330",0.731
"3861","355340",0.748
"3862","355350",0.681
"3863","355360",0.751
"3864","355365",0.759
"3865","355370",0.748
"3866","355380",0.701
"3867","355385",0.679
"3868","355390",0.726
"3869","355395",0.753
"3870","355400",0.752
"3871","355410",0.8
"3872","355420",0.668
"3873","355430",0.741
"3874","355440",0.749
"3875","355450",0.778
"3876","355460",0.71
"3877","355465",0.714
"3878","355470",0.744
"3879","355475",0.722
"3880","355480",0.785
"3881","355490",0.753
"3882","355495",0.728
"3883","355500",0.771
"3884","355510",0.769
"3885","355520",0.751
"3886","355530",0.736
"3887","355535",0.7
"3888","355540",0.751
"3889","355550",0.727
"3890","355560",0.721
"3891","355570",0.749
"3892","355580",0.746
"3893","355590",0.712
"3894","355600",0.745
"3895","355610",0.735
"3896","355620",0.819
"3897","355630",0.725
"3898","355635",0.699
"3899","355640",0.737
"3900","355645",0.77
"3901","355650",0.759
"3902","355660",0.754
"3903","355670",0.817
"3904","355680",0.739
"3905","355690",0.744
"3906","355695",0.725
"3907","355700",0.767
"3908","355710",0.79
"3909","355715",0.729
"3910","355720",0.729
"3911","355730",0.74
"3912","410010",0.687
"3913","410020",0.667
"3914","410030",0.66
"3915","410040",0.699
"3916","410045",0.667
"3917","410050",0.721
"3918","410060",0.696
"3919","410070",0.676
"3920","410080",0.708
"3921","410090",0.669
"3922","410100",0.709
"3923","410105",0.695
"3924","410110",0.725
"3925","410115",0.721
"3926","410120",0.687
"3927","410130",0.656
"3928","410140",0.748
"3929","410150",0.748
"3930","410160",0.723
"3931","410165",0.676
"3932","410170",0.704
"3933","410180",0.74
"3934","410185",0.67
"3935","410190",0.728
"3936","410200",0.729
"3937","410210",0.747
"3938","410220",0.736
"3939","410230",0.696
"3940","410240",0.727
"3941","410250",0.696
"3942","410260",0.706
"3943","410270",0.744
"3944","410275",0.681
"3945","410280",0.716
"3946","410290",0.667
"3947","410300",0.72
"3948","410302",0.7
"3949","410304",0.655
"3950","410305",0.67
"3951","410310",0.64
"3952","410315",0.697
"3953","410320",0.686
"3954","410322",0.742
"3955","410330",0.717
"3956","410335",0.701
"3957","410337",0.681
"3958","410340",0.693
"3959","410345",0.748
"3960","410347",0.692
"3961","410350",0.722
"3962","410360",0.721
"3963","410370",0.734
"3964","410380",0.725
"3965","410390",0.704
"3966","410395",0.63
"3967","410400",0.718
"3968","410405",0.681
"3969","410410",0.686
"3970","410420",0.745
"3971","410425",0.701
"3972","410430",0.757
"3973","410440",0.629
"3974","410442",0.635
"3975","410445",0.635
"3976","410450",0.706
"3977","410460",0.716
"3978","410465",0.728
"3979","410470",0.713
"3980","410480",0.782
"3981","410490",0.703
"3982","410500",0.678
"3983","410510",0.668
"3984","410520",0.573
"3985","410530",0.732
"3986","410540",0.74
"3987","410550",0.755
"3988","410560",0.718
"3989","410570",0.694
"3990","410580",0.733
"3991","410590",0.73
"3992","410600",0.668
"3993","410610",0.707
"3994","410620",0.681
"3995","410630",0.738
"3996","410640",0.759
"3997","410645",0.6
"3998","410650",0.723
"3999","410655",0.638
"4000","410657",0.709
"4001","410660",0.717
"4002","410670",0.713
"4003","410680",0.664
"4004","410685",0.666
"4005","410690",0.823
"4006","410700",0.656
"4007","410710",0.723
"4008","410712",0.608
"4009","410715",0.644
"4010","410720",0.767
"4011","410725",0.724
"4012","410730",0.746
"4013","410740",0.752
"4014","410750",0.73
"4015","410752",0.689
"4016","410753",0.761
"4017","410754",0.636
"4018","410755",0.715
"4019","410760",0.687
"4020","410765",0.72
"4021","410770",0.716
"4022","410773",0.645
"4023","410775",0.677
"4024","410780",0.745
"4025","410785",0.682
"4026","410790",0.736
"4027","410800",0.701
"4028","410810",0.732
"4029","410820",0.723
"4030","410830",0.751
"4031","410832",0.669
"4032","410840",0.774
"4033","410845",0.645
"4034","410850",0.652
"4035","410855",0.675
"4036","410860",0.731
"4037","410865",0.641
"4038","410870",0.658
"4039","410880",0.724
"4040","410890",0.693
"4041","410895",0.669
"4042","410900",0.702
"4043","410910",0.719
"4044","410920",0.698
"4045","410930",0.677
"4046","410940",0.731
"4047","410950",0.587
"4048","410960",0.717
"4049","410965",0.683
"4050","410970",0.71
"4051","410975",0.685
"4052","410980",0.726
"4053","410990",0.666
"4054","411000",0.758
"4055","411005",0.703
"4056","411007",0.622
"4057","411010",0.66
"4058","411020",0.6
"4059","411030",0.705
"4060","411040",0.724
"4061","411050",0.652
"4062","411060",0.706
"4063","411065",0.707
"4064","411070",0.726
"4065","411080",0.665
"4066","411090",0.707
"4067","411095",0.738
"4068","411100",0.694
"4069","411110",0.746
"4070","411120",0.731
"4071","411125",0.637
"4072","411130",0.656
"4073","411140",0.651
"4074","411150",0.73
"4075","411155",0.706
"4076","411160",0.766
"4077","411170",0.718
"4078","411180",0.743
"4079","411190",0.715
"4080","411200",0.743
"4081","411210",0.747
"4082","411220",0.696
"4083","411230",0.696
"4084","411240",0.712
"4085","411250",0.689
"4086","411260",0.682
"4087","411270",0.687
"4088","411275",0.705
"4089","411280",0.7
"4090","411290",0.688
"4091","411295",0.708
"4092","411300",0.718
"4093","411310",0.721
"4094","411320",0.706
"4095","411325",0.585
"4096","411330",0.706
"4097","411340",0.707
"4098","411342",0.68
"4099","411345",0.666
"4100","411350",0.725
"4101","411360",0.744
"4102","411370",0.778
"4103","411373",0.668
"4104","411375",0.69
"4105","411380",0.71
"4106","411390",0.708
"4107","411400",0.719
"4108","411410",0.718
"4109","411420",0.751
"4110","411430",0.655
"4111","411435",0.645
"4112","411440",0.688
"4113","411450",0.716
"4114","411460",0.774
"4115","411470",0.703
"4116","411480",0.735
"4117","411490",0.691
"4118","411500",0.681
"4119","411510",0.639
"4120","411520",0.808
"4121","411530",0.698
"4122","411535",0.758
"4123","411540",0.722
"4124","411545",0.614
"4125","411550",0.721
"4126","411560",0.725
"4127","411570",0.743
"4128","411573",0.632
"4129","411575",0.652
"4130","411580",0.763
"4131","411585",0.74
"4132","411590",0.68
"4133","411600",0.748
"4134","411605",0.711
"4135","411610",0.675
"4136","411620",0.686
"4137","411630",0.726
"4138","411640",0.709
"4139","411650",0.717
"4140","411660",0.698
"4141","411670",0.733
"4142","411680",0.658
"4143","411690",0.722
"4144","411695",0.714
"4145","411700",0.688
"4146","411705",0.642
"4147","411710",0.758
"4148","411720",0.71
"4149","411721",0.68
"4150","411722",0.731
"4151","411725",0.716
"4152","411727",0.651
"4153","411729",0.71
"4154","411730",0.609
"4155","411740",0.72
"4156","411745",0.709
"4157","411750",0.716
"4158","411760",0.66
"4159","411770",0.718
"4160","411780",0.639
"4161","411790",0.768
"4162","411800",0.746
"4163","411810",0.717
"4164","411820",0.75
"4165","411830",0.709
"4166","411840",0.763
"4167","411845",0.747
"4168","411850",0.782
"4169","411860",0.717
"4170","411870",0.708
"4171","411880",0.723
"4172","411885",0.713
"4173","411890",0.7
"4174","411900",0.726
"4175","411910",0.694
"4176","411915",0.751
"4177","411920",0.697
"4178","411925",0.695
"4179","411930",0.654
"4180","411940",0.708
"4181","411950",0.7
"4182","411960",0.702
"4183","411965",0.71
"4184","411970",0.705
"4185","411980",0.706
"4186","411990",0.763
"4187","411995",0.738
"4188","412000",0.738
"4189","412010",0.7
"4190","412015",0.688
"4191","412020",0.735
"4192","412030",0.685
"4193","412033",0.71
"4194","412035",0.752
"4195","412040",0.713
"4196","412050",0.701
"4197","412060",0.676
"4198","412065",0.71
"4199","412070",0.714
"4200","412080",0.742
"4201","412085",0.791
"4202","412090",0.681
"4203","412100",0.688
"4204","412110",0.715
"4205","412120",0.68
"4206","412125",0.63
"4207","412130",0.707
"4208","412135",0.704
"4209","412140",0.722
"4210","412150",0.672
"4211","412160",0.733
"4212","412170",0.618
"4213","412175",0.648
"4214","412180",0.716
"4215","412190",0.701
"4216","412200",0.687
"4217","412210",0.729
"4218","412215",0.629
"4219","412217",0.64
"4220","412220",0.679
"4221","412230",0.76
"4222","412240",0.739
"4223","412250",0.681
"4224","412260",0.713
"4225","412265",0.662
"4226","412270",0.74
"4227","412280",0.7
"4228","412290",0.704
"4229","412300",0.718
"4230","412310",0.653
"4231","412320",0.723
"4232","412330",0.71
"4233","412340",0.705
"4234","412350",0.744
"4235","412360",0.717
"4236","412370",0.72
"4237","412380",0.696
"4238","412382",0.687
"4239","412385",0.609
"4240","412390",0.7
"4241","412395",0.704
"4242","412400",0.687
"4243","412402",0.705
"4244","412405",0.738
"4245","412410",0.718
"4246","412420",0.696
"4247","412430",0.716
"4248","412440",0.671
"4249","412450",0.739
"4250","412460",0.682
"4251","412470",0.637
"4252","412480",0.727
"4253","412490",0.664
"4254","412500",0.693
"4255","412510",0.629
"4256","412520",0.722
"4257","412530",0.743
"4258","412535",0.676
"4259","412540",0.671
"4260","412545",0.713
"4261","412550",0.758
"4262","412555",0.725
"4263","412560",0.719
"4264","412570",0.704
"4265","412575",0.683
"4266","412580",0.717
"4267","412590",0.704
"4268","412600",0.715
"4269","412610",0.725
"4270","412620",0.655
"4271","412625",0.695
"4272","412627",0.699
"4273","412630",0.663
"4274","412635",0.762
"4275","412640",0.725
"4276","412650",0.723
"4277","412660",0.704
"4278","412665",0.693
"4279","412667",0.621
"4280","412670",0.731
"4281","412680",0.703
"4282","412690",0.697
"4283","412700",0.671
"4284","412710",0.734
"4285","412720",0.728
"4286","412730",0.71
"4287","412740",0.714
"4288","412750",0.664
"4289","412760",0.636
"4290","412770",0.768
"4291","412780",0.699
"4292","412785",0.681
"4293","412788",0.611
"4294","412790",0.695
"4295","412795",0.73
"4296","412796",0.672
"4297","412800",0.739
"4298","412810",0.761
"4299","412820",0.74
"4300","412830",0.72
"4301","412840",0.721
"4302","412850",0.687
"4303","412853",0.65
"4304","412855",0.699
"4305","412860",0.72
"4306","412862",0.678
"4307","412863",0.546
"4308","412865",0.722
"4309","412870",0.702
"4310","412880",0.706
"4311","420005",0.694
"4312","420010",0.696
"4313","420020",0.725
"4314","420030",0.741
"4315","420040",0.698
"4316","420050",0.713
"4317","420055",0.745
"4318","420060",0.723
"4319","420070",0.668
"4320","420075",0.755
"4321","420080",0.699
"4322","420090",0.687
"4323","420100",0.688
"4324","420110",0.674
"4325","420120",0.749
"4326","420125",0.708
"4327","420127",0.733
"4328","420130",0.703
"4329","420140",0.76
"4330","420150",0.77
"4331","420160",0.764
"4332","420165",0.715
"4333","420170",0.742
"4334","420180",0.733
"4335","420190",0.733
"4336","420195",0.746
"4337","420200",0.845
"4338","420205",0.716
"4339","420207",0.728
"4340","420208",0.672
"4341","420209",0.701
"4342","420210",0.738
"4343","420213",0.675
"4344","420215",0.705
"4345","420220",0.74
"4346","420230",0.739
"4347","420240",0.806
"4348","420243",0.647
"4349","420245",0.781
"4350","420250",0.696
"4351","420253",0.718
"4352","420257",0.712
"4353","420260",0.699
"4354","420270",0.724
"4355","420280",0.778
"4356","420285",0.78
"4357","420287",0.661
"4358","420290",0.795
"4359","420300",0.735
"4360","420310",0.728
"4361","420315",0.622
"4362","420320",0.726
"4363","420325",0.654
"4364","420330",0.714
"4365","420340",0.641
"4366","420350",0.69
"4367","420360",0.742
"4368","420370",0.697
"4369","420380",0.757
"4370","420390",0.752
"4371","420395",0.767
"4372","420400",0.714
"4373","420410",0.691
"4374","420415",0.719
"4375","420417",0.621
"4376","420419",0.704
"4377","420420",0.79
"4378","420425",0.78
"4379","420430",0.8
"4380","420435",0.747
"4381","420440",0.744
"4382","420445",0.696
"4383","420450",0.78
"4384","420455",0.702
"4385","420460",0.788
"4386","420470",0.742
"4387","420475",0.754
"4388","420480",0.721
"4389","420490",0.743
"4390","420500",0.706
"4391","420510",0.742
"4392","420515",0.716
"4393","420517",0.657
"4394","420519",0.726
"4395","420520",0.723
"4396","420530",0.758
"4397","420535",0.708
"4398","420540",0.847
"4399","420543",0.715
"4400","420545",0.753
"4401","420550",0.731
"4402","420555",0.682
"4403","420560",0.708
"4404","420570",0.753
"4405","420580",0.725
"4406","420590",0.765
"4407","420600",0.747
"4408","420610",0.736
"4409","420620",0.757
"4410","420630",0.754
"4411","420640",0.751
"4412","420650",0.751
"4413","420660",0.73
"4414","420665",0.717
"4415","420670",0.758
"4416","420675",0.725
"4417","420680",0.708
"4418","420690",0.737
"4419","420700",0.741
"4420","420710",0.738
"4421","420720",0.667
"4422","420730",0.765
"4423","420740",0.713
"4424","420750",0.777
"4425","420757",0.795
"4426","420760",0.736
"4427","420765",0.759
"4428","420768",0.66
"4429","420770",0.738
"4430","420775",0.722
"4431","420780",0.742
"4432","420785",0.707
"4433","420790",0.699
"4434","420800",0.771
"4435","420810",0.708
"4436","420820",0.795
"4437","420830",0.796
"4438","420840",0.775
"4439","420845",0.761
"4440","420850",0.748
"4441","420860",0.732
"4442","420870",0.716
"4443","420880",0.721
"4444","420890",0.803
"4445","420895",0.709
"4446","420900",0.827
"4447","420910",0.809
"4448","420915",0.694
"4449","420917",0.719
"4450","420920",0.781
"4451","420930",0.77
"4452","420940",0.752
"4453","420945",0.771
"4454","420950",0.749
"4455","420960",0.735
"4456","420970",0.649
"4457","420980",0.686
"4458","420985",0.743
"4459","420990",0.704
"4460","421000",0.737
"4461","421003",0.789
"4462","421005",0.662
"4463","421010",0.777
"4464","421020",0.698
"4465","421030",0.69
"4466","421040",0.768
"4467","421050",0.781
"4468","421055",0.743
"4469","421060",0.774
"4470","421070",0.657
"4471","421080",0.738
"4472","421085",0.708
"4473","421090",0.76
"4474","421100",0.748
"4475","421105",0.643
"4476","421110",0.675
"4477","421120",0.738
"4478","421125",0.701
"4479","421130",0.736
"4480","421140",0.765
"4481","421145",0.736
"4482","421150",0.748
"4483","421160",0.768
"4484","421165",0.706
"4485","421170",0.755
"4486","421175",0.74
"4487","421180",0.774
"4488","421185",0.695
"4489","421187",0.718
"4490","421189",0.664
"4491","421190",0.757
"4492","421200",0.704
"4493","421205",0.671
"4494","421210",0.737
"4495","421220",0.704
"4496","421223",0.7
"4497","421225",0.72
"4498","421227",0.659
"4499","421230",0.716
"4500","421240",0.728
"4501","421250",0.743
"4502","421260",0.766
"4503","421270",0.716
"4504","421280",0.756
"4505","421290",0.783
"4506","421300",0.777
"4507","421310",0.758
"4508","421315",0.751
"4509","421320",0.78
"4510","421330",0.673
"4511","421335",0.689
"4512","421340",0.693
"4513","421350",0.76
"4514","421360",0.786
"4515","421370",0.72
"4516","421380",0.718
"4517","421390",0.77
"4518","421400",0.759
"4519","421410",0.737
"4520","421415",0.706
"4521","421420",0.73
"4522","421430",0.753
"4523","421440",0.697
"4524","421450",0.729
"4525","421460",0.754
"4526","421470",0.729
"4527","421480",0.802
"4528","421490",0.806
"4529","421500",0.738
"4530","421505",0.653
"4531","421507",0.714
"4532","421510",0.754
"4533","421520",0.692
"4534","421530",0.744
"4535","421535",0.654
"4536","421540",0.784
"4537","421545",0.7
"4538","421550",0.698
"4539","421555",0.727
"4540","421560",0.757
"4541","421565",0.705
"4542","421567",0.669
"4543","421568",0.682
"4544","421569",0.728
"4545","421570",0.781
"4546","421575",0.677
"4547","421580",0.782
"4548","421590",0.731
"4549","421600",0.769
"4550","421605",0.665
"4551","421610",0.765
"4552","421620",0.762
"4553","421625",0.761
"4554","421630",0.74
"4555","421635",0.738
"4556","421640",0.695
"4557","421650",0.687
"4558","421660",0.809
"4559","421670",0.731
"4560","421680",0.636
"4561","421690",0.749
"4562","421700",0.755
"4563","421710",0.742
"4564","421715",0.71
"4565","421720",0.801
"4566","421725",0.734
"4567","421730",0.755
"4568","421740",0.769
"4569","421750",0.779
"4570","421755",0.773
"4571","421760",0.774
"4572","421770",0.728
"4573","421775",0.707
"4574","421780",0.761
"4575","421790",0.737
"4576","421795",0.717
"4577","421800",0.76
"4578","421810",0.72
"4579","421820",0.784
"4580","421825",0.659
"4581","421830",0.706
"4582","421835",0.774
"4583","421840",0.729
"4584","421850",0.795
"4585","421860",0.775
"4586","421870",0.796
"4587","421875",0.752
"4588","421880",0.74
"4589","421885",0.705
"4590","421890",0.694
"4591","421895",0.699
"4592","421900",0.772
"4593","421910",0.686
"4594","421915",0.629
"4595","421917",0.718
"4596","421920",0.7
"4597","421930",0.764
"4598","421935",0.673
"4599","421940",0.71
"4600","421950",0.775
"4601","421960",0.749
"4602","421970",0.752
"4603","421985",0.761
"4604","430003",0.687
"4605","430005",0.75
"4606","430010",0.694
"4607","430020",0.753
"4608","430030",0.672
"4609","430040",0.74
"4610","430045",0.695
"4611","430047",0.74
"4612","430050",0.671
"4613","430055",0.747
"4614","430057",0.734
"4615","430060",0.699
"4616","430063",0.624
"4617","430064",0.682
"4618","430066",0.72
"4619","430070",0.74
"4620","430080",0.758
"4621","430085",0.691
"4622","430087",0.679
"4623","430090",0.772
"4624","430100",0.769
"4625","430105",0.74
"4626","430107",0.669
"4627","430110",0.698
"4628","430120",0.707
"4629","430130",0.657
"4630","430140",0.694
"4631","430150",0.743
"4632","430155",0.707
"4633","430160",0.74
"4634","430163",0.696
"4635","430165",0.748
"4636","430170",0.719
"4637","430175",0.61
"4638","430180",0.71
"4639","430185",0.734
"4640","430187",0.662
"4641","430190",0.67
"4642","430192",0.723
"4643","430195",0.763
"4644","430200",0.65
"4645","430205",0.619
"4646","430210",0.778
"4647","430215",0.676
"4648","430220",0.762
"4649","430222",0.703
"4650","430223",0.731
"4651","430225",0.728
"4652","430230",0.666
"4653","430235",0.746
"4654","430237",0.723
"4655","430240",0.739
"4656","430245",0.7
"4657","430250",0.692
"4658","430258",0.745
"4659","430260",0.674
"4660","430265",0.699
"4661","430270",0.689
"4662","430280",0.704
"4663","430290",0.7
"4664","430300",0.742
"4665","430310",0.757
"4666","430320",0.662
"4667","430330",0.719
"4668","430340",0.699
"4669","430350",0.697
"4670","430355",0.736
"4671","430360",0.697
"4672","430367",0.706
"4673","430370",0.738
"4674","430380",0.76
"4675","430390",0.745
"4676","430400",0.703
"4677","430410",0.708
"4678","430420",0.674
"4679","430430",0.728
"4680","430435",0.698
"4681","430440",0.748
"4682","430450",0.65
"4683","430460",0.75
"4684","430461",0.713
"4685","430462",0.637
"4686","430463",0.743
"4687","430465",0.672
"4688","430466",0.637
"4689","430467",0.766
"4690","430468",0.661
"4691","430469",0.746
"4692","430470",0.766
"4693","430471",0.652
"4694","430480",0.796
"4695","430485",0.739
"4696","430490",0.785
"4697","430495",0.703
"4698","430500",0.739
"4699","430510",0.782
"4700","430511",0.701
"4701","430512",0.649
"4702","430513",0.661
"4703","430515",0.674
"4704","430517",0.66
"4705","430520",0.764
"4706","430530",0.757
"4707","430535",0.747
"4708","430537",0.62
"4709","430540",0.732
"4710","430543",0.706
"4711","430544",0.616
"4712","430545",0.729
"4713","430550",0.719
"4714","430558",0.765
"4715","430560",0.758
"4716","430570",0.747
"4717","430580",0.754
"4718","430583",0.692
"4719","430585",0.746
"4720","430587",0.744
"4721","430590",0.665
"4722","430593",0.727
"4723","430595",0.741
"4724","430597",0.706
"4725","430600",0.712
"4726","430605",0.644
"4727","430607",0.66
"4728","430610",0.75
"4729","430613",0.719
"4730","430620",0.723
"4731","430630",0.762
"4732","430632",0.707
"4733","430635",0.654
"4734","430637",0.648
"4735","430640",0.743
"4736","430642",0.67
"4737","430645",0.757
"4738","430650",0.587
"4739","430655",0.691
"4740","430660",0.708
"4741","430670",0.697
"4742","430673",0.706
"4743","430675",0.724
"4744","430676",0.717
"4745","430680",0.767
"4746","430690",0.657
"4747","430692",0.717
"4748","430693",0.68
"4749","430695",0.703
"4750","430697",0.712
"4751","430700",0.776
"4752","430705",0.716
"4753","430710",0.687
"4754","430720",0.681
"4755","430730",0.685
"4756","430740",0.68
"4757","430745",0.661
"4758","430750",0.765
"4759","430755",0.753
"4760","430760",0.757
"4761","430770",0.754
"4762","430780",0.767
"4763","430781",0.679
"4764","430783",0.712
"4765","430786",0.763
"4766","430790",0.777
"4767","430800",0.72
"4768","430805",0.666
"4769","430807",0.698
"4770","430810",0.75
"4771","430820",0.754
"4772","430825",0.663
"4773","430830",0.661
"4774","430840",0.682
"4775","430843",0.683
"4776","430845",0.756
"4777","430850",0.76
"4778","430860",0.786
"4779","430865",0.671
"4780","430870",0.738
"4781","430880",0.686
"4782","430885",0.733
"4783","430890",0.746
"4784","430900",0.721
"4785","430905",0.714
"4786","430910",0.764
"4787","430912",0.685
"4788","430915",0.634
"4789","430920",0.736
"4790","430925",0.758
"4791","430930",0.73
"4792","430940",0.765
"4793","430950",0.737
"4794","430955",0.749
"4795","430957",0.616
"4796","430960",0.783
"4797","430965",0.643
"4798","430970",0.738
"4799","430975",0.652
"4800","430980",0.739
"4801","430990",0.724
"4802","430995",0.638
"4803","431000",0.765
"4804","431010",0.721
"4805","431020",0.781
"4806","431030",0.73
"4807","431033",0.764
"4808","431036",0.743
"4809","431040",0.693
"4810","431041",0.673
"4811","431043",0.728
"4812","431046",0.791
"4813","431050",0.691
"4814","431053",0.76
"4815","431055",0.657
"4816","431057",0.664
"4817","431060",0.713
"4818","431065",0.669
"4819","431070",0.681
"4820","431075",0.724
"4821","431080",0.784
"4822","431085",0.658
"4823","431087",0.662
"4824","431090",0.726
"4825","431100",0.707
"4826","431110",0.712
"4827","431112",0.614
"4828","431113",0.631
"4829","431115",0.686
"4830","431120",0.716
"4831","431123",0.67
"4832","431125",0.643
"4833","431127",0.789
"4834","431130",0.738
"4835","431140",0.778
"4836","431142",0.613
"4837","431150",0.699
"4838","431160",0.685
"4839","431162",0.712
"4840","431164",0.749
"4841","431170",0.692
"4842","431171",0.684
"4843","431173",0.649
"4844","431175",0.655
"4845","431177",0.682
"4846","431179",0.697
"4847","431180",0.774
"4848","431190",0.724
"4849","431198",0.701
"4850","431200",0.73
"4851","431205",0.687
"4852","431210",0.656
"4853","431213",0.727
"4854","431215",0.746
"4855","431217",0.717
"4856","431220",0.699
"4857","431225",0.681
"4858","431230",0.725
"4859","431235",0.764
"4860","431237",0.65
"4861","431238",0.752
"4862","431240",0.755
"4863","431242",0.714
"4864","431244",0.711
"4865","431245",0.702
"4866","431247",0.743
"4867","431250",0.664
"4868","431260",0.746
"4869","431261",0.702
"4870","431262",0.689
"4871","431265",0.765
"4872","431267",0.753
"4873","431270",0.702
"4874","431275",0.74
"4875","431280",0.785
"4876","431290",0.747
"4877","431295",0.768
"4878","431300",0.778
"4879","431301",0.759
"4880","431303",0.735
"4881","431306",0.689
"4882","431308",0.761
"4883","431310",0.744
"4884","431320",0.78
"4885","431330",0.766
"4886","431333",0.742
"4887","431335",0.741
"4888","431337",0.718
"4889","431339",0.688
"4890","431340",0.747
"4891","431342",0.663
"4892","431344",0.676
"4893","431346",0.767
"4894","431349",0.706
"4895","431350",0.751
"4896","431360",0.706
"4897","431365",0.715
"4898","431370",0.737
"4899","431380",0.72
"4900","431390",0.761
"4901","431395",0.661
"4902","431400",0.773
"4903","431402",0.676
"4904","431403",0.749
"4905","431405",0.704
"4906","431406",0.622
"4907","431407",0.698
"4908","431410",0.776
"4909","431413",0.71
"4910","431415",0.683
"4911","431417",0.64
"4912","431420",0.678
"4913","431430",0.741
"4914","431440",0.739
"4915","431442",0.758
"4916","431445",0.72
"4917","431446",0.65
"4918","431447",0.678
"4919","431449",0.71
"4920","431450",0.661
"4921","431455",0.669
"4922","431460",0.658
"4923","431470",0.687
"4924","431475",0.744
"4925","431477",0.725
"4926","431478",0.725
"4927","431480",0.713
"4928","431490",0.805
"4929","431500",0.693
"4930","431505",0.698
"4931","431507",0.69
"4932","431510",0.723
"4933","431513",0.715
"4934","431514",0.757
"4935","431515",0.683
"4936","431517",0.733
"4937","431520",0.715
"4938","431530",0.704
"4939","431531",0.689
"4940","431532",0.665
"4941","431535",0.756
"4942","431540",0.631
"4943","431545",0.731
"4944","431550",0.683
"4945","431555",0.656
"4946","431560",0.744
"4947","431570",0.693
"4948","431575",0.661
"4949","431580",0.729
"4950","431590",0.732
"4951","431595",0.689
"4952","431600",0.688
"4953","431610",0.724
"4954","431620",0.764
"4955","431630",0.688
"4956","431640",0.699
"4957","431642",0.678
"4958","431643",0.762
"4959","431645",0.687
"4960","431647",0.753
"4961","431650",0.74
"4962","431660",0.747
"4963","431670",0.725
"4964","431673",0.725
"4965","431675",0.74
"4966","431680",0.773
"4967","431690",0.784
"4968","431695",0.676
"4969","431697",0.663
"4970","431700",0.633
"4971","431710",0.727
"4972","431720",0.769
"4973","431725",0.746
"4974","431730",0.712
"4975","431740",0.766
"4976","431750",0.772
"4977","431755",0.764
"4978","431760",0.717
"4979","431770",0.686
"4980","431775",0.759
"4981","431780",0.739
"4982","431790",0.738
"4983","431795",0.732
"4984","431800",0.736
"4985","431805",0.763
"4986","431810",0.675
"4987","431820",0.685
"4988","431830",0.699
"4989","431840",0.696
"4990","431842",0.694
"4991","431843",0.748
"4992","431844",0.732
"4993","431845",0.651
"4994","431846",0.717
"4995","431848",0.707
"4996","431849",0.747
"4997","431850",0.623
"4998","431860",0.755
"4999","431861",0.725
"5000","431862",0.663
"5001","431870",0.739
"5002","431880",0.687
"5003","431890",0.741
"5004","431900",0.768
"5005","431910",0.726
"5006","431912",0.652
"5007","431915",0.667
"5008","431920",0.645
"5009","431930",0.692
"5010","431935",0.739
"5011","431936",0.664
"5012","431937",0.763
"5013","431940",0.709
"5014","431950",0.739
"5015","431960",0.708
"5016","431970",0.72
"5017","431971",0.764
"5018","431973",0.642
"5019","431975",0.754
"5020","431980",0.685
"5021","431990",0.711
"5022","432000",0.726
"5023","432010",0.777
"5024","432020",0.723
"5025","432023",0.712
"5026","432026",0.659
"5027","432030",0.777
"5028","432032",0.693
"5029","432035",0.671
"5030","432040",0.76
"5031","432045",0.652
"5032","432050",0.751
"5033","432055",0.689
"5034","432057",0.683
"5035","432060",0.752
"5036","432065",0.742
"5037","432067",0.631
"5038","432070",0.743
"5039","432080",0.731
"5040","432085",0.701
"5041","432090",0.76
"5042","432100",0.747
"5043","432110",0.695
"5044","432120",0.727
"5045","432130",0.733
"5046","432132",0.739
"5047","432135",0.656
"5048","432140",0.708
"5049","432143",0.689
"5050","432145",0.747
"5051","432146",0.742
"5052","432147",0.689
"5053","432149",0.683
"5054","432150",0.762
"5055","432160",0.719
"5056","432162",0.701
"5057","432163",0.791
"5058","432166",0.718
"5059","432170",0.71
"5060","432180",0.759
"5061","432183",0.662
"5062","432185",0.703
"5063","432190",0.768
"5064","432195",0.687
"5065","432200",0.733
"5066","432210",0.747
"5067","432215",0.657
"5068","432218",0.694
"5069","432220",0.709
"5070","432225",0.718
"5071","432230",0.728
"5072","432232",0.629
"5073","432234",0.7
"5074","432235",0.733
"5075","432237",0.649
"5076","432240",0.744
"5077","432250",0.721
"5078","432252",0.646
"5079","432253",0.624
"5080","432254",0.737
"5081","432255",0.757
"5082","432260",0.712
"5083","432270",0.737
"5084","432280",0.773
"5085","432285",0.723
"5086","432290",0.702
"5087","432300",0.717
"5088","432310",0.638
"5089","432320",0.777
"5090","432330",0.742
"5091","432335",0.705
"5092","432340",0.761
"5093","432345",0.662
"5094","432350",0.739
"5095","432360",0.78
"5096","432370",0.757
"5097","432375",0.655
"5098","432377",0.752
"5099","432380",0.735
"5100","500020",0.67
"5101","500025",0.711
"5102","500060",0.673
"5103","500070",0.663
"5104","500080",0.67
"5105","500085",0.697
"5106","500090",0.643
"5107","500100",0.697
"5108","500110",0.688
"5109","500124",0.633
"5110","500150",0.681
"5111","500190",0.71
"5112","500200",0.684
"5113","500210",0.698
"5114","500215",0.666
"5115","500220",0.67
"5116","500230",0.701
"5117","500240",0.692
"5118","500260",0.703
"5119","500270",0.784
"5120","500280",0.647
"5121","500290",0.727
"5122","500295",0.754
"5123","500310",0.671
"5124","500315",0.589
"5125","500320",0.7
"5126","500325",0.706
"5127","500330",0.703
"5128","500345",0.694
"5129","500348",0.639
"5130","500350",0.699
"5131","500370",0.747
"5132","500375",0.684
"5133","500380",0.714
"5134","500390",0.66
"5135","500400",0.721
"5136","500410",0.675
"5137","500430",0.662
"5138","500440",0.681
"5139","500450",0.654
"5140","500460",0.62
"5141","500470",0.72
"5142","500480",0.526
"5143","500490",0.664
"5144","500500",0.712
"5145","500510",0.708
"5146","500515",0.623
"5147","500520",0.704
"5148","500525",0.672
"5149","500540",0.736
"5150","500560",0.632
"5151","500568",0.686
"5152","500570",0.7
"5153","500580",0.639
"5154","500600",0.694
"5155","500620",0.721
"5156","500625",0.649
"5157","500630",0.721
"5158","500635",0.588
"5159","500640",0.671
"5160","500660",0.701
"5161","500690",0.666
"5162","500710",0.664
"5163","500720",0.715
"5164","500730",0.709
"5165","500740",0.673
"5166","500750",0.651
"5167","500755",0.642
"5168","500769",0.729
"5169","500770",0.614
"5170","500780",0.682
"5171","500790",0.686
"5172","500793",0.681
"5173","500795",0.593
"5174","500797",0.651
"5175","500800",0.658
"5176","500830",0.744
"5177","500840",0.711
"5178","510010",0.628
"5179","510020",0.729
"5180","510025",0.714
"5181","510030",0.704
"5182","510035",0.651
"5183","510040",0.701
"5184","510050",0.638
"5185","510060",0.705
"5186","510080",0.675
"5187","510100",0.687
"5188","510120",0.701
"5189","510125",0.725
"5190","510130",0.704
"5191","510140",0.675
"5192","510160",0.6
"5193","510170",0.693
"5194","510180",0.748
"5195","510185",0.661
"5196","510190",0.696
"5197","510250",0.708
"5198","510260",0.538
"5199","510263",0.734
"5200","510267",0.75
"5201","510268",0.744
"5202","510269",0.667
"5203","510270",0.693
"5204","510279",0.665
"5205","510285",0.665
"5206","510300",0.688
"5207","510305",0.699
"5208","510310",0.66
"5209","510320",0.713
"5210","510325",0.611
"5211","510330",0.689
"5212","510335",0.668
"5213","510336",0.718
"5214","510337",0.601
"5215","510340",0.785
"5216","510343",0.69
"5217","510345",0.683
"5218","510350",0.718
"5219","510360",0.69
"5220","510370",0.692
"5221","510380",0.679
"5222","510385",0.615
"5223","510390",0.67
"5224","510395",0.71
"5225","510410",0.703
"5226","510420",0.705
"5227","510450",0.661
"5228","510452",0.727
"5229","510454",0.71
"5230","510455",0.69
"5231","510460",0.693
"5232","510480",0.735
"5233","510490",0.63
"5234","510500",0.673
"5235","510510",0.682
"5236","510515",0.716
"5237","510517",0.662
"5238","510520",0.714
"5239","510523",0.627
"5240","510525",0.768
"5241","510530",0.676
"5242","510550",0.645
"5243","510558",0.701
"5244","510560",0.716
"5245","510562",0.704
"5246","510590",0.699
"5247","510600",0.702
"5248","510610",0.638
"5249","510615",0.65
"5250","510617",0.595
"5251","510618",0.636
"5252","510619",0.714
"5253","510620",0.651
"5254","510621",0.686
"5255","510622",0.758
"5256","510623",0.682
"5257","510624",0.669
"5258","510625",0.704
"5259","510626",0.674
"5260","510627",0.664
"5261","510628",0.649
"5262","510629",0.672
"5263","510630",0.667
"5264","510631",0.653
"5265","510637",0.679
"5266","510642",0.649
"5267","510645",0.656
"5268","510650",0.652
"5269","510665",0.734
"5270","510670",0.686
"5271","510675",0.703
"5272","510677",0.673
"5273","510680",0.685
"5274","510682",0.652
"5275","510685",0.599
"5276","510700",0.678
"5277","510704",0.752
"5278","510706",0.692
"5279","510710",0.719
"5280","510715",0.676
"5281","510718",0.67
"5282","510719",0.692
"5283","510720",0.707
"5284","510724",0.715
"5285","510726",0.689
"5286","510729",0.661
"5287","510730",0.682
"5288","510735",0.657
"5289","510740",0.66
"5290","510757",0.64
"5291","510760",0.755
"5292","510770",0.65
"5293","510774",0.684
"5294","510775",0.666
"5295","510776",0.735
"5296","510777",0.609
"5297","510779",0.655
"5298","510780",0.656
"5299","510785",0.668
"5300","510787",0.732
"5301","510788",0.664
"5302","510790",0.754
"5303","510792",0.744
"5304","510794",0.695
"5305","510795",0.729
"5306","510800",0.714
"5307","510805",0.698
"5308","510810",0.655
"5309","510820",0.716
"5310","510830",0.665
"5311","510835",0.656
"5312","510840",0.734
"5313","510850",0.68
"5314","510860",0.688
"5315","510880",0.688
"5316","510885",0.704
"5317","510890",0.663
"5318","510895",0.691
"5319","520005",0.708
"5320","520010",0.689
"5321","520013",0.686
"5322","520015",0.702
"5323","520017",0.671
"5324","520020",0.722
"5325","520025",0.686
"5326","520030",0.682
"5327","520050",0.697
"5328","520055",0.719
"5329","520060",0.713
"5330","520080",0.66
"5331","520082",0.609
"5332","520085",0.7
"5333","520090",0.681
"5334","520110",0.737
"5335","520120",0.725
"5336","520130",0.714
"5337","520140",0.718
"5338","520145",0.693
"5339","520150",0.693
"5340","520160",0.693
"5341","520170",0.732
"5342","520180",0.684
"5343","520215",0.674
"5344","520235",0.687
"5345","520250",0.675
"5346","520260",0.7
"5347","520280",0.66
"5348","520310",0.655
"5349","520320",0.742
"5350","520330",0.716
"5351","520340",0.67
"5352","520350",0.701
"5353","520355",0.683
"5354","520357",0.63
"5355","520360",0.701
"5356","520380",0.672
"5357","520390",0.71
"5358","520393",0.687
"5359","520396",0.704
"5360","520400",0.668
"5361","520410",0.71
"5362","520420",0.727
"5363","520425",0.698
"5364","520430",0.73
"5365","520440",0.693
"5366","520450",0.733
"5367","520455",0.685
"5368","520460",0.653
"5369","520465",0.631
"5370","520470",0.688
"5371","520480",0.694
"5372","520485",0.661
"5373","520490",0.692
"5374","520495",0.654
"5375","520500",0.713
"5376","520505",0.701
"5377","520510",0.766
"5378","520520",0.664
"5379","520530",0.584
"5380","520540",0.775
"5381","520545",0.711
"5382","520547",0.742
"5383","520549",0.717
"5384","520551",0.657
"5385","520552",0.658
"5386","520570",0.686
"5387","520580",0.68
"5388","520590",0.698
"5389","520620",0.699
"5390","520630",0.688
"5391","520640",0.708
"5392","520650",0.706
"5393","520660",0.737
"5394","520670",0.654
"5395","520680",0.697
"5396","520690",0.716
"5397","520710",0.729
"5398","520725",0.668
"5399","520735",0.702
"5400","520740",0.739
"5401","520750",0.707
"5402","520753",0.65
"5403","520760",0.685
"5404","520780",0.732
"5405","520790",0.597
"5406","520800",0.744
"5407","520810",0.715
"5408","520815",0.659
"5409","520830",0.653
"5410","520840",0.703
"5411","520850",0.76
"5412","520860",0.727
"5413","520870",0.799
"5414","520880",0.694
"5415","520890",0.709
"5416","520910",0.725
"5417","520915",0.674
"5418","520920",0.697
"5419","520929",0.687
"5420","520940",0.637
"5421","520945",0.652
"5422","520960",0.694
"5423","520970",0.706
"5424","520980",0.677
"5425","520990",0.644
"5426","520993",0.692
"5427","520995",0.701
"5428","521000",0.72
"5429","521010",0.701
"5430","521015",0.696
"5431","521020",0.743
"5432","521030",0.711
"5433","521040",0.719
"5434","521056",0.693
"5435","521060",0.718
"5436","521080",0.691
"5437","521090",0.725
"5438","521100",0.677
"5439","521120",0.726
"5440","521130",0.693
"5441","521140",0.718
"5442","521150",0.752
"5443","521160",0.704
"5444","521170",0.707
"5445","521180",0.699
"5446","521190",0.757
"5447","521200",0.689
"5448","521205",0.649
"5449","521210",0.706
"5450","521220",0.743
"5451","521225",0.74
"5452","521230",0.659
"5453","521250",0.701
"5454","521260",0.745
"5455","521270",0.626
"5456","521280",0.691
"5457","521290",0.699
"5458","521295",0.679
"5459","521300",0.677
"5460","521305",0.665
"5461","521308",0.707
"5462","521310",0.718
"5463","521340",0.696
"5464","521350",0.615
"5465","521370",0.707
"5466","521375",0.733
"5467","521377",0.613
"5468","521380",0.734
"5469","521385",0.695
"5470","521390",0.706
"5471","521400",0.683
"5472","521405",0.634
"5473","521410",0.68
"5474","521440",0.71
"5475","521450",0.721
"5476","521460",0.715
"5477","521470",0.678
"5478","521480",0.747
"5479","521483",0.643
"5480","521486",0.681
"5481","521487",0.655
"5482","521490",0.634
"5483","521500",0.718
"5484","521520",0.699
"5485","521523",0.684
"5486","521525",0.658
"5487","521530",0.715
"5488","521540",0.719
"5489","521550",0.747
"5490","521560",0.651
"5491","521565",0.713
"5492","521570",0.698
"5493","521580",0.73
"5494","521590",0.722
"5495","521600",0.686
"5496","521630",0.711
"5497","521640",0.672
"5498","521645",0.676
"5499","521680",0.712
"5500","521690",0.684
"5501","521710",0.721
"5502","521720",0.721
"5503","521730",0.693
"5504","521740",0.744
"5505","521760",0.669
"5506","521770",0.687
"5507","521800",0.727
"5508","521805",0.684
"5509","521810",0.654
"5510","521830",0.659
"5511","521839",0.684
"5512","521850",0.74
"5513","521860",0.727
"5514","521870",0.693
"5515","521878",0.731
"5516","521880",0.754
"5517","521890",0.719
"5518","521900",0.736
"5519","521910",0.706
"5520","521920",0.688
"5521","521925",0.713
"5522","521930",0.724
"5523","521935",0.683
"5524","521940",0.714
"5525","521945",0.634
"5526","521950",0.701
"5527","521960",0.665
"5528","521970",0.701
"5529","521971",0.691
"5530","521973",0.723
"5531","521975",0.665
"5532","521980",0.597
"5533","521990",0.651
"5534","522000",0.685
"5535","522005",0.724
"5536","522010",0.731
"5537","522015",0.669
"5538","522020",0.664
"5539","522026",0.697
"5540","522028",0.693
"5541","522040",0.72
"5542","522045",0.701
"5543","522050",0.681
"5544","522060",0.709
"5545","522068",0.645
"5546","522070",0.617
"5547","522100",0.716
"5548","522108",0.661
"5549","522119",0.685
"5550","522130",0.745
"5551","522140",0.699
"5552","522145",0.653
"5553","522150",0.697
"5554","522155",0.691
"5555","522157",0.67
"5556","522160",0.737
"5557","522170",0.703
"5558","522180",0.732
"5559","522185",0.746
"5560","522190",0.687
"5561","522200",0.712
"5562","522205",0.684
"5563","522220",0.647
"5564","522230",0.634
"5565","530010",0.824
