"","codigo","pib_mil"
"1","110001",495629
"2","110002",2578830
"3","110003",139959
"4","110004",2260644
"5","110005",506854
"6","110006",334851
"7","110007",349247
"8","110008",238769
"9","110009",624760
"10","110010",892883
"11","110011",1500890
"12","110012",3782972
"13","110013",633007
"14","110014",359524
"15","110015",834168
"16","110018",1163877
"17","110020",17912070
"18","110025",427752
"19","110026",111023
"20","110028",1283434
"21","110029",142612
"22","110030",2831175
"23","110032",615804
"24","110033",529261
"25","110034",260348
"26","110037",288681
"27","110040",358464
"28","110045",726031
"29","110050",165758
"30","110060",144437
"31","110070",274627
"32","110080",547919
"33","110090",103963
"34","110092",304759
"35","110094",384878
"36","110100",177922
"37","110110",184014
"38","110120",216409
"39","110130",217046
"40","110140",291768
"41","110143",117334
"42","110145",107283
"43","110146",116503
"44","110147",61841
"45","110148",89230
"46","110149",353247
"47","110150",236312
"48","110155",92328
"49","110160",191509
"50","110170",215381
"51","110175",166786
"52","110180",146564
"53","120001",253610
"54","120005",93054
"55","120010",454803
"56","120013",157656
"57","120017",153210
"58","120020",1440379
"59","120025",423163
"60","120030",356965
"61","120032",82484
"62","120033",205845
"63","120034",131565
"64","120035",195237
"65","120038",264938
"66","120039",118847
"67","120040",9143620
"68","120042",191534
"69","120043",75198
"70","120045",361398
"71","120050",540236
"72","120060",483687
"73","120070",275091
"74","120080",227499
"75","130002",196046
"76","130006",95482
"77","130008",121824
"78","130010",199544
"79","130014",227137
"80","130020",150976
"81","130030",382957
"82","130040",190316
"83","130050",279552
"84","130060",350838
"85","130063",166374
"86","130068",148984
"87","130070",428530
"88","130080",327113
"89","130083",169202
"90","130090",125867
"91","130100",337838
"92","130110",329006
"93","130115",314131
"94","130120",2212267
"95","130130",504601
"96","130140",481801
"97","130150",172573
"98","130160",187111
"99","130165",132613
"100","130170",698421
"101","130180",173479
"102","130185",664200
"103","130190",2034551
"104","130195",102298
"105","130200",129557
"106","130210",64130
"107","130220",116499
"108","130230",227757
"109","130240",506494
"110","130250",1451150
"111","130255",262444
"112","130260",84867423
"113","130270",543051
"114","130280",138678
"115","130290",541700
"116","130300",167119
"117","130310",276298
"118","130320",168560
"119","130330",211910
"120","130340",1177067
"121","130350",166411
"122","130353",957599
"123","130356",414099
"124","130360",152531
"125","130370",189424
"126","130380",357535
"127","130390",283761
"128","130395",122570
"129","130400",114322
"130","130406",616651
"131","130410",194025
"132","130420",1022967
"133","130423",147639
"134","130426",198161
"135","130430",303914
"136","130440",184017
"137","140002",187546
"138","140005",315398
"139","140010",10571980
"140","140015",337915
"141","140017",293041
"142","140020",377975
"143","140023",199390
"144","140028",162279
"145","140030",319301
"146","140040",178802
"147","140045",259024
"148","140047",611056
"149","140050",209231
"150","140060",147628
"151","140070",121662
"152","150010",1494985
"153","150013",85169
"154","150020",757480
"155","150030",370459
"156","150034",434588
"157","150040",571525
"158","150050",544875
"159","150060",2778920
"160","150070",214508
"161","150080",8165793
"162","150085",416308
"163","150090",326463
"164","150095",221603
"165","150100",123619
"166","150110",203892
"167","150120",474768
"168","150125",81192
"169","150130",5369310
"170","150140",32405323
"171","150145",164295
"172","150150",1560562
"173","150157",174617
"174","150160",160242
"175","150170",1164844
"176","150172",277024
"177","150175",81835
"178","150178",601988
"179","150180",809323
"180","150190",414517
"181","150195",183469
"182","150200",193879
"183","150210",1150930
"184","150215",10710595
"185","150220",1107441
"186","150230",679266
"187","150240",4040635
"188","150250",195354
"189","150260",85250
"190","150270",549078
"191","150275",293446
"192","150276",287185
"193","150277",944530
"194","150280",254633
"195","150285",130093
"196","150290",290924
"197","150293",629324
"198","150295",415872
"199","150300",58348
"200","150304",273289
"201","150307",225172
"202","150309",348125
"203","150310",271950
"204","150320",347116
"205","150330",521728
"206","150340",120139
"207","150345",578056
"208","150350",221162
"209","150360",2046616
"210","150370",581801
"211","150375",526086
"212","150380",489517
"213","150390",1207211
"214","150400",424661
"215","150405",292628
"216","150410",74304
"217","150420",11417650
"218","150430",229127
"219","150440",213436
"220","150442",1932710
"221","150445",655466
"222","150450",181091
"223","150460",380344
"224","150470",818858
"225","150475",171488
"226","150480",624755
"227","150490",259276
"228","150495",209132
"229","150497",158816
"230","150500",116213
"231","150503",700091
"232","150506",833419
"233","150510",979070
"234","150520",363771
"235","150530",2087921
"236","150540",185857
"237","150543",635604
"238","150548",678532
"239","150549",72486
"240","150550",3136001
"241","150553",23035847
"242","150555",89237
"243","150560",53926
"244","150563",212344
"245","150565",259230
"246","150570",222251
"247","150580",788181
"248","150590",322595
"249","150600",293716
"250","150610",237431
"251","150611",100238
"252","150613",1867763
"253","150616",495741
"254","150618",534711
"255","150619",376324
"256","150620",532188
"257","150630",180643
"258","150635",181391
"259","150640",71848
"260","150650",796709
"261","150655",161038
"262","150658",499466
"263","150660",291669
"264","150670",1036055
"265","150680",5126172
"266","150690",45343
"267","150700",385919
"268","150710",145761
"269","150715",285259
"270","150720",346817
"271","150730",1450327
"272","150740",240873
"273","150745",521744
"274","150746",46628
"275","150747",169548
"276","150750",134015
"277","150760",631773
"278","150770",205087
"279","150775",106318
"280","150780",163414
"281","150790",197890
"282","150795",951254
"283","150796",71606
"284","150797",464655
"285","150800",713215
"286","150803",232494
"287","150805",286791
"288","150808",827871
"289","150810",5318264
"290","150812",1590909
"291","150815",610827
"292","150820",388468
"293","150830",491156
"294","150835",4051017
"295","150840",1294077
"296","160005",72869
"297","160010",156504
"298","160015",333246
"299","160020",163463
"300","160021",82037
"301","160023",494386
"302","160025",74933
"303","160027",970378
"304","160030",11434726
"305","160040",290136
"306","160050",460644
"307","160053",338260
"308","160055",71659
"309","160060",2125735
"310","160070",231685
"311","160080",196000
"312","170025",53932
"313","170030",162878
"314","170035",109341
"315","170040",171908
"316","170070",335011
"317","170100",148448
"318","170105",38891
"319","170110",127070
"320","170130",67881
"321","170190",143547
"322","170200",449448
"323","170210",4710555
"324","170215",69802
"325","170220",446449
"326","170230",179081
"327","170240",208988
"328","170255",280534
"329","170270",46879
"330","170290",133247
"331","170300",112240
"332","170305",103133
"333","170307",57835
"334","170310",95659
"335","170320",75467
"336","170330",123267
"337","170360",43680
"338","170370",170056
"339","170380",108195
"340","170382",29532
"341","170384",333989
"342","170386",364639
"343","170388",41443
"344","170389",43325
"345","170390",168353
"346","170410",42480
"347","170460",24102
"348","170510",68791
"349","170550",798789
"350","170555",73776
"351","170560",57995
"352","170600",97437
"353","170610",124663
"354","170625",48421
"355","170650",228367
"356","170700",446106
"357","170710",122633
"358","170720",108139
"359","170730",127024
"360","170740",98584
"361","170755",78282
"362","170765",183628
"363","170770",111413
"364","170820",365806
"365","170825",200088
"366","170830",81032
"367","170900",157725
"368","170930",697645
"369","170950",2325923
"370","170980",33083
"371","171050",108959
"372","171070",68607
"373","171090",74384
"374","171110",46519
"375","171150",63998
"376","171180",30599
"377","171190",527336
"378","171195",45685
"379","171200",68337
"380","171215",25746
"381","171240",38789
"382","171245",45659
"383","171250",146855
"384","171270",185915
"385","171280",41931
"386","171320",614500
"387","171330",286024
"388","171360",184901
"389","171370",38118
"390","171380",73813
"391","171395",47542
"392","171420",156567
"393","171430",48633
"394","171488",312101
"395","171500",56566
"396","171510",61672
"397","171515",29337
"398","171525",30832
"399","171550",20798
"400","171570",88640
"401","171575",124922
"402","171610",1389365
"403","171620",243093
"404","171630",70359
"405","171650",478127
"406","171660",754102
"407","171665",78631
"408","171670",151861
"409","171700",58384
"410","171720",56933
"411","171750",196563
"412","171780",53250
"413","171790",93336
"414","171800",34849
"415","171820",1868578
"416","171830",80909
"417","171840",52470
"418","171845",63457
"419","171850",47714
"420","171855",51889
"421","171865",23166
"422","171870",54771
"423","171875",78948
"424","171880",44538
"425","171884",78446
"426","171886",124557
"427","171888",58071
"428","171889",120893
"429","171890",144877
"430","171900",36096
"431","172000",32725
"432","172010",57175
"433","172015",23257
"434","172020",221612
"435","172025",36387
"436","172030",50351
"437","172049",94746
"438","172065",173720
"439","172080",105516
"440","172085",61841
"441","172090",236670
"442","172093",27860
"443","172097",89542
"444","172100",10449601
"445","172110",129064
"446","172120",325410
"447","172125",53895
"448","172130",31483
"449","172208",134843
"450","172210",281086
"451","210005",2357043
"452","210010",46162
"453","210015",86648
"454","210020",125752
"455","210030",199597
"456","210040",58789
"457","210043",262723
"458","210047",206103
"459","210050",339119
"460","210055",51980
"461","210060",306977
"462","210070",171295
"463","210080",121106
"464","210083",117759
"465","210087",79632
"466","210090",270228
"467","210095",236636
"468","210100",252650
"469","210110",78702
"470","210120",1257079
"471","210125",253430
"472","210130",114157
"473","210135",35684
"474","210140",3495336
"475","210150",203725
"476","210160",712106
"477","210170",482388
"478","210173",47351
"479","210177",82484
"480","210180",42639
"481","210190",122934
"482","210193",51278
"483","210197",59699
"484","210200",318249
"485","210203",278480
"486","210207",93834
"487","210210",255386
"488","210215",58834
"489","210220",191950
"490","210230",173258
"491","210232",548058
"492","210235",96203
"493","210237",56015
"494","210240",59648
"495","210250",109599
"496","210255",197617
"497","210260",135847
"498","210270",130784
"499","210275",166016
"500","210280",353288
"501","210290",166809
"502","210300",1814299
"503","210310",68865
"504","210312",46964
"505","210315",86299
"506","210317",138161
"507","210320",738027
"508","210325",145018
"509","210330",1035102
"510","210340",363805
"511","210350",403960
"512","210355",123274
"513","210360",444376
"514","210370",230659
"515","210375",436086
"516","210380",235258
"517","210390",75989
"518","210400",143635
"519","210405",942260
"520","210407",81562
"521","210408",69039
"522","210409",145682
"523","210410",160699
"524","210420",111195
"525","210430",408812
"526","210440",127273
"527","210450",68148
"528","210455",266117
"529","210460",102724
"530","210462",52836
"531","210465",67181
"532","210467",220741
"533","210470",41109
"534","210480",740105
"535","210490",82736
"536","210500",161604
"537","210510",162343
"538","210515",198012
"539","210520",93441
"540","210530",7458048
"541","210535",87607
"542","210540",553391
"543","210542",328526
"544","210545",66883
"545","210547",97773
"546","210550",214359
"547","210560",85330
"548","210565",43619
"549","210570",415036
"550","210580",70237
"551","210590",116802
"552","210592",74416
"553","210594",74903
"554","210596",77200
"555","210598",74055
"556","210600",148289
"557","210610",193591
"558","210620",46197
"559","210630",118414
"560","210632",172340
"561","210635",61165
"562","210637",102471
"563","210640",145594
"564","210650",165708
"565","210660",194797
"566","210663",75065
"567","210667",49939
"568","210670",181430
"569","210675",482235
"570","210680",95253
"571","210690",234780
"572","210700",62892
"573","210710",135316
"574","210720",77043
"575","210725",56685
"576","210730",38421
"577","210735",141323
"578","210740",148790
"579","210745",89152
"580","210750",992331
"581","210760",125227
"582","210770",165570
"583","210780",235575
"584","210790",154387
"585","210800",198420
"586","210805",104791
"587","210810",162575
"588","210820",583302
"589","210825",146945
"590","210830",217379
"591","210840",77552
"592","210845",203358
"593","210850",270135
"594","210860",896948
"595","210870",141081
"596","210880",116214
"597","210890",152659
"598","210900",517823
"599","210905",44685
"600","210910",585585
"601","210920",82197
"602","210923",48279
"603","210927",129161
"604","210930",68627
"605","210940",71618
"606","210945",250624
"607","210950",335436
"608","210955",94326
"609","210960",371816
"610","210970",187254
"611","210975",51153
"612","210980",269185
"613","210990",1245837
"614","211000",562325
"615","211003",209953
"616","211010",183337
"617","211020",281371
"618","211023",66994
"619","211027",79028
"620","211030",1864781
"621","211040",126522
"622","211050",271177
"623","211060",283893
"624","211065",174264
"625","211070",291707
"626","211080",44479
"627","211085",99643
"628","211090",76223
"629","211100",123149
"630","211102",93763
"631","211105",120395
"632","211107",109228
"633","211110",273653
"634","211120",2133553
"635","211125",53447
"636","211130",32103746
"637","211140",139803
"638","211150",321774
"639","211153",106767
"640","211157",53115
"641","211160",514142
"642","211163",36194
"643","211167",40975
"644","211170",132458
"645","211172",77915
"646","211174",88853
"647","211176",146338
"648","211178",53573
"649","211180",167624
"650","211190",79727
"651","211195",41393
"652","211200",1207259
"653","211210",170570
"654","211220",1899057
"655","211223",332775
"656","211227",49423
"657","211230",325231
"658","211240",241083
"659","211245",162577
"660","211250",414405
"661","211260",196548
"662","211270",343227
"663","211280",406699
"664","211285",117705
"665","211290",244006
"666","211300",253532
"667","211400",442966
"668","220005",55369
"669","220010",40855
"670","220020",216572
"671","220025",59025
"672","220027",42275
"673","220030",107804
"674","220040",455637
"675","220045",62525
"676","220050",155944
"677","220060",68825
"678","220070",82142
"679","220080",86389
"680","220090",49863
"681","220095",22512
"682","220100",39454
"683","220105",55546
"684","220110",84076
"685","220115",863678
"686","220117",36898
"687","220120",439801
"688","220130",29045
"689","220140",77110
"690","220150",207609
"691","220155",38436
"692","220157",33481
"693","220160",82504
"694","220170",61091
"695","220173",52479
"696","220177",53718
"697","220180",46795
"698","220190",839543
"699","220191",52788
"700","220192",44072
"701","220194",46612
"702","220196",58932
"703","220198",35021
"704","220200",183604
"705","220202",61799
"706","220205",71823
"707","220207",27964
"708","220208",92579
"709","220209",86667
"710","220210",46997
"711","220211",42294
"712","220213",52686
"713","220217",49110
"714","220220",634683
"715","220225",34535
"716","220230",234605
"717","220240",93963
"718","220245",34817
"719","220250",85092
"720","220253",44683
"721","220255",41563
"722","220260",178487
"723","220265",47556
"724","220270",235395
"725","220271",42151
"726","220272",51317
"727","220273",33895
"728","220275",60813
"729","220277",58011
"730","220280",50832
"731","220285",39142
"732","220290",450606
"733","220300",64999
"734","220310",111084
"735","220320",111067
"736","220323",199840
"737","220325",31609
"738","220327",58694
"739","220330",188867
"740","220335",56211
"741","220340",77405
"742","220342",35664
"743","220345",66044
"744","220350",151186
"745","220360",50288
"746","220370",407656
"747","220375",32923
"748","220380",40119
"749","220385",22072
"750","220390",1199503
"751","220400",39861
"752","220410",38441
"753","220415",32226
"754","220420",77431
"755","220430",111443
"756","220435",49987
"757","220440",258571
"758","220450",584567
"759","220455",34918
"760","220460",30136
"761","220465",76278
"762","220470",142383
"763","220480",75396
"764","220490",67313
"765","220500",98098
"766","220510",116900
"767","220515",53042
"768","220520",176414
"769","220525",31387
"770","220527",45065
"771","220530",51141
"772","220535",55153
"773","220540",104270
"774","220545",41370
"775","220550",370022
"776","220551",49556
"777","220552",61631
"778","220553",40853
"779","220554",24727
"780","220555",67078
"781","220556",445806
"782","220557",50406
"783","220558",54514
"784","220559",43382
"785","220560",77154
"786","220570",313291
"787","220580",216793
"788","220585",56014
"789","220590",51080
"790","220595",87655
"791","220600",45052
"792","220605",45851
"793","220610",82345
"794","220620",260546
"795","220630",16911
"796","220635",50159
"797","220640",92217
"798","220650",66697
"799","220660",169007
"800","220665",33367
"801","220667",52392
"802","220669",66625
"803","220670",60187
"804","220672",84337
"805","220675",39845
"806","220680",71147
"807","220690",50111
"808","220695",25622
"809","220700",482301
"810","220710",23588
"811","220720",62670
"812","220730",39704
"813","220735",38752
"814","220740",88534
"815","220750",115634
"816","220755",35493
"817","220760",96321
"818","220770",2627297
"819","220775",38291
"820","220777",52650
"821","220779",29491
"822","220780",221602
"823","220785",31008
"824","220790",343967
"825","220793",24455
"826","220795",39102
"827","220800",1668948
"828","220810",98192
"829","220820",182120
"830","220830",314452
"831","220840",775561
"832","220850",93232
"833","220855",25132
"834","220860",25171
"835","220865",88819
"836","220870",79292
"837","220880",175767
"838","220885",40544
"839","220887",226952
"840","220890",317395
"841","220900",53995
"842","220910",56445
"843","220915",37304
"844","220920",314244
"845","220930",53329
"846","220935",36057
"847","220937",41808
"848","220940",64208
"849","220945",15515
"850","220950",33704
"851","220955",33971
"852","220960",29275
"853","220965",48125
"854","220970",52778
"855","220975",48081
"856","220980",45180
"857","220985",41461
"858","220987",49687
"859","220990",52721
"860","220995",31476
"861","220997",56457
"862","221000",341750
"863","221005",50644
"864","221010",36033
"865","221020",61138
"866","221030",51293
"867","221035",35772
"868","221037",21884
"869","221038",23457
"870","221039",25430
"871","221040",140180
"872","221050",115500
"873","221060",493884
"874","221062",38318
"875","221063",107496
"876","221065",69426
"877","221070",254193
"878","221080",179101
"879","221090",35529
"880","221093",65471
"881","221095",25871
"882","221097",28691
"883","221100",22017655
"884","221110",399300
"885","221120",1467098
"886","221130",260104
"887","221135",38900
"888","221140",35505
"889","221150",27064
"890","221160",30448
"891","221170",33894
"892","230010",94505
"893","230015",142487
"894","230020",709694
"895","230030",462784
"896","230040",129418
"897","230050",81717
"898","230060",58442
"899","230070",183085
"900","230075",517558
"901","230080",64425
"902","230090",113911
"903","230100",2632276
"904","230110",1402880
"905","230120",229964
"906","230125",84741
"907","230130",170102
"908","230140",125502
"909","230150",58806
"910","230160",196620
"911","230170",209653
"912","230180",55438
"913","230185",183573
"914","230190",1054405
"915","230195",183383
"916","230200",194469
"917","230205",110406
"918","230210",390699
"919","230220",872924
"920","230230",268201
"921","230240",469745
"922","230250",675862
"923","230260",719804
"924","230270",267529
"925","230280",888695
"926","230290",154961
"927","230300",154557
"928","230310",163470
"929","230320",210028
"930","230330",144572
"931","230340",131338
"932","230350",919514
"933","230360",119006
"934","230365",113119
"935","230370",6919758
"936","230380",205708
"937","230390",95572
"938","230393",124592
"939","230395",287728
"940","230400",175963
"941","230410",851554
"942","230420",1759303
"943","230423",179332
"944","230425",285860
"945","230426",73571
"946","230427",57683
"947","230428",3199867
"948","230430",188461
"949","230435",226164
"950","230440",67412733
"951","230445",205235
"952","230450",268413
"953","230460",69856
"954","230465",105976
"955","230470",395075
"956","230480",45092
"957","230490",87585
"958","230495",203710
"959","230500",558863
"960","230510",75259
"961","230520",153225
"962","230523",1699470
"963","230526",108690
"964","230530",312453
"965","230533",101032
"966","230535",358659
"967","230540",613466
"968","230550",1697613
"969","230560",248160
"970","230565",87949
"971","230570",124316
"972","230580",446105
"973","230590",279729
"974","230600",149407
"975","230610",188549
"976","230620",68530
"977","230625",723023
"978","230630",640102
"979","230640",1677743
"980","230650",145852
"981","230655",615586
"982","230660",136893
"983","230670",170424
"984","230680",126778
"985","230690",510829
"986","230700",474572
"987","230710",230924
"988","230720",112662
"989","230725",493905
"990","230730",4873357
"991","230740",244456
"992","230750",272570
"993","230760",1046116
"994","230763",141471
"995","230765",9748585
"996","230770",1534564
"997","230780",333543
"998","230790",80285
"999","230800",295164
"1000","230810",420990
"1001","230820",110636
"1002","230830",240866
"1003","230835",140550
"1004","230837",91793
"1005","230840",471630
"1006","230850",342751
"1007","230860",141228
"1008","230870",1009596
"1009","230880",68691
"1010","230890",162086
"1011","230900",107449
"1012","230910",106688
"1013","230920",145587
"1014","230930",299164
"1015","230940",240510
"1016","230945",190844
"1017","230950",185020
"1018","230960",1146881
"1019","230970",1024602
"1020","230980",126788
"1021","230990",51039
"1022","231000",89685
"1023","231010",93908
"1024","231020",505811
"1025","231025",440566
"1026","231030",240114
"1027","231040",107579
"1028","231050",333026
"1029","231060",112813
"1030","231070",494744
"1031","231080",371530
"1032","231085",246160
"1033","231090",135230
"1034","231095",66442
"1035","231100",89223
"1036","231110",155560
"1037","231120",85165
"1038","231123",64371
"1039","231126",162633
"1040","231130",1005661
"1041","231135",142613
"1042","231140",1228231
"1043","231150",401031
"1044","231160",342538
"1045","231170",176308
"1046","231180",1100878
"1047","231190",128724
"1048","231195",127204
"1049","231200",230045
"1050","231210",134319
"1051","231220",502581
"1052","231230",543714
"1053","231240",3759451
"1054","231250",94721
"1055","231260",110185
"1056","231270",315194
"1057","231280",52153
"1058","231290",4579749
"1059","231300",219037
"1060","231310",368274
"1061","231320",239925
"1062","231325",68794
"1063","231330",661894
"1064","231335",132703
"1065","231340",1463955
"1066","231350",784875
"1067","231355",115987
"1068","231360",580855
"1069","231370",56732
"1070","231375",158147
"1071","231380",295583
"1072","231390",177288
"1073","231395",335951
"1074","231400",397791
"1075","231410",482347
"1076","240010",130732
"1077","240020",1241657
"1078","240030",101972
"1079","240040",27920
"1080","240050",145449
"1081","240060",40214
"1082","240070",488266
"1083","240080",146065
"1084","240090",58393
"1085","240100",514270
"1086","240110",736833
"1087","240120",309640
"1088","240130",98243
"1089","240140",162876
"1090","240145",656248
"1091","240150",40465
"1092","240160",52890
"1093","240165",251731
"1094","240170",89038
"1095","240180",163470
"1096","240185",80637
"1097","240190",38018
"1098","240200",1280703
"1099","240210",93639
"1100","240220",560901
"1101","240230",377474
"1102","240240",89623
"1103","240250",174678
"1104","240260",899286
"1105","240270",145540
"1106","240280",46769
"1107","240290",43356
"1108","240300",110960
"1109","240310",758989
"1110","240320",64325
"1111","240325",5595001
"1112","240330",50036
"1113","240340",64575
"1114","240350",82179
"1115","240360",451697
"1116","240370",104244
"1117","240375",34313
"1118","240380",87485
"1119","240390",28826
"1120","240400",38049
"1121","240410",96717
"1122","240420",410084
"1123","240430",301092
"1124","240440",165366
"1125","240450",1734454
"1126","240460",112827
"1127","240470",150604
"1128","240480",28182
"1129","240485",87594
"1130","240490",58409
"1131","240500",69031
"1132","240510",76006
"1133","240520",85590
"1134","240530",75403
"1135","240540",42879
"1136","240550",29348
"1137","240560",148624
"1138","240570",178256
"1139","240580",1045933
"1140","240590",24048
"1141","240600",57240
"1142","240610",249294
"1143","240615",37215
"1144","240620",60127
"1145","240630",64991
"1146","240640",35934
"1147","240650",323508
"1148","240660",77423
"1149","240670",119136
"1150","240680",46153
"1151","240690",51625
"1152","240700",78465
"1153","240710",1679068
"1154","240720",791334
"1155","240725",40025
"1156","240730",70675
"1157","240740",83496
"1158","240750",134895
"1159","240760",88253
"1160","240770",99823
"1161","240780",239657
"1162","240790",25400
"1163","240800",6926042
"1164","240810",24855507
"1165","240820",418101
"1166","240830",487112
"1167","240840",41457
"1168","240850",53443
"1169","240860",37122
"1170","240870",43902
"1171","240880",345417
"1172","240890",377093
"1173","240895",163701
"1174","240910",122699
"1175","240920",34135
"1176","240930",139987
"1177","240933",73322
"1178","240940",577753
"1179","240950",238442
"1180","240960",30014
"1181","240970",61650
"1182","240980",143891
"1183","240990",546406
"1184","241000",37954
"1185","241010",117876
"1186","241020",64364
"1187","241025",160454
"1188","241030",86434
"1189","241040",125800
"1190","241050",46570
"1191","241060",35739
"1192","241070",34515
"1193","241080",38688
"1194","241090",72520
"1195","241100",45033
"1196","241105",103035
"1197","241110",35476
"1198","241120",653382
"1199","241140",132927
"1200","241142",34016
"1201","241150",239225
"1202","241160",352432
"1203","241170",42589
"1204","241180",56161
"1205","241190",46447
"1206","241200",1604260
"1207","241210",69748
"1208","241220",814983
"1209","241230",101129
"1210","241240",119375
"1211","241250",241089
"1212","241255",336420
"1213","241260",187213
"1214","241270",63852
"1215","241280",79529
"1216","241290",103281
"1217","241300",67527
"1218","241310",50433
"1219","241320",120226
"1220","241330",49160
"1221","241335",380637
"1222","241340",90717
"1223","241350",62893
"1224","241355",43901
"1225","241360",44379
"1226","241370",45879
"1227","241380",27757
"1228","241390",124519
"1229","241400",155862
"1230","241410",98119
"1231","241415",131261
"1232","241420",377682
"1233","241430",35095
"1234","241440",680098
"1235","241445",40761
"1236","241450",136178
"1237","241460",174692
"1238","241470",48790
"1239","241475",38594
"1240","241480",119307
"1241","241490",19218
"1242","241500",41520
"1243","250010",82631
"1244","250020",50182
"1245","250030",276393
"1246","250040",325902
"1247","250050",114964
"1248","250053",43815
"1249","250057",25524
"1250","250060",1881712
"1251","250070",191097
"1252","250073",26204
"1253","250077",85432
"1254","250080",163035
"1255","250090",102585
"1256","250100",172953
"1257","250110",229042
"1258","250115",20577
"1259","250120",54795
"1260","250130",146206
"1261","250135",39269
"1262","250140",88944
"1263","250150",234462
"1264","250153",44460
"1265","250157",77460
"1266","250160",134381
"1267","250170",65229
"1268","250180",1389899
"1269","250190",190066
"1270","250200",68297
"1271","250205",36211
"1272","250210",44162
"1273","250215",144857
"1274","250220",29401
"1275","250230",42447
"1276","250240",94793
"1277","250250",216641
"1278","250260",55277
"1279","250270",58426
"1280","250280",125307
"1281","250290",55062
"1282","250300",364498
"1283","250310",58550
"1284","250320",2920498
"1285","250330",110863
"1286","250340",34904
"1287","250350",133814
"1288","250355",57247
"1289","250360",57498
"1290","250370",1126801
"1291","250375",35437
"1292","250380",72590
"1293","250390",60005
"1294","250400",9510038
"1295","250403",62203
"1296","250407",39107
"1297","250410",27456
"1298","250415",61241
"1299","250420",45305
"1300","250430",438444
"1301","250435",52261
"1302","250440",180398
"1303","250450",60273
"1304","250460",808119
"1305","250470",51511
"1306","250480",142547
"1307","250485",20793
"1308","250490",151715
"1309","250500",66147
"1310","250510",221563
"1311","250520",63822
"1312","250523",60564
"1313","250527",49222
"1314","250530",23391
"1315","250535",42940
"1316","250540",61564
"1317","250550",35606
"1318","250560",54991
"1319","250570",82200
"1320","250580",40466
"1321","250590",34159
"1322","250600",440710
"1323","250610",93114
"1324","250620",29422
"1325","250625",66776
"1326","250630",1082009
"1327","250640",130181
"1328","250650",32398
"1329","250660",49732
"1330","250670",83962
"1331","250680",179566
"1332","250690",308420
"1333","250700",300248
"1334","250710",183107
"1335","250720",124558
"1336","250730",135671
"1337","250740",68203
"1338","250750",20846770
"1339","250760",62344
"1340","250770",184701
"1341","250780",72981
"1342","250790",103622
"1343","250800",75900
"1344","250810",38201
"1345","250820",74439
"1346","250830",281110
"1347","250840",26181
"1348","250850",58137
"1349","250855",40577
"1350","250860",182153
"1351","250870",33727
"1352","250880",53702
"1353","250890",689525
"1354","250900",79351
"1355","250905",80775
"1356","250910",216614
"1357","250915",69838
"1358","250920",113505
"1359","250930",204997
"1360","250933",49294
"1361","250937",27473
"1362","250939",54125
"1363","250940",135577
"1364","250950",48804
"1365","250960",36338
"1366","250970",577440
"1367","250980",78911
"1368","250990",85989
"1369","251000",59035
"1370","251010",88880
"1371","251020",51633
"1372","251030",43489
"1373","251040",55016
"1374","251050",38454
"1375","251060",31598
"1376","251065",20152
"1377","251070",23886
"1378","251080",1914259
"1379","251090",137899
"1380","251100",32219
"1381","251110",71961
"1382","251120",414848
"1383","251130",189804
"1384","251140",192946
"1385","251150",102745
"1386","251160",74951
"1387","251170",49398
"1388","251180",89061
"1389","251190",274459
"1390","251200",242626
"1391","251203",37040
"1392","251207",41621
"1393","251210",416189
"1394","251220",52348
"1395","251230",245165
"1396","251240",108321
"1397","251250",509152
"1398","251260",23105
"1399","251270",174318
"1400","251272",49951
"1401","251274",31615
"1402","251275",45272
"1403","251276",47507
"1404","251278",26289
"1405","251280",82120
"1406","251290",266959
"1407","251300",27941
"1408","251310",118063
"1409","251315",54465
"1410","251320",56413
"1411","251330",51846
"1412","251335",31283
"1413","251340",225067
"1414","251350",44019
"1415","251360",56993
"1416","251365",28562
"1417","251370",2570701
"1418","251380",44932
"1419","251385",25973
"1420","251390",475942
"1421","251392",48864
"1422","251394",23839
"1423","251396",30021
"1424","251398",35113
"1425","251400",44449
"1426","251410",35381
"1427","251420",62416
"1428","251430",47912
"1429","251440",45139
"1430","251445",48512
"1431","251450",204628
"1432","251455",30671
"1433","251460",29363
"1434","251465",25281
"1435","251470",94258
"1436","251480",32235
"1437","251490",70104
"1438","251500",68366
"1439","251510",94715
"1440","251520",32856
"1441","251530",602180
"1442","251540",72549
"1443","251550",130733
"1444","251560",33092
"1445","251570",28031
"1446","251580",64586
"1447","251590",57686
"1448","251593",48502
"1449","251597",94346
"1450","251600",300929
"1451","251610",178068
"1452","251615",34185
"1453","251620",1227899
"1454","251630",184704
"1455","251640",79835
"1456","251650",119245
"1457","251660",120800
"1458","251670",143925
"1459","251675",29517
"1460","251680",74900
"1461","251690",174178
"1462","251700",76661
"1463","251710",31516
"1464","251720",41863
"1465","251740",23511
"1466","260005",1775522
"1467","260010",464402
"1468","260020",170114
"1469","260030",282239
"1470","260040",256466
"1471","260050",362225
"1472","260060",140199
"1473","260070",331121
"1474","260080",176663
"1475","260090",224620
"1476","260100",137900
"1477","260105",149605
"1478","260110",1048186
"1479","260120",1094831
"1480","260130",135406
"1481","260140",443386
"1482","260150",84951
"1483","260160",288801
"1484","260170",1937404
"1485","260180",91134
"1486","260190",761318
"1487","260200",289449
"1488","260210",555892
"1489","260220",336880
"1490","260230",457235
"1491","260240",175383
"1492","260250",61959
"1493","260260",403421
"1494","260270",111809
"1495","260280",441352
"1496","260290",9922739
"1497","260300",412832
"1498","260310",223975
"1499","260320",320796
"1500","260330",102440
"1501","260340",51377
"1502","260345",2132949
"1503","260350",165589
"1504","260360",143751
"1505","260370",210675
"1506","260380",209099
"1507","260390",157607
"1508","260392",81579
"1509","260400",1591320
"1510","260410",7610822
"1511","260415",95318
"1512","260420",297472
"1513","260430",96671
"1514","260440",161196
"1515","260450",221545
"1516","260460",233307
"1517","260470",174217
"1518","260480",115170
"1519","260490",96183
"1520","260500",276367
"1521","260510",502000
"1522","260515",220632
"1523","260520",1061909
"1524","260530",289108
"1525","260540",202760
"1526","260545",192951
"1527","260550",111449
"1528","260560",179460
"1529","260570",432109
"1530","260580",126865
"1531","260590",236949
"1532","260600",2603254
"1533","260610",415396
"1534","260620",10225461
"1535","260630",69646
"1536","260640",1232961
"1537","260650",175263
"1538","260660",287260
"1539","260670",64118
"1540","260680",2658698
"1541","260690",97414
"1542","260700",175494
"1543","260710",37870
"1544","260720",12718762
"1545","260730",320309
"1546","260740",61989
"1547","260750",238645
"1548","260760",254173
"1549","260765",460742
"1550","260770",113688
"1551","260775",1849065
"1552","260780",139372
"1553","260790",13870739
"1554","260795",98927
"1555","260800",135305
"1556","260805",131058
"1557","260810",308841
"1558","260820",134100
"1559","260825",115457
"1560","260830",170106
"1561","260840",109706
"1562","260845",285817
"1563","260850",338434
"1564","260860",120664
"1565","260870",112331
"1566","260875",392796
"1567","260880",488834
"1568","260890",805272
"1569","260900",286458
"1570","260910",190295
"1571","260915",132608
"1572","260920",85021
"1573","260930",158838
"1574","260940",695217
"1575","260950",547715
"1576","260960",5774907
"1577","260970",353975
"1578","260980",188710
"1579","260990",710122
"1580","261000",852054
"1581","261010",72673
"1582","261020",194536
"1583","261030",219513
"1584","261040",181077
"1585","261050",231314
"1586","261060",872151
"1587","261070",4539275
"1588","261080",250544
"1589","261090",728181
"1590","261100",1475796
"1591","261110",7266146
"1592","261120",86447
"1593","261130",437572
"1594","261140",167443
"1595","261150",184603
"1596","261153",56394
"1597","261160",54691223
"1598","261170",193011
"1599","261180",464016
"1600","261190",270464
"1601","261200",136559
"1602","261210",71670
"1603","261220",978059
"1604","261230",131143
"1605","261240",212090
"1606","261245",121402
"1607","261247",98084
"1608","261250",1584520
"1609","261255",101168
"1610","261260",650265
"1611","261270",110899
"1612","261280",90715
"1613","261290",103172
"1614","261300",1297042
"1615","261310",377231
"1616","261320",238786
"1617","261330",168711
"1618","261340",241196
"1619","261350",290609
"1620","261360",409846
"1621","261370",1259339
"1622","261380",273365
"1623","261390",1541192
"1624","261400",138385
"1625","261410",550782
"1626","261420",521382
"1627","261430",84572
"1628","261440",45989
"1629","261450",810721
"1630","261460",280165
"1631","261470",199777
"1632","261480",182089
"1633","261485",318937
"1634","261500",298466
"1635","261510",65888
"1636","261520",70572
"1637","261530",674549
"1638","261540",709089
"1639","261550",128548
"1640","261560",322946
"1641","261570",148289
"1642","261580",193423
"1643","261590",82649
"1644","261600",210081
"1645","261610",75579
"1646","261618",67431
"1647","261620",171586
"1648","261630",475915
"1649","261640",4184120
"1650","261650",127056
"1651","270010",161084
"1652","270020",202215
"1653","270030",4975188
"1654","270040",936762
"1655","270050",185001
"1656","270060",215073
"1657","270070",171642
"1658","270080",106380
"1659","270090",100931
"1660","270100",354465
"1661","270110",506554
"1662","270120",102072
"1663","270130",180158
"1664","270135",62839
"1665","270140",510191
"1666","270150",93604
"1667","270160",126730
"1668","270170",191582
"1669","270180",66809
"1670","270190",114503
"1671","270200",131489
"1672","270210",265004
"1673","270220",75404
"1674","270230",1404934
"1675","270235",250010
"1676","270240",574186
"1677","270250",75997
"1678","270255",117594
"1679","270260",329744
"1680","270270",103435
"1681","270280",214698
"1682","270290",380601
"1683","270300",141457
"1684","270310",220052
"1685","270320",386802
"1686","270330",133094
"1687","270340",53560
"1688","270350",163820
"1689","270360",172722
"1690","270370",53416
"1691","270375",253943
"1692","270380",343495
"1693","270390",47848
"1694","270400",330716
"1695","270410",209760
"1696","270420",510685
"1697","270430",23411869
"1698","270440",195053
"1699","270450",694454
"1700","270460",70325
"1701","270470",2408889
"1702","270480",155533
"1703","270490",39743
"1704","270500",247877
"1705","270510",306973
"1706","270520",177493
"1707","270530",58505
"1708","270540",57994
"1709","270550",404936
"1710","270560",158769
"1711","270570",217964
"1712","270580",75481
"1713","270590",50483
"1714","270600",84747
"1715","270610",83592
"1716","270620",39565
"1717","270630",947014
"1718","270640",216317
"1719","270642",76647
"1720","270644",170826
"1721","270650",217863
"1722","270660",77637
"1723","270670",796391
"1724","270680",311226
"1725","270690",542755
"1726","270700",38030
"1727","270710",268004
"1728","270720",92542
"1729","270730",352157
"1730","270740",214060
"1731","270750",202440
"1732","270760",139084
"1733","270770",1167790
"1734","270780",138244
"1735","270790",174614
"1736","270800",563952
"1737","270810",971680
"1738","270820",91277
"1739","270830",364688
"1740","270840",274160
"1741","270850",624775
"1742","270860",1123401
"1743","270870",164778
"1744","270880",564022
"1745","270890",187817
"1746","270895",87435
"1747","270900",59959
"1748","270910",312753
"1749","270915",505838
"1750","270920",200850
"1751","270930",1053667
"1752","270940",420546
"1753","280010",33271
"1754","280020",240415
"1755","280030",17534513
"1756","280040",116828
"1757","280050",220987
"1758","280060",578600
"1759","280067",292964
"1760","280070",89326
"1761","280100",214193
"1762","280110",55654
"1763","280120",2652535
"1764","280130",389808
"1765","280140",324498
"1766","280150",458544
"1767","280160",59761
"1768","280170",209979
"1769","280190",50271
"1770","280200",151467
"1771","280210",1957454
"1772","280220",75014
"1773","280230",252793
"1774","280240",118320
"1775","280250",36139
"1776","280260",73684
"1777","280270",76382
"1778","280280",193279
"1779","280290",2007420
"1780","280300",435555
"1781","280310",58715
"1782","280320",857703
"1783","280330",416110
"1784","280340",177715
"1785","280350",1641972
"1786","280360",809715
"1787","280370",78670
"1788","280380",43235
"1789","280390",165718
"1790","280400",339628
"1791","280410",205702
"1792","280420",158463
"1793","280430",93464
"1794","280440",260408
"1795","280445",97932
"1796","280450",571073
"1797","280460",343411
"1798","280470",69744
"1799","280480",2737246
"1800","280490",190487
"1801","280500",42832
"1802","280510",90776
"1803","280520",76815
"1804","280530",125305
"1805","280540",316794
"1806","280550",248798
"1807","280560",284613
"1808","280570",513986
"1809","280580",303021
"1810","280590",206046
"1811","280600",311673
"1812","280610",314475
"1813","280620",186008
"1814","280630",162502
"1815","280640",82573
"1816","280650",47355
"1817","280660",135935
"1818","280670",947106
"1819","280680",105485
"1820","280690",40057
"1821","280700",39586
"1822","280710",639114
"1823","280720",151348
"1824","280730",37751
"1825","280740",585360
"1826","280750",124792
"1827","280760",352615
"1828","290010",62646
"1829","290020",151260
"1830","290030",127040
"1831","290035",173474
"1832","290040",131045
"1833","290050",69609
"1834","290060",45750
"1835","290070",4261288
"1836","290080",288599
"1837","290090",53045
"1838","290100",393230
"1839","290110",331121
"1840","290115",133365
"1841","290120",185460
"1842","290130",110614
"1843","290135",195825
"1844","290140",141702
"1845","290150",84975
"1846","290160",127208
"1847","290170",110322
"1848","290180",72967
"1849","290190",133587
"1850","290195",65189
"1851","290200",116722
"1852","290205",243232
"1853","290210",435339
"1854","290220",96908
"1855","290225",89447
"1856","290230",68859
"1857","290240",109568
"1858","290250",169459
"1859","290260",156981
"1860","290265",91554
"1861","290270",380444
"1862","290280",263051
"1863","290290",393203
"1864","290300",97849
"1865","290310",63172
"1866","290320",5178166
"1867","290323",100236
"1868","290327",230354
"1869","290330",60936
"1870","290340",318411
"1871","290350",146143
"1872","290360",128437
"1873","290370",97570
"1874","290380",127991
"1875","290390",1108134
"1876","290395",62360
"1877","290400",97544
"1878","290405",165818
"1879","290410",166262
"1880","290420",94467
"1881","290430",122242
"1882","290440",95313
"1883","290450",83859
"1884","290460",1727280
"1885","290470",209646
"1886","290475",138373
"1887","290480",65884
"1888","290485",130050
"1889","290490",431170
"1890","290500",286453
"1891","290510",80228
"1892","290515",89483
"1893","290520",905220
"1894","290530",155031
"1895","290540",1059092
"1896","290550",97023
"1897","290560",293318
"1898","290570",26244433
"1899","290580",359394
"1900","290590",242019
"1901","290600",967447
"1902","290610",69642
"1903","290620",208361
"1904","290630",343813
"1905","290640",58468
"1906","290650",4681095
"1907","290660",120459
"1908","290670",210363
"1909","290680",285991
"1910","290682",132499
"1911","290685",96727
"1912","290687",426974
"1913","290689",76677
"1914","290690",345706
"1915","290700",118803
"1916","290710",244518
"1917","290720",758000
"1918","290730",294942
"1919","290740",76671
"1920","290750",646069
"1921","290755",64268
"1922","290760",167582
"1923","290770",81334
"1924","290780",297265
"1925","290790",134506
"1926","290800",173129
"1927","290810",297566
"1928","290820",310788
"1929","290830",175027
"1930","290840",759909
"1931","290850",2936277
"1932","290860",285928
"1933","290870",157740
"1934","290880",42286
"1935","290890",201273
"1936","290900",61703
"1937","290910",138546
"1938","290920",146879
"1939","290930",1466469
"1940","290940",137365
"1941","290950",41141
"1942","290960",167383
"1943","290970",123123
"1944","290980",981147
"1945","290990",316643
"1946","291000",104508
"1947","291005",3456358
"1948","291010",118124
"1949","291020",36152
"1950","291030",63239
"1951","291040",193253
"1952","291050",600401
"1953","291060",632120
"1954","291070",646170
"1955","291072",3144085
"1956","291075",213112
"1957","291077",53940
"1958","291080",14898192
"1959","291085",126951
"1960","291090",51340
"1961","291100",85448
"1962","291110",1852276
"1963","291120",388942
"1964","291125",41048
"1965","291130",141057
"1966","291140",196887
"1967","291150",62647
"1968","291160",187798
"1969","291165",56940
"1970","291170",1449607
"1971","291180",206919
"1972","291185",105044
"1973","291190",212586
"1974","291200",88088
"1975","291210",190189
"1976","291220",390912
"1977","291230",157103
"1978","291240",137878
"1979","291250",105612
"1980","291260",29686
"1981","291270",233465
"1982","291280",275590
"1983","291290",180627
"1984","291300",107053
"1985","291310",128200
"1986","291320",368932
"1987","291330",47055
"1988","291340",188775
"1989","291345",161357
"1990","291350",211740
"1991","291360",4667858
"1992","291370",572497
"1993","291380",88566
"1994","291390",477374
"1995","291400",627770
"1996","291410",84693
"1997","291420",72115
"1998","291430",85487
"1999","291440",507645
"2000","291450",262715
"2001","291460",1334261
"2002","291465",375921
"2003","291470",883474
"2004","291480",4183238
"2005","291490",331387
"2006","291500",103525
"2007","291510",107016
"2008","291520",205955
"2009","291530",111391
"2010","291535",126487
"2011","291540",73034
"2012","291550",226757
"2013","291560",955318
"2014","291570",89327
"2015","291580",249034
"2016","291590",67806
"2017","291600",229115
"2018","291610",245325
"2019","291620",93670
"2020","291630",290485
"2021","291640",1177521
"2022","291650",317912
"2023","291660",78454
"2024","291670",75861
"2025","291680",267605
"2026","291685",369786
"2027","291690",102521
"2028","291700",285425
"2029","291710",202461
"2030","291720",163238
"2031","291730",320421
"2032","291733",104129
"2033","291735",579706
"2034","291740",111063
"2035","291750",1304072
"2036","291760",582158
"2037","291770",745957
"2038","291780",179682
"2039","291790",130313
"2040","291800",2692500
"2041","291810",369463
"2042","291820",117538
"2043","291830",148674
"2044","291835",235097
"2045","291840",4349595
"2046","291845",93416
"2047","291850",108453
"2048","291855",59644
"2049","291860",59060
"2050","291870",43509
"2051","291875",96846
"2052","291880",250733
"2053","291890",71455
"2054","291900",63633
"2055","291905",69708
"2056","291910",56092
"2057","291915",253001
"2058","291920",6556097
"2059","291930",129237
"2060","291940",116394
"2061","291950",504589
"2062","291955",6105422
"2063","291960",77749
"2064","291970",178576
"2065","291980",389298
"2066","291990",53843
"2067","291992",513715
"2068","291995",46349
"2069","292000",110433
"2070","292010",129137
"2071","292020",153124
"2072","292030",67223
"2073","292040",144279
"2074","292045",86613
"2075","292050",445096
"2076","292060",323347
"2077","292070",250045
"2078","292080",80646
"2079","292090",135591
"2080","292100",1176316
"2081","292105",77888
"2082","292110",319877
"2083","292120",230577
"2084","292130",109631
"2085","292140",126792
"2086","292145",63565
"2087","292150",394726
"2088","292160",67312
"2089","292170",341728
"2090","292180",97533
"2091","292190",438306
"2092","292200",1785358
"2093","292205",100743
"2094","292210",171094
"2095","292220",55271
"2096","292225",181299
"2097","292230",271855
"2098","292240",353059
"2099","292250",274043
"2100","292260",139941
"2101","292265",159552
"2102","292270",138629
"2103","292273",86855
"2104","292275",84456
"2105","292280",56258
"2106","292285",63878
"2107","292290",223234
"2108","292300",499157
"2109","292303",85358
"2110","292305",83168
"2111","292310",207761
"2112","292320",177318
"2113","292330",60239
"2114","292335",187450
"2115","292340",181039
"2116","292350",82473
"2117","292360",238214
"2118","292370",231959
"2119","292380",348935
"2120","292390",87874
"2121","292400",3688065
"2122","292405",105578
"2123","292410",43902
"2124","292420",102345
"2125","292430",134434
"2126","292440",267862
"2127","292450",216059
"2128","292460",149854
"2129","292465",89447
"2130","292467",93889
"2131","292470",72499
"2132","292480",158219
"2133","292490",67492
"2134","292500",245375
"2135","292510",500060
"2136","292520",1040038
"2137","292525",114730
"2138","292530",3379270
"2139","292540",90288
"2140","292550",436581
"2141","292560",108939
"2142","292570",87746
"2143","292575",267898
"2144","292580",228911
"2145","292590",244151
"2146","292593",65299
"2147","292595",358306
"2148","292600",396349
"2149","292610",125330
"2150","292620",780489
"2151","292630",358453
"2152","292640",267721
"2153","292650",128595
"2154","292660",595544
"2155","292665",78965
"2156","292670",129467
"2157","292680",106373
"2158","292690",87608
"2159","292700",922407
"2160","292710",97383
"2161","292720",304654
"2162","292730",170798
"2163","292740",63804120
"2164","292750",167285
"2165","292760",104057
"2166","292770",430120
"2167","292780",59118
"2168","292790",69766
"2169","292800",388417
"2170","292805",99218
"2171","292810",482542
"2172","292820",258318
"2173","292830",59689
"2174","292840",241245
"2175","292850",70924
"2176","292860",842429
"2177","292870",2219434
"2178","292880",736866
"2179","292890",2596440
"2180","292895",80943
"2181","292900",170351
"2182","292905",194629
"2183","292910",198103
"2184","292920",8383471
"2185","292925",126255
"2186","292930",987191
"2187","292935",53078
"2188","292937",88820
"2189","292940",135507
"2190","292950",691310
"2191","292960",166854
"2192","292970",179419
"2193","292975",135410
"2194","292980",89160
"2195","292990",548878
"2196","293000",87074
"2197","293010",900704
"2198","293015",308654
"2199","293020",957819
"2200","293030",160237
"2201","293040",113684
"2202","293050",918803
"2203","293060",99205
"2204","293070",5460735
"2205","293075",104390
"2206","293076",81853
"2207","293077",756250
"2208","293080",125786
"2209","293090",104011
"2210","293100",193124
"2211","293105",165486
"2212","293110",57164
"2213","293120",178538
"2214","293130",111467
"2215","293135",2654757
"2216","293140",79431
"2217","293150",152122
"2218","293160",182460
"2219","293170",117263
"2220","293180",124164
"2221","293190",484230
"2222","293200",205220
"2223","293210",197125
"2224","293220",220066
"2225","293230",201884
"2226","293240",96612
"2227","293245",144088
"2228","293250",268693
"2229","293260",182972
"2230","293270",236174
"2231","293280",168889
"2232","293290",1578447
"2233","293300",229006
"2234","293305",95533
"2235","293310",91496
"2236","293315",115702
"2237","293317",106359
"2238","293320",527179
"2239","293325",74432
"2240","293330",7263729
"2241","293340",75333
"2242","293345",132447
"2243","293350",269079
"2244","293360",411056
"2245","310010",127582
"2246","310020",517315
"2247","310030",203468
"2248","310040",55846
"2249","310050",93572
"2250","310060",146608
"2251","310070",144083
"2252","310080",62088
"2253","310090",258525
"2254","310100",214020
"2255","310110",461541
"2256","310120",99129
"2257","310130",39209
"2258","310140",47306
"2259","310150",824799
"2260","310160",2582382
"2261","310163",121477
"2262","310170",609300
"2263","310180",85096
"2264","310190",406388
"2265","310200",214110
"2266","310205",68753
"2267","310210",168414
"2268","310220",41785
"2269","310230",288155
"2270","310240",53066
"2271","310250",45926
"2272","310260",1004042
"2273","310270",110781
"2274","310280",233132
"2275","310285",89686
"2276","310290",159115
"2277","310300",322107
"2278","310310",23634
"2279","310320",56987
"2280","310330",23901
"2281","310340",462086
"2282","310350",5534946
"2283","310360",54134
"2284","310370",73213
"2285","310375",1376751
"2286","310380",127128
"2287","310390",339252
"2288","310400",6441795
"2289","310410",298624
"2290","310420",1690244
"2291","310430",224956
"2292","310440",34671
"2293","310445",53226
"2294","310450",233579
"2295","310460",304948
"2296","310470",158242
"2297","310480",63896
"2298","310490",305716
"2299","310500",144774
"2300","310510",568162
"2301","310520",47930
"2302","310530",74629
"2303","310540",817418
"2304","310550",49637
"2305","310560",3123755
"2306","310570",72670
"2307","310590",473094
"2308","310600",358458
"2309","310610",51791
"2310","310620",97205325
"2311","310630",1751393
"2312","310640",187949
"2313","310650",103238
"2314","310660",38512
"2315","310665",46105
"2316","310670",28066248
"2317","310680",32516
"2318","310690",269577
"2319","310700",43584
"2320","310710",772745
"2321","310720",61675
"2322","310730",941184
"2323","310740",1400794
"2324","310750",114310
"2325","310760",123803
"2326","310770",149068
"2327","310780",143868
"2328","310790",132298
"2329","310800",318261
"2330","310810",102323
"2331","310820",193625
"2332","310825",80911
"2333","310830",321905
"2334","310840",229777
"2335","310850",59012
"2336","310855",303281
"2337","310860",347629
"2338","310870",40227
"2339","310880",159628
"2340","310890",177303
"2341","310900",2516233
"2342","310910",164421
"2343","310920",126959
"2344","310925",36124
"2345","310930",773993
"2346","310940",447746
"2347","310945",299696
"2348","310950",197544
"2349","310960",46748
"2350","310970",373367
"2351","310980",80899
"2352","310990",274278
"2353","311000",799377
"2354","311010",60783
"2355","311020",72035
"2356","311030",256848
"2357","311040",38487
"2358","311050",726846
"2359","311060",1562438
"2360","311070",276722
"2361","311080",44318
"2362","311090",333894
"2363","311100",323481
"2364","311110",474597
"2365","311115",34766
"2366","311120",1041827
"2367","311130",156593
"2368","311140",487292
"2369","311150",292572
"2370","311160",465879
"2371","311170",59832
"2372","311180",429201
"2373","311190",64837
"2374","311200",254011
"2375","311205",48817
"2376","311210",61903
"2377","311220",51940
"2378","311230",718342
"2379","311240",123887
"2380","311250",101162
"2381","311260",373603
"2382","311265",49647
"2383","311270",341766
"2384","311280",276786
"2385","311290",76278
"2386","311300",173874
"2387","311310",33066
"2388","311320",527283
"2389","311330",560340
"2390","311340",1840236
"2391","311350",163611
"2392","311360",150092
"2393","311370",364326
"2394","311380",33221
"2395","311390",195192
"2396","311400",185928
"2397","311410",217837
"2398","311420",467118
"2399","311430",739540
"2400","311440",510596
"2401","311450",408036
"2402","311455",303744
"2403","311460",122202
"2404","311470",47409
"2405","311480",64015
"2406","311490",47920
"2407","311500",60727
"2408","311510",337388
"2409","311520",50921
"2410","311530",1661034
"2411","311535",1103630
"2412","311540",35250
"2413","311545",63938
"2414","311547",44389
"2415","311550",359299
"2416","311560",19598
"2417","311570",82008
"2418","311580",279936
"2419","311590",39544
"2420","311600",65167
"2421","311610",100315
"2422","311615",225546
"2423","311620",32562
"2424","311630",57511
"2425","311640",136849
"2426","311650",70951
"2427","311660",782357
"2428","311670",117179
"2429","311680",91605
"2430","311690",121043
"2431","311700",56414
"2432","311710",174880
"2433","311720",40130
"2434","311730",918683
"2435","311740",52739
"2436","311750",3929279
"2437","311760",275304
"2438","311770",217631
"2439","311780",180073
"2440","311783",54125
"2441","311787",1301634
"2442","311790",206585
"2443","311800",1986608
"2444","311810",41324
"2445","311820",379010
"2446","311830",2509119
"2447","311840",298562
"2448","311850",25986
"2449","311860",30441140
"2450","311870",155296
"2451","311880",226009
"2452","311890",102609
"2453","311900",60905
"2454","311910",330536
"2455","311920",103838
"2456","311930",1015126
"2457","311940",1788716
"2458","311950",82937
"2459","311960",46066
"2460","311970",49870
"2461","311980",154154
"2462","311990",38609
"2463","311995",174218
"2464","312000",32915
"2465","312010",52642
"2466","312015",59001
"2467","312020",188947
"2468","312030",46888
"2469","312040",122556
"2470","312050",185072
"2471","312060",72739
"2472","312070",102045
"2473","312080",259729
"2474","312083",56926
"2475","312087",65786
"2476","312090",1812901
"2477","312100",54781
"2478","312110",98105
"2479","312120",183574
"2480","312125",372466
"2481","312130",67365
"2482","312140",191172
"2483","312150",39316
"2484","312160",838445
"2485","312170",34283
"2486","312180",78480
"2487","312190",49431
"2488","312200",242632
"2489","312210",54988
"2490","312220",69060
"2491","312230",6829551
"2492","312235",166154
"2493","312240",79196
"2494","312245",76483
"2495","312247",49819
"2496","312250",59919
"2497","312260",46448
"2498","312270",90859
"2499","312280",32015
"2500","312290",86639
"2501","312300",305244
"2502","312310",158759
"2503","312320",253448
"2504","312330",50393
"2505","312340",55109
"2506","312350",58560
"2507","312352",80725
"2508","312360",525447
"2509","312370",123392
"2510","312380",72073
"2511","312385",53993
"2512","312390",228293
"2513","312400",308521
"2514","312410",739678
"2515","312420",425714
"2516","312430",314463
"2517","312440",87529
"2518","312450",272554
"2519","312460",33613
"2520","312470",100547
"2521","312480",277545
"2522","312490",166494
"2523","312500",40831
"2524","312510",10136625
"2525","312520",38593
"2526","312530",51619
"2527","312540",47110
"2528","312550",36773
"2529","312560",62624
"2530","312570",222234
"2531","312580",46393
"2532","312590",125927
"2533","312595",109962
"2534","312600",123189
"2535","312610",1792905
"2536","312620",184475
"2537","312630",59889
"2538","312640",40033
"2539","312650",61829
"2540","312660",66610
"2541","312670",377580
"2542","312675",71180
"2543","312680",59778
"2544","312690",100803
"2545","312695",31857
"2546","312700",1192969
"2547","312705",39962
"2548","312707",42354
"2549","312710",1926280
"2550","312720",61883
"2551","312730",97770
"2552","312733",45234
"2553","312735",33716
"2554","312737",40789
"2555","312738",67278
"2556","312740",69451
"2557","312750",54354
"2558","312760",152123
"2559","312770",6767642
"2560","312780",534018
"2561","312790",31520
"2562","312800",785618
"2563","312810",234478
"2564","312820",94492
"2565","312825",46777
"2566","312830",476945
"2567","312840",131382
"2568","312850",46971
"2569","312860",403365
"2570","312870",2239217
"2571","312880",104397
"2572","312890",222424
"2573","312900",94606
"2574","312910",124304
"2575","312920",97124
"2576","312930",121071
"2577","312940",71023
"2578","312950",982970
"2579","312960",72881
"2580","312965",45391
"2581","312970",604801
"2582","312980",2538029
"2583","312990",48688
"2584","313000",41349
"2585","313005",84967
"2586","313010",782335
"2587","313020",444369
"2588","313030",356523
"2589","313040",308288
"2590","313050",170031
"2591","313055",60201
"2592","313060",95027
"2593","313065",61774
"2594","313070",372838
"2595","313080",77732
"2596","313090",334683
"2597","313100",113258
"2598","313110",75106
"2599","313115",159550
"2600","313120",273954
"2601","313130",11831119
"2602","313140",104597
"2603","313150",164990
"2604","313160",185851
"2605","313170",7253712
"2606","313180",124075
"2607","313190",2846359
"2608","313200",55160
"2609","313210",209948
"2610","313220",310006
"2611","313230",97049
"2612","313240",3170927
"2613","313250",540364
"2614","313260",58735
"2615","313270",294739
"2616","313280",28184
"2617","313290",178059
"2618","313300",838947
"2619","313310",440205
"2620","313320",126277
"2621","313330",285106
"2622","313340",431336
"2623","313350",475594
"2624","313360",785542
"2625","313370",1753855
"2626","313375",507376
"2627","313380",3474951
"2628","313390",57815
"2629","313400",127264
"2630","313410",75960
"2631","313420",3367569
"2632","313430",64781
"2633","313440",2041820
"2634","313450",130880
"2635","313460",249768
"2636","313470",110167
"2637","313480",104738
"2638","313490",811046
"2639","313500",87986
"2640","313505",604641
"2641","313507",58128
"2642","313510",1293012
"2643","313520",707636
"2644","313530",74245
"2645","313535",67728
"2646","313540",1224886
"2647","313545",73280
"2648","313550",151785
"2649","313560",98293
"2650","313570",94075
"2651","313580",250247
"2652","313590",64307
"2653","313600",144162
"2654","313610",72745
"2655","313620",3112216
"2656","313630",1519227
"2657","313640",51252
"2658","313650",93156
"2659","313652",46167
"2660","313655",59888
"2661","313657",51262
"2662","313660",95652
"2663","313665",1350623
"2664","313670",18695465
"2665","313680",41310
"2666","313690",171522
"2667","313695",50241
"2668","313700",122996
"2669","313710",141155
"2670","313720",1647103
"2671","313730",44452
"2672","313740",271323
"2673","313750",395967
"2674","313753",210184
"2675","313760",1814792
"2676","313770",312564
"2677","313780",348059
"2678","313790",39893
"2679","313800",81311
"2680","313810",124001
"2681","313820",2762015
"2682","313830",41665
"2683","313835",58965
"2684","313840",1021981
"2685","313850",82646
"2686","313860",318421
"2687","313862",402253
"2688","313865",77088
"2689","313867",68740
"2690","313868",53175
"2691","313870",92869
"2692","313880",548735
"2693","313890",89673
"2694","313900",976463
"2695","313910",192233
"2696","313920",201751
"2697","313925",51927
"2698","313930",214573
"2699","313940",2604469
"2700","313950",417308
"2701","313960",409971
"2702","313970",163993
"2703","313980",203220
"2704","313990",183806
"2705","314000",2044825
"2706","314010",50164
"2707","314015",170397
"2708","314020",61350
"2709","314030",42458
"2710","314040",34313
"2711","314050",346936
"2712","314053",198996
"2713","314055",71990
"2714","314060",47731
"2715","314070",690476
"2716","314080",564394
"2717","314085",124150
"2718","314090",374142
"2719","314100",145101
"2720","314110",1091877
"2721","314120",72439
"2722","314130",124748
"2723","314140",224193
"2724","314150",61000
"2725","314160",127490
"2726","314170",49890
"2727","314180",311246
"2728","314190",97515
"2729","314200",133201
"2730","314210",142166
"2731","314220",247593
"2732","314225",39493
"2733","314230",65564
"2734","314240",113691
"2735","314250",33805
"2736","314260",173027
"2737","314270",139119
"2738","314280",522745
"2739","314290",219184
"2740","314300",282850
"2741","314310",1191778
"2742","314315",37566
"2743","314320",386529
"2744","314330",9714238
"2745","314340",442973
"2746","314345",68491
"2747","314350",339548
"2748","314360",48762
"2749","314370",34557
"2750","314380",98368
"2751","314390",2407485
"2752","314400",387499
"2753","314410",427246
"2754","314420",29648
"2755","314430",801595
"2756","314435",82898
"2757","314437",51684
"2758","314440",76182
"2759","314450",311488
"2760","314460",463196
"2761","314465",90256
"2762","314467",44311
"2763","314470",366932
"2764","314480",11859913
"2765","314490",45747
"2766","314500",1253580
"2767","314505",109815
"2768","314510",275206
"2769","314520",2568620
"2770","314530",276434
"2771","314535",98109
"2772","314537",54298
"2773","314540",24472
"2774","314545",150934
"2775","314550",36393
"2776","314560",902020
"2777","314570",32500
"2778","314580",57376
"2779","314585",56275
"2780","314587",72647
"2781","314590",4182641
"2782","314600",668057
"2783","314610",3141674
"2784","314620",53450
"2785","314625",58330
"2786","314630",188817
"2787","314640",62832
"2788","314650",317226
"2789","314655",49735
"2790","314660",24505
"2791","314670",79511
"2792","314675",54703
"2793","314690",266944
"2794","314700",4914099
"2795","314710",3121650
"2796","314720",509830
"2797","314730",470881
"2798","314740",830190
"2799","314750",20346
"2800","314760",499817
"2801","314770",269118
"2802","314780",31805
"2803","314790",2684325
"2804","314795",47740
"2805","314800",4956021
"2806","314810",2813720
"2807","314820",100095
"2808","314830",100556
"2809","314840",52144
"2810","314850",74614
"2811","314860",210926
"2812","314870",311550
"2813","314875",61093
"2814","314880",40506
"2815","314890",98212
"2816","314900",31810
"2817","314910",130071
"2818","314915",92014
"2819","314920",124888
"2820","314930",1532189
"2821","314940",22894
"2822","314950",48092
"2823","314960",64490
"2824","314970",237429
"2825","314980",857419
"2826","314990",507964
"2827","314995",99576
"2828","315000",40100
"2829","315010",68530
"2830","315015",101790
"2831","315020",52696
"2832","315030",78768
"2833","315040",64296
"2834","315050",199399
"2835","315053",47979
"2836","315057",60998
"2837","315060",198276
"2838","315070",321713
"2839","315080",177722
"2840","315090",70591
"2841","315100",117767
"2842","315110",515447
"2843","315120",2371239
"2844","315130",172589
"2845","315140",552632
"2846","315150",948473
"2847","315160",507481
"2848","315170",293198
"2849","315180",7666601
"2850","315190",93301
"2851","315200",839018
"2852","315210",1888773
"2853","315213",42114
"2854","315217",96950
"2855","315220",394414
"2856","315230",99123
"2857","315240",146738
"2858","315250",8789903
"2859","315260",262679
"2860","315270",183081
"2861","315280",1002192
"2862","315290",148519
"2863","315300",86677
"2864","315310",53187
"2865","315320",51953
"2866","315330",29912
"2867","315340",445132
"2868","315350",89518
"2869","315360",169701
"2870","315370",55741
"2871","315380",32137
"2872","315390",155975
"2873","315400",341217
"2874","315410",107581
"2875","315415",88201
"2876","315420",180447
"2877","315430",239623
"2878","315440",221197
"2879","315445",110035
"2880","315450",326686
"2881","315460",4345291
"2882","315470",120646
"2883","315480",210025
"2884","315490",212068
"2885","315500",50230
"2886","315510",45598
"2887","315520",49784
"2888","315530",102913
"2889","315540",110955
"2890","315550",572797
"2891","315560",270972
"2892","315570",774127
"2893","315580",356517
"2894","315590",61473
"2895","315600",115854
"2896","315610",67135
"2897","315620",63649
"2898","315630",402192
"2899","315640",121295
"2900","315645",46167
"2901","315650",59785
"2902","315660",91961
"2903","315670",3057928
"2904","315680",186568
"2905","315690",1318734
"2906","315700",570644
"2907","315710",100327
"2908","315720",868068
"2909","315725",95636
"2910","315727",51633
"2911","315730",60398
"2912","315733",95440
"2913","315737",40702
"2914","315740",55103
"2915","315750",45690
"2916","315760",42462
"2917","315765",49068
"2918","315770",745315
"2919","315780",4131757
"2920","315790",215973
"2921","315800",180798
"2922","315810",43085
"2923","315820",143266
"2924","315830",126796
"2925","315840",42378
"2926","315850",95719
"2927","315860",41464
"2928","315870",30822
"2929","315880",84739
"2930","315890",101033
"2931","315895",745066
"2932","315900",80674
"2933","315910",40570
"2934","315920",168216
"2935","315930",62623
"2936","315935",89103
"2937","315940",67361
"2938","315950",82883
"2939","315960",1649992
"2940","315970",49841
"2941","315980",668036
"2942","315990",273193
"2943","316000",49695
"2944","316010",71773
"2945","316020",39139
"2946","316030",96688
"2947","316040",611529
"2948","316045",55793
"2949","316050",23949
"2950","316060",36227
"2951","316070",1008420
"2952","316080",67078
"2953","316090",63170
"2954","316095",67270
"2955","316100",261444
"2956","316105",38632
"2957","316110",532001
"2958","316120",91306
"2959","316130",139626
"2960","316140",52508
"2961","316150",220891
"2962","316160",36336
"2963","316165",41944
"2964","316170",231425
"2965","316180",239801
"2966","316190",3418342
"2967","316200",650415
"2968","316210",945190
"2969","316220",160622
"2970","316225",48442
"2971","316230",42408
"2972","316240",215101
"2973","316245",83661
"2974","316250",2440131
"2975","316255",127379
"2976","316257",66924
"2977","316260",94145
"2978","316265",35494
"2979","316270",235063
"2980","316280",205972
"2981","316290",429145
"2982","316292",579834
"2983","316294",791805
"2984","316295",517691
"2985","316300",42218
"2986","316310",92704
"2987","316320",49653
"2988","316330",39304
"2989","316340",55797
"2990","316350",77688
"2991","316360",31849
"2992","316370",1118880
"2993","316380",80210
"2994","316390",82483
"2995","316400",113851
"2996","316410",66729
"2997","316420",151919
"2998","316430",238606
"2999","316440",449272
"3000","316443",52566
"3001","316447",66073
"3002","316450",81096
"3003","316460",363996
"3004","316470",1958705
"3005","316480",20766
"3006","316490",31918
"3007","316500",176719
"3008","316510",117377
"3009","316520",104828
"3010","316530",165751
"3011","316540",111360
"3012","316550",61207
"3013","316553",1069251
"3014","316555",90098
"3015","316556",31682
"3016","316557",67946
"3017","316560",33011
"3018","316570",95739
"3019","316580",22574
"3020","316590",95281
"3021","316600",70520
"3022","316610",36352
"3023","316620",89071
"3024","316630",64889
"3025","316640",40055
"3026","316650",34633
"3027","316660",19107
"3028","316670",75308
"3029","316680",573116
"3030","316690",123234
"3031","316695",37220
"3032","316700",29297
"3033","316710",259497
"3034","316720",9552666
"3035","316730",28011
"3036","316740",121329
"3037","316750",73205
"3038","316760",195924
"3039","316770",55776
"3040","316780",67075
"3041","316790",56519
"3042","316800",472507
"3043","316805",38331
"3044","316810",455512
"3045","316820",36390
"3046","316830",49776
"3047","316840",151436
"3048","316850",148698
"3049","316860",2698122
"3050","316870",3165898
"3051","316880",184389
"3052","316890",224142
"3053","316900",295600
"3054","316905",52993
"3055","316910",81571
"3056","316920",97309
"3057","316930",2455112
"3058","316935",2471143
"3059","316940",1261792
"3060","316950",63791
"3061","316960",692441
"3062","316970",372974
"3063","316980",99896
"3064","316990",3052950
"3065","317000",101329
"3066","317005",135762
"3067","317010",15541491
"3068","317020",37628201
"3069","317030",33021
"3070","317040",2935116
"3071","317043",105843
"3072","317047",51990
"3073","317050",206035
"3074","317052",134063
"3075","317057",70440
"3076","317060",49408
"3077","317065",50847
"3078","317070",6297672
"3079","317075",149963
"3080","317080",812073
"3081","317090",167202
"3082","317100",798954
"3083","317103",85873
"3084","317107",98117
"3085","317110",112428
"3086","317115",41394
"3087","317120",2506401
"3088","317130",1749051
"3089","317140",37437
"3090","317150",37475
"3091","317160",119205
"3092","317170",130005
"3093","317180",160789
"3094","317190",51078
"3095","317200",1283708
"3096","317210",67601
"3097","317220",28122
"3098","320010",443105
"3099","320013",165483
"3100","320016",138324
"3101","320020",476962
"3102","320030",359562
"3103","320035",87513
"3104","320040",1005451
"3105","320050",99253
"3106","320060",5416659
"3107","320070",267864
"3108","320080",661517
"3109","320090",816949
"3110","320100",230084
"3111","320110",176859
"3112","320115",183812
"3113","320120",4914368
"3114","320130",10182197
"3115","320140",893288
"3116","320150",3644455
"3117","320160",473100
"3118","320170",203793
"3119","320180",63881
"3120","320190",758915
"3121","320200",123204
"3122","320210",292881
"3123","320220",393009
"3124","320225",274508
"3125","320230",535413
"3126","320240",2322475
"3127","320245",309054
"3128","320250",281349
"3129","320255",107803
"3130","320260",320387
"3131","320265",168326
"3132","320270",259272
"3133","320280",4818609
"3134","320290",209954
"3135","320300",429349
"3136","320305",631834
"3137","320310",138487
"3138","320313",416909
"3139","320316",139127
"3140","320320",6348138
"3141","320330",150276
"3142","320332",5274390
"3143","320334",399206
"3144","320335",280959
"3145","320340",450348
"3146","320350",341353
"3147","320360",77146
"3148","320370",271459
"3149","320380",202846
"3150","320390",1006719
"3151","320400",248474
"3152","320405",314364
"3153","320410",602683
"3154","320420",665238
"3155","320425",83588
"3156","320430",5380561
"3157","320435",384545
"3158","320440",195823
"3159","320450",202014
"3160","320455",1478208
"3161","320460",470933
"3162","320465",456648
"3163","320470",633029
"3164","320480",172371
"3165","320490",2366312
"3166","320495",178108
"3167","320500",25865234
"3168","320501",521735
"3169","320503",308426
"3170","320506",608497
"3171","320510",2689279
"3172","320515",116069
"3173","320517",290737
"3174","320520",12859638
"3175","320530",21614893
"3176","330010",9825062
"3177","330015",195238
"3178","330020",3678778
"3179","330022",354214
"3180","330023",2627537
"3181","330025",2556648
"3182","330030",2112761
"3183","330040",5487099
"3184","330045",8065142
"3185","330050",697294
"3186","330060",728730
"3187","330070",11523592
"3188","330080",1138773
"3189","330090",353551
"3190","330093",453135
"3191","330095",423899
"3192","330100",29097631
"3193","330110",729922
"3194","330115",293954
"3195","330120",471020
"3196","330130",2061734
"3197","330140",375966
"3198","330150",398169
"3199","330160",214572
"3200","330170",45332366
"3201","330180",251599
"3202","330185",1061378
"3203","330187",536177
"3204","330190",4928343
"3205","330200",7948883
"3206","330205",331377
"3207","330210",553386
"3208","330220",3096745
"3209","330225",4474844
"3210","330227",1436574
"3211","330230",145704
"3212","330240",15093203
"3213","330245",169699
"3214","330250",4253438
"3215","330260",2469678
"3216","330270",37522727
"3217","330280",350195
"3218","330285",2318657
"3219","330290",614638
"3220","330300",569938
"3221","330310",297413
"3222","330320",2904426
"3223","330330",46553203
"3224","330340",5358173
"3225","330350",17424682
"3226","330360",982350
"3227","330370",1004302
"3228","330380",2759113
"3229","330385",557211
"3230","330390",13643578
"3231","330395",716233
"3232","330400",2229154
"3233","330410",348377
"3234","330411",2424841
"3235","330412",277895
"3236","330414",3875540
"3237","330415",3821757
"3238","330420",8564525
"3239","330430",1554559
"3240","330440",390324
"3241","330450",218128
"3242","330452",7741510
"3243","330455",354981484
"3244","330460",188973
"3245","330470",1157848
"3246","330475",1024129
"3247","330480",734802
"3248","330490",18351500
"3249","330500",7967977
"3250","330510",9795913
"3251","330513",179246
"3252","330515",540470
"3253","330520",2437075
"3254","330530",202943
"3255","330540",753926
"3256","330550",10716087
"3257","330555",4158503
"3258","330560",494797
"3259","330570",437932
"3260","330575",579071
"3261","330580",5327011
"3262","330590",206774
"3263","330600",4363281
"3264","330610",2051076
"3265","330615",196599
"3266","330620",1091569
"3267","330630",11017667
"3268","350010",1136221
"3269","350020",111368
"3270","350030",1025597
"3271","350040",170438
"3272","350050",530958
"3273","350055",174713
"3274","350060",145907
"3275","350070",2294251
"3276","350075",103302
"3277","350080",86908
"3278","350090",90675
"3279","350100",535265
"3280","350110",120606
"3281","350115",2147030
"3282","350120",101265
"3283","350130",511285
"3284","350140",50695
"3285","350150",50660
"3286","350160",11950333
"3287","350170",848475
"3288","350180",102007
"3289","350190",4244418
"3290","350200",177346
"3291","350210",2057061
"3292","350220",1006733
"3293","350230",147940
"3294","350240",74613
"3295","350250",1144056
"3296","350260",101312
"3297","350270",601071
"3298","350275",3441914
"3299","350280",7807916
"3300","350290",829738
"3301","350300",148107
"3302","350310",139359
"3303","350315",34001
"3304","350320",10026981
"3305","350330",5933882
"3306","350335",42321
"3307","350340",214908
"3308","350350",46311
"3309","350360",141874
"3310","350370",743966
"3311","350380",1270689
"3312","350390",6482836
"3313","350395",33305
"3314","350400",3541751
"3315","350410",6937709
"3316","350420",310563
"3317","350430",294317
"3318","350440",320483
"3319","350450",2746044
"3320","350460",388833
"3321","350470",52784
"3322","350480",216252
"3323","350490",181838
"3324","350500",61864
"3325","350510",113867
"3326","350520",1163956
"3327","350530",1139199
"3328","350535",108718
"3329","350540",97131
"3330","350550",4832331
"3331","350560",500657
"3332","350570",52820508
"3333","350580",1073432
"3334","350590",1690905
"3335","350600",15324591
"3336","350610",3312845
"3337","350620",120899
"3338","350630",269154
"3339","350635",1829393
"3340","350640",209591
"3341","350650",3453291
"3342","350660",758657
"3343","350670",321191
"3344","350680",228468
"3345","350690",181676
"3346","350700",2942833
"3347","350710",906989
"3348","350715",59036
"3349","350720",42258
"3350","350730",386124
"3351","350740",409161
"3352","350745",58143
"3353","350750",5134696
"3354","350760",6477958
"3355","350770",97884
"3356","350775",54308
"3357","350780",667525
"3358","350790",932880
"3359","350800",461987
"3360","350810",598810
"3361","350820",170741
"3362","350830",74129
"3363","350840",5320943
"3364","350850",4041591
"3365","350860",618062
"3366","350870",402227
"3367","350880",507749
"3368","350890",58568
"3369","350900",3912166
"3370","350910",78863
"3371","350920",19427570
"3372","350925",1394456
"3373","350930",155269
"3374","350940",597732
"3375","350945",116542
"3376","350950",65874913
"3377","350960",2146989
"3378","350970",1318467
"3379","350980",154775
"3380","350990",307203
"3381","350995",107670
"3382","351000",1270170
"3383","351010",105969
"3384","351015",141977
"3385","351020",944822
"3386","351030",310889
"3387","351040",2148541
"3388","351050",4034042
"3389","351060",6156671
"3390","351070",256870
"3391","351080",909631
"3392","351090",177930
"3393","351100",699168
"3394","351110",4339528
"3395","351120",132090
"3396","351130",370826
"3397","351140",741919
"3398","351150",1932314
"3399","351160",463296
"3400","351170",329744
"3401","351190",158273
"3402","351200",964344
"3403","351210",275948
"3404","351220",713512
"3405","351230",380832
"3406","351240",3115925
"3407","351250",165008
"3408","351260",86897
"3409","351270",233957
"3410","351280",1732688
"3411","351290",344310
"3412","351300",13365734
"3413","351310",1229660
"3414","351320",200466
"3415","351330",103805
"3416","351340",2380399
"3417","351350",15046347
"3418","351360",264898
"3419","351370",1560979
"3420","351380",15301322
"3421","351385",45209
"3422","351390",310293
"3423","351400",111751
"3424","351410",675428
"3425","351420",47346
"3426","351430",505285
"3427","351440",1290237
"3428","351450",237597
"3429","351460",194798
"3430","351470",123647
"3431","351480",306270
"3432","351490",719822
"3433","351492",65100
"3434","351495",53730
"3435","351500",14726181
"3436","351510",1210920
"3437","351512",61192
"3438","351515",531113
"3439","351518",1532035
"3440","351519",73868
"3441","351520",409252
"3442","351530",50638
"3443","351535",135895
"3444","351540",376114
"3445","351550",2200770
"3446","351560",195650
"3447","351565",65260
"3448","351570",3247304
"3449","351580",35391
"3450","351590",64801
"3451","351600",205104
"3452","351610",140940
"3453","351620",10167369
"3454","351630",1588673
"3455","351640",3312687
"3456","351650",76232
"3457","351660",150634
"3458","351670",1174561
"3459","351680",73435
"3460","351685",1079184
"3461","351690",234630
"3462","351700",183789
"3463","351710",107987
"3464","351720",166054
"3465","351730",160072
"3466","351740",3410535
"3467","351750",622290
"3468","351760",332437
"3469","351770",489159
"3470","351780",264967
"3471","351790",323025
"3472","351800",34114
"3473","351810",150763
"3474","351820",977351
"3475","351830",1439632
"3476","351840",6488615
"3477","351850",226192
"3478","351860",878924
"3479","351870",9106599
"3480","351880",65165262
"3481","351885",234272
"3482","351890",70059
"3483","351900",278340
"3484","351905",1006520
"3485","351907",14730642
"3486","351910",460973
"3487","351920",167646
"3488","351925",144447
"3489","351930",763049
"3490","351940",244951
"3491","351950",170343
"3492","351960",1497195
"3493","351970",1845191
"3494","351980",173766
"3495","351990",250827
"3496","352000",326750
"3497","352010",1210195
"3498","352020",209303
"3499","352030",1256137
"3500","352040",14967867
"3501","352042",1045475
"3502","352044",649513
"3503","352050",16730487
"3504","352060",64988
"3505","352070",91297
"3506","352080",134511
"3507","352090",338517
"3508","352100",684149
"3509","352110",474780
"3510","352115",105587
"3511","352120",58005
"3512","352130",367930
"3513","352140",6940523
"3514","352150",160648
"3515","352160",95960
"3516","352170",592346
"3517","352180",700365
"3518","352190",612084
"3519","352200",97562
"3520","352210",2037482
"3521","352215",42330
"3522","352220",3880078
"3523","352230",4897886
"3524","352240",2908262
"3525","352250",12045015
"3526","352260",3821485
"3527","352265",45809
"3528","352270",1315054
"3529","352280",297304
"3530","352290",612606
"3531","352300",95421
"3532","352310",7658778
"3533","352320",944885
"3534","352330",326896
"3535","352340",6371895
"3536","352350",401313
"3537","352360",716912
"3538","352370",103238
"3539","352380",138488
"3540","352390",8242038
"3541","352400",7382285
"3542","352410",1593257
"3543","352420",137505
"3544","352430",2942386
"3545","352440",13361648
"3546","352450",447241
"3547","352460",509510
"3548","352470",12348796
"3549","352480",1619431
"3550","352490",254628
"3551","352500",4159698
"3552","352510",1207733
"3553","352520",2525546
"3554","352530",4903684
"3555","352540",103672
"3556","352550",213335
"3557","352560",127092
"3558","352570",1262897
"3559","352580",53659
"3560","352585",123160
"3561","352590",46952323
"3562","352600",592800
"3563","352610",346829
"3564","352620",544351
"3565","352630",61903
"3566","352640",1149563
"3567","352650",155479
"3568","352660",103394
"3569","352670",3388716
"3570","352680",3074028
"3571","352690",13785897
"3572","352700",185637
"3573","352710",5382602
"3574","352720",2839020
"3575","352725",35101
"3576","352730",16064221
"3577","352740",402291
"3578","352750",53932
"3579","352760",1386495
"3580","352770",75909
"3581","352780",73373
"3582","352790",73294
"3583","352800",643601
"3584","352810",170372
"3585","352820",75292
"3586","352830",95433
"3587","352840",1712055
"3588","352850",1848987
"3589","352860",223642
"3590","352870",105106
"3591","352880",395839
"3592","352885",175460
"3593","352890",57606
"3594","352900",8384437
"3595","352910",37761
"3596","352920",484081
"3597","352930",3960217
"3598","352940",16282605
"3599","352950",178085
"3600","352960",232815
"3601","352965",60146
"3602","352970",1038851
"3603","352980",175903
"3604","352990",414423
"3605","353000",67425
"3606","353010",613341
"3607","353020",367271
"3608","353030",1922851
"3609","353040",172709
"3610","353050",2157856
"3611","353060",16220410
"3612","353070",5741725
"3613","353080",4704434
"3614","353090",99428
"3615","353100",54632
"3616","353110",1115701
"3617","353120",192424
"3618","353130",1934163
"3619","353140",610623
"3620","353150",565439
"3621","353160",97433
"3622","353170",65120
"3623","353180",3473460
"3624","353190",948108
"3625","353200",507151
"3626","353205",87928
"3627","353210",72329
"3628","353215",108802
"3629","353220",151576
"3630","353230",73592
"3631","353240",366607
"3632","353250",218340
"3633","353260",303775
"3634","353270",90117
"3635","353280",149603
"3636","353282",125451
"3637","353284",38413
"3638","353286",46051
"3639","353290",214086
"3640","353300",433698
"3641","353310",33273
"3642","353320",139045
"3643","353325",64931
"3644","353330",46266
"3645","353340",3877549
"3646","353350",1157408
"3647","353360",406265
"3648","353370",107186
"3649","353380",93440
"3650","353390",2111969
"3651","353400",162566
"3652","353410",101197
"3653","353420",305275
"3654","353430",1738396
"3655","353440",81923606
"3656","353450",89796
"3657","353460",813104
"3658","353470",3309869
"3659","353475",381787
"3660","353480",116343
"3661","353490",282332
"3662","353500",324538
"3663","353510",123027
"3664","353520",184988
"3665","353530",676715
"3666","353540",274774
"3667","353550",1551857
"3668","353560",296200
"3669","353570",186933
"3670","353580",761517
"3671","353590",128314
"3672","353600",342892
"3673","353610",271810
"3674","353620",530098
"3675","353625",94480
"3676","353630",702597
"3677","353640",160716
"3678","353650",37374076
"3679","353657",36099
"3680","353660",219760
"3681","353670",2051328
"3682","353680",92567
"3683","353690",62888
"3684","353700",1058056
"3685","353710",1264212
"3686","353715",130787
"3687","353720",152682
"3688","353730",1614792
"3689","353740",767023
"3690","353750",197699
"3691","353760",1666396
"3692","353770",95882
"3693","353780",1293222
"3694","353790",743934
"3695","353800",8471160
"3696","353810",372074
"3697","353820",276704
"3698","353830",55800
"3699","353850",165598
"3700","353860",540527
"3701","353870",27822630
"3702","353880",778923
"3703","353890",478941
"3704","353900",270558
"3705","353910",487795
"3706","353920",726962
"3707","353930",2870781
"3708","353940",238460
"3709","353950",1115549
"3710","353960",135120
"3711","353970",90880
"3712","353980",4478597
"3713","353990",119679
"3714","354000",1280376
"3715","354010",73494
"3716","354020",909986
"3717","354025",77594
"3718","354030",79454
"3719","354040",97511
"3720","354050",189122
"3721","354060",2996395
"3722","354070",2147801
"3723","354075",235286
"3724","354080",458621
"3725","354085",32852
"3726","354090",632655
"3727","354100",7617332
"3728","354105",116118
"3729","354110",74621
"3730","354120",314352
"3731","354130",850788
"3732","354140",8386439
"3733","354150",765494
"3734","354160",1338445
"3735","354165",112819
"3736","354170",490245
"3737","354180",836863
"3738","354190",338412
"3739","354200",160520
"3740","354210",326214
"3741","354220",932638
"3742","354230",55337
"3743","354240",737678
"3744","354250",146550
"3745","354260",2092937
"3746","354270",177139
"3747","354280",49397
"3748","354290",299542
"3749","354300",295961
"3750","354310",145052
"3751","354320",157953
"3752","354323",38916
"3753","354325",194171
"3754","354330",3146164
"3755","354340",35355227
"3756","354350",67389
"3757","354360",120237
"3758","354370",192606
"3759","354380",304518
"3760","354390",10511811
"3761","354400",1304665
"3762","354410",720977
"3763","354420",220048
"3764","354425",1507516
"3765","354430",299662
"3766","354440",65509
"3767","354450",84346
"3768","354460",106151
"3769","354470",38860
"3770","354480",142665
"3771","354490",3668866
"3772","354500",211234
"3773","354510",80283
"3774","354515",244099
"3775","354520",7737784
"3776","354530",1888612
"3777","354540",223059
"3778","354550",361967
"3779","354560",328122
"3780","354570",149089
"3781","354580",6179789
"3782","354600",262467
"3783","354610",75814
"3784","354620",130346
"3785","354625",53696
"3786","354630",537714
"3787","354640",2001745
"3788","354650",94629
"3789","354660",1199275
"3790","354670",2015669
"3791","354680",1513106
"3792","354690",116580
"3793","354700",127364
"3794","354710",55577
"3795","354720",34506
"3796","354730",9417114
"3797","354740",62378
"3798","354750",683724
"3799","354760",689045
"3800","354765",33977
"3801","354770",407941
"3802","354780",30339076
"3803","354790",153515
"3804","354800",1177821
"3805","354805",209051
"3806","354810",171078
"3807","354820",119547
"3808","354830",39042
"3809","354840",67945
"3810","354850",22753121
"3811","354860",213669
"3812","354870",51066928
"3813","354880",13705941
"3814","354890",11801093
"3815","354900",45642
"3816","354910",3271394
"3817","354920",45443
"3818","354925",37936
"3819","354930",46161
"3820","354940",1455323
"3821","354950",171648
"3822","354960",50659
"3823","354970",1949936
"3824","354980",18776621
"3825","354990",43457370
"3826","354995",255710
"3827","355000",170041
"3828","355010",1069180
"3829","355020",783557
"3830","355030",763805985
"3831","355040",799206
"3832","355050",170442
"3833","355060",3158173
"3834","355070",3575340
"3835","355080",293417
"3836","355090",464335
"3837","355100",5547213
"3838","355110",159140
"3839","355120",66357
"3840","355130",240529
"3841","355140",173448
"3842","355150",1008334
"3843","355160",742870
"3844","355170",5428439
"3845","355180",324616
"3846","355190",240521
"3847","355200",76118
"3848","355210",895923
"3849","355220",37283418
"3850","355230",178298
"3851","355240",14844491
"3852","355250",12040337
"3853","355255",161486
"3854","355260",249076
"3855","355270",251104
"3856","355280",8812545
"3857","355290",160046
"3858","355300",263205
"3859","355310",93643
"3860","355320",111094
"3861","355330",571405
"3862","355340",954387
"3863","355350",148063
"3864","355360",260014
"3865","355365",38569
"3866","355370",1525208
"3867","355380",814067
"3868","355385",228238
"3869","355390",116989
"3870","355395",592283
"3871","355400",4160032
"3872","355410",18357172
"3873","355420",90606
"3874","355430",502086
"3875","355440",138705
"3876","355450",1850852
"3877","355460",49647
"3878","355465",31095
"3879","355470",208155
"3880","355475",36360
"3881","355480",734913
"3882","355490",104848
"3883","355495",142528
"3884","355500",1929663
"3885","355510",312440
"3886","355520",39302
"3887","355530",59114
"3888","355535",299509
"3889","355540",2382689
"3890","355550",91899
"3891","355560",241688
"3892","355570",44830
"3893","355580",231866
"3894","355590",36657
"3895","355600",408305
"3896","355610",331467
"3897","355620",6561112
"3898","355630",832023
"3899","355635",132264
"3900","355640",991182
"3901","355645",2174655
"3902","355650",2907103
"3903","355660",176333
"3904","355670",9663649
"3905","355680",343340
"3906","355690",268067
"3907","355695",36168
"3908","355700",3406950
"3909","355710",2953318
"3910","355715",90520
"3911","355720",213106
"3912","355730",318731
"3913","410010",188784
"3914","410020",215123
"3915","410030",218241
"3916","410040",1630819
"3917","410045",75113
"3918","410050",372192
"3919","410060",320648
"3920","410070",270422
"3921","410080",249299
"3922","410090",166895
"3923","410100",595994
"3924","410105",86252
"3925","410110",755896
"3926","410115",112013
"3927","410120",565526
"3928","410130",194093
"3929","410140",3456256
"3930","410150",4973032
"3931","410160",1230108
"3932","410165",95396
"3933","410170",471290
"3934","410180",18704461
"3935","410185",77775
"3936","410190",439787
"3937","410200",1172459
"3938","410210",738941
"3939","410220",145054
"3940","410230",751046
"3941","410240",809501
"3942","410250",212030
"3943","410260",263574
"3944","410270",81306
"3945","410275",69204
"3946","410280",464902
"3947","410290",360750
"3948","410300",201346
"3949","410302",88241
"3950","410304",217787
"3951","410305",140884
"3952","410310",200814
"3953","410315",70207
"3954","410320",119056
"3955","410322",177787
"3956","410330",197967
"3957","410335",176872
"3958","410337",166605
"3959","410340",65079
"3960","410345",1363998
"3961","410347",87768
"3962","410350",156177
"3963","410360",762566
"3964","410370",4116913
"3965","410380",204966
"3966","410390",413287
"3967","410395",101398
"3968","410400",1578175
"3969","410405",133929
"3970","410410",201747
"3971","410420",4721814
"3972","410425",434877
"3973","410430",3870715
"3974","410440",325084
"3975","410442",492422
"3976","410445",254386
"3977","410450",588696
"3978","410460",1285455
"3979","410465",1489768
"3980","410470",350397
"3981","410480",12602358
"3982","410490",2763700
"3983","410500",242932
"3984","410510",214705
"3985","410520",321559
"3986","410530",605693
"3987","410540",663483
"3988","410550",2835947
"3989","410560",413901
"3990","410570",514030
"3991","410580",5402336
"3992","410590",697923
"3993","410600",199606
"3994","410610",104476
"3995","410620",403243
"3996","410630",675177
"3997","410640",1688510
"3998","410645",193079
"3999","410650",674141
"4000","410655",62456
"4001","410657",114807
"4002","410660",840057
"4003","410670",172831
"4004","410680",374575
"4005","410685",112794
"4006","410690",96088149
"4007","410700",223007
"4008","410710",316985
"4009","410712",55959
"4010","410715",102049
"4011","410720",1676042
"4012","410725",635861
"4013","410730",165570
"4014","410740",215039
"4015","410750",465781
"4016","410752",53057
"4017","410753",238175
"4018","410754",119779
"4019","410755",130028
"4020","410760",451230
"4021","410765",2507675
"4022","410770",144689
"4023","410773",186655
"4024","410775",134864
"4025","410780",182922
"4026","410785",119257
"4027","410790",191627
"4028","410800",254789
"4029","410810",58778
"4030","410820",279647
"4031","410830",15776557
"4032","410832",167089
"4033","410840",3289935
"4034","410845",123720
"4035","410850",304047
"4036","410855",51849
"4037","410860",886357
"4038","410865",176935
"4039","410870",117468
"4040","410880",966065
"4041","410890",244463
"4042","410895",234408
"4043","410900",103997
"4044","410910",65891
"4045","410920",127079
"4046","410930",369154
"4047","410940",6105775
"4048","410950",105769
"4049","410960",875716
"4050","410965",194856
"4051","410970",697199
"4052","410975",147569
"4053","410980",2768598
"4054","410990",222738
"4055","411000",162860
"4056","411005",62837
"4057","411007",217304
"4058","411010",868455
"4059","411020",172975
"4060","411030",57186
"4061","411040",529891
"4062","411050",468057
"4063","411060",353076
"4064","411065",77132
"4065","411070",1900073
"4066","411080",273197
"4067","411090",95321
"4068","411095",370777
"4069","411100",157862
"4070","411110",174693
"4071","411120",534163
"4072","411125",519193
"4073","411130",76372
"4074","411140",370598
"4075","411150",832106
"4076","411155",201793
"4077","411160",113007
"4078","411170",109138
"4079","411180",1272903
"4080","411190",808848
"4081","411200",1487925
"4082","411210",769704
"4083","411220",155596
"4084","411230",105329
"4085","411240",235557
"4086","411250",271004
"4087","411260",39893
"4088","411270",226041
"4089","411275",319324
"4090","411280",580442
"4091","411290",80556
"4092","411295",313806
"4093","411300",224350
"4094","411310",112880
"4095","411320",1805349
"4096","411325",84534
"4097","411330",789855
"4098","411340",138076
"4099","411342",84144
"4100","411345",167189
"4101","411350",593481
"4102","411360",184344
"4103","411370",21599786
"4104","411373",314221
"4105","411375",90123
"4106","411380",98622
"4107","411390",690690
"4108","411400",562297
"4109","411410",622912
"4110","411420",1496011
"4111","411430",609885
"4112","411435",54380
"4113","411440",1460780
"4114","411450",371675
"4115","411460",2345473
"4116","411470",100125
"4117","411480",1496241
"4118","411490",322403
"4119","411500",150943
"4120","411510",209750
"4121","411520",19311875
"4122","411530",291121
"4123","411535",342180
"4124","411540",425055
"4125","411545",82918
"4126","411550",80950
"4127","411560",845013
"4128","411570",794710
"4129","411573",71832
"4130","411575",309095
"4131","411580",1953986
"4132","411585",196944
"4133","411590",101454
"4134","411600",40676
"4135","411605",364963
"4136","411610",299123
"4137","411620",351638
"4138","411630",97348
"4139","411640",74447
"4140","411650",41194
"4141","411660",75852
"4142","411670",555168
"4143","411680",198651
"4144","411690",734561
"4145","411695",112964
"4146","411700",215864
"4147","411705",220897
"4148","411710",345263
"4149","411720",91819
"4150","411721",81361
"4151","411722",337878
"4152","411725",319741
"4153","411727",131257
"4154","411729",68272
"4155","411730",2900987
"4156","411740",99058
"4157","411745",178444
"4158","411750",828192
"4159","411760",1162350
"4160","411770",1345324
"4161","411780",253354
"4162","411790",2142735
"4163","411800",323132
"4164","411810",333061
"4165","411820",9737131
"4166","411830",61215
"4167","411840",2686279
"4168","411845",170637
"4169","411850",4004055
"4170","411860",280115
"4171","411870",320566
"4172","411880",316738
"4173","411885",183036
"4174","411890",458913
"4175","411900",156114
"4176","411910",839299
"4177","411915",6460452
"4178","411920",153771
"4179","411925",54861
"4180","411930",1573504
"4181","411940",811870
"4182","411950",1400366
"4183","411960",867238
"4184","411965",89613
"4185","411970",103151
"4186","411980",318636
"4187","411990",15603394
"4188","411995",894086
"4189","412000",605164
"4190","412010",113773
"4191","412015",108358
"4192","412020",75432
"4193","412030",68415
"4194","412033",118967
"4195","412035",201043
"4196","412040",151383
"4197","412050",295487
"4198","412060",1264980
"4199","412065",218558
"4200","412070",194562
"4201","412080",1577653
"4202","412085",171788
"4203","412090",1296452
"4204","412100",220126
"4205","412110",163361
"4206","412120",407115
"4207","412125",82066
"4208","412130",120507
"4209","412135",133102
"4210","412140",617703
"4211","412150",383258
"4212","412160",258224
"4213","412170",603379
"4214","412175",166949
"4215","412180",418521
"4216","412190",235829
"4217","412200",628067
"4218","412210",68137
"4219","412215",308939
"4220","412217",79597
"4221","412220",1229974
"4222","412230",1239562
"4223","412240",2786398
"4224","412250",386860
"4225","412260",327892
"4226","412265",91045
"4227","412270",510342
"4228","412280",93711
"4229","412290",76979
"4230","412300",372135
"4231","412310",75993
"4232","412320",113030
"4233","412330",275048
"4234","412340",274914
"4235","412350",978557
"4236","412360",43867
"4237","412370",189313
"4238","412380",339395
"4239","412382",116126
"4240","412385",163618
"4241","412390",365343
"4242","412395",84546
"4243","412400",98835
"4244","412402",378745
"4245","412405",583244
"4246","412410",1250193
"4247","412420",51061
"4248","412430",69386
"4249","412440",501951
"4250","412450",338426
"4251","412460",317533
"4252","412470",212775
"4253","412480",701481
"4254","412490",133286
"4255","412500",262207
"4256","412510",511557
"4257","412520",286986
"4258","412530",261100
"4259","412535",124715
"4260","412540",146311
"4261","412545",76559
"4262","412550",29962691
"4263","412555",54694
"4264","412560",1283444
"4265","412570",1094675
"4266","412575",184095
"4267","412580",306254
"4268","412590",66294
"4269","412600",221243
"4270","412610",167787
"4271","412620",107799
"4272","412625",1730265
"4273","412627",888706
"4274","412630",447345
"4275","412635",208928
"4276","412640",286256
"4277","412650",700837
"4278","412660",555969
"4279","412665",99660
"4280","412667",299552
"4281","412670",120489
"4282","412680",524669
"4283","412690",130965
"4284","412700",376628
"4285","412710",3574545
"4286","412720",466751
"4287","412730",370256
"4288","412740",624093
"4289","412750",842110
"4290","412760",328370
"4291","412770",6190290
"4292","412780",201880
"4293","412785",325862
"4294","412788",119294
"4295","412790",187636
"4296","412795",327110
"4297","412796",431505
"4298","412800",932170
"4299","412810",3717098
"4300","412820",1604275
"4301","412830",65103
"4302","412840",272822
"4303","412850",541071
"4304","412853",243400
"4305","412855",238028
"4306","412860",284315
"4307","412862",91103
"4308","412863",69111
"4309","412865",136727
"4310","412870",349892
"4311","412880",95296
"4312","420005",65192
"4313","420010",661728
"4314","420020",275841
"4315","420030",161878
"4316","420040",356256
"4317","420050",111391
"4318","420055",109874
"4319","420060",174756
"4320","420070",270030
"4321","420075",60655
"4322","420080",143688
"4323","420090",133383
"4324","420100",170974
"4325","420110",62259
"4326","420120",789080
"4327","420125",401008
"4328","420127",174014
"4329","420130",4856255
"4330","420140",1941337
"4331","420150",210909
"4332","420160",97443
"4333","420165",115571
"4334","420170",210524
"4335","420180",100727
"4336","420190",176938
"4337","420195",179680
"4338","420200",6051067
"4339","420205",202180
"4340","420207",166797
"4341","420208",79441
"4342","420209",36897
"4343","420210",1831228
"4344","420213",153413
"4345","420215",53277
"4346","420220",330162
"4347","420230",2217970
"4348","420240",17294179
"4349","420243",86229
"4350","420245",721662
"4351","420250",132717
"4352","420253",119112
"4353","420257",53813
"4354","420260",313892
"4355","420270",325291
"4356","420280",1338203
"4357","420285",155526
"4358","420287",90130
"4359","420290",6931830
"4360","420300",3530193
"4361","420310",250713
"4362","420315",78612
"4363","420320",1684153
"4364","420325",136810
"4365","420330",559588
"4366","420340",228816
"4367","420350",278432
"4368","420360",2194251
"4369","420370",206053
"4370","420380",1756153
"4371","420390",949033
"4372","420395",916317
"4373","420400",436259
"4374","420410",141188
"4375","420415",59456
"4376","420417",80226
"4377","420419",80329
"4378","420420",10522379
"4379","420425",684520
"4380","420430",3722642
"4381","420435",299687
"4382","420440",283657
"4383","420445",47853
"4384","420450",465349
"4385","420455",618967
"4386","420460",8229743
"4387","420470",596671
"4388","420475",51920
"4389","420480",1494455
"4390","420490",226295
"4391","420500",414671
"4392","420510",116476
"4393","420515",118683
"4394","420517",50589
"4395","420519",93400
"4396","420520",136967
"4397","420530",470844
"4398","420535",49094
"4399","420540",21963928
"4400","420543",56944
"4401","420545",898164
"4402","420550",977423
"4403","420555",72673
"4404","420560",76466
"4405","420570",617279
"4406","420580",1098318
"4407","420590",3187387
"4408","420600",352431
"4409","420610",248771
"4410","420620",264765
"4411","420630",1001317
"4412","420640",347355
"4413","420650",1957712
"4414","420660",166720
"4415","420665",253815
"4416","420670",482408
"4417","420675",52597
"4418","420680",113048
"4419","420690",471134
"4420","420700",2556950
"4421","420710",724130
"4422","420720",196002
"4423","420730",2021093
"4424","420740",174757
"4425","420750",2976159
"4426","420757",162274
"4427","420760",87799
"4428","420765",293637
"4429","420768",253097
"4430","420770",356128
"4431","420775",99233
"4432","420780",242272
"4433","420785",38885
"4434","420790",334983
"4435","420800",307852
"4436","420810",772918
"4437","420820",28215220
"4438","420830",2140616
"4439","420840",832983
"4440","420845",919064
"4441","420850",967257
"4442","420860",139974
"4443","420870",377316
"4444","420880",581543
"4445","420890",9805824
"4446","420895",51411
"4447","420900",1806708
"4448","420910",34528619
"4449","420915",106904
"4450","420917",54054
"4451","420920",105174
"4452","420930",5571758
"4453","420940",891933
"4454","420945",50350
"4455","420950",290054
"4456","420960",386608
"4457","420970",319479
"4458","420980",97975
"4459","420985",115298
"4460","420990",357625
"4461","421000",495951
"4462","421003",190779
"4463","421005",53714
"4464","421010",1974377
"4465","421020",52370
"4466","421030",210561
"4467","421040",199860
"4468","421050",1401082
"4469","421055",64467
"4470","421060",554347
"4471","421070",51446
"4472","421080",267369
"4473","421085",58474
"4474","421090",118948
"4475","421100",713677
"4476","421105",175406
"4477","421110",174402
"4478","421120",666246
"4479","421125",101086
"4480","421130",4685199
"4481","421140",184231
"4482","421145",134297
"4483","421150",630774
"4484","421160",761312
"4485","421165",90215
"4486","421170",906562
"4487","421175",771457
"4488","421180",195951
"4489","421185",93752
"4490","421187",41043
"4491","421189",59911
"4492","421190",5985390
"4493","421200",210067
"4494","421205",110986
"4495","421210",691110
"4496","421220",608301
"4497","421223",114062
"4498","421225",176771
"4499","421227",133265
"4500","421230",200456
"4501","421240",144921
"4502","421250",819067
"4503","421260",93906
"4504","421265",96819
"4505","421270",180715
"4506","421280",1109527
"4507","421290",1142191
"4508","421300",185387
"4509","421310",744193
"4510","421315",110961
"4511","421320",2119307
"4512","421330",130943
"4513","421335",114123
"4514","421340",226671
"4515","421350",1262672
"4516","421360",778430
"4517","421370",552798
"4518","421380",169487
"4519","421390",54908
"4520","421400",721514
"4521","421410",51275
"4522","421415",74087
"4523","421420",364898
"4524","421430",137068
"4525","421440",218674
"4526","421450",160482
"4527","421460",207600
"4528","421470",337173
"4529","421480",2894102
"4530","421490",244949
"4531","421500",1232353
"4532","421505",59284
"4533","421507",125266
"4534","421510",305814
"4535","421520",89444
"4536","421530",217401
"4537","421535",70206
"4538","421540",201505
"4539","421545",334671
"4540","421550",481577
"4541","421555",75557
"4542","421560",57497
"4543","421565",152035
"4544","421567",193936
"4545","421568",52317
"4546","421569",35092
"4547","421570",926587
"4548","421575",64038
"4549","421580",3323764
"4550","421590",73682
"4551","421600",431403
"4552","421605",159871
"4553","421610",310516
"4554","421620",4237319
"4555","421625",273811
"4556","421630",922115
"4557","421635",206272
"4558","421640",204292
"4559","421650",894980
"4560","421660",11290448
"4561","421670",418052
"4562","421680",262282
"4563","421690",1112706
"4564","421700",694910
"4565","421710",81160
"4566","421715",39544
"4567","421720",1675133
"4568","421725",87589
"4569","421730",384604
"4570","421740",524879
"4571","421750",896557
"4572","421755",87123
"4573","421760",525771
"4574","421770",803393
"4575","421775",63196
"4576","421780",667409
"4577","421790",437886
"4578","421795",60606
"4579","421800",1735631
"4580","421810",129154
"4581","421820",1967801
"4582","421825",190140
"4583","421830",1150828
"4584","421835",211614
"4585","421840",164576
"4586","421850",711248
"4587","421860",277000
"4588","421870",3961862
"4589","421875",142135
"4590","421880",535770
"4591","421885",65785
"4592","421890",296615
"4593","421895",66614
"4594","421900",834663
"4595","421910",141077
"4596","421915",65731
"4597","421917",444100
"4598","421920",286152
"4599","421930",2702064
"4600","421935",118888
"4601","421940",131465
"4602","421950",1896873
"4603","421960",157893
"4604","421970",1038423
"4605","421985",82422
"4606","422000",242539
"4607","430003",252048
"4608","430005",324140
"4609","430010",536912
"4610","430020",301939
"4611","430030",118025
"4612","430040",2138004
"4613","430045",110904
"4614","430047",163169
"4615","430050",536481
"4616","430055",61914
"4617","430057",119779
"4618","430060",2843520
"4619","430063",120980
"4620","430064",135199
"4621","430066",106412
"4622","430070",212258
"4623","430080",658586
"4624","430085",137617
"4625","430087",193349
"4626","430090",1004171
"4627","430100",1252121
"4628","430105",245581
"4629","430107",56784
"4630","430110",268587
"4631","430120",331076
"4632","430130",542528
"4633","430140",257481
"4634","430150",320661
"4635","430155",110151
"4636","430160",3154211
"4637","430163",241011
"4638","430165",257317
"4639","430170",244501
"4640","430175",143306
"4641","430180",208682
"4642","430185",46500
"4643","430187",171383
"4644","430190",333628
"4645","430192",53528
"4646","430195",131847
"4647","430200",202945
"4648","430205",35303
"4649","430210",6349890
"4650","430215",147387
"4651","430220",245849
"4652","430222",251620
"4653","430223",171969
"4654","430225",86941
"4655","430230",445616
"4656","430235",713326
"4657","430237",61746
"4658","430240",316612
"4659","430245",136735
"4660","430250",324342
"4661","430258",131082
"4662","430260",94482
"4663","430265",91524
"4664","430270",473597
"4665","430280",864996
"4666","430290",338948
"4667","430300",2414634
"4668","430310",5687260
"4669","430320",116288
"4670","430330",183453
"4671","430340",111998
"4672","430350",2181298
"4673","430355",167906
"4674","430360",178809
"4675","430367",153113
"4676","430370",163029
"4677","430380",234090
"4678","430390",3202490
"4679","430400",230864
"4680","430410",89035
"4681","430420",849670
"4682","430430",242760
"4683","430435",649413
"4684","430440",1256118
"4685","430450",1297955
"4686","430460",20630280
"4687","430461",49435
"4688","430462",191738
"4689","430463",1609058
"4690","430465",320740
"4691","430466",550615
"4692","430467",212050
"4693","430468",227409
"4694","430469",76520
"4695","430470",3150494
"4696","430471",119670
"4697","430480",2773585
"4698","430485",43953
"4699","430490",477706
"4700","430495",128012
"4701","430500",382495
"4702","430510",27013570
"4703","430511",83040
"4704","430512",107555
"4705","430513",75644
"4706","430515",55884
"4707","430517",183457
"4708","430520",774031
"4709","430530",462559
"4710","430535",1376933
"4711","430537",92132
"4712","430540",203792
"4713","430543",381741
"4714","430544",114680
"4715","430545",308045
"4716","430550",151033
"4717","430558",65608
"4718","430560",194488
"4719","430570",372474
"4720","430580",324561
"4721","430583",39764
"4722","430585",108688
"4723","430587",125302
"4724","430590",302721
"4725","430593",42370
"4726","430595",157403
"4727","430597",220346
"4728","430600",377105
"4729","430605",201516
"4730","430607",66116
"4731","430610",3790618
"4732","430613",88539
"4733","430620",394505
"4734","430630",142913
"4735","430632",96427
"4736","430635",43126
"4737","430637",144127
"4738","430640",2089234
"4739","430642",115139
"4740","430645",108556
"4741","430650",292675
"4742","430655",58981
"4743","430660",1345518
"4744","430670",76374
"4745","430673",189361
"4746","430675",54933
"4747","430676",2179268
"4748","430680",951619
"4749","430690",604809
"4750","430692",54559
"4751","430693",420709
"4752","430695",222559
"4753","430697",123426
"4754","430700",5303198
"4755","430705",145623
"4756","430710",140018
"4757","430720",109455
"4758","430730",229066
"4759","430740",212062
"4760","430745",82390
"4761","430750",718625
"4762","430755",284537
"4763","430760",1543388
"4764","430770",3436739
"4765","430780",1643504
"4766","430781",133778
"4767","430783",210951
"4768","430786",88334
"4769","430790",3562093
"4770","430800",218337
"4771","430805",61134
"4772","430807",106462
"4773","430810",464540
"4774","430820",1854237
"4775","430825",61448
"4776","430830",222479
"4777","430840",200434
"4778","430843",46151
"4779","430845",314258
"4780","430850",1232871
"4781","430860",2383541
"4782","430865",133679
"4783","430870",235797
"4784","430880",221362
"4785","430885",111711
"4786","430890",637794
"4787","430900",806585
"4788","430905",266839
"4789","430910",2257904
"4790","430912",57143
"4791","430915",87530
"4792","430920",12396458
"4793","430925",72221
"4794","430930",6438871
"4795","430940",949266
"4796","430950",288660
"4797","430955",188532
"4798","430957",55510
"4799","430960",1741205
"4800","430965",196089
"4801","430970",164722
"4802","430975",93934
"4803","430980",234069
"4804","430990",278650
"4805","430995",138430
"4806","431000",1128537
"4807","431010",1947198
"4808","431020",3777975
"4809","431030",111996
"4810","431033",508392
"4811","431036",263563
"4812","431040",280821
"4813","431041",68317
"4814","431043",222989
"4815","431046",106834
"4816","431050",206561
"4817","431053",121756
"4818","431055",100576
"4819","431057",59161
"4820","431060",1400823
"4821","431065",76101
"4822","431070",66106
"4823","431075",52709
"4824","431080",990156
"4825","431085",99686
"4826","431087",116542
"4827","431090",146257
"4828","431100",704575
"4829","431110",265130
"4830","431112",69997
"4831","431113",200188
"4832","431115",503407
"4833","431120",1231775
"4834","431123",57274
"4835","431125",113718
"4836","431127",91359
"4837","431130",1145824
"4838","431140",4672563
"4839","431142",55432
"4840","431150",249161
"4841","431160",141939
"4842","431162",314663
"4843","431164",54923
"4844","431170",182902
"4845","431171",284109
"4846","431173",59108
"4847","431175",268162
"4848","431177",139248
"4849","431179",76739
"4850","431180",2221531
"4851","431190",133231
"4852","431198",80815
"4853","431200",54807
"4854","431205",97711
"4855","431210",116014
"4856","431213",94007
"4857","431215",170672
"4858","431217",55297
"4859","431220",110337
"4860","431225",198387
"4861","431230",133820
"4862","431235",59452
"4863","431237",71697
"4864","431238",74272
"4865","431240",3926465
"4866","431242",100502
"4867","431244",57860
"4868","431245",98356
"4869","431247",210315
"4870","431250",407506
"4871","431260",262854
"4872","431261",420325
"4873","431262",51696
"4874","431265",1366462
"4875","431267",88317
"4876","431270",399575
"4877","431275",171530
"4878","431280",244028
"4879","431290",598223
"4880","431295",100649
"4881","431300",119945
"4882","431301",165542
"4883","431303",130233
"4884","431306",686481
"4885","431308",71255
"4886","431310",301496
"4887","431320",855127
"4888","431330",1304096
"4889","431333",144853
"4890","431335",179724
"4891","431337",1815678
"4892","431339",94435
"4893","431340",9769394
"4894","431342",133442
"4895","431344",52361
"4896","431346",58658
"4897","431349",98509
"4898","431350",1693873
"4899","431360",123316
"4900","431365",471591
"4901","431370",1488543
"4902","431380",210406
"4903","431390",2236146
"4904","431395",391316
"4905","431400",315249
"4906","431402",169461
"4907","431403",100309
"4908","431405",1350777
"4909","431406",110847
"4910","431407",182566
"4911","431410",9829386
"4912","431413",102861
"4913","431415",189792
"4914","431417",167556
"4915","431420",164408
"4916","431430",242020
"4917","431440",9445913
"4918","431442",326942
"4919","431445",85321
"4920","431446",220385
"4921","431447",760523
"4922","431449",98658
"4923","431450",305699
"4924","431454",57447
"4925","431455",65374
"4926","431460",482343
"4927","431470",211750
"4928","431475",94506
"4929","431477",261273
"4930","431478",59528
"4931","431480",1265143
"4932","431490",82431478
"4933","431500",107582
"4934","431505",64929
"4935","431507",34473
"4936","431510",184242
"4937","431513",47429
"4938","431514",165356
"4939","431515",130850
"4940","431517",60884
"4941","431520",100934
"4942","431530",480145
"4943","431531",114378
"4944","431532",168912
"4945","431535",157133
"4946","431540",177794
"4947","431545",53600
"4948","431550",456595
"4949","431555",87089
"4950","431560",10687204
"4951","431570",977676
"4952","431575",130204
"4953","431580",481199
"4954","431590",195158
"4955","431595",105953
"4956","431600",653522
"4957","431610",352132
"4958","431620",195427
"4959","431630",789559
"4960","431640",929897
"4961","431642",62338
"4962","431643",151579
"4963","431645",887672
"4964","431647",135112
"4965","431650",282403
"4966","431660",640589
"4967","431670",762261
"4968","431673",83322
"4969","431675",296905
"4970","431680",9831718
"4971","431690",8766855
"4972","431695",207189
"4973","431697",184222
"4974","431700",209121
"4975","431710",2617268
"4976","431720",3191248
"4977","431725",41506
"4978","431730",1248170
"4979","431740",1588387
"4980","431750",2828429
"4981","431755",74847
"4982","431760",1441182
"4983","431770",416069
"4984","431775",112622
"4985","431780",557340
"4986","431790",598101
"4987","431795",73894
"4988","431800",1935768
"4989","431805",71562
"4990","431810",469988
"4991","431820",724560
"4992","431830",1802684
"4993","431840",610370
"4994","431842",134737
"4995","431843",87156
"4996","431844",90078
"4997","431845",61503
"4998","431846",49652
"4999","431848",127885
"5000","431849",106788
"5001","431850",424083
"5002","431860",290572
"5003","431861",65408
"5004","431862",116531
"5005","431870",10122382
"5006","431880",1266139
"5007","431890",1429922
"5008","431900",999315
"5009","431910",248926
"5010","431912",187056
"5011","431915",521126
"5012","431920",165033
"5013","431930",161568
"5014","431935",82544
"5015","431936",71413
"5016","431937",111739
"5017","431940",393973
"5018","431950",718205
"5019","431960",903329
"5020","431970",95508
"5021","431971",60817
"5022","431973",58752
"5023","431975",87940
"5024","431980",260951
"5025","431990",3500607
"5026","432000",3538477
"5027","432010",1002035
"5028","432020",383297
"5029","432023",118326
"5030","432026",130004
"5031","432030",232445
"5032","432032",93200
"5033","432035",88503
"5034","432040",669491
"5035","432045",48134
"5036","432050",300643
"5037","432055",281178
"5038","432057",67671
"5039","432060",107144
"5040","432065",59027
"5041","432067",210208
"5042","432070",383785
"5043","432080",945728
"5044","432085",102620
"5045","432090",1240738
"5046","432100",481617
"5047","432110",369424
"5048","432120",1430833
"5049","432130",827471
"5050","432132",128009
"5051","432135",91209
"5052","432140",482822
"5053","432143",242557
"5054","432145",1532249
"5055","432146",112828
"5056","432147",137882
"5057","432149",69857
"5058","432150",1265563
"5059","432160",1107333
"5060","432162",61531
"5061","432163",96437
"5062","432166",270755
"5063","432170",894292
"5064","432180",1110402
"5065","432183",58031
"5066","432185",146282
"5067","432190",919378
"5068","432195",210792
"5069","432200",8372535
"5070","432210",224684
"5071","432215",80847
"5072","432218",58305
"5073","432220",1207657
"5074","432225",498963
"5075","432230",296943
"5076","432232",104930
"5077","432234",65642
"5078","432235",53080
"5079","432237",72200
"5080","432240",2885239
"5081","432250",2458674
"5082","432252",91130
"5083","432253",239452
"5084","432254",149377
"5085","432255",64540
"5086","432260",3464550
"5087","432270",700595
"5088","432280",1548836
"5089","432285",69771
"5090","432290",148940
"5091","432300",4040357
"5092","432310",101318
"5093","432320",166455
"5094","432330",219573
"5095","432335",107802
"5096","432340",223201
"5097","432345",118499
"5098","432350",94228
"5099","432360",56296
"5100","432370",72248
"5101","432375",96830
"5102","432377",184659
"5103","432380",554246
"5104","500020",1128407
"5105","500025",167817
"5106","500060",972596
"5107","500070",500709
"5108","500080",261049
"5109","500085",745063
"5110","500090",374110
"5111","500100",1158833
"5112","500110",960591
"5113","500124",505817
"5114","500150",381407
"5115","500190",840573
"5116","500200",388293
"5117","500210",551923
"5118","500215",220133
"5119","500220",793254
"5120","500230",600295
"5121","500240",1244781
"5122","500260",423271
"5123","500270",30234896
"5124","500280",120268
"5125","500290",636736
"5126","500295",1875389
"5127","500310",111254
"5128","500315",213905
"5129","500320",2779589
"5130","500325",1533551
"5131","500330",893569
"5132","500345",303917
"5133","500348",212882
"5134","500350",128714
"5135","500370",9469925
"5136","500375",356361
"5137","500380",492878
"5138","500390",105019
"5139","500400",209739
"5140","500410",241759
"5141","500430",417190
"5142","500440",472700
"5143","500450",810844
"5144","500460",686324
"5145","500470",1382492
"5146","500480",107705
"5147","500490",198710
"5148","500500",596880
"5149","500510",302048
"5150","500515",288696
"5151","500520",363279
"5152","500525",491939
"5153","500540",2548145
"5154","500560",515588
"5155","500568",544442
"5156","500570",1908850
"5157","500580",315152
"5158","500600",1542412
"5159","500620",2159906
"5160","500625",178414
"5161","500627",739129
"5162","500630",1372939
"5163","500635",179494
"5164","500640",223208
"5165","500660",3219046
"5166","500690",354824
"5167","500710",1122848
"5168","500720",2334559
"5169","500730",105723
"5170","500740",482025
"5171","500750",179099
"5172","500755",255649
"5173","500769",1574403
"5174","500770",267435
"5175","500780",2308147
"5176","500790",1992155
"5177","500793",764378
"5178","500795",197851
"5179","500797",109803
"5180","500800",568694
"5181","500830",10354138
"5182","500840",266708
"5183","510010",84334
"5184","510020",1079838
"5185","510025",1558714
"5186","510030",850664
"5187","510035",123404
"5188","510040",662474
"5189","510050",122134
"5190","510060",857782
"5191","510080",166944
"5192","510100",68923
"5193","510120",21074
"5194","510125",472442
"5195","510130",177236
"5196","510140",938896
"5197","510160",90422
"5198","510170",1293217
"5199","510180",2110337
"5200","510185",319518
"5201","510190",948544
"5202","510250",1910180
"5203","510260",295587
"5204","510263",3400993
"5205","510267",2367227
"5206","510268",1335513
"5207","510269",128783
"5208","510270",1283434
"5209","510279",179821
"5210","510285",134848
"5211","510300",717057
"5212","510305",451015
"5213","510310",165708
"5214","510320",901588
"5215","510325",563233
"5216","510330",733769
"5217","510335",882978
"5218","510336",97943
"5219","510337",226765
"5220","510340",24623843
"5221","510343",121274
"5222","510345",558241
"5223","510350",2450894
"5224","510360",320195
"5225","510370",522405
"5226","510380",59382
"5227","510385",539669
"5228","510390",227505
"5229","510395",80532
"5230","510410",879156
"5231","510420",419181
"5232","510450",73489
"5233","510452",734374
"5234","510454",286927
"5235","510455",188531
"5236","510460",1292718
"5237","510480",962676
"5238","510490",181238
"5239","510500",292490
"5240","510510",877222
"5241","510515",1090314
"5242","510517",206586
"5243","510520",317264
"5244","510523",255993
"5245","510525",4463585
"5246","510530",30985
"5247","510550",340005
"5248","510558",336433
"5249","510560",1006342
"5250","510562",783436
"5251","510590",614079
"5252","510600",145098
"5253","510610",300773
"5254","510615",224019
"5255","510617",77106
"5256","510618",199349
"5257","510619",166361
"5258","510620",77446
"5259","510621",491372
"5260","510622",3159438
"5261","510623",688044
"5262","510624",1297466
"5263","510625",657816
"5264","510626",223914
"5265","510627",59111
"5266","510628",350710
"5267","510629",757118
"5268","510630",1067726
"5269","510631",41547
"5270","510637",839990
"5271","510642",608703
"5272","510645",88808
"5273","510650",578516
"5274","510665",79787
"5275","510670",24655
"5276","510675",1534719
"5277","510677",253031
"5278","510680",511247
"5279","510682",223060
"5280","510685",55138
"5281","510700",529580
"5282","510704",3918984
"5283","510706",1553175
"5284","510710",377385
"5285","510715",38485
"5286","510718",355462
"5287","510719",89326
"5288","510720",91813
"5289","510724",408275
"5290","510726",82580
"5291","510729",45523
"5292","510730",797036
"5293","510735",315191
"5294","510740",65410
"5295","510757",68434
"5296","510760",11342558
"5297","510770",307031
"5298","510774",125034
"5299","510775",59367
"5300","510776",515812
"5301","510777",150263
"5302","510779",391012
"5303","510780",428447
"5304","510785",716176
"5305","510787",2590000
"5306","510788",38155
"5307","510790",6595901
"5308","510792",6233675
"5309","510794",477922
"5310","510795",3423020
"5311","510800",879338
"5312","510805",284989
"5313","510810",149487
"5314","510820",111061
"5315","510830",184394
"5316","510835",56464
"5317","510840",8596628
"5318","510850",511157
"5319","510860",527854
"5320","510880",95572
"5321","510885",242687
"5322","510890",507405
"5323","510895",201592
"5324","520005",202316
"5325","520010",346768
"5326","520013",664899
"5327","520015",37217
"5328","520017",264450
"5329","520020",45465
"5330","520025",2029237
"5331","520030",948217
"5332","520050",44740
"5333","520055",944754
"5334","520060",218383
"5335","520080",138901
"5336","520082",69521
"5337","520085",75956
"5338","520090",67309
"5339","520110",14738302
"5340","520120",18609
"5341","520130",415294
"5342","520140",14370794
"5343","520145",84493
"5344","520150",310203
"5345","520160",57810
"5346","520170",236229
"5347","520180",131285
"5348","520215",127230
"5349","520235",130610
"5350","520250",198141
"5351","520260",58807
"5352","520280",50248
"5353","520310",77876
"5354","520320",1110046
"5355","520330",1065139
"5356","520340",185751
"5357","520350",754708
"5358","520355",102413
"5359","520357",97979
"5360","520360",112264
"5361","520380",125785
"5362","520390",311013
"5363","520393",45041
"5364","520396",77299
"5365","520400",257500
"5366","520410",236753
"5367","520420",28847
"5368","520425",820205
"5369","520430",842234
"5370","520440",495144
"5371","520450",2729776
"5372","520455",54184
"5373","520460",58059
"5374","520465",66870
"5375","520470",258320
"5376","520480",431676
"5377","520485",118066
"5378","520490",290715
"5379","520495",48598
"5380","520500",281621
"5381","520505",103558
"5382","520510",7000189
"5383","520520",72844
"5384","520530",287546
"5385","520540",637166
"5386","520545",304127
"5387","520547",1419574
"5388","520549",795914
"5389","520551",341751
"5390","520552",49023
"5391","520570",54839
"5392","520580",202964
"5393","520590",561692
"5394","520620",2514306
"5395","520630",81568
"5396","520640",598500
"5397","520650",73232
"5398","520660",66099
"5399","520670",38364
"5400","520680",42227
"5401","520690",427120
"5402","520710",58627
"5403","520725",232296
"5404","520735",279853
"5405","520740",676510
"5406","520750",53972
"5407","520753",115862
"5408","520760",109221
"5409","520780",197921
"5410","520790",171002
"5411","520800",2445282
"5412","520810",66498
"5413","520815",169306
"5414","520830",66475
"5415","520840",218264
"5416","520850",139934
"5417","520860",1543293
"5418","520870",52914394
"5419","520880",861217
"5420","520890",530140
"5421","520910",1542698
"5422","520915",189771
"5423","520920",255794
"5424","520929",36852
"5425","520940",64014
"5426","520945",57440
"5427","520960",58787
"5428","520970",1095536
"5429","520980",63415
"5430","520990",177470
"5431","520993",197250
"5432","520995",399147
"5433","521000",1130634
"5434","521010",1409792
"5435","521015",56032
"5436","521020",695817
"5437","521030",50894
"5438","521040",1277053
"5439","521056",79210
"5440","521060",82203
"5441","521080",104741
"5442","521090",382388
"5443","521100",153608
"5444","521120",481114
"5445","521130",238995
"5446","521140",153020
"5447","521150",4123845
"5448","521160",95265
"5449","521170",277294
"5450","521180",784641
"5451","521190",5334834
"5452","521200",54440
"5453","521205",32397
"5454","521210",208945
"5455","521220",521300
"5456","521225",41846
"5457","521230",267523
"5458","521250",4109688
"5459","521260",58591
"5460","521270",88902
"5461","521280",219641
"5462","521290",45351
"5463","521295",106229
"5464","521300",212648
"5465","521305",108268
"5466","521308",908769
"5467","521310",2741185
"5468","521340",36446
"5469","521350",89485
"5470","521370",324225
"5471","521375",845641
"5472","521377",68323
"5473","521380",1400755
"5474","521385",43911
"5475","521390",92702
"5476","521400",691019
"5477","521405",104470
"5478","521410",64708
"5479","521440",200724
"5480","521450",807986
"5481","521460",1178989
"5482","521470",39161
"5483","521480",49349
"5484","521483",380044
"5485","521486",124455
"5486","521487",43475
"5487","521490",48245
"5488","521500",147772
"5489","521520",64411
"5490","521523",1010374
"5491","521525",105184
"5492","521530",552185
"5493","521540",135464
"5494","521550",749672
"5495","521560",620582
"5496","521565",100573
"5497","521570",1105280
"5498","521580",39754
"5499","521590",141509
"5500","521600",81899
"5501","521630",197845
"5502","521640",993155
"5503","521645",379300
"5504","521680",156657
"5505","521690",152370
"5506","521710",816535
"5507","521720",407407
"5508","521730",517887
"5509","521740",964501
"5510","521760",1206490
"5511","521770",490001
"5512","521800",970541
"5513","521805",179094
"5514","521810",215204
"5515","521830",602025
"5516","521839",57195
"5517","521850",1770358
"5518","521860",253913
"5519","521870",78138
"5520","521878",361098
"5521","521880",9982046
"5522","521890",472671
"5523","521900",162269
"5524","521910",105273
"5525","521920",137607
"5526","521925",164257
"5527","521930",1138964
"5528","521935",83582
"5529","521940",155731
"5530","521945",83844
"5531","521950",46016
"5532","521960",63764
"5533","521970",145990
"5534","521971",237435
"5535","521973",135972
"5536","521975",758582
"5537","521980",174054
"5538","521990",103121
"5539","522000",396390
"5540","522005",49780
"5541","522010",964321
"5542","522015",135881
"5543","522020",500934
"5544","522026",157383
"5545","522028",39592
"5546","522040",1165305
"5547","522045",3754399
"5548","522050",431436
"5549","522060",754659
"5550","522068",109533
"5551","522070",54533
"5552","522100",71138
"5553","522108",34896
"5554","522119",187446
"5555","522130",54078
"5556","522140",2211794
"5557","522145",51875
"5558","522150",96582
"5559","522155",342461
"5560","522157",47960
"5561","522160",939230
"5562","522170",274894
"5563","522180",95895
"5564","522185",2717704
"5565","522190",68052
"5566","522200",483663
"5567","522205",342356
"5568","522220",113668
"5569","522230",206971
"5570","530010",273613711
